year,page,layout,dept_hint,name,is_total,pios,opening,received,total,transferred,replied,rej_s8,rej_s9,rej_s11,rej_s24,rej_other,rej_total,pending,charges_rs,fee_rs,penalty_rs,amount_total_rs,faas,fa_opening,fa_received,fa_total,fa_disposed,fa_rejected,fa_pending,disciplinary,chk_total,chk_disposal,key,canonical,tier
2015,52,W,AD&TW,"Adi Dravidar and Tribal Welfare Department, Secretariat.",0,8,,288,288,12,274,2,,,,,,,,,,,3,,6,6,2,4,,,1,1,adi dravidar tribal welfare secretariat,Directorate of Tribal Welfare,Secretariat
2015,52,W,AD&TW,Directorate ofAdi Dravidar Welfare,0,2,,550,550,,533,,,,,,,17,,,,,1,,17,17,,,17,,1,1,adi dravidar welfare,Directorate of Adi Dravidar Welfare,HOD
2015,52,W,AD&TW,Directorate of Tribal Welfare,0,1,,,,,,,,,,,,,,,,,1,,,,,,,,,,adi dravidar tribal welfare secretariat,Directorate of Tribal Welfare,HOD
2015,52,W,AD&TW,Tamil Nadu Adi Dravidar Housing and Development Corporation (TAHDCO),0,43,9,84,93,,89,,,,,,,4,,,,,43,,5,5,5,,,,1,1,adi dravidar housing development tahdco,Tamil Nadu Adi Dravidar Housing and Development Corporation (TAHDCO),Body/Corporation
2015,52,W,AD&TW,AD&TW Total,1,54,9,922,931,12,896,2,,,,,,21,,,,,48,,28,28,7,4,17,,1,1,ad tw total,AD&TW Total,HOD
2015,52,W,Agriculture,"Agriculture Department, Secretariat",0,11,2,199,201,165,36,,,,,,,,282,,,,5,2,,2,2,,,,1,1,agriculture secretariat,"Agriculture Department, Secretariat",Secretariat
2015,52,W,Agriculture,Commissionerate ofAgriculture,0,63,38,853,891,60,735,14,,2,,30,,50,,,,,31,3,42,45,38,2,5,,1,1,ofagriculture,Commissionerate ofAgriculture,HOD
2015,52,W,Agriculture,Horticulture and Plantation Crops,0,34,5,218,223,1,219,,3,,,,,,486,,,,34,,13,13,12,1,,,1,1,horticulture plantation crops,Directorate of Horticulture and Plantation Crops,HOD
2015,52,W,Agriculture,Agricultural Marketing and Agri Business,0,1,,64,64,2,62,,,,,,,,46,,,,2,,5,5,5,,,,1,1,agricultural marketing agri business,Agricultural Marketing and Agri Business,HOD
2015,52,W,Agriculture,Seed Certification and Organic Certification,0,1,1,29,30,1,28,,,,,,,1,,,,,1,,1,1,1,,,,1,1,seed certification organic certification,Directorate of Seed Certification and Organic Certification,HOD
2015,52,W,Agriculture,Agricultural Engineering,0,5,7,86,93,,60,,,,,27,,6,300,,,,1,,11,11,10,1,,,1,1,agricultural engineering,Agricultural Engineering,HOD
2015,52,W,Agriculture,Tamil Nadu Agriculture University,0,2,,229,229,1,207,14,,4,,1,,2,1404,,,,1,,24,24,24,,,,1,1,agricultural university,Tamil Nadu Agricultural University,Body/Corporation
2015,52,W,Agriculture,Tamil Nadu Watershed Development Agency,0,1,,9,9,,9,,,,,,,,,,,,1,,,,,,,,1,1,watershed development agency,Tamil Nadu Watershed Development Agency,Body/Corporation
2015,52,W,Agriculture,Agriculture Total,1,118,53,1687,1740,230,1356,28,3,6,,58,,59,2518,,,,76,5,96,101,92,4,5,,1,1,agriculture total,Agriculture Total,HOD
2015,53,W,Animal Husbandry,"Animal Husbandry Dairying & Fisheries Department,Secretariat.",0,6,49,141,190,120,68,1,,,,1,,,120,,,,4,,1,1,1,,,,1,1,animal husbandry dairying fisheries secretariat,"Animal Husbandry, Dairying & Fisheries Department, Secretariat.",Secretariat
2015,53,W,Animal Husbandry,Animal Husbandry and Veterinary Services,0,2,46,259,305,,256,2,,,,,,47,608,,,,1,2,3,5,5,,,,1,1,director animal husbandry veterinary services,Director of Animal Husbandry and Veterinary Services,HOD
2015,53,W,Animal Husbandry,Fisheries,0,35,69,308,377,3,353,,,,,,,21,,,,,14,47,18,65,55,,10,,1,1,fisheries development,Tamil Nadu Fisheries Development Corporation,HOD
2015,53,W,Animal Husbandry,Milk Production and Dairy Development,0,26,5,382,387,20,365,,,,,2,,,2660,,,,26,1,62,63,58,,5,,1,1,milk production dairy development,Directorate of Milk Production and Dairy Development,HOD
2015,53,W,Animal Husbandry,Tamil Nadu Veterinary and Animal Sciences University,0,1,1,63,64,,56,5,,,,,,3,236,,,,1,,3,3,2,,1,,1,1,veterinary animal sciences university,Tamil Nadu Veterinary and Animal Sciences University,Body/Corporation
2015,53,W,Animal Husbandry,Tamil Nadu Fisheries University,0,1,,19,19,,,2,,3,,12,,2,,,,,1,,,,,,,,1,,dr j jayalalitha fisheries university,Tamil Nadu Dr.J.Jayalalitha Fisheries University,Body/Corporation
2015,53,W,Animal Husbandry,Audit for Milk Co-operatives,0,6,,11,11,,11,,,,,,,,,,,,1,,1,1,1,,,,1,1,audit for milk co operatives,Directorate of Audit for Milk Cooperative,HOD
2015,53,W,Animal Husbandry,Tamil Nadu Livestock Development Agency,0,1,,2,2,,2,,,,,,,,,,,,1,,,,,,,,1,1,livestock development agency,Tamil Nadu Livestock Development Agency,Body/Corporation
2015,53,W,Animal Husbandry,Tamil Nadu Fisheries Development Corporation,0,1,,9,9,,6,,,,,,,3,,,,,1,,,,,,,,1,1,fisheries development,Tamil Nadu Fisheries Development Corporation,Body/Corporation
2015,53,W,Animal Husbandry,Tamil Nadu State Apex Fisheries Co-operative Federation,0,1,,1,1,,1,,,,,,,,,,,,1,,,,,,,,1,1,state apex fisheries co operative federation,Tamil Nadu State Apex Fisheries Co-operative Federation,HOD
2015,53,W,Animal Husbandry,Tamil Nadu Co-operative Milk Producers Federation,0,1,8,130,138,20,111,,,,,,,7,,,,,1,1,20,21,20,,1,,1,1,co operative milk producers federation,Tamil Nadu Co-operative Milk Producers Federation,HOD
2015,53,W,Animal Husbandry,Animal Husbandry Total,1,81,178,1325,1503,163,1229,10,,3,,15,,83,3624,,,,52,51,108,159,142,,17,,1,1,animal husbandry total,Animal Husbandry Total,HOD
2015,54,W,"BC,MBC, Min Welfare","Backward Classes, Most Backward Classes and Minorities Welfare Department, Secretariat.",0,5,,173,173,66,106,,,,,1,,,455,,,,2,,9,9,7,2,,,1,1,backward classes most backward classes minorities welfare secretariat,Directorate of Minorities Welfare,Secretariat
2015,54,W,"BC,MBC, Min Welfare",Backward Classes Welfare,0,35,,504,504,41,446,3,,,,5,,9,,,,,33,,30,30,30,,,,1,1,backward classes welfare,Directorate of Backward Classes Welfare,HOD
2015,54,W,"BC,MBC, Min Welfare",Most Backward Classes & Denotified Communities Welfare,0,4,,129,129,,127,,,,,2,,,,,,,2,,2,2,2,,,,1,1,most backward classes denotified communities welfare,Most Backward Classes & Denotified Communities Welfare,HOD
2015,54,W,"BC,MBC, Min Welfare",Minorities Welfare,0,1,,33,33,,33,,,,,,,,,,,,1,,,,,,,,1,1,backward classes most backward classes minorities welfare secretariat,Directorate of Minorities Welfare,HOD
2015,54,W,"BC,MBC, Min Welfare",Tamil Nadu Backward Classes Commission,0,1,,41,41,16,21,,,,,4,,,474,,,,1,,1,1,,1,,,1,1,backward classes commission,Tamil Nadu Backward Classes Commission,Body/Corporation
2015,54,W,"BC,MBC, Min Welfare",State Minorities Commission,0,1,,13,13,8,5,,,,,,,,,,,,1,,,,,,,,1,1,state minorities commission,State Minorities Commission,Body/Corporation
2015,54,W,"BC,MBC, Min Welfare",Tamil Nadu Backward Classes Economic Development Corporation,0,1,,15,15,,15,,,,,,,,,,,,1,,,,,,,,1,1,backward classes economic development,Tamil Nadu Backward Classes Economic Development Corporation,Body/Corporation
2015,54,W,"BC,MBC, Min Welfare",Tamil Nadu Minorities Economic Development Corporation,0,1,,9,9,,9,,,,,,,,,,,,1,,1,1,1,,,,1,1,minorities economic development,Tamil Nadu Minorities Economic Development Corporation,Body/Corporation
2015,54,W,"BC,MBC, Min Welfare",Tamil Nadu Wakf Board,0,1,,1253,1253,40,944,5,5,,,250,,9,1364,,,,1,,238,238,221,12,5,,1,1,wakf board,Tamil Nadu Wakf Board,Body/Corporation
2015,54,W,"BC,MBC, Min Welfare",Tamil Nadu State Hajj Committee,0,1,,6,6,,6,,,,,,,,,,,,1,,,,,,,,1,1,state hajj committee,Tamil Nadu State Hajj Committee,HOD
2015,54,W,"BC,MBC, Min Welfare","BC,MBC, Min Welfare Total",1,51,,2176,2176,171,1712,8,5,,,262,,18,2293,,,,44,,281,281,261,15,5,,1,1,bc mbc min welfare total,"BC,MBC, Min Welfare Total",HOD
2015,54,W,CT & Regn,"Commercial Taxes and Registration Department, Secretariat.",0,4,,341,341,166,162,,,,,13,,,476,,,,3,,16,16,16,,,,1,1,commercial taxes,Commissionerate of Commercial Taxes,Secretariat
2015,54,W,CT & Regn,Commissionerate of Commercial Taxes,0,504,38,1146,1184,140,834,75,,7,,92,,36,1298,,,,72,6,85,91,71,12,8,,1,1,commercial taxes,Commissionerate of Commercial Taxes,HOD
2015,54,W,CT & Regn,Registration,0,655,,14899,14899,306,14077,19,,,,63,,434,54160,,,,65,,984,984,879,20,85,,1,1,registration,Registration,HOD
2015,54,W,CT & Regn,Tamil Nadu Sales Tax Appellate Tribunal,0,22,,17,17,1,13,,,,,3,,,,,,,1,,,,,,,,1,1,sales tax appellate tribunal,Tamil Nadu Sales Tax Appellate Tribunal,Body/Corporation
2015,54,W,CT & Regn,CT & Regn Total,1,1185,38,16403,16441,613,15086,94,,7,,171,,470,55934,,,,141,6,1085,1091,966,32,93,,1,1,ct regn total,CT & Regn Total,HOD
2015,55,W,Co-op and Food,"Co-operation, Food and Consumer ProtectionDepartment, Secretariat",0,8,,556,556,,556,,,,,,,,,,,,4,,31,31,31,,,,1,1,co operation food consumer protection secretariat,"Co-operation, Food and Consumer Protection Department, Secretariat",Secretariat
2015,55,W,Co-op and Food,Registrar of Co-operative Societies,0,5549,186,5002,5188,1419,3518,47,,4,1,66,,133,2187,,,,128,27,678,705,661,23,21,,1,1,registrar co operative societies,Registrar of Co-operative Societies,HOD
2015,55,W,Co-op and Food,Commissioner of Civil Supplies and Consumer Protection,0,20,5,892,897,402,461,6,3,2,,22,,1,604,,,,37,1,77,78,74,3,1,,1,1,commissioner civil supplies consumer protection,Commissioner of Civil Supplies and Consumer Protection,HOD
2015,55,W,Co-op and Food,Tamil Nadu Civil Supplies Co-operation,0,48,43,800,843,31,779,4,1,,5,4,,19,3593,,,,33,6,69,75,55,12,8,,1,1,civil supplies co operation,Tamil Nadu Civil Supplies Co-operation,HOD
2015,55,W,Co-op and Food,State Consumer Disputes Redressal Commission,0,27,,61,61,4,54,,,,,3,,,,,,,1,,31,31,31,,,,1,1,state consumer disputes redressal commission,State Consumer Disputes Redressal Commission,Body/Corporation
2015,55,W,Co-op and Food,Tamil Nadu Warehousing Corporation,0,1,,15,15,,13,,,,,1,,1,,,,,1,,3,3,3,,,,1,1,warehousing,Tamil Nadu Warehousing Corporation,Body/Corporation
2015,55,W,Co-op and Food,Co-op and Food Total,1,5653,234,7326,7560,1856,5381,57,4,6,6,96,,154,6384,,,,204,34,889,923,855,38,30,,1,1,co op food total,Co-op and Food Total,HOD
2015,55,W,Energy,"Energy Department, Secretariat",0,3,,97,97,89,6,1,,,,1,,,,,,,2,,28,28,28,,,,1,1,energy secretariat,"Energy Department, Secretariat",Secretariat
2015,55,W,Energy,"Tamil Nadu Generation and Distribution Corporation, Tamil Nadu Transmission Corporation and Tamil Nadu Electricity Board",0,312,577,8776,9353,769,8168,190,1,,,35,,190,42942,,,,113,114,1245,1359,1239,9,111,,1,1,generation distribution,Tamil Nadu Generation and Distribution Corporation Limited,Body/Corporation
2015,55,W,Energy,Tamil Nadu Energy Development Agency,0,1,,13,13,,13,,,,,,,,,,,,1,,,,,,,,1,1,energy development agency,Tamil Nadu Energy Development Agency,Body/Corporation
2015,55,W,Energy,Electrical Inspectorate,0,26,,104,104,1,103,,,,,,,,,,,,1,,3,3,3,,,,1,1,electrical inspectorate,Electrical Inspectorate,HOD
2015,55,W,Energy,Tamil Nadu Electricity Regulatory Commission,0,1,,104,104,24,75,,,,,5,,,662,,,,1,,10,10,6,4,,,1,1,electricity regulatory commission,Tamil Nadu Electricity Regulatory Commission,Body/Corporation
2015,55,W,Energy,Tamil Nadu Power Finance and Infrastructure Development Corporation Limited,0,1,,26,26,,26,,,,,,,,,,,,1,,1,1,1,,,,1,1,power finance infrastructure development,Tamil Nadu Power Finance and Infrastructure Development Corporation Limited,Body/Corporation
2015,55,W,Energy,Energy Total,1,344,577,9120,9697,883,8391,191,1,,,41,,190,43604,,,,119,114,1287,1401,1277,13,111,,1,1,energy total,Energy Total,HOD
2015,56,W,Env & Forests,"Environment and Forests, Secretariat",0,7,,215,215,171,38,4,,,,2,,,258,,,,4,,10,10,9,1,,,1,1,environment,Directorate of Environment,Secretariat
2015,56,W,Env & Forests,Tamil Nadu Forest,0,1,36,356,392,,323,4,,,,,,65,,,,,1,12,42,54,44,,10,,1,1,forests,Tamil Nadu Forests Department,HOD
2015,56,W,Env & Forests,Tamil Nadu Pollution Control Board,0,34,3,2234,2237,,2231,,,,,,,6,41907,,,,1,7,107,114,113,,1,,1,1,pollution control board,Tamil Nadu Pollution Control Board,Body/Corporation
2015,56,W,Env & Forests,Directorate ofEnvironment,0,1,,78,78,19,59,,,,,,,,1004,,,,1,,,,,,,,1,1,environment,Directorate of Environment,HOD
2015,56,W,Env & Forests,Tamil Nadu Forest Plantation Corporation Limited,0,7,,18,18,,18,,,,,,,,,,,,1,,1,1,1,,,,1,1,forest plantation,Tamil Nadu Forest Plantation Corporation Limited,Body/Corporation
2015,56,W,Env & Forests,Arasu Rubber Corporation Limited,0,1,5,66,71,,49,,,,,7,,15,278,,,,1,,12,12,8,1,3,,1,1,arasu rubber,Arasu Rubber Corporation Limited,Body/Corporation
2015,56,W,Env & Forests,The Tamil Nadu Tea Plantation Corporation Limited,0,1,5,44,49,,48,,,,,,,1,33,,,,1,,2,2,2,,,,1,1,tea plantation,The Tamil Nadu Tea Plantation Corporation Limited,Body/Corporation
2015,56,W,Env & Forests,Env & Forests Total,1,52,49,3011,3060,190,2766,8,,,,9,,87,43480,,,,10,19,174,193,177,2,14,,1,1,env forests total,Env & Forests Total,HOD
2015,56,W,Finance,Finance,0,12,54,1042,1096,205,871,1,,,,,,19,12310,,,,9,2,65,67,64,2,1,,1,1,finance,Finance,HOD
2015,56,W,Finance,Treasuries and Accounts,0,50,11,1743,1754,67,1635,17,8,1,,8,,18,635,,,,13,,103,103,101,1,1,,1,1,treasuries accounts,Commissionerate of Treasuries and Accounts,HOD
2015,56,W,Finance,Co-operative Audit,0,36,8,195,203,7,173,,,1,,5,,17,16007,,,,8,2,39,41,39,,2,,1,1,co operative audit,Co-operative Audit Department,HOD
2015,56,W,Finance,Small Savings,0,32,,34,34,1,33,,,,,,,,,,,,32,,,,,,,,1,1,small savings,Small Savings,HOD
2015,56,W,Finance,Local Fund Audit,0,68,29,752,781,5,757,,,,,,,19,182,,,,9,,682,682,682,,,,1,1,local fund audit,Directorate of Local Fund Audit,HOD
2015,56,W,Finance,Internal Audit and Statutory Boards Audit,0,38,1,52,53,1,49,,,,,,,3,1010,,,,1,,3,3,3,,,,1,1,internal audit statutory boards audit,Internal Audit and Statutory Boards Audit,Body/Corporation
2015,56,W,Finance,Government Data Centre,0,1,,130,130,,130,,,,,,,,,,,,1,,5,5,5,,,,1,1,data centre,State Ground Water and Surface Water Resources Data Centre,HOD
2015,56,W,Finance,Pension,0,1,,716,716,110,547,,,,,,,59,,,,,1,,9,9,,,9,,1,1,pension,Directorate of Pension,HOD
2015,56,W,Finance,Finance Total,1,238,103,4664,4767,396,4195,18,8,2,,13,,135,30144,,,,74,4,906,910,894,3,13,,1,1,finance total,Finance Total,HOD
2015,56,W,Handlooms,"Handlooms, Handicrafts,",0,1,,70,70,54,16,,,,,,,,,,,,1,,8,8,8,,,,1,1,handlooms handicrafts textiles khadi secretariat,"Handlooms, Handicrafts, Textiles and Khadi Department, Secretariat",HOD
2015,57,W,Handlooms,"Textilesand Khadi, Secretariat Handlooms and Textiles",0,36,4,691,695,201,467,6,,,4,14,,3,792,,,,36,2,83,85,78,6,1,,1,1,handlooms textiles,Directorate of Handlooms and Textiles,Secretariat
2015,57,W,Handlooms,Sericulture,0,36,,94,94,8,63,13,2,,,5,,3,400,,,,36,,31,31,24,7,,,1,1,sericulture,Directorate of Sericulture,HOD
2015,57,W,Handlooms,Tamil Nadu Handicrafts Development Corporation,0,1,,8,8,8,,,,,,,,,,,,,1,,8,8,8,,,,1,,handicrafts development,Tamil Nadu Handicrafts Development Corporation,Body/Corporation
2015,57,W,Handlooms,Co-optex,0,12,,110,110,,106,2,,,,,,2,590,,,,12,,6,6,5,,1,,1,1,co optex,Co-optex,HOD
2015,57,W,Handlooms,Tamil Nadu Khadi Village Industries Board,0,27,4,91,95,,93,1,,,,,,1,,,,,17,,17,17,17,,,,1,1,khadi village industries board,Tamil Nadu Khadi Village Industries Board,Body/Corporation
2015,57,W,Handlooms,Tamil Nadu Palm Product Development Board,0,1,2,9,11,,11,,,,,,,,,,,,1,,,,,,,,1,1,palm product development board,Tamil Nadu Palm Product Development Board,Body/Corporation
2015,57,W,Handlooms,Handlooms Total,1,114,10,1073,1083,271,756,22,2,,4,19,,9,1782,,,,104,2,153,155,140,13,2,,1,1,handlooms total,Handlooms Total,HOD
2015,57,W,Health,"Health& Family Welfare Department, Secretariat",0,9,,659,659,364,238,1,,,,53,,3,,,,,5,,29,29,25,4,,,1,1,family welfare,"Health and Family Welfare Department, Secretariat",Secretariat
2015,57,W,Health,Medical Education,0,63,48,3579,3627,234,3161,205,,,,,,27,,,,,63,3,152,155,148,4,3,,1,1,director medical education,Director of Medical Education,HOD
2015,57,W,Health,Public Health and Preventive Medicine,0,43,,950,950,99,794,6,,,,51,,,2068,,,,43,,117,117,110,7,,,1,1,public health preventive medicine,Public Health and Preventive Medicine,HOD
2015,57,W,Health,Medical and Rural Health Services (ESI),0,14,,131,131,4,101,10,,,,14,,2,144,,,,13,,1,1,1,,,,1,1,medical rural health services esi,Directorate of Medical and Rural Health Services (ESI),HOD
2015,57,W,Health,Family Welfare,0,5,,41,41,7,33,,,,,,,1,,,,,2,,3,3,3,,,,1,1,family welfare,"Health and Family Welfare Department, Secretariat",HOD
2015,57,W,Health,Indian Medicine and Homoeopathy,0,32,,369,369,27,294,22,,1,,25,,,606,,,,9,,6,6,6,,,,1,1,indian medicine homoeopathy,Directorate of Indian Medicine and Homoeopathy,HOD
2015,57,W,Health,Food Safety and Drug Administration,0,39,,656,656,1,617,4,2,,,,,32,486,,,,10,,8,8,8,,,,1,1,commissioner food safety drug administration,Commissioner of Food Safety and Drug Administration,HOD
2015,57,W,Health,Tamil Nadu Medical Services Corporation Limited,0,1,,52,52,1,47,2,,,,2,,,1250,,,,1,,5,5,5,,,,1,1,medical services,Tamil Nadu Medical Services Corporation Limited,Body/Corporation
2015,57,W,Health,Tamil Nadu Health Systems Project,0,1,,62,62,7,55,,,,,,,,,,,,1,,3,3,3,,,,1,1,health systems project,Tamil Nadu Health Systems Project,HOD
2015,57,W,Health,Tamil Nadu State Health Transport Department,0,17,2,25,27,2,21,,,1,,1,,2,306,,,,1,,1,1,1,,,,1,1,state health transport,Tamil Nadu State Health Transport Department,HOD
2015,57,W,Health,Drugs Control,0,17,11,423,434,29,381,16,,,,,,8,4918,,,,17,3,44,47,43,,4,,1,1,drugs control,Directorate of Drugs Control,HOD
2015,57,W,Health,Health Total,1,241,61,6947,7008,775,5742,266,2,2,,146,,75,9778,,,,165,6,369,375,353,15,7,,1,1,health total,Health Total,HOD
2015,58,W,Higher Edn,"Higher Education, Secretariat",0,5,,634,634,408,205,5,,,,16,,,110,,,,3,,45,45,45,,,,1,1,higher education secretariat,"Higher Education Department, Secretariat",Secretariat
2015,58,W,Higher Edn,Technical Education,0,1,23,638,661,31,612,,,,,,,18,476,,,,1,24,82,106,106,,,,1,1,state council for technical education,Tamil Nadu State Council for Technical Education,HOD
2015,58,W,Higher Edn,Collegiate Education,0,87,584,2251,2835,19,2248,,,,,,,568,,,,,10,86,322,408,364,,44,,1,1,collegiate education,Directorate of Collegiate Education,HOD
2015,58,W,Higher Edn,Tamil Nadu Archives and Historical Research,0,12,48,7009,7057,266,6702,,,,,,,89,23064,,,,1,,33,33,33,,,,1,1,archives historical research,Tamil Nadu Archives and Historical Research,HOD
2015,58,W,Higher Edn,Tamil Nadu State Council for Higher Education,0,1,,12,12,,12,,,,,,,,,,,,1,,4,4,4,,,,1,1,state council for higher education,Tamil Nadu State Council for Higher Education,HOD
2015,58,W,Higher Edn,Tamil Nadu State Council for Technical Education,0,1,,,,,,,,,,,,,,,,,1,,,,,,,,,,state council for technical education,Tamil Nadu State Council for Technical Education,HOD
2015,58,W,Higher Edn,Tamil Nadu Science and Technology Centre,0,4,,5,5,1,4,,,,,,,,,,,,4,,5,5,5,,,,1,1,science technology centre,Tamil Nadu Science and Technology Centre,HOD
2015,58,W,Higher Edn,Tamil Nadu State Council for Science and Technology,0,1,,2,2,,2,,,,,,,,80,,,,1,,,,,,,,1,1,state council for science technology,Tamil Nadu State Council for Science and Technology,HOD
2015,58,W,Higher Edn,Science City,0,1,,2,2,,2,,,,,,,,,,,,1,,,,,,,,1,1,science city,Science City,HOD
2015,58,W,Higher Edn,University of Madras,0,1,28,1015,1043,4,1013,,,2,,,,24,450,,,,1,2,71,73,67,,6,,1,1,university madras,University of Madras,Body/Corporation
2015,58,W,Higher Edn,Annamalai University,0,3,1,776,777,,777,,,,,,,,,,,,3,,40,40,40,,,,1,1,annamalai university,Annamalai University,Body/Corporation
2015,58,W,Higher Edn,Madurai Kamaraj University,0,1,331,831,1162,,710,,,,,,,452,,,,,1,40,110,150,85,,65,,1,1,madurai kamaraj university,Madurai Kamaraj University,Body/Corporation
2015,58,W,Higher Edn,Manonmaniam Sundaranar University,0,1,,1227,1227,,1175,,,,,,,52,,,,,1,,54,54,38,,16,,1,1,manonmaniam sundaranar university,Manonmaniam Sundaranar University,Body/Corporation
2015,58,W,Higher Edn,Bharathidasan University,0,1,94,230,324,9,167,,,,,6,,142,442,,,,1,,20,20,15,,5,,1,1,bharathiar university,Bharathiar University,Body/Corporation
2015,58,W,Higher Edn,Bharathiar University,0,2,6,250,256,,256,,,,,,,,,,,,2,6,7,13,13,,,,1,1,bharathiar university,Bharathiar University,Body/Corporation
2015,58,W,Higher Edn,Alagappa University,0,1,,238,238,,238,,,,,,,,464,,,,1,,5,5,5,,,,1,1,alagappa university,Alagappa University,Body/Corporation
2015,58,W,Higher Edn,Thiruvalluvar University,0,1,,21,21,,21,,,,,,,,,,,,1,,,,,,,,1,1,thiruvalluvar university,Thiruvalluvar University,Body/Corporation
2015,58,W,Higher Edn,Periyar University,0,1,216,781,997,,721,1,,,,,,275,,,,,1,35,110,145,96,1,48,,1,1,periyar university,Periyar University,Body/Corporation
2015,58,W,Higher Edn,Mother Teresa Women's University,0,1,,40,40,5,,,,,,,,35,,,,,1,,,,,,,,1,,mother teresa women s university,Mother Teresa Women's University,Body/Corporation
2015,58,W,Higher Edn,Tamil Nadu Open University,0,1,,101,101,,101,,,,,,,,,,,,1,,2,2,2,,,,1,1,open university,Tamil Nadu Open University,Body/Corporation
2015,58,W,Higher Edn,Tamil Nadu Teachers Education University,0,1,,145,145,14,131,,,,,,,,778,,,,1,,3,3,3,,,,1,1,teachers education university,Tamil Nadu Teachers Education University,Body/Corporation
2015,58,W,Higher Edn,Anna University,0,1,141,889,1030,72,844,5,,1,16,,,92,9468,,,,1,14,144,158,140,4,14,,1,1,anna university,Anna University,Body/Corporation
2015,58,W,Higher Edn,Higher Edn Total,1,129,1472,17097,18569,829,15941,11,,3,16,22,,1747,35332,,,,39,207,1057,1264,1061,5,198,,1,1,higher edn total,Higher Edn Total,HOD
2015,59,W,Home,"Highways and Minor Ports Department, Secretariat",0,4,,215,215,150,52,12,,,,,,1,,,,,2,,14,14,14,,,,1,1,highways minor ports secretariat,"Highways and Minor Ports Department, Secretariat",Secretariat
2015,59,W,Home,DirectorateHighways,0,127,15,2795,2810,644,2124,11,,1,,15,,15,,,,,70,2,197,199,195,2,2,,1,1,directoratehighways,DirectorateHighways,HOD
2015,59,W,Home,Tamil Nadu Maritime Board,0,1,,13,13,,13,,,,,,,,167,,,,1,,,,,,,,1,1,maritime board,Tamil Nadu Maritime Board,Body/Corporation
2015,59,W,Home,Poompuhar Shipping Corporation,0,3,,6,6,,6,,,,,,,,2,,,,1,,,,,,,,1,1,poompuhar shipping,Poompuhar Shipping Corporation,Body/Corporation
2015,59,W,Home,Tamil Nadu Road Infrastructure Development Corporation,0,1,,15,15,,15,,,,,,,,,,,,1,,,,,,,,1,1,road infrastructure development,Tamil Nadu Road Infrastructure Development Corporation,Body/Corporation
2015,59,W,Home,HighwaysTotal,0,136,15,3044,3059,794,2210,23,,1,,15,,16,169,,,,75,2,211,213,209,2,2,,1,1,highwaystotal,HighwaysTotal,HOD
2015,59,W,Home,"Home Prohibition and Excise (Home Wing)Department, Secretariat",0,15,,1113,1113,851,215,44,,1,,1,,1,514,,,,1,,62,62,55,6,1,,1,1,prohibition excise,Home Department Prohibition and Excise Wing,Secretariat
2015,59,W,Home,"Home, Prohibition and Excise Department (Prohibition and Excise Wing), Secretariat",0,4,,85,85,68,17,,,,,,,,,,,,1,,7,7,3,4,,,1,1,prohibition excise,Home Department Prohibition and Excise Wing,Secretariat
2015,59,W,Home,Police,0,133,738,54257,54995,3527,48055,933,17,151,273,693,,1346,685097,,,,119,82,3134,3216,2780,341,95,,1,1,police,Police Department,HOD
2015,59,W,Home,Tamil Nadu Police Housing Corporation,0,1,,23,23,1,20,,,,,2,,,,,,,1,,3,3,3,,,,1,1,police housing,Tamil Nadu Police Housing Corporation,Body/Corporation
2015,59,W,Home,Tamil Nadu Uniformed Services Recruitment Board,0,1,16,456,472,12,388,8,,,,21,,43,380,,,,1,,29,29,21,6,2,,1,1,uniformed services recruitment board,Tamil Nadu Uniformed Services Recruitment Board,Body/Corporation
2015,59,W,Home,Prisons,0,14,13,2125,2138,610,1443,14,2,5,,33,,31,2995,,,,6,1,81,82,79,1,2,,1,1,prisons,Prisons Department,HOD
2015,59,W,Home,Transport Commissioner,0,129,91,5143,5234,185,4876,8,47,,7,60,,51,25590,,,,62,3,67,70,64,5,1,,1,1,transport commissioner,Transport Commissioner,HOD
2015,59,W,Home,High Court of Madras,0,1,80,1743,1823,262,1450,,,,,,,111,,,,,1,23,554,577,535,,42,,1,1,high court madras,High Court of Madras,Body/Corporation
2015,59,W,Home,"Madurai Bench of Madras High Court, Madurai",0,1,,583,583,73,510,,,,,,,,,,,,1,,,,,,,,1,1,madurai bench madras high court madurai,"Madurai Bench of Madras High Court, Madurai",Body/Corporation
2015,59,W,Home,Government Litigations,0,10,,31,31,3,26,2,,,,,,,,,,,3,3,,3,3,,,,1,1,litigations,Government Litigations,HOD
2015,59,W,Home,Prosecution,0,26,,63,63,13,49,,1,,,,,,,,,,1,,5,5,5,,,,1,1,prosecution,Directorate of Prosecution,HOD
2015,59,W,Home,Fire and Rescue Department,0,41,6,1442,1448,3,1437,1,,1,,4,,2,1184,,,,41,,32,32,31,1,,,1,1,fire rescue services,Fire and Rescue Services Department,HOD
2015,59,W,Home,Forensic Sciences,0,10,3,61,64,7,51,,,,,3,,3,820,,,,10,,7,7,7,,,,1,1,forensic sciences,Forensic Sciences Department,HOD
2015,59,W,Home,Tamil Nadu State Marketing Corporation Limited,0,39,34,873,907,,879,,,,,,,28,,,,,6,,73,73,73,,,,1,1,state marketing,Tamil Nadu State Marketing Corporation Limited,Body/Corporation
2015,59,W,Home,Prohibition and Excise,0,4,,51,51,,51,,,,,,,,,,,,1,,1,1,1,,,,1,1,prohibition excise,Home Department Prohibition and Excise Wing,HOD
2015,59,W,Home,Home Total,1,429,981,68049,69030,5615,59467,1010,67,158,280,817,,1616,716580,,,,255,112,4055,4167,3660,364,143,,1,1,home total,Home Total,HOD
2015,60,W,Housing,"Housing and Urban Development Department, Secretariat",0,8,,246,246,119,117,7,,,,,,3,,,,,1,,31,31,31,,,,1,1,housing urban development secretariat,"Housing and Urban Development Department, Secretariat",Secretariat
2015,60,W,Housing,Tamil Nadu Housing Board,0,21,,674,674,,618,,,,,,,56,,,,,22,,,,,,,,1,1,housing board,Tamil Nadu Housing Board,Body/Corporation
2015,60,W,Housing,Tamil Nadu Slum Clearance Board,0,34,,783,783,,783,,,,,,,,1956,,,,8,,97,97,97,,,,1,1,slum clearance board,Tamil Nadu Slum Clearance Board,Body/Corporation
2015,60,W,Housing,Chennai Metropolitan Development Authority,0,43,,3271,3271,40,3231,,,,,,,,30680,,,,1,,150,150,150,,,,1,1,metropolitan development authority,Chennai Metropolitan Development Authority,Body/Corporation
2015,60,W,Housing,Town and Country Planning,0,55,110,2174,2284,213,2028,1,,,,,,42,85248,,,,42,3,82,85,85,,,,1,1,town country planning,Directorate of Town and Country Planning,HOD
2015,60,W,Housing,Registrar of Co-operative Societies (Housing),0,11,,183,183,84,91,3,,,,,,5,4286,,,,1,,10,10,9,1,,,1,1,registrar co operative societies,Registrar of Co-operative Societies,HOD
2015,60,W,Housing,Tamil Nadu Co-operative Housing Federation,0,1,,50,50,1,44,,,,,,,5,,,,,1,,,,,,,,1,1,co operative housing federation,Tamil Nadu Co-operative Housing Federation,HOD
2015,60,W,Housing,Housing Total,1,173,110,7381,7491,457,6912,11,,,,,,111,122170,,,,76,3,370,373,372,1,,,1,1,housing total,Housing Total,HOD
2015,60,W,Industries,"Industries Department, Secretariat",0,5,,120,120,71,42,7,,,,,,,,,,,4,,7,7,7,,,,1,1,industries secretariat,"Industries Department, Secretariat",Secretariat
2015,60,W,Industries,Commissioner of Geology and Mining,0,43,142,1725,1867,159,1606,12,,2,,10,,78,50293,,,,1,120,181,301,22,,279,,1,1,geology mining,Directorate of Geology and Mining,HOD
2015,60,W,Industries,Department of Sugar,0,1,,171,171,22,149,,,,,,,,1092,,,,1,,,,,,,,1,1,sugar,Tamil Nadu Sugar Corporation,HOD
2015,60,W,Industries,State Industries Promotion Corporation,0,1,11,128,139,31,103,,,,,,,5,860,,,,1,1,10,11,9,,2,,1,1,state industries promotion,State Industries Promotion Corporation of Tamil Nadu,Body/Corporation
2015,60,W,Industries,Tamil Nadu Industrial Development Corporation,0,1,,13,13,2,11,,,,,,,,20,,,,1,,1,1,1,,,,1,1,industrial development,Tamil Nadu Industrial Development Corporation,Body/Corporation
2015,60,W,Industries,"Tamil Nadu Industrial Investment Corporation Ltd.,",0,1,6,90,96,1,91,,,,,,,4,1892,,,,1,1,20,21,21,,,,1,1,industrial investment,"Tamil Nadu Industrial Investment Corporation Ltd.,",Body/Corporation
2015,60,W,Industries,"Tamil Nadu Salt Corporation Ltd.,",0,1,,10,10,,10,,,,,,,,,,,,1,,1,1,1,,,,1,1,salt,"Tamil Nadu Salt Corporation Ltd.,",Body/Corporation
2015,60,W,Industries,"Tamil Nadu Newsprint and Papers Ltd.,",0,2,,70,70,,63,4,,,,3,,,,,,,2,,9,9,1,8,,,1,1,newsprint papers,"Tamil Nadu Newsprint and Papers Ltd.,",Body/Corporation
2015,60,W,Industries,Tamil Nadu Cements Corporation,0,5,,50,50,3,37,6,,,,4,,,,,,,1,,7,7,7,,,,1,1,cements,Tamil Nadu Cements Corporation,Body/Corporation
2015,60,W,Industries,Tamil Nadu Magnesite Corporation,0,1,4,51,55,,53,,,,,,,2,572,,,,1,4,11,15,15,,,,1,1,magnesite,Tamil Nadu Magnesite Limited,Body/Corporation
2015,60,W,Industries,"Tamil Nadu Industrial Explosives Ltd.,",0,1,,5,5,,5,,,,,,,,,,,,1,,,,,,,,1,1,industrial explosives,"Tamil Nadu Industrial Explosives Ltd.,",Body/Corporation
2015,60,W,Industries,"Tamil Nadu Minerals Ltd.,",0,1,,31,31,3,21,,,,,7,,,70,,,,1,,10,10,9,1,,,1,1,minerals,"Tamil Nadu Minerals Ltd.,",Body/Corporation
2015,60,W,Industries,Tamil Nadu Sugar Corporation,0,1,,15,15,7,8,,,,,,,,,,,,1,,,,,,,,1,1,sugar,Tamil Nadu Sugar Corporation,Body/Corporation
2015,60,W,Industries,Industries Total,1,64,163,2479,2642,299,2199,29,,2,,24,,89,54799,,,,17,126,257,383,93,9,281,,1,1,industries total,Industries Total,HOD
2015,61,W,IT,"Information TechnologyDepartment, Secretariat",0,1,,36,36,23,13,,,,,,,,,,,,1,,,,,,,,1,1,information technology secretariat,"Information Technology Department, Secretariat",Secretariat
2015,61,W,IT,"Electronics Corporation of Tamil Nadu Ltd.,",0,1,3,55,58,,56,,,,,,,2,64,,,,1,,3,3,3,,,,1,1,electronics,"Electronics Corporation of Tamil Nadu Ltd.,",Body/Corporation
2015,61,W,IT,e-Governance,0,1,,5,5,,5,,,,,,,,,,,,1,,,,,,,,1,1,e governance,e-Governance,HOD
2015,61,W,IT,Tamil Nadu Arasu Cable TV Corporation Ltd.,0,1,30,313,343,,255,,,,,,,88,,,,,1,,19,19,19,,,,1,1,arasu cable tv,Tamil Nadu Arasu Cable TV Corporation Ltd.,Body/Corporation
2015,61,W,IT,Tamil Virtual Academy,0,1,,2,2,,2,,,,,,,,,,,,1,,2,2,2,,,,1,1,virtual academy,Tamil Virtual Academy,HOD
2015,61,W,IT,IT Total,1,5,33,411,444,23,331,,,,,,,90,64,,,,5,,24,24,24,,,,1,1,it total,IT Total,HOD
2015,61,W,Labour,"Labour and Employment Department, Secretariat",0,7,,358,358,202,149,2,,,,5,,,2083,,,,9,,9,9,8,1,,,1,1,labour employment secretariat,"Labour and Employment Department, Secretariat",Secretariat
2015,61,W,Labour,Labour Department,0,493,5,1853,1858,145,1549,,,,,139,,25,14897,,,,48,3,126,129,122,6,1,,1,1,labour,Labour Department,HOD
2015,61,W,Labour,Director of Industrial Safety and Health,0,66,17,624,641,75,565,1,,,,,,,,,,,36,,35,35,17,18,,,1,1,industrial safety health,Directorate of Industrial Safety and Health,HOD
2015,61,W,Labour,Director of Employment and Training- Employment wing,0,48,61,2504,2565,117,2052,29,,2,,19,,346,17414,,,,5,16,126,142,80,1,61,,1,1,employment training employment wing,Commissionerate of Employment and Training (Employment wing),HOD
2015,61,W,Labour,Director of Employment and Training- Training Wing,0,94,1,236,237,1,235,,,,,,,1,3862,,,,6,1,20,21,21,,,,1,1,employment training training,Commissionerate of Employment and Training (Training),HOD
2015,61,W,Labour,"Overseas Manpower Corporation Ltd.,",0,1,,1,1,,1,,,,,,,,,,,,1,,,,,,,,1,1,overseas manpower,"Overseas Manpower Corporation Ltd.,",Body/Corporation
2015,61,W,Labour,Tamil Nadu Labour Welfare Board,0,1,,34,34,2,32,,,,,,,,,,,,1,,,,,,,,1,1,labour welfare board,Tamil Nadu Labour Welfare Board,Body/Corporation
2015,61,W,Labour,Tamil Nadu Construction Workers Welfare Board,0,33,,143,143,,142,,,,,,,1,,,,,1,,25,25,24,,1,,1,1,construction workers welfare board,Tamil Nadu Construction Workers Welfare Board,Body/Corporation
2015,61,W,Labour,Tamil Nadu Manual Workers Social Security and Welfare Board,0,1,,91,91,51,37,,,,3,,,,,,,,1,,20,20,20,,,,1,1,manual workers social security welfare board,Tamil Nadu Manual Workers Social Security and Welfare Board,Body/Corporation
2015,61,W,Labour,Tamil Nadu Institute of Labour Studies,0,1,,11,11,,11,,,,,,,,448,,,,1,,4,4,4,,,,1,1,institute labour studies,Tamil Nadu Institute of Labour Studies,Body/Corporation
2015,61,W,Labour,Tamil Nadu Silk Development Corporation,0,1,,9,9,,9,,,,,,,,,,,,1,,,,,,,,1,1,silk development,Tamil Nadu Silk Development Corporation,Body/Corporation
2015,61,W,Labour,Labour Total,1,746,84,5864,5948,593,4782,32,,2,3,163,,373,38704,,,,110,20,365,385,296,26,63,,1,1,labour total,Labour Total,HOD
2015,62,W,Law,"LawDepartment, Secretariat",0,1,,265,265,104,141,,,,,20,,,212,,,,1,,17,17,4,13,,,1,1,lawdepartment secretariat,"LawDepartment, Secretariat",Secretariat
2015,62,W,Law,Legal Studies,0,1,,66,66,2,64,,,,,,,,,,,,1,,,,,,,,1,1,legal studies,Directorate of Legal Studies,HOD
2015,62,W,Law,"The Tamil Nadu Dr.Ambedkar Law University, Chennai",0,1,2,113,115,3,112,,,,,,,,84,,,,1,2,23,25,24,,1,,1,1,dr ambedkar law university,"The Tamil Nadu Dr.Ambedkar Law University, Chennai",Body/Corporation
2015,62,W,Law,"The Tamil Nadu National Law School, Tiruchirappalli.",0,1,,9,9,,9,,,,,,,,,,,,1,,2,2,2,,,,1,1,national law school tiruchirappalli,"The Tamil Nadu National Law School, Tiruchirappalli.",HOD
2015,62,W,Law,Law Total,1,4,2,453,455,109,326,,,,,20,,,296,,,,4,2,42,44,30,13,1,,1,1,law total,Law Total,HOD
2015,62,W,MSME,"Micro, Small and Medium EnterprisesDepartment, Secretariat",0,3,,58,58,37,21,,,,,,,,614,,,,1,,,,,,,,1,1,micro small medium enterprises secretariat,"Micro, Small and Medium Enterprises Department, Secretariat",Secretariat
2015,62,W,MSME,Industries and Commerce,0,37,,230,230,,230,,,,,,,,,,,,33,,6,6,6,,,,1,1,industries commerce,Commissionerate of Industries and Commerce,HOD
2015,62,W,MSME,Tamil Nadu Small Industries Development Corporation,0,1,9,96,105,1,92,4,,,,,,8,407,,,,1,3,5,8,7,,1,,1,1,small industries,Tamil Nadu Small Industries Corporation Limited,Body/Corporation
2015,62,W,MSME,Tamil Nadu Small Industries Corporation Limited,0,5,,10,10,,6,4,,,,,,,,,,,1,,,,,,,,1,1,small industries,Tamil Nadu Small Industries Corporation Limited,Body/Corporation
2015,62,W,MSME,Entrepreneurship Development Institute,0,1,,9,9,,9,,,,,,,,,,,,1,,,,,,,,1,1,entrepreneurship development innovation institute,Tamil Nadu Entrepreneurship Development and Innovation Institute,Body/Corporation
2015,62,W,MSME,MSME Total,1,47,9,403,412,38,358,8,,,,,,8,1021,,,,37,3,11,14,13,,1,,1,1,msme total,MSME Total,HOD
2015,62,W,MAWS,"Municipal Administration and Water Supply Department, Secretariat",0,8,,539,539,404,129,,,,,6,,,,,,,6,,29,29,28,1,,,1,1,municipal administration water supply secretariat,"Municipal Administration and Water Supply Department, Secretariat",Secretariat
2015,62,W,MAWS,Municipal Administration,0,4,,865,865,251,601,,,,,13,,,,,,,1,,61,61,61,,,,1,1,municipal administration water supply secretariat,"Municipal Administration and Water Supply Department, Secretariat",HOD
2015,62,W,MAWS,Chennai Metropolitan Water Supply and Sewerage Board,0,36,4,807,811,51,743,4,,,,,,13,3069,,,,17,4,89,93,93,,,,1,1,metropolitan water supply sewerage board,Chennai Metropolitan Water Supply and Sewerage Board,Body/Corporation
2015,62,W,MAWS,Greater Chennai Corporation,0,71,683,7062,7745,1086,5969,15,,8,,38,,629,2960,,,,38,15,578,593,558,1,34,,1,1,greater,Greater Chennai Corporation,Body/Corporation
2015,62,W,MAWS,Town Panchayats,0,529,60,9013,9073,581,8425,23,,2,,4,,38,7885,,,,18,,897,897,874,8,15,,1,1,town panchayats,Directorate of Town Panchayats,HOD
2015,62,W,MAWS,Tamil Nadu Water Supply and Drainage Board,0,32,15,716,731,20,695,1,,,,,,15,5363,,,,32,,83,83,82,1,,,1,1,water supply drainage board,Tamil Nadu Water Supply and Drainage Board,Body/Corporation
2015,62,W,MAWS,MAWS Total,1,680,762,19002,19764,2393,16562,43,,10,,61,,695,19277,,,,112,19,1737,1756,1696,11,49,,1,1,maws total,MAWS Total,HOD
2015,63,W,P&AR,"Personnel and Administrative ReformsDepartment, Secretariat",0,15,,1843,1843,403,1392,7,,,,41,,,12608,,,,10,,81,81,65,16,,,1,1,personnel administrative reforms secretariat,"Personnel and Administrative Reforms Department, Secretariat",Secretariat
2015,63,W,P&AR,Tamil Nadu Public Service Commission,0,31,72,1393,1465,33,1260,,,,,72,,100,1180,,,,5,10,262,272,242,8,22,,1,1,public service commission,Tamil Nadu Public Service Commission,Body/Corporation
2015,63,W,P&AR,Vigilance and Anti Corruption,0,1,25,407,432,126,194,13,,1,72,11,,15,,,,,1,4,51,55,42,11,2,,1,1,vigilance anti corruption,Directorate of Vigilance and Anti Corruption,HOD
2015,63,W,P&AR,"Commissioner for Disciplinary Proceedings, Chennai",0,1,,15,15,,15,,,,,,,,,,,,1,,3,3,3,,,,1,1,commissioner for disciplinary proceedings,"Commissioner for Disciplinary Proceedings, Chennai",HOD
2015,63,W,P&AR,"Commissioner for Disciplinary Proceedings, Tiruchirappalli",0,1,,,,,,,,,,,,,,,,,1,,,,,,,,,,commissioner for disciplinary proceedings,"Commissioner for Disciplinary Proceedings, Chennai",HOD
2015,63,W,P&AR,"Commissioner for Disciplinary Proceedings, Madurai",0,1,,,,,,,,,,,,,,,,,1,,,,,,,,,,commissioner for disciplinary proceedings,"Commissioner for Disciplinary Proceedings, Chennai",HOD
2015,63,W,P&AR,"Commissioner for Disciplinary Proceedings, Coimbatore",0,1,,4,4,,4,,,,,,,,,,,,1,,,,,,,,1,1,commissioner for disciplinary proceedings,"Commissioner for Disciplinary Proceedings, Chennai",HOD
2015,63,W,P&AR,"Commissioner for Disciplinary Proceedings, Tirunelvell",0,1,,1,1,,1,,,,,,,,,,,,1,,,,,,,,1,1,commissioner for disciplinary proceedings,"Commissioner for Disciplinary Proceedings, Chennai",HOD
2015,63,W,P&AR,"Commissioner for Disciplinary Proceedings, Nagarcoil",0,1,,1,1,,1,,,,,,,,,,,,1,,,,,,,,1,1,commissioner for disciplinary proceedings,"Commissioner for Disciplinary Proceedings, Chennai",HOD
2015,63,W,P&AR,Director General of Training,0,1,,3,3,3,,,,,,,,,,,,,1,,,,,,,,1,,director general training,Director General of Training,HOD
2015,63,W,P&AR,A & B wing foundational course Training Institute,0,1,,,,,,,,,,,,,,,,,1,,,,,,,,,,a b wing foundational course training institute,A & B wing foundational course Training Institute,Body/Corporation
2015,63,W,P&AR,All India Civil Services Coaching Centre,0,1,,7,7,,7,,,,,,,,,,,,1,,,,,,,,1,1,all india civil services coaching centre,All India Civil Services Coaching Centre,HOD
2015,63,W,P&AR,Civil Service Training Institute,0,1,,27,27,,27,,,,,,,,,,,,1,,,,,,,,1,1,civil service training institute,Civil Service Training Institute,Body/Corporation
2015,63,W,P&AR,Anna Institute of management,0,1,,7,7,2,5,,,,,,,,56,,,,1,,,,,,,,1,1,anna institute management,Anna Institute of management,Body/Corporation
2015,63,W,P&AR,Vigilance Commission,0,2,,44,44,44,,,,,,,,,,,,,1,,1,1,1,,,,1,,vigilance commission,Vigilance Commission,Body/Corporation
2015,63,W,P&AR,P&AR Total,1,60,97,3752,3849,611,2906,20,,1,72,124,,115,13844,,,,28,14,398,412,353,35,24,,1,1,p ar total,P&AR Total,HOD
2015,64,W,Planning,"Planning, Development and Special Initiatives Department, Secretariat",0,1,,32,32,19,13,,,,,,,,,,,,1,,2,2,2,,,,1,1,planning development special initiatives secretariat,"Planning, Development and Special Initiatives Department, Secretariat",Secretariat
2015,64,W,Planning,Evaluation and Applied Research,0,2,,,,,,,,,,,,,,,,,1,,,,,,,,,,evaluation applied research,Directorate of Evaluation and Applied Research,HOD
2015,64,W,Planning,Economics and Statistics,0,43,,83,83,1,79,,,,,3,,,6420,,,,3,,6,6,6,,,,1,1,economics statistics,Economics and Statistics,HOD
2015,64,W,Planning,State Planning Commission,0,1,,4,4,,4,,,,,,,,,,,,1,,,,,,,,1,1,state planning commission,State Planning Commission,Body/Corporation
2015,64,W,Planning,Hill Area Development and Programme,0,1,,7,7,1,6,,,,,,,,,,,,1,,,,,,,,1,1,special area development programme,Special Area Development and Programme,HOD
2015,64,W,Planning,Planning Total,1,48,,126,126,21,102,,,,,3,,,6420,,,,7,,8,8,8,,,,1,1,planning total,Planning Total,HOD
2015,64,W,Public,"Public Department, Secretariat",0,21,1,3543,3544,2584,320,1,7,,,631,,1,68,,,,8,,59,59,56,3,,,1,1,public secretariat,"Public Department, Secretariat",Secretariat
2015,64,W,Public,Governor’s Secretariat,0,1,1,176,177,65,96,,,,,16,,,2592,,,,1,,23,23,1,22,,,1,1,governor s secretariat,Governor’s Secretariat,Secretariat
2015,64,W,Public,"Governor’s House Hold, Raj Bhavan",0,1,,6,6,2,4,,,,,,,,,,,,1,,,,,,,,1,1,governor s house hold raj bhavan,"Governor’s House Hold Office, Raj Bhavan",HOD
2015,64,W,Public,State Human Rights Commission,0,1,,496,496,62,427,3,,4,,,,,,,,,1,,18,18,1,17,,,1,1,state human rights commission,State Human Rights Commission,Body/Corporation
2015,64,W,Public,"State Guest House, Chepauk, Chennai–5",0,1,,1,1,,1,,,,,,,,,,,,1,,,,,,,,1,1,state guest house,State Guest House,HOD
2015,64,W,Public,"Tamil Nadu House, New Delhi",0,1,,4,4,,4,,,,,,,,2896,,,,1,,,,,,,,1,1,house new delhi,"Tamil Nadu House, New Delhi",HOD
2015,64,W,Public,"Tamizhagam Guest House, Udhagmandalam",0,1,,1,1,,1,,,,,,,,,,,,1,,,,,,,,1,1,tamizhagam guest house udhagmandalam,"Tamizhagam Guest House, Udhagmandalam",HOD
2015,64,W,Public,Tamil Nadu Ex-Servicemen Corporation,0,1,,20,20,,20,,,,,,,,,,,,1,,,,,,,,1,1,ex servicemen,Tamil Nadu Ex-Servicemen Corporation,Body/Corporation
2015,64,W,Public,Directorate of Ex-servicemen’s Welfare,0,30,,102,102,5,92,,,1,,4,,,,,,,30,,,,,,,,1,1,ex servicemen,Tamil Nadu Ex-Servicemen Corporation,HOD
2015,64,W,Public,Public Total,1,58,2,4349,4351,2718,965,4,7,5,,651,,1,5556,,,,45,,100,100,58,42,,,1,1,public total,Public Total,HOD
2015,65,W,PWD,"Public Works Department, Secretariat",0,9,5,320,325,222,87,6,,,,5,,5,325,,,,15,,24,24,6,18,,,1,1,public works secretariat,"Public Works Department, Secretariat",Secretariat
2015,65,W,PWD,Buildings,0,67,18,735,753,84,637,,4,,,3,,25,1435,,,,67,,117,117,109,3,5,,1,1,buildings,Buildings,HOD
2015,65,W,PWD,WRD,0,1,,436,436,207,229,,,,,,,,,,,,1,,19,19,19,,,,1,1,wrd,WRD,HOD
2015,65,W,PWD,Chennai Region,0,41,,573,573,12,545,,,,,,,16,28,,,,5,,12,12,12,,,,1,1,region,Chennai Region,HOD
2015,65,W,PWD,Trichy Region,0,18,,940,940,,940,,,,,,,,,,,,10,,15,15,15,,,,1,1,chief engineer trichy region,Chief Engineer Trichy Region,HOD
2015,65,W,PWD,Madurai Region,0,38,,816,816,,816,,,,,,,,,,,,7,,10,10,10,,,,1,1,water resources madurai region,"Water Resources Department, Madurai Region",HOD
2015,65,W,PWD,Coimbatore Region,0,14,,762,762,13,744,,,,,,,5,9116,,,,5,,7,7,7,,,,1,1,water resources coimbatore region,"Water Resources Department, Coimbatore Region",HOD
2015,65,W,PWD,Design Research,0,3,,2,2,,2,,,,,,,,,,,,7,,,,,,,,1,1,design research construction support,Design Research and Construction Support Department,HOD
2015,65,W,PWD,Plan Formuation,0,74,,34,34,,33,,,,,,,1,,,,,63,,,,,,,,1,1,plan formulation,Plan Formulation Department,HOD
2015,65,W,PWD,O&M,0,5,,15,15,,15,,,,,,,,,,,,5,,,,,,,,1,1,o m,O&M,HOD
2015,65,W,PWD,SGSWRDC,0,13,,87,87,7,80,,,,,,,,,,,,6,,2,2,2,,,,1,1,sgswrdc,SGSWRDC,HOD
2015,65,W,PWD,Inst. for Water Studies,0,1,,,,,,,,,,,,,,,,,5,,,,,,,,,,institute for water studies,Institute for Water Studies,HOD
2015,65,W,PWD,Irrigation Trg,0,1,,3,3,,2,,,,,1,,,,,,,1,,,,,,,,1,1,irrigation trg,Irrigation Trg,HOD
2015,65,W,PWD,Cauvery Tech Cell,0,,,11,11,,8,,3,,,,,,260,,,,1,,,,,,,,1,1,cauvery technical cell,Cauvery Technical Cell,HOD
2015,65,W,PWD,Dir of Boilers,0,9,,4,4,,4,,,,,,,,,,,,1,,,,,,,,1,1,dir boilers,Dir of Boilers,HOD
2015,65,W,PWD,PWD Total,1,294,23,4738,4761,545,4142,6,7,,,9,,52,11164,,,,199,,206,206,180,21,5,,1,1,pwd total,PWD Total,HOD
2015,65,W,Revenue,"Revenue Department, Secretariat",0,14,,1620,1620,1119,445,,,,,56,,,480,,,,6,,169,169,161,8,,,1,1,revenue secretariat,"Revenue Department, Secretariat",Secretariat
2015,65,W,Revenue,Land Administration,0,5,,717,717,514,203,,,,,,,,18,,,,3,,5,5,5,,,,1,1,land administration,Commissionerate of Land Administration,HOD
2015,65,W,Revenue,Survey and Settlement,0,78,215,8718,8933,4739,3864,122,,,,,,208,155734,,,,53,10,93,103,78,6,19,,1,1,survey settlement,Survey and Settlement,HOD
2015,65,W,Revenue,Urban Land Ceiling and Urban Land Tax,0,8,,310,310,5,305,,,,,,,,504,,,,1,,3,3,3,,,,1,1,urban land ceiling urban land tax,Commissionerate of Urban Land Ceiling and Urban Land Tax,HOD
2015,65,W,Revenue,Revenue Administration Disaster Management and Mitigation,0,603,3722,109462,113184,35692,69052,1179,78,200,12,2152,,4819,33815,,,,407,487,9249,9736,8553,727,456,,1,1,revenue administration disaster management mitigation,Revenue Administration Disaster Management and Mitigation,HOD
2015,65,W,Revenue,Land Reforms,0,2,,166,166,18,148,,,,,,,,1660,,,,1,,,,,,,,1,1,land reforms,Commissionerate of Land Reforms,HOD
2015,65,W,Revenue,Revenue Total,1,710,3937,120993,124930,42087,74017,1301,78,200,12,2208,,5027,192211,,,,471,497,9519,10016,8800,741,475,,1,1,revenue total,Revenue Total,HOD
2015,66,W,RD,Rural Development and Panchayat Raj Secretariat,0,9,1,532,533,378,152,,,,,3,,,674,,,,5,,38,38,37,1,,,1,1,rural development panchayat raj secretariat,"Rural Development and Panchayat Raj Department, Secretariat",Secretariat
2015,66,W,RD,Directorate of Rural Development & Panchayat Raj,0,3262,959,18093,19052,4563,13575,3,,,,10,,901,,,,,984,58,1694,1752,1505,5,242,,1,1,rural development panchayat raj secretariat,"Rural Development and Panchayat Raj Department, Secretariat",HOD
2015,66,W,RD,Tamil Nadu Corporation for Development of Women,0,33,,85,85,5,77,2,,,,,,1,40,,,,33,,10,10,10,,,,1,1,for development women,Tamil Nadu Corporation for Development of Women,Body/Corporation
2015,66,W,RD,Pudhu Vaazhvu Project,0,1,,112,112,5,105,,,,,,,2,,,,,1,,1,1,1,,,,1,1,pudhu vaazhvu project,Pudhu Vaazhvu Project,HOD
2015,66,W,RD,IFAD assisted PTSLP,0,1,,,,,,,,,,,,,,,,,1,,,,,,,,,,ifad assisted ptslp,IFAD assisted PTSLP,HOD
2015,66,W,RD,Tamil Nadu State Election Commission,0,1,6,221,227,173,54,,,,,,,,,,,,1,,6,6,6,,,,1,1,state election commission,Tamil Nadu State Election Commission,Body/Corporation
2015,66,W,RD,RD Total,1,3307,966,19043,20009,5124,13963,5,,,,13,,904,714,,,,1025,58,1749,1807,1559,6,242,,1,1,rd total,RD Total,HOD
2015,66,W,School Edn,"School Education, Secretariat",0,6,,1600,1600,1302,259,1,,,,38,,,,,,,4,,93,93,91,2,,,1,1,school education,Directorate of School Education,Secretariat
2015,66,W,School Edn,Directorate of School Education,0,33,,12575,12575,2859,9131,114,44,14,17,231,,165,526,,,,33,,478,478,429,12,37,,1,1,school education,Directorate of School Education,HOD
2015,66,W,School Edn,Elementary Education,0,455,,15730,15730,423,15307,,,,,,,,,,,,2,,29,29,29,,,,1,1,elementary education,Directorate of Elementary Education,HOD
2015,66,W,School Edn,Matriculation Schools,0,16,4,526,530,386,125,,,,,,,19,,,,,1,2,128,130,130,,,,1,1,matriculation schools,Matriculation Schools,HOD
2015,66,W,School Edn,Nonformal & Adult Education,0,1,,23,23,7,16,,,,,,,,,,,,1,,1,1,1,,,,1,1,nonformal adult education,Nonformal & Adult Education,HOD
2015,66,W,School Edn,State Council of Education Research and Training,0,2,1,159,160,3,143,,,,,14,,,,,,,1,1,1,2,2,,,,1,1,state council education research training,Directorate of State Council of Education Research and Training,HOD
2015,66,W,School Edn,Government Examinations,0,9,,821,821,62,759,,,,,,,,2763,,,,1,,69,69,69,,,,1,1,examinations,Directorate of Government Examinations,HOD
2015,66,W,School Edn,Public Libraries,0,35,,769,769,6,763,,,,,,,,1325,,,,1,,68,68,68,,,,1,1,public libraries,Directorate of Public Libraries,HOD
2015,66,W,School Edn,Tamil Nadu Text Book and Educational Services Corporation,0,1,,22,22,1,21,,,,,,,,,,,,1,,,,,,,,1,1,text book educational services,Tamil Nadu Text Book and Educational Services Corporation,Body/Corporation
2015,66,W,School Edn,Teachers Recruitment Board,0,2,132,1210,1342,38,1302,2,,,,,,,8522,,,,1,18,134,152,152,,,,1,1,teachers recruitment board,Teachers Recruitment Board,Body/Corporation
2015,66,W,School Edn,Sarva Shiksha Abhiyan,0,31,15,833,848,7,821,,,,,1,,19,823,,,,33,7,33,40,29,8,3,,1,1,sarva shiksha abhiyan,Sarva Shiksha Abhiyan,HOD
2015,66,W,School Edn,Rashtriya Madhyamik Shiksha Abhiyan,0,1,,38,38,,38,,,,,,,,130,,,,,,,,,,,,1,1,rashtriya madhyamik shiksha abhiyan,Rashtriya Madhyamik Shiksha Abhiyan,HOD
2015,66,W,School Edn,School Edn Total,1,592,152,34306,34458,5094,28685,117,44,14,17,284,,203,14089,,,,79,28,1034,1062,1000,22,40,,1,1,school edn total,School Edn Total,HOD
2015,67,W,Social Reforms,"Social Reforms Department, Secretariat",0,1,,5,5,,5,,,,,,,,50,,,,1,,,,,,,,1,1,social reforms secretariat,"Social Reforms Department, Secretariat",Secretariat
2015,67,W,Social Reforms,Social Reforms Total,1,1,,5,5,,5,,,,,,,,50,,,,1,,,,,,,,1,1,social reforms total,Social Reforms Total,HOD
2015,67,W,Social Welfare,"Social Welfare and Nutritious Meal Programme Department, Secretariat",0,39,,285,285,204,79,2,,,,,,,,,,,4,,19,19,14,2,3,,1,1,social welfare,Tamil Nadu Social Welfare Board,Secretariat
2015,67,W,Social Welfare,Social Welfare,0,467,100,318,418,10,336,,,,,5,,67,,,,,467,20,60,80,45,,35,,1,1,social welfare,Tamil Nadu Social Welfare Board,HOD
2015,67,W,Social Welfare,Director of Social Defence,0,17,,83,83,10,73,,,,,,,,1324,,,,1,,,,,,,,1,1,social defence,Commissionerate of Social Defence,HOD
2015,67,W,Social Welfare,Integrated Child Development Services Scheme,0,467,7,38,45,,45,,,,,,,,,,,,467,,3,3,3,,,,1,1,integrated child development services,Directorate of Integrated Child Development Services,HOD
2015,67,W,Social Welfare,Tamil Nadu Social Welfare Board,0,2,,15,15,10,5,,,,,,,,,,,,1,,15,15,15,,,,1,1,social welfare,Tamil Nadu Social Welfare Board,Body/Corporation
2015,67,W,Social Welfare,Social Welfare Total,1,992,107,739,846,234,538,2,,,,5,,67,1324,,,,940,20,97,117,77,2,38,,1,1,social welfare total,Social Welfare Total,HOD
2015,67,W,Spl Prog Implementation,"Special Programme Implementation Department, Secretariat",0,1,,17,17,9,5,,,,,3,,,,,,,1,,,,,,,,1,1,special programme implementation secretariat,"Special Programme Implementation Department, Secretariat",Secretariat
2015,67,W,Spl Prog Implementation,Spl Prog Implementation Total,1,1,,17,17,9,5,,,,,3,,,,,,,1,,,,,,,,1,1,spl prog implementation total,Spl Prog Implementation Total,HOD
2015,67,W,Tamil Dev,"Tamil Development and Information Department, Secretariat",0,4,,40,40,18,20,,,,,2,,,,,,,2,,3,3,1,2,,,1,1,development information secretariat,"Tamil Development and Information Department, Secretariat",Secretariat
2015,67,W,Tamil Dev,Directorate of Tamil Development,0,32,,28,28,,28,,,,,,,,642,,,,1,,,,,,,,1,1,backward classes economic development,Tamil Nadu Backward Classes Economic Development Corporation,HOD
2015,67,W,Tamil Dev,Information and Public Relation,0,1,6,176,182,17,156,,,,,4,,5,8,,,,1,1,11,12,12,,,,1,1,information public relations,Directorate of Information and Public Relations,HOD
2015,67,W,Tamil Dev,Tamil Etymological Dictionary Project,0,1,,,,,,,,,,,,,,,,,1,,,,,,,,,,etymological dictionary project,Directorate of Tamil Etymological Dictionary Project,HOD
2015,67,W,Tamil Dev,Stationery and Printing,0,10,4,207,211,14,185,4,,,,,,8,613,,,,10,,7,7,6,1,,,1,1,stationery printing,Directorate of Stationery and Printing,HOD
2015,67,W,Tamil Dev,Tamil Dev Total,1,48,10,451,461,49,389,4,,,,6,,13,1263,,,,15,1,21,22,19,3,,,1,1,dev total,Tamil Dev Total,HOD
2015,68,W,"Tourism, Culture, Rel Endowment","Tourism, Culture and Religious Endowments Department, Secretariat.",0,6,,200,200,122,74,,,,,4,,,20,,,,12,,5,5,2,3,,,1,1,tourism culture religious endowments secretariat,"Tourism, Culture and Religious Endowments Department, Secretariat.",Secretariat
2015,68,W,"Tourism, Culture, Rel Endowment",Museum,0,1,,9,9,,5,,,,,,,4,200,,,,1,,4,4,,,4,,1,1,museum,Directorate of Museum,HOD
2015,68,W,"Tourism, Culture, Rel Endowment",Archaeology,0,1,,40,40,5,29,,,3,,3,,,,,,,1,,2,2,2,,,,1,1,archaeology,Commissionerate of Archaeology,HOD
2015,68,W,"Tourism, Culture, Rel Endowment",Art and Culture,0,16,10,61,71,2,64,,,,,5,,,,,,,2,,21,21,17,,4,,1,1,art culture,Commissionerate of Art and Culture,HOD
2015,68,W,"Tourism, Culture, Rel Endowment",Hindu Religious and Charitable Endowments,0,145,80,5699,5779,1274,4341,63,,,,,,101,22018,,,,50,21,675,696,677,3,16,,1,1,hindu religious charitable endowments,Commissionerate of Hindu Religious and Charitable Endowments,HOD
2015,68,W,"Tourism, Culture, Rel Endowment",Tourism,0,1,,30,30,,30,,,,,,,,,,,,1,,2,2,2,,,,1,1,tourism,Commissionerate of Tourism,HOD
2015,68,W,"Tourism, Culture, Rel Endowment",Tamil Nadu Tourism Development Corporation,0,1,,36,36,,32,,,,,,,4,2911,,,,1,,,,,,,,1,1,tourism development,Tamil Nadu Tourism Development Corporation,Body/Corporation
2015,68,W,"Tourism, Culture, Rel Endowment","Tourism, Culture, Rel Endowment Total",1,171,90,6075,6165,1403,4575,63,,3,,12,,109,25149,,,,68,21,709,730,700,6,24,,1,1,tourism culture rel endowment total,"Tourism, Culture, Rel Endowment Total",HOD
2015,68,W,Transport,"Transport Department, Secretariat",0,4,1,541,542,325,207,,,,,10,,,,,,,2,,13,13,12,1,,,1,1,transport secretariat,"Transport Department, Secretariat",Secretariat
2015,68,W,Transport,"Metropolitan Transport Corporation (Chennai) Ltd.,",0,1,,602,602,19,490,49,,,,44,,,4975,,,,1,,100,100,76,24,,,1,1,metropolitan transport,"Metropolitan Transport Corporation (Chennai) Ltd.,",Body/Corporation
2015,68,W,Transport,"State Express Transport Corporation, Chennai",0,1,10,656,666,21,602,10,,5,,23,,5,3996,,,,1,2,83,85,81,2,2,,1,1,state express transport,"State Express Transport Corporation, Chennai",Body/Corporation
2015,68,W,Transport,"Tamil Nadu State Transport Corporation (Villupuram) Ltd.,",0,1,72,595,667,2,594,1,,1,,6,,63,5538,,,,1,5,66,71,62,5,4,,1,1,state transport villupuram,"Tamil Nadu State Transport Corporation (Villupuram) Ltd.,",Body/Corporation
2015,68,W,Transport,"Tamil Nadu State Transport Corporation (Kumbakonam), Ltd.,",0,1,,1237,1237,,1237,,,,,,,,7487,,,,1,,71,71,71,,,,1,1,state transport kumbakonam,"Tamil Nadu State Transport Corporation (Kumbakonam) Ltd.,",Body/Corporation
2015,69,W,Transport,"Tamil Nadu State Transport ( Salem) Ltd.,",0,1,,640,640,,588,,,,,,,52,5876,,,,1,,31,31,31,,,,1,1,state transport salem,"Tamil Nadu State Transport Corporation (Salem), Ltd.,",Body/Corporation
2015,69,W,Transport,"Tamil Nadu State Transport Corporation (Coimbatore) Ltd.,",0,1,179,969,1148,2,1009,5,4,6,,,,122,5098,,,,1,43,155,198,171,,27,,1,1,state transport coimbatore,"Tamil Nadu State Transport Corporation (Coimbatore) Ltd.,",Body/Corporation
2015,69,W,Transport,"Tamil Nadu State Transport Corporation (Madurai) Ltd.,",0,1,24,814,838,10,812,,,,,16,,,10304,,,,1,24,23,47,24,,23,,1,1,state transport madurai,"Tamil Nadu State Transport Corporation (Madurai) Ltd.,",Body/Corporation
2015,69,W,Transport,"Tamil Nadu State Transport Corporation (Tirunelveli) Ltd.,",0,1,109,911,1020,3,943,25,,,,,,49,1485,,,,1,5,94,99,96,,3,,1,1,state transport tirunelveli,"Tamil Nadu State Transport Corporation (Tirunelveli) Ltd.,",Body/Corporation
2015,69,W,Transport,"Motor Vehicles & Maintenance Department, Chennai",0,21,,44,44,,26,,,,,18,,,,,,,1,,4,4,4,,,,1,1,motor vehicles maintenance,"Motor Vehicles & Maintenance Department, Chennai",HOD
2015,69,W,Transport,"Institute of Road Transport, Chennai",0,1,1,41,42,2,40,,,,,,,,,,,,1,,2,2,2,,,,1,1,institute road transport,"Institute of Road Transport, Chennai",Body/Corporation
2015,69,W,Transport,"Transport Development Finance Corporation Ltd.,",0,1,,10,10,,10,,,,,,,,20,,,,1,,,,,,,,1,1,transport development finance,"Transport Development Finance Corporation Ltd.,",Body/Corporation
2015,69,W,Transport,"Pallavan Transport Consultancy Services, Chennai",0,2,,1,1,,1,,,,,,,,,,,,1,,,,,,,,1,1,pallavan transport consultancy services,"Pallavan Transport Consultancy Services, Chennai",HOD
2015,69,W,Transport,Transport Total,1,37,396,7061,7457,384,6559,90,4,12,,117,,291,44779,,,,14,79,642,721,630,32,59,,1,1,transport total,Transport Total,HOD
2015,69,W,Welfare of Diff Abled,"Welfare of Differently Abled Persons Department, Secretariat",0,2,,55,55,35,18,,,,,2,,,,,,,1,,,,,,,,1,1,welfare differently abled persons secretariat,"Welfare of Differently Abled Persons Department, Secretariat",Secretariat
2015,69,W,Welfare of Diff Abled,Commissionerate for theWelfare of Differently Abled,0,40,2,338,340,9,329,,,,,2,,,,,,,34,,,,,,,,1,1,for welfare differently abled,Commissionerate for the Welfare of Differently Abled,HOD
2015,69,W,Welfare of Diff Abled,Welfare of Diff Abled Total,1,42,2,393,395,44,347,,,,,4,,,,,,,35,,,,,,,,1,1,welfare diff abled total,Welfare of Diff Abled Total,HOD
2015,70,W,Youth Welfare,"Youth Welfare and Sports Development, Secretariat",0,1,,19,19,17,,,,,,2,,,,,,,1,,,,,,,,1,,youth welfare sports development secretariat,"Youth Welfare and Sports Development, Secretariat",Secretariat
2015,70,W,Youth Welfare,Sports Development Authority of Tamil Nadu,0,34,,57,57,,57,,,,,,,,96,,,,1,,,,,,,,1,1,sports development authority,Sports Development Authority of Tamil Nadu,Body/Corporation
2015,70,W,Youth Welfare,National Cadet Corps,0,58,,13,13,1,8,,,,,4,,,,,,,1,,,,,,,,1,1,national cadet corps,National Cadet Corps,HOD
2015,70,W,Youth Welfare,National Service Scheme,0,1,,2,2,,2,,,,,,,,,,,,1,,,,,,,,1,1,national service scheme,National Service Scheme,HOD
2015,70,W,Youth Welfare,Tamil Nadu Physical Education and Sports University,0,1,1,20,21,1,16,,,,,,,4,,,,,1,,,,,,,,1,1,physical education sports university,Tamil Nadu Physical Education and Sports University,Body/Corporation
2015,70,W,Youth Welfare,Youth Welfare Total,1,95,1,111,112,19,83,,,,,6,,4,96,,,,5,,,,,,,,1,1,youth welfare total,Youth Welfare Total,HOD
2015,70,W,Assembly,Legislative Assembly Secretariat.,0,18,14,166,180,33,125,8,,,,13,,1,628,,,,3,,20,20,17,3,,,1,1,legislative assembly secretariat,Legislative Assembly Secretariat.,Secretariat
2015,70,W,Assembly,Assembly Total,1,18,14,166,180,33,125,8,,,,13,,1,628,,,,3,,20,20,17,3,,,1,1,assembly total,Assembly Total,HOD
2015,70,W,TNIC,Tamil Nadu Information Commission,0,1,80,732,812,,540,,,,,169,,103,,,,,1,58,76,134,25,33,76,,1,1,information commission,Tamil Nadu Information Commission,Body/Corporation
2015,70,W,TNIC,TNIC Total,1,1,80,732,812,,540,,,,,169,,103,,,,,1,58,76,134,25,33,76,,1,1,tnic total,TNIC Total,HOD
2016,50,W,Adi Dravidar and Tribal Welfare Department,"Adi Dravidar and Tribal Welfare Department, Secretariat.",0,8,,317,317,100,208,,,,,9,,,848,,,,3,,24,24,15,9,,,1,1,adi dravidar tribal welfare secretariat,Directorate of Tribal Welfare,Secretariat
2016,50,W,Adi Dravidar and Tribal Welfare Department,Directorate of Adi Dravidar Welfare,0,2,17,413,430,,430,,,,,,,,,,,,1,17,,17,,,17,,1,1,adi dravidar welfare,Directorate of Adi Dravidar Welfare,HOD
2016,50,W,Adi Dravidar and Tribal Welfare Department,Directorate of Tribal Welfare,0,1,,,,,,,,,,,,,,,,,1,,,,,,,,,,adi dravidar tribal welfare secretariat,Directorate of Tribal Welfare,HOD
2016,50,W,Adi Dravidar and Tribal Welfare Department,Tamil Nadu Adi Dravidar Housing and Development Corporation (TAHDCO),0,43,4,73,77,,77,,,,,,,,650,,,,43,,10,10,10,,,,1,1,adi dravidar housing development tahdco,Tamil Nadu Adi Dravidar Housing and Development Corporation (TAHDCO),Body/Corporation
2016,50,W,Adi Dravidar and Tribal Welfare Department,Adi Dravidar and Tribal Welfare Department Total,1,54,21,803,824,100,715,,,,,9,,,1498,,,,48,17,34,51,25,9,17,,1,1,adi dravidar tribal welfare total,Adi Dravidar and Tribal Welfare Department Total,HOD
2016,50,W,Agriculture Department,"Agriculture Department, Secretariat",0,11,,1445,1445,157,1288,,,,,,,,,,,,5,,,,,,,,1,1,agriculture secretariat,"Agriculture Department, Secretariat",Secretariat
2016,50,W,Agriculture Department,Directorate of Agriculture,0,68,50,841,891,64,685,10,,,,35,,97,1762,,,,31,5,128,133,112,2,19,,1,1,agriculture secretariat,"Agriculture Department, Secretariat",HOD
2016,50,W,Agriculture Department,Horticulture and Plantation Crops,0,34,3,268,271,3,262,,3,,,,,3,498,,,,34,,18,18,18,,,,1,1,horticulture plantation crops,Directorate of Horticulture and Plantation Crops,HOD
2016,50,W,Agriculture Department,Agricultural Marketing and Agri Business,0,9,,85,85,,85,,,,,,,,430,,,,5,,5,5,5,,,,1,1,agricultural marketing agri business,Agricultural Marketing and Agri Business,HOD
2016,50,W,Agriculture Department,Seed Certification and Organic Certification,0,1,1,18,19,,18,,,,,,,1,,,,,1,,,,,,,,1,1,seed certification organic certification,Directorate of Seed Certification and Organic Certification,HOD
2016,50,W,Agriculture Department,Agricultural Engineering,0,5,7,69,76,7,49,6,,,,14,,,184,,,,1,,6,6,5,1,,,1,1,agricultural engineering,Agricultural Engineering,HOD
2016,50,W,Agriculture Department,Tamil Nadu Agriculture University,0,2,2,161,163,,122,11,1,11,,17,,1,2082,,,,1,,15,15,13,2,,,1,1,agricultural university,Tamil Nadu Agricultural University,Body/Corporation
2016,50,W,Agriculture Department,Tamil Nadu Watershed Development Agency,0,1,,13,13,,13,,,,,,,,,,,,1,,,,,,,,1,1,watershed development agency,Tamil Nadu Watershed Development Agency,Body/Corporation
2016,50,W,Agriculture Department,Agriculture Department Total,1,131,63,2900,2963,231,2522,27,4,11,,66,,102,4956,,,,79,5,172,177,153,5,19,,1,1,agriculture total,Agriculture Department Total,HOD
2016,51,W,"Animal Husbandry, Dairying & Fisheries Department","Animal Husbandry, Dairying & Fisheries Department, Secretariat.",0,6,,66,66,37,24,4,,,,1,,,276,,,,4,,4,4,4,,,,1,1,animal husbandry dairying fisheries secretariat,"Animal Husbandry, Dairying & Fisheries Department, Secretariat.",Secretariat
2016,51,W,"Animal Husbandry, Dairying & Fisheries Department",Animal Husbandry and Veterinary Services,0,2,47,224,271,4,221,16,,,,,,30,143,,,,1,,10,10,9,,1,,1,1,director animal husbandry veterinary services,Director of Animal Husbandry and Veterinary Services,HOD
2016,51,W,"Animal Husbandry, Dairying & Fisheries Department",Fisheries,0,26,8,351,359,9,54,,,,,,,296,,,,,7,,8,8,4,,4,,1,1,fisheries development,Tamil Nadu Fisheries Development Corporation,HOD
2016,51,W,"Animal Husbandry, Dairying & Fisheries Department",Milk Production and Dairy Development,0,30,,217,217,26,188,,,,,3,,,122,,,,30,5,12,17,17,,,,1,1,milk production dairy development,Directorate of Milk Production and Dairy Development,HOD
2016,51,W,"Animal Husbandry, Dairying & Fisheries Department",Tamil Nadu Veterinary and Animal Sciences University,0,1,5,75,80,4,71,,,,,,,5,,,,,1,1,3,4,3,,1,,1,1,veterinary animal sciences university,Tamil Nadu Veterinary and Animal Sciences University,Body/Corporation
2016,51,W,"Animal Husbandry, Dairying & Fisheries Department",Tamil Nadu Fisheries University,0,1,,20,20,1,5,4,,,8,2,,,,,,,1,,4,4,4,,,,1,1,dr j jayalalitha fisheries university,Tamil Nadu Dr.J.Jayalalitha Fisheries University,Body/Corporation
2016,51,W,"Animal Husbandry, Dairying & Fisheries Department",Audit for Milk Co-operatives,0,6,,9,9,1,8,,,,,,,,,,,,1,,,,,,,,1,1,audit for milk co operatives,Directorate of Audit for Milk Cooperative,HOD
2016,51,W,"Animal Husbandry, Dairying & Fisheries Department",Tamil Nadu Fisheries Development Corporation,0,1,,16,16,,16,,,,,,,,,,,,1,,,,,,,,1,1,fisheries development,Tamil Nadu Fisheries Development Corporation,Body/Corporation
2016,51,W,"Animal Husbandry, Dairying & Fisheries Department",Tamil Nadu State Apex Fisheries Co-operative Federation,0,1,,1,1,,1,,,,,,,,,,,,1,,,,,,,,1,1,state apex fisheries co operative federation,Tamil Nadu State Apex Fisheries Co-operative Federation,HOD
2016,51,W,"Animal Husbandry, Dairying & Fisheries Department",Tamil Nadu Co-operative Milk Producers Federation,0,18,11,479,490,43,412,6,,1,,4,,24,864,,,,18,1,58,59,56,2,1,,1,1,co operative milk producers federation,Tamil Nadu Co-operative Milk Producers Federation,HOD
2016,51,W,"Animal Husbandry, Dairying & Fisheries Department","Animal Husbandry, Dairying & Fisheries Department Total",1,92,71,1458,1529,125,1000,30,,1,8,10,,355,1405,,,,65,7,99,106,97,2,7,,1,1,animal husbandry dairying fisheries total,"Animal Husbandry, Dairying & Fisheries Department Total",HOD
2016,52,W,"Backward Classes, Most Backward Classes and Minorities Welfare Department","Backward Classes, Most Backward Classes and Minorities Welfare Department, Secretariat.",0,5,,150,150,52,93,,,,,5,,,310,,,,2,,5,5,4,1,,,1,1,backward classes most backward classes minorities welfare secretariat,Directorate of Minorities Welfare,Secretariat
2016,52,W,"Backward Classes, Most Backward Classes and Minorities Welfare Department",Backward Classes Welfare,0,35,9,547,556,50,479,3,,,,11,,13,32,,,,33,,12,12,12,,,,1,1,backward classes welfare,Directorate of Backward Classes Welfare,HOD
2016,52,W,"Backward Classes, Most Backward Classes and Minorities Welfare Department",Most Backward Classes & Denotified Communities Welfare,0,3,,101,101,2,97,,,,,2,,,,,,,2,,,,,,,,1,1,most backward classes denotified communities welfare,Most Backward Classes & Denotified Communities Welfare,HOD
2016,52,W,"Backward Classes, Most Backward Classes and Minorities Welfare Department",Minorities Welfare,0,1,,17,17,1,16,,,,,,,,,,,,1,,5,5,5,,,,1,1,backward classes most backward classes minorities welfare secretariat,Directorate of Minorities Welfare,HOD
2016,52,W,"Backward Classes, Most Backward Classes and Minorities Welfare Department",Tamil Nadu Backward Classes Commission,0,1,,18,18,4,9,,,,,5,,,148,,,,1,,2,2,,2,,,1,1,backward classes commission,Tamil Nadu Backward Classes Commission,Body/Corporation
2016,52,W,"Backward Classes, Most Backward Classes and Minorities Welfare Department",State Minorities Commission,0,1,,5,5,1,4,,,,,,,,,,,,2,,,,,,,,1,1,state minorities commission,State Minorities Commission,Body/Corporation
2016,52,W,"Backward Classes, Most Backward Classes and Minorities Welfare Department",Tamil Nadu Backward Classes Economic Development Corporation,0,1,,12,12,,12,,,,,,,,,,,,1,,,,,,,,1,1,backward classes economic development,Tamil Nadu Backward Classes Economic Development Corporation,Body/Corporation
2016,52,W,"Backward Classes, Most Backward Classes and Minorities Welfare Department",Tamil Nadu Minorities Economic Development Corporation,0,1,,4,4,,4,,,,,,,,,,,,1,,,,,,,,1,1,minorities economic development,Tamil Nadu Minorities Economic Development Corporation,Body/Corporation
2016,52,W,"Backward Classes, Most Backward Classes and Minorities Welfare Department",Tamil Nadu Wakf Board,0,1,9,1300,1309,5,1122,4,,,,168,,10,2269,,,,1,5,218,223,212,9,2,,1,1,wakf board,Tamil Nadu Wakf Board,Body/Corporation
2016,52,W,"Backward Classes, Most Backward Classes and Minorities Welfare Department",Tamil Nadu State Hajj Committee,0,1,,3,3,,3,,,,,,,,36,,,,1,,,,,,,,1,1,state hajj committee,Tamil Nadu State Hajj Committee,HOD
2016,52,W,"Backward Classes, Most Backward Classes and Minorities Welfare Department","Backward Classes, Most Backward Classes and Minorities Welfare Department Total",1,50,18,2157,2175,115,1839,7,,,,191,,23,2795,,,,45,5,242,247,233,12,2,,1,1,backward classes most backward classes minorities welfare total,"Backward Classes, Most Backward Classes and Minorities Welfare Department Total",HOD
2016,52,W,Commercial Taxes and Registration Department,"Commercial Taxes and Registration Department, Secretariat.",0,4,,237,237,147,85,1,,,,4,,,728,,,,3,,15,15,13,2,,,1,1,commercial taxes,Commissionerate of Commercial Taxes,Secretariat
2016,52,W,Commercial Taxes and Registration Department,Commissionerate of Commercial Taxes,0,506,36,1140,1176,134,936,9,,7,,59,,31,2000,,,,74,8,104,112,101,6,5,,1,1,commercial taxes,Commissionerate of Commercial Taxes,HOD
2016,52,W,Commercial Taxes and Registration Department,Registration,0,656,102,15048,15150,359,14646,,,,,95,,50,67322,,,,68,5,914,919,908,5,6,,1,1,registration,Registration,HOD
2016,52,W,Commercial Taxes and Registration Department,Tamil Nadu Sales Tax Appellate Tribunal,0,22,,6,6,,6,,,,,,,,,,,,1,,,,,,,,1,1,sales tax appellate tribunal,Tamil Nadu Sales Tax Appellate Tribunal,Body/Corporation
2016,52,W,Commercial Taxes and Registration Department,Commercial Taxes and Registration Department Total,1,1188,138,16431,16569,640,15673,10,,7,,158,,81,70050,,,,146,13,1033,1046,1022,13,11,,1,1,commercial taxes registration total,Commercial Taxes and Registration Department Total,HOD
2016,53,W,"Co-operation, Food and Consumer Protection Department","Co-operation, Food and Consumer Protection Department, Secretariat",0,7,,249,249,189,58,,,,,2,,,566,,,,4,,5,5,5,,,,1,1,co operation food consumer protection secretariat,"Co-operation, Food and Consumer Protection Department, Secretariat",Secretariat
2016,53,W,"Co-operation, Food and Consumer Protection Department",Registrar of Co-operative Societies,0,5350,177,3898,4075,1008,2705,,,,,186,,176,,,,,820,1257,480,1737,1291,380,66,,1,1,registrar co operative societies,Registrar of Co-operative Societies,HOD
2016,53,W,"Co-operation, Food and Consumer Protection Department",Commissioner of Civil Supplies and Consumer Protection,0,20,1,747,748,279,459,,,,,10,,,82,,,,20,,60,60,59,1,,,1,1,commissioner civil supplies consumer protection,Commissioner of Civil Supplies and Consumer Protection,HOD
2016,53,W,"Co-operation, Food and Consumer Protection Department",Tamil Nadu Civil Supplies Corporation,0,49,34,846,880,2,844,,,,,7,,27,8460,,,,34,2,51,53,52,1,,,1,1,commissioner civil supplies consumer protection,Commissioner of Civil Supplies and Consumer Protection,Body/Corporation
2016,53,W,"Co-operation, Food and Consumer Protection Department",State Consumer Disputes Redressal Commission,0,27,,115,115,5,102,,,,,8,,,,,,,1,,20,20,20,,,,1,1,state consumer disputes redressal commission,State Consumer Disputes Redressal Commission,Body/Corporation
2016,53,W,"Co-operation, Food and Consumer Protection Department",Tamil Nadu Warehousing Corporation,0,1,1,41,42,,37,,,,,5,,,,,,,1,,4,4,4,,,,1,1,warehousing,Tamil Nadu Warehousing Corporation,Body/Corporation
2016,53,W,"Co-operation, Food and Consumer Protection Department","Co-operation, Food and Consumer Protection Department Total",1,5454,213,5896,6109,1483,4205,,,,,218,,203,9108,,,,880,1259,620,1879,1431,382,66,,1,1,co operation food consumer protection total,"Co-operation, Food and Consumer Protection Department Total",HOD
2016,53,W,Energy Department,"Energy Department, Secretariat",0,3,,106,106,99,7,,,,,,,,,,,,2,,2,2,2,,,,1,1,energy secretariat,"Energy Department, Secretariat",Secretariat
2016,53,W,Energy Department,"Tamil Nadu Generation and Distribution Corporation, Tamil Nadu Transmission Corporation and Tamil Nadu Electricity Board",0,312,521,10281,10802,603,9625,61,45,33,,66,,369,78386,,,,113,98,1579,1677,1510,37,130,,1,1,generation distribution,Tamil Nadu Generation and Distribution Corporation Limited,Body/Corporation
2016,53,W,Energy Department,Tamil Nadu Energy Development Agency,0,1,,11,11,1,10,,,,,,,,,,,,1,,,,,,,,1,1,energy development agency,Tamil Nadu Energy Development Agency,Body/Corporation
2016,53,W,Energy Department,Electrical Inspectorate,0,25,,68,68,1,67,,,,,,,,,,,,1,,1,1,1,,,,1,1,electrical inspectorate,Electrical Inspectorate,HOD
2016,53,W,Energy Department,Tamil Nadu Electricity Regulatory Commission,0,1,,110,110,25,70,8,,,,7,,,1392,,,,1,,9,9,6,3,,,1,1,electricity regulatory commission,Tamil Nadu Electricity Regulatory Commission,Body/Corporation
2016,53,W,Energy Department,Tamil Nadu Power Finance and Infrastructure Development Corporation Limited,0,1,,40,40,,40,,,,,,,,,,,,1,,1,1,1,,,,1,1,power finance infrastructure development,Tamil Nadu Power Finance and Infrastructure Development Corporation Limited,Body/Corporation
2016,53,W,Energy Department,Energy Department Total,1,343,521,10616,11137,729,9819,69,45,33,,73,,369,79778,,,,119,98,1592,1690,1520,40,130,,1,1,energy total,Energy Department Total,HOD
2016,54,W,Environment and Forests,"Environment and Forests, Secretariat",0,7,,195,195,137,57,,,,,1,,,1036,,,,4,,4,4,4,,,,1,1,environment,Directorate of Environment,Secretariat
2016,54,W,Environment and Forests,Tamil Nadu Forests,0,1,65,337,402,,391,,,,,,,11,,,,,1,42,64,106,103,,3,,1,1,forests,Tamil Nadu Forests Department,HOD
2016,54,W,Environment and Forests,Tamil Nadu Pollution Control Board,0,36,6,1802,1808,4,1804,,,,,,,,37371,,,,1,1,121,122,122,,,,1,1,pollution control board,Tamil Nadu Pollution Control Board,Body/Corporation
2016,54,W,Environment and Forests,Directorate of Environment,0,1,,79,79,11,68,,,,,,,,3660,,,,1,,,,,,,,1,1,environment,Directorate of Environment,HOD
2016,54,W,Environment and Forests,Tamil Nadu Forest Plantation Corporation Limited,0,7,,9,9,,8,,,,,,,1,,,,,1,,1,1,1,,,,1,1,forest plantation,Tamil Nadu Forest Plantation Corporation Limited,Body/Corporation
2016,54,W,Environment and Forests,Arasu Rubber Corporation Limited,0,1,15,46,61,,47,,,,,6,,8,,,,,1,1,14,15,8,4,3,,1,1,arasu rubber,Arasu Rubber Corporation Limited,Body/Corporation
2016,54,W,Environment and Forests,The Tamil Nadu Tea Plantation Corporation Limited,0,3,1,31,32,,31,,,,,,,1,,,,,1,,1,1,1,,,,1,1,tea plantation,The Tamil Nadu Tea Plantation Corporation Limited,Body/Corporation
2016,54,W,Environment and Forests,Environment and Forests Total,1,56,87,2499,2586,152,2406,,,,,7,,21,42067,,,,10,44,205,249,239,4,6,,1,1,environment forests total,Environment and Forests Total,HOD
2016,54,W,Finance Department,"Finance Department, Secretariat",0,12,19,1170,1189,156,1012,,,,,7,,14,9999,,,,12,1,74,75,66,5,4,,1,1,finance secretariat,"Finance Department, Secretariat",Secretariat
2016,54,W,Finance Department,Treasuries and Accounts,0,50,18,76,94,11,79,4,,,,,,,,,,,13,1,,1,1,,,,1,1,treasuries accounts,Commissionerate of Treasuries and Accounts,HOD
2016,54,W,Finance Department,Co-operative Audit,0,39,17,170,187,6,178,,,,,,,3,5340,,,,8,2,31,33,32,,1,,1,1,co operative audit,Co-operative Audit Department,HOD
2016,54,W,Finance Department,Small Savings,0,32,,4,4,,4,,,,,,,,472,,,,32,17,2,19,19,,,,1,1,small savings,Small Savings,HOD
2016,54,W,Finance Department,Local Fund Audit,0,69,19,542,561,38,504,,,,,,,19,86,,,,9,,69,69,68,,1,,1,1,local fund audit,Directorate of Local Fund Audit,HOD
2016,54,W,Finance Department,Internal Audit and Statutory Boards Audit,0,38,3,62,65,,64,,,,,,,1,1740,,,,1,,1,1,1,,,,1,1,internal audit statutory boards audit,Internal Audit and Statutory Boards Audit,Body/Corporation
2016,54,W,Finance Department,Government Data Centre,0,1,,107,107,,107,,,,,,,,28,,,,1,,,,,,,,1,1,data centre,State Ground Water and Surface Water Resources Data Centre,HOD
2016,54,W,Finance Department,Pension Directorate,0,2,59,556,615,58,530,,,,,,,27,70,,,,1,9,55,64,63,,1,,1,1,pension,Directorate of Pension,HOD
2016,54,W,Finance Department,Finance Department Total,1,243,135,2687,2822,269,2478,4,,,,7,,64,17735,,,,77,30,232,262,250,5,7,,1,1,finance total,Finance Department Total,HOD
2016,55,W,"Handlooms, Handicrafts, Textiles and Khadi Department","Handlooms, Handicrafts, Textiles and Khadi Department, Secretariat",0,1,,54,54,44,6,3,,,,1,,,,,,,1,,12,12,9,3,,,1,1,handlooms handicrafts textiles khadi secretariat,"Handlooms, Handicrafts, Textiles and Khadi Department, Secretariat",Secretariat
2016,55,W,"Handlooms, Handicrafts, Textiles and Khadi Department",Handlooms and Textiles,0,38,3,552,555,102,426,6,,,,19,,2,262,,,,38,1,96,97,93,3,1,,1,1,handlooms textiles,Directorate of Handlooms and Textiles,HOD
2016,55,W,"Handlooms, Handicrafts, Textiles and Khadi Department",Sericulture,0,37,3,156,159,7,136,9,,,,3,,4,,,,,36,,20,20,17,3,,,1,1,sericulture,Directorate of Sericulture,HOD
2016,55,W,"Handlooms, Handicrafts, Textiles and Khadi Department",Tamil Nadu Handicrafts Development Corporation,0,1,,8,8,,8,,,,,,,,,,,,1,,8,8,8,,,,1,1,handicrafts development,Tamil Nadu Handicrafts Development Corporation,Body/Corporation
2016,55,W,"Handlooms, Handicrafts, Textiles and Khadi Department",Co-optex,0,12,2,95,97,2,93,,,,,,,2,54,,,,12,1,7,8,8,,,,1,1,co optex,Co-optex,HOD
2016,55,W,"Handlooms, Handicrafts, Textiles and Khadi Department",Tamil Nadu Khadi Village Industries Board,0,27,1,93,94,,94,,,,,,,,,,,,14,,12,12,12,,,,1,1,khadi village industries board,Tamil Nadu Khadi Village Industries Board,Body/Corporation
2016,55,W,"Handlooms, Handicrafts, Textiles and Khadi Department",Tamil Nadu Palm Product Development Board,0,1,,8,8,,8,,,,,,,,,,,,1,,,,,,,,1,1,palm product development board,Tamil Nadu Palm Product Development Board,Body/Corporation
2016,55,W,"Handlooms, Handicrafts, Textiles and Khadi Department","Handlooms, Handicrafts, Textiles and Khadi Department Total",1,117,9,966,975,155,771,18,,,,23,,8,316,,,,103,2,155,157,147,9,1,,1,1,handlooms handicrafts textiles khadi total,"Handlooms, Handicrafts, Textiles and Khadi Department Total",HOD
2016,55,W,Health and Family Welfare Department,"Health and Family Welfare Department, Secretariat",0,9,,693,693,345,307,2,,,,37,,2,,,,,10,,25,25,22,3,,,1,1,family welfare,"Health and Family Welfare Department, Secretariat",Secretariat
2016,55,W,Health and Family Welfare Department,Medical Education,0,68,27,5119,5146,411,4374,154,,34,,88,,85,,,,,68,3,475,478,403,71,4,,1,1,director medical education,Director of Medical Education,HOD
2016,55,W,Health and Family Welfare Department,Public Health and Preventive Medicine,0,43,,931,931,126,696,19,,4,,59,,27,736,,,,43,,87,87,82,2,3,,1,1,public health preventive medicine,Public Health and Preventive Medicine,HOD
2016,55,W,Health and Family Welfare Department,Medical and Rural Health Services (ESI),0,12,,136,136,7,106,14,,,,9,,,350,,,,12,,1,1,1,,,,1,1,medical rural health services esi,Directorate of Medical and Rural Health Services (ESI),HOD
2016,55,W,Health and Family Welfare Department,Family Welfare,0,5,1,40,41,5,31,,,,,4,,1,,,,,2,,2,2,2,,,,1,1,family welfare,"Health and Family Welfare Department, Secretariat",HOD
2016,55,W,Health and Family Welfare Department,Indian Medicine and Homoeopathy,0,32,,274,274,18,230,2,,1,,23,,,,,,,32,,10,10,10,,,,1,1,indian medicine homoeopathy,Directorate of Indian Medicine and Homoeopathy,HOD
2016,55,W,Health and Family Welfare Department,Food Safety and Drug Administration,0,32,5,424,429,31,389,1,1,,,,,7,636,,,,1,,51,51,49,,2,,1,1,commissioner food safety drug administration,Commissioner of Food Safety and Drug Administration,HOD
2016,55,W,Health and Family Welfare Department,Tamil Nadu Medical Services Corporation Limited,0,1,,63,63,3,60,,,,,,,,2080,,,,1,,2,2,2,,,,1,1,medical services,Tamil Nadu Medical Services Corporation Limited,Body/Corporation
2016,55,W,Health and Family Welfare Department,Tamil Nadu Health Systems Project,0,1,,68,68,10,58,,,,,,,,,,,,1,,9,9,9,,,,1,1,health systems project,Tamil Nadu Health Systems Project,HOD
2016,55,W,Health and Family Welfare Department,Tamil Nadu State Health Transport,0,8,2,20,22,1,17,1,,1,,1,,1,410,,,,1,,1,1,1,,,,1,1,state health transport,Tamil Nadu State Health Transport Department,HOD
2016,56,W,Health and Family Welfare Department,Drugs Control,0,17,13,572,585,51,513,5,,,,7,,9,3700,,,,17,1,27,28,28,,,,1,1,drugs control,Directorate of Drugs Control,HOD
2016,56,W,Health and Family Welfare Department,Medical and Rural Health Services,0,31,31,555,586,180,324,11,,,,34,,37,86,,,,31,4,90,94,81,1,12,,1,1,medical rural health services esi,Directorate of Medical and Rural Health Services (ESI),HOD
2016,56,W,Health and Family Welfare Department,Medical Services Recruitment Board,0,1,,125,125,,10,,,,,115,,,,,,,1,,,,,,,,1,1,medical service recruitment board mrb,Medical Service Recruitment Board (MRB),Body/Corporation
2016,56,W,Health and Family Welfare Department,National Health Mission,0,1,,30,30,19,11,,,,,,,,,,,,1,,,,,,,,1,1,national health mission,National Health Mission,HOD
2016,56,W,Health and Family Welfare Department,Health and Family Welfare Department Total,1,261,79,9050,9129,1207,7126,209,1,40,,377,,169,7998,,,,221,8,780,788,690,77,21,,1,1,health family welfare total,Health and Family Welfare Department Total,HOD
2016,56,W,Higher Education Department,"Higher Education Department, Secretariat",0,5,,581,581,317,203,,,,,61,,,1084,,,,5,,31,31,31,,,,1,1,higher education secretariat,"Higher Education Department, Secretariat",Secretariat
2016,56,W,Higher Education Department,Technical Education,0,1,18,532,550,18,508,10,,2,,,,12,1436,,,,1,,94,94,94,,,,1,1,state council for technical education,Tamil Nadu State Council for Technical Education,HOD
2016,56,W,Higher Education Department,Collegiate Education,0,104,568,1875,2443,95,2264,,,,,,,84,,,,,10,44,209,253,249,,4,,1,1,collegiate education,Directorate of Collegiate Education,HOD
2016,56,W,Higher Education Department,Tamil Nadu Archives and Historical Research,0,12,89,5941,6030,57,5884,,,,,,,89,,,,,1,,104,104,104,,,,1,1,archives historical research,Tamil Nadu Archives and Historical Research,HOD
2016,56,W,Higher Education Department,Tamil Nadu State Council for Higher Education,0,1,,12,12,4,8,,,,,,,,,,,,1,,1,1,1,,,,1,1,state council for higher education,Tamil Nadu State Council for Higher Education,HOD
2016,56,W,Higher Education Department,Tamil Nadu State Council for Technical Education,0,1,,,,,,,,,,,,,,,,,1,,,,,,,,,,state council for technical education,Tamil Nadu State Council for Technical Education,HOD
2016,56,W,Higher Education Department,Tamil Nadu Science and Technology Centre,0,1,,29,29,,29,,,,,,,,,,,,1,,29,29,29,,,,1,1,science technology centre,Tamil Nadu Science and Technology Centre,HOD
2016,56,W,Higher Education Department,Tamil Nadu State Council for Science and Technology,0,1,,7,7,,7,,,,,,,,120,,,,1,,1,1,1,,,,1,1,state council for science technology,Tamil Nadu State Council for Science and Technology,HOD
2016,56,W,Higher Education Department,Science City,0,1,,1,1,,1,,,,,,,,,,,,1,,,,,,,,1,1,science city,Science City,HOD
2016,56,W,Higher Education Department,University of Madras,0,1,24,846,870,18,813,,4,,,14,,21,650,,,,1,4,95,99,98,,1,,1,1,university madras,University of Madras,Body/Corporation
2016,56,W,Higher Education Department,Annamalai University,0,3,,783,783,,783,,,,,,,,1810,,,,3,,31,31,31,,,,1,1,annamalai university,Annamalai University,Body/Corporation
2016,56,W,Higher Education Department,Madurai Kamaraj University,0,1,452,798,1250,,423,,,,,,,827,,,,,1,65,83,148,45,,103,,1,1,madurai kamaraj university,Madurai Kamaraj University,Body/Corporation
2016,56,W,Higher Education Department,Manonmaniam Sundaranar University,0,1,52,1210,1262,4,956,,,7,,5,,290,12500,,,,1,16,10,26,26,,,,1,1,manonmaniam sundaranar university,Manonmaniam Sundaranar University,Body/Corporation
2016,56,W,Higher Education Department,Bharathidasan University,0,1,142,169,311,12,196,4,,,,,,99,730,,,,1,5,16,21,20,1,,,1,1,bharathiar university,Bharathiar University,Body/Corporation
2016,56,W,Higher Education Department,Bharathiar University,0,1,,279,279,279,,,,,,,,,,,,,1,7,9,16,16,,,,1,,bharathiar university,Bharathiar University,Body/Corporation
2016,57,W,Higher Education Department,Alagappa University,0,1,,245,245,1,204,15,,8,,14,,3,896,,,,1,,15,15,14,1,,,1,1,alagappa university,Alagappa University,Body/Corporation
2016,57,W,Higher Education Department,Thiruvalluvar University,0,1,,112,112,,112,,,,,,,,,,,,1,,,,,,,,1,1,thiruvalluvar university,Thiruvalluvar University,Body/Corporation
2016,57,W,Higher Education Department,Periyar University,0,1,275,630,905,,604,,,,,,,301,,,,,1,48,101,149,145,,4,,1,1,periyar university,Periyar University,Body/Corporation
2016,57,W,Higher Education Department,Mother Teresa Women's University,0,1,1,50,51,,51,,,,,,,,,,,,3,,3,3,3,,,,1,1,mother teresa women s university,Mother Teresa Women's University,Body/Corporation
2016,57,W,Higher Education Department,Tamil Nadu Open University,0,1,,100,100,,100,,,,,,,,,,,,1,,1,1,1,,,,1,1,open university,Tamil Nadu Open University,Body/Corporation
2016,57,W,Higher Education Department,Tamil Nadu Teachers Education University,0,1,,211,211,12,191,,,,,,,8,202,,,,1,,5,5,5,,,,1,1,teachers education university,Tamil Nadu Teachers Education University,Body/Corporation
2016,57,W,Higher Education Department,Anna University,0,1,92,773,865,60,623,24,,,46,,,112,6546,,,,1,14,188,202,188,4,10,,1,1,anna university,Anna University,Body/Corporation
2016,57,W,Higher Education Department,Higher Education Department Total,1,142,1713,15184,16897,877,13960,53,4,17,46,94,,1846,25974,,,,39,203,1026,1229,1101,6,122,,1,1,higher education total,Higher Education Department Total,HOD
2016,57,W,Highways and Minor Ports Department,"Highways and Minor Ports Department, Secretariat",0,29,1,183,184,111,53,12,,,,8,,,428,,,,9,,14,14,11,3,,,1,1,highways minor ports secretariat,"Highways and Minor Ports Department, Secretariat",Secretariat
2016,57,W,Highways and Minor Ports Department,Directorate of Highways,0,132,10,2115,2125,430,1662,3,,1,,18,,11,13441,,,,45,6,134,140,133,5,2,,1,1,highways minor ports secretariat,"Highways and Minor Ports Department, Secretariat",HOD
2016,57,W,Highways and Minor Ports Department,Tamil Nadu Maritime Board,0,1,,19,19,3,15,1,,,,,,,254,,,,1,,1,1,1,,,,1,1,maritime board,Tamil Nadu Maritime Board,Body/Corporation
2016,57,W,Highways and Minor Ports Department,Poompuhar Shipping Corporation,0,3,,7,7,,7,,,,,,,,,,,,1,,,,,,,,1,1,poompuhar shipping,Poompuhar Shipping Corporation,Body/Corporation
2016,57,W,Highways and Minor Ports Department,Tamil Nadu Road Infrastructure Development Corporation,0,1,,15,15,,15,,,,,,,,,,,,1,,,,,,,,1,1,road infrastructure development,Tamil Nadu Road Infrastructure Development Corporation,Body/Corporation
2016,57,W,Highways and Minor Ports Department,Highways and Minor Ports Department Total,1,166,11,2339,2350,544,1752,16,,1,,26,,11,14123,,,,57,6,149,155,145,8,2,,1,1,highways minor ports total,Highways and Minor Ports Department Total,HOD
2016,57,W,Home Prohibition and Excise Department,"Home Prohibition and Excise Department, Secretariat",0,17,2,924,926,706,178,8,,,1,33,,,,,,,9,,40,40,40,,,,1,1,prohibition excise,Home Department Prohibition and Excise Wing,Secretariat
2016,57,W,Home Prohibition and Excise Department,Police,0,99,1346,50184,51530,5793,39787,2006,133,285,737,1023,,1766,448070,,,,99,95,2648,2743,1663,705,375,,1,1,police,Police Department,HOD
2016,57,W,Home Prohibition and Excise Department,Tamil Nadu Police Housing Corporation,0,12,,12,12,,12,,,,,,,,,,,,4,,1,1,1,,,,1,1,police housing,Tamil Nadu Police Housing Corporation,Body/Corporation
2016,57,W,Home Prohibition and Excise Department,Tamil Nadu Uniformed Services Recruitment Board,0,1,43,332,375,,363,3,,,,4,,5,,,,,1,2,80,82,79,,3,,1,1,uniformed services recruitment board,Tamil Nadu Uniformed Services Recruitment Board,Body/Corporation
2016,57,W,Home Prohibition and Excise Department,Prisons,0,16,31,2697,2728,906,1693,28,13,7,,55,,26,2347,,,,6,,81,81,79,1,1,,1,1,prisons,Prisons Department,HOD
2016,57,W,Home Prohibition and Excise Department,Transport Commissionerate,0,6,20,282,302,128,157,4,,,,10,,3,,,,,1,,12,12,12,,,,1,1,metropolitan transport,"Metropolitan Transport Corporation (Chennai) Ltd.,",HOD
2016,58,W,Home Prohibition and Excise Department,High Court of Madras,0,1,111,1294,1405,245,934,,,,,,,226,,,,,1,42,497,539,450,,89,,1,1,high court madras,High Court of Madras,Body/Corporation
2016,58,W,Home Prohibition and Excise Department,"Madurai Bench of Madras High Court, Madurai",0,1,,527,527,71,456,,,,,,,,,,,,1,,,,,,,,1,1,madurai bench madras high court madurai,"Madurai Bench of Madras High Court, Madurai",Body/Corporation
2016,58,W,Home Prohibition and Excise Department,Government Litigations,0,11,,16,16,2,13,1,,,,,,,,,,,1,,,,,,,,1,1,litigations,Government Litigations,HOD
2016,58,W,Home Prohibition and Excise Department,Prosecution,0,26,,134,134,12,120,,,,,2,,,,,,,1,,3,3,3,,,,1,1,prosecution,Directorate of Prosecution,HOD
2016,58,W,Home Prohibition and Excise Department,Fire and Rescue Services,0,41,2,1402,1404,1,1400,1,,,,,,2,305,,,,41,,23,23,21,2,,,1,1,fire rescue services,Fire and Rescue Services Department,HOD
2016,58,W,Home Prohibition and Excise Department,Forensic Sciences,0,10,3,77,80,8,65,1,,1,,3,,2,42,,,,1,,11,11,11,,,,1,1,forensic sciences,Forensic Sciences Department,HOD
2016,58,W,Home Prohibition and Excise Department,Tamil Nadu State Marketing Corporation Limited,0,138,28,753,781,,761,,,,,,,20,,,,,15,,55,55,55,,,,1,1,state marketing,Tamil Nadu State Marketing Corporation Limited,Body/Corporation
2016,58,W,Home Prohibition and Excise Department,Prohibition and Excise,0,4,,22,22,,22,,,,,,,,,,,,1,,1,1,1,,,,1,1,prohibition excise,Home Department Prohibition and Excise Wing,HOD
2016,58,W,Home Prohibition and Excise Department,Home Prohibition and Excise Department Total,1,383,1586,58656,60242,7872,45961,2052,146,293,738,1130,,2050,450164,,,,182,139,3452,3591,2415,708,468,,1,1,home prohibition excise total,Home Prohibition and Excise Department Total,HOD
2016,58,W,Housing and Urban Development Department,"Housing and Urban Development Department, Secretariat",0,8,,310,310,130,175,,,,,4,,1,690,,,,1,,17,17,17,,,,1,1,housing urban development secretariat,"Housing and Urban Development Department, Secretariat",Secretariat
2016,58,W,Housing and Urban Development Department,Tamil Nadu Housing Board,0,10,,1783,1783,22,1761,,,,,,,,2132,,,,26,,85,85,85,,,,1,1,housing board,Tamil Nadu Housing Board,Body/Corporation
2016,58,W,Housing and Urban Development Department,Tamil Nadu Slum Clearance Board,0,50,,559,559,,559,,,,,,,,904,,,,34,,44,44,44,,,,1,1,slum clearance board,Tamil Nadu Slum Clearance Board,Body/Corporation
2016,58,W,Housing and Urban Development Department,Chennai Metropolitan Development Authority,0,1,,2434,2434,90,2344,,,,,,,,17998,,,,1,15,61,76,76,,,,1,1,metropolitan development authority,Chennai Metropolitan Development Authority,Body/Corporation
2016,58,W,Housing and Urban Development Department,Town and Country Planning,0,55,42,2125,2167,158,1978,1,,,,,,30,63202,,,,42,,79,79,68,3,8,,1,1,town country planning,Directorate of Town and Country Planning,HOD
2016,58,W,Housing and Urban Development Department,Registrar of Co-operative Societies (Housing),0,12,,365,365,50,315,,,,,,,,80,,,,12,,18,18,18,,,,1,1,registrar co operative societies,Registrar of Co-operative Societies,HOD
2016,58,W,Housing and Urban Development Department,Tamil Nadu Co-operative Housing Federation,0,1,5,48,53,3,45,,,,,1,,4,,,,,1,,,,,,,,1,1,co operative housing federation,Tamil Nadu Co-operative Housing Federation,HOD
2016,58,W,Housing and Urban Development Department,Housing and Urban Development Department Total,1,137,47,7624,7671,453,7177,1,,,,5,,35,85006,,,,117,15,304,319,308,3,8,,1,1,housing urban development total,Housing and Urban Development Department Total,HOD
2016,58,W,Industries Department,"Industries Department, Secretariat",0,5,6,120,126,71,41,7,,,,7,,,680,,,,4,,7,7,7,,,,1,1,industries secretariat,"Industries Department, Secretariat",Secretariat
2016,58,W,Industries Department,Geology and Mining,0,44,78,1237,1315,137,1049,15,,,,63,,51,16478,,,,1,279,138,417,322,23,72,,1,1,geology mining,Directorate of Geology and Mining,HOD
2016,58,W,Industries Department,Department of Sugar,0,1,,158,158,50,96,12,,,,,,,741,,,,1,,3,3,3,,,,1,1,sugar,Tamil Nadu Sugar Corporation,HOD
2016,59,W,Industries Department,State Industries Promotion Corporation of Tamil Nadu,0,1,5,129,134,37,80,,,,,6,,11,,,,,1,1,26,27,23,2,2,,1,1,state industries promotion,State Industries Promotion Corporation of Tamil Nadu,Body/Corporation
2016,59,W,Industries Department,Tamil Nadu Industrial Development Corporation,0,1,,20,20,1,12,,,,,,,7,,,,,1,,2,2,1,,1,,1,1,industrial development,Tamil Nadu Industrial Development Corporation,Body/Corporation
2016,59,W,Industries Department,"Tamil Nadu Industrial Investment Corporation Ltd.,",0,1,4,62,66,,63,,,,,,,3,282,,,,1,,8,8,8,,,,1,1,industrial investment,"Tamil Nadu Industrial Investment Corporation Ltd.,",Body/Corporation
2016,59,W,Industries Department,"Tamil Nadu Salt Corporation Ltd.,",0,1,,15,15,1,14,,,,,,,,,,,,1,,1,1,1,,,,1,1,salt,"Tamil Nadu Salt Corporation Ltd.,",Body/Corporation
2016,59,W,Industries Department,"Tamil Nadu Newsprint and Papers Ltd.,",0,3,,56,56,,50,4,,1,,1,,,156,,,,3,,16,16,7,7,2,,1,1,newsprint papers,"Tamil Nadu Newsprint and Papers Ltd.,",Body/Corporation
2016,59,W,Industries Department,Tamil Nadu Cements Corporation,0,10,,118,118,8,87,19,,,,4,,,16,,,,9,,63,63,62,1,,,1,1,cements,Tamil Nadu Cements Corporation,Body/Corporation
2016,59,W,Industries Department,Tamil Nadu Magnesite Corporation,0,1,2,28,30,,30,,,,,,,,52,,,,1,,,,,,,,1,1,magnesite,Tamil Nadu Magnesite Limited,Body/Corporation
2016,59,W,Industries Department,"Tamil Nadu Industrial Explosives Ltd.,",0,1,,5,5,,5,,,,,,,,46,,,,1,,,,,,,,1,1,industrial explosives,"Tamil Nadu Industrial Explosives Ltd.,",Body/Corporation
2016,59,W,Industries Department,"Tamil Nadu Minerals Ltd.,",0,1,,37,37,,36,,,,,1,,,244,,,,1,,9,9,9,,,,1,1,minerals,"Tamil Nadu Minerals Ltd.,",Body/Corporation
2016,59,W,Industries Department,Tamil Nadu Sugar Corporation,0,1,,17,17,11,6,,,,,,,,,,,,1,,3,3,3,,,,1,1,sugar,Tamil Nadu Sugar Corporation,Body/Corporation
2016,59,W,Industries Department,Industries Department Total,1,71,95,2002,2097,316,1569,57,,1,,82,,72,18695,,,,26,280,276,556,446,33,77,,1,1,industries total,Industries Department Total,HOD
2016,59,W,Information Technology Department,"Information Technology Department, Secretariat",0,1,,28,28,22,6,,,,,,,,,,,,1,,,,,,,,1,1,information technology secretariat,"Information Technology Department, Secretariat",Secretariat
2016,59,W,Information Technology Department,"Electronics Corporation of Tamil Nadu Ltd.,",0,1,2,54,56,1,55,,,,,,,,,,,,1,,3,3,3,,,,1,1,electronics,"Electronics Corporation of Tamil Nadu Ltd.,",Body/Corporation
2016,59,W,Information Technology Department,e-Governance,0,1,,11,11,,11,,,,,,,,,,,,1,,,,,,,,1,1,e governance,e-Governance,HOD
2016,59,W,Information Technology Department,Tamil Nadu Arasu Cable TV Corporation Ltd.,0,1,88,217,305,,293,,,,,,,12,316,,,,1,,14,14,13,,1,,1,1,arasu cable tv,Tamil Nadu Arasu Cable TV Corporation Ltd.,Body/Corporation
2016,59,W,Information Technology Department,Tamil Virtual Academy,0,1,,,,,,,,,,,,,,,,,1,,,,,,,,,,virtual academy,Tamil Virtual Academy,HOD
2016,59,W,Information Technology Department,Information Technology Department Total,1,5,90,310,400,23,365,,,,,,,12,316,,,,5,,17,17,16,,1,,1,1,information technology total,Information Technology Department Total,HOD
2016,59,W,Labour and Employment Department,"Labour and Employment Department, Secretariat",0,8,,383,333,161,167,,,,,5,,,650,,,,10,,3,3,3,,,,0,1,labour employment secretariat,"Labour and Employment Department, Secretariat",Secretariat
2016,59,W,Labour and Employment Department,Commissionarate of Labour,0,493,25,1669,1694,177,1361,3,,,,104,,49,7050,,,,48,1,139,140,129,9,2,,1,1,commissionarate labour,Commissionarate of Labour,HOD
2016,60,W,Labour and Employment Department,Industrial Safety and Health,0,59,,556,556,113,433,,,,,,,10,,,,,33,,16,16,16,,,,1,1,industrial safety health,Directorate of Industrial Safety and Health,HOD
2016,60,W,Labour and Employment Department,Employment and Training,0,149,346,1837,2183,69,2076,5,,,,6,,27,537,,,,11,61,106,167,163,,4,,1,1,employment training employment wing,Commissionerate of Employment and Training (Employment wing),HOD
2016,60,W,Labour and Employment Department,"Overseas Manpower Corporation Ltd.,",0,1,,4,4,,4,,,,,,,,,,,,1,,,,,,,,1,1,overseas manpower,"Overseas Manpower Corporation Ltd.,",Body/Corporation
2016,60,W,Labour and Employment Department,Tamil Nadu Labour Welfare Board,0,1,,15,15,2,13,,,,,,,,,,,,1,,,,,,,,1,1,labour welfare board,Tamil Nadu Labour Welfare Board,Body/Corporation
2016,60,W,Labour and Employment Department,Tamil Nadu Construction Workers Welfare Board,0,33,1,74,75,48,27,,,,,,,,196,,,,1,1,24,25,25,,,,1,1,construction workers welfare board,Tamil Nadu Construction Workers Welfare Board,Body/Corporation
2016,60,W,Labour and Employment Department,Tamil Nadu Manual Workers Social Security and Welfare Board,0,1,,61,61,29,32,,,,,,,,304,,,,1,,6,6,6,,,,1,1,manual workers social security welfare board,Tamil Nadu Manual Workers Social Security and Welfare Board,Body/Corporation
2016,60,W,Labour and Employment Department,Tamil Nadu Institute of Labour Studies,0,1,,1,1,,1,,,,,,,,,,,,1,,,,,,,,1,1,institute labour studies,Tamil Nadu Institute of Labour Studies,Body/Corporation
2016,60,W,Labour and Employment Department,Tamil Nadu Silk Development Corporation,0,1,,5,5,,5,,,,,,,,,,,,1,,,,,,,,1,1,silk development,Tamil Nadu Silk Development Corporation,Body/Corporation
2016,60,W,Labour and Employment Department,Labour and Employment Department Total,1,747,372,4555,4927,599,4119,8,,,,115,,86,8737,,,,108,63,294,357,342,9,6,,1,1,labour employment total,Labour and Employment Department Total,HOD
2016,60,W,Law Department,"Law Department, Secretariat",0,1,,223,223,81,67,,,,,75,,,24,,,,1,,13,13,5,8,,,1,1,law secretariat,"Law Department, Secretariat",Secretariat
2016,60,W,Law Department,Legal Studies,0,8,,37,37,4,33,,,,,,,,,,,,2,,2,2,2,,,,1,1,legal studies,Directorate of Legal Studies,HOD
2016,60,W,Law Department,"The Tamil Nadu Dr.Ambedkar Law University, Chennai",0,1,,119,119,5,110,,,,,,,4,,,,,1,1,24,25,24,,1,,1,1,dr ambedkar law university,"The Tamil Nadu Dr.Ambedkar Law University, Chennai",Body/Corporation
2016,60,W,Law Department,"The Tamil Nadu National Law School, Tiruchirappalli.",0,1,,4,4,,4,,,,,,,,,,,,1,,1,1,1,,,,1,1,national law school tiruchirappalli,"The Tamil Nadu National Law School, Tiruchirappalli.",HOD
2016,60,W,Law Department,Law Department Total,1,11,,383,383,90,214,,,,,75,,4,24,,,,5,1,40,41,32,8,1,,1,1,law total,Law Department Total,HOD
2016,60,W,"Micro, Small and Medium Enterprises Department","Micro, Small and Medium Enterprises Department, Secretariat",0,3,,44,44,11,33,,,,,,,,354,,,,2,,,,,,,,1,1,micro small medium enterprises secretariat,"Micro, Small and Medium Enterprises Department, Secretariat",Secretariat
2016,60,W,"Micro, Small and Medium Enterprises Department",Industries and Commerce,0,37,,242,242,6,236,,,,,,,,,,,,33,,12,12,12,,,,1,1,industries commerce,Commissionerate of Industries and Commerce,HOD
2016,60,W,"Micro, Small and Medium Enterprises Department",Tamil Nadu Small Industries Development Corporation,0,1,8,93,101,2,90,2,,,,,,7,381,,,,1,1,2,3,1,,2,,1,1,small industries,Tamil Nadu Small Industries Corporation Limited,Body/Corporation
2016,61,W,"Micro, Small and Medium Enterprises Department",Tamil Nadu Small Industries Corporation Limited,0,7,,15,15,,8,7,,,,,,,,,,,1,,6,6,5,1,,,1,1,small industries,Tamil Nadu Small Industries Corporation Limited,Body/Corporation
2016,61,W,"Micro, Small and Medium Enterprises Department",Entrepreneurship Development Institute,0,1,,,,,,,,,,,,,,,,,1,,,,,,,,,,entrepreneurship development innovation institute,Tamil Nadu Entrepreneurship Development and Innovation Institute,Body/Corporation
2016,61,W,"Micro, Small and Medium Enterprises Department","Micro, Small and Medium Enterprises Department Total",1,49,8,394,402,19,367,9,,,,,,7,735,,,,38,1,20,21,18,1,2,,1,1,micro small medium enterprises total,"Micro, Small and Medium Enterprises Department Total",HOD
2016,61,W,Municipal Administration and Water Supply Department,"Municipal Administration and Water Supply Department, Secretariat",0,6,,524,524,366,144,,,,,14,,,,,,,6,,19,19,19,,,,1,1,municipal administration water supply secretariat,"Municipal Administration and Water Supply Department, Secretariat",Secretariat
2016,61,W,Municipal Administration and Water Supply Department,Commissionarate of Municipal Administration,0,7,,714,714,169,525,,,,,,,20,11688,,,,1,,171,171,171,,,,1,1,commissionarate municipal administration,Commissionarate of Municipal Administration,HOD
2016,61,W,Municipal Administration and Water Supply Department,Chennai Metropolitan Water Supply and Sewerage Board,0,45,13,749,762,24,738,,,,,,,,998,,,,21,,44,44,44,,,,1,1,metropolitan water supply sewerage board,Chennai Metropolitan Water Supply and Sewerage Board,Body/Corporation
2016,61,W,Municipal Administration and Water Supply Department,Greater Chennai Corporation,0,92,629,6360,6989,765,5652,43,,,,34,,495,1870,,,,46,34,496,530,510,2,18,,1,1,greater,Greater Chennai Corporation,Body/Corporation
2016,61,W,Municipal Administration and Water Supply Department,Town Panchayats,0,546,38,8452,8490,496,7985,,,,,4,,5,3316,,,,18,15,1084,1099,1082,8,9,,1,1,town panchayats,Directorate of Town Panchayats,HOD
2016,61,W,Municipal Administration and Water Supply Department,Tamil Nadu Water Supply and Drainage Board,0,32,15,450,465,17,435,2,,,,,,11,4624,,,,32,,25,25,25,,,,1,1,water supply drainage board,Tamil Nadu Water Supply and Drainage Board,Body/Corporation
2016,61,W,Municipal Administration and Water Supply Department,Municipal Administration and Water Supply Department Total,1,728,695,17249,17944,1837,15479,45,,,,52,,531,22496,,,,124,49,1839,1888,1851,10,27,,1,1,municipal administration water supply total,Municipal Administration and Water Supply Department Total,HOD
2016,61,W,Personnel and Administrative Reforms Department,"Personnel and Administrative Reforms Department, Secretariat",0,15,1,1850,1851,445,1374,3,,,,29,,,4848,,,,10,,92,92,74,18,,,1,1,personnel administrative reforms secretariat,"Personnel and Administrative Reforms Department, Secretariat",Secretariat
2016,61,W,Personnel and Administrative Reforms Department,Tamil Nadu Public Service Commission,0,31,100,1116,1216,27,989,41,,,,23,,136,1832,,,,6,22,231,253,193,27,33,,1,1,public service commission,Tamil Nadu Public Service Commission,Body/Corporation
2016,61,W,Personnel and Administrative Reforms Department,Vigilance and Anti Corruption,0,1,15,327,342,122,135,15,,,,64,,6,,,,,1,2,56,58,51,2,5,,1,1,vigilance anti corruption,Directorate of Vigilance and Anti Corruption,HOD
2016,61,W,Personnel and Administrative Reforms Department,"Commissioner for Disciplinary Proceedings, Chennai",0,1,,3,3,,3,,,,,,,,,,,,1,,,,,,,,1,1,commissioner for disciplinary proceedings,"Commissioner for Disciplinary Proceedings, Chennai",HOD
2016,61,W,Personnel and Administrative Reforms Department,"Commissioner for Disciplinary Proceedings, Tiruchirappalli",0,1,,2,2,,,2,,,,,,,,,,,1,,1,1,,1,,,1,,commissioner for disciplinary proceedings,"Commissioner for Disciplinary Proceedings, Chennai",HOD
2016,61,W,Personnel and Administrative Reforms Department,"Commissioner for Disciplinary Proceedings, Madurai",0,1,,,,,,,,,,,,,,,,,1,,,,,,,,,,commissioner for disciplinary proceedings,"Commissioner for Disciplinary Proceedings, Chennai",HOD
2016,62,W,Personnel and Administrative Reforms Department,"Commissioner for Disciplinary Proceedings, Coimbatore",0,1,,,,,,,,,,,,,,,,,1,,,,,,,,,,commissioner for disciplinary proceedings,"Commissioner for Disciplinary Proceedings, Chennai",HOD
2016,62,W,Personnel and Administrative Reforms Department,"Commissioner for Disciplinary Proceedings, Tirunelveli",0,1,,,,,,,,,,,,,,,,,1,,,,,,,,,,commissioner for disciplinary proceedings,"Commissioner for Disciplinary Proceedings, Chennai",HOD
2016,62,W,Personnel and Administrative Reforms Department,"Commissioner for Disciplinary Proceedings, Nagarcoil",0,1,,2,2,,2,,,,,,,,,,,,1,,,,,,,,1,1,commissioner for disciplinary proceedings,"Commissioner for Disciplinary Proceedings, Chennai",HOD
2016,62,W,Personnel and Administrative Reforms Department,Director General of Training,0,1,,,,,,,,,,,,,,,,,1,,,,,,,,,,director general training,Director General of Training,HOD
2016,62,W,Personnel and Administrative Reforms Department,A & B wing foundational course Training Institute,0,1,,,,,,,,,,,,,,,,,1,,,,,,,,,,a b wing foundational course training institute,A & B wing foundational course Training Institute,Body/Corporation
2016,62,W,Personnel and Administrative Reforms Department,All India Civil Services Coaching Centre,0,1,,6,6,,6,,,,,,,,,,,,1,,,,,,,,1,1,all india civil services coaching centre,All India Civil Services Coaching Centre,HOD
2016,62,W,Personnel and Administrative Reforms Department,Civil Service Training Institute,0,1,,28,28,,28,,,,,,,,,,,,1,,,,,,,,1,1,civil service training institute,Civil Service Training Institute,Body/Corporation
2016,62,W,Personnel and Administrative Reforms Department,Anna Institute of management,0,1,,8,8,3,5,,,,,,,,,,,,1,,,,,,,,1,1,anna institute management,Anna Institute of management,Body/Corporation
2016,62,W,Personnel and Administrative Reforms Department,Vigilance Commission,0,2,,45,45,27,17,,,,,1,,,,,,,1,,4,4,4,,,,1,1,vigilance commission,Vigilance Commission,Body/Corporation
2016,62,W,Personnel and Administrative Reforms Department,Personnel and Administrative Reforms Department Total,1,60,116,3387,3503,624,2559,61,,,,117,,142,6680,,,,29,24,384,408,322,48,38,,1,1,personnel administrative reforms total,Personnel and Administrative Reforms Department Total,HOD
2016,62,W,"Planning, Development and Special Initiatives Department","Planning, Development and Special Initiatives Department, Secretariat",0,1,,32,32,10,22,,,,,,,,,,,,1,,,,,,,,1,1,planning development special initiatives secretariat,"Planning, Development and Special Initiatives Department, Secretariat",Secretariat
2016,62,W,"Planning, Development and Special Initiatives Department",Evaluation and Applied Research,0,2,,2,2,,2,,,,,,,,,,,,1,,,,,,,,1,1,evaluation applied research,Directorate of Evaluation and Applied Research,HOD
2016,62,W,"Planning, Development and Special Initiatives Department",Economics and Statistics,0,43,1,64,65,9,49,1,,,,5,,1,64,,,,3,,8,8,6,2,,,1,1,economics statistics,Economics and Statistics,HOD
2016,62,W,"Planning, Development and Special Initiatives Department",State Planning Commission,0,1,,2,2,,1,,,,,,,1,,,,,1,,,,,,,,1,1,state planning commission,State Planning Commission,Body/Corporation
2016,62,W,"Planning, Development and Special Initiatives Department",Hill Area Development and Programme,0,1,,6,6,,6,,,,,,,,,,,,1,,,,,,,,1,1,special area development programme,Special Area Development and Programme,HOD
2016,62,W,"Planning, Development and Special Initiatives Department","Planning, Development and Special Initiatives Department Total",1,48,1,106,107,19,80,1,,,,5,,2,64,,,,7,,8,8,6,2,,,1,1,planning development special initiatives total,"Planning, Development and Special Initiatives Department Total",HOD
2016,62,W,Public Department,"Public Department, Secretariat",0,18,,3521,3521,2596,426,73,,1,2,423,,,594,,,,8,,74,74,70,4,,,1,1,public secretariat,"Public Department, Secretariat",Secretariat
2016,62,W,Public Department,Governor’s Secretariat,0,1,,202,202,72,98,,,,,32,,,662,,,,1,,8,8,1,7,,,1,1,governor s secretariat,Governor’s Secretariat,Secretariat
2016,63,W,Public Department,"Governor’s House Hold, Raj Bhavan",0,1,,10,10,5,5,,,,,,,,,,,,1,,1,1,1,,,,1,1,governor s house hold raj bhavan,"Governor’s House Hold Office, Raj Bhavan",HOD
2016,63,W,Public Department,State Human Rights Commission,0,1,,424,424,33,380,8,,2,,1,,,300,,,,1,,33,33,33,,,,1,1,state human rights commission,State Human Rights Commission,Body/Corporation
2016,63,W,Public Department,State Guest House,0,1,,1,1,,1,,,,,,,,,,,,1,,1,1,1,,,,1,1,state guest house,State Guest House,HOD
2016,63,W,Public Department,"Tamil Nadu House, New Delhi",0,1,,,,,,,,,,,,,,,,,1,,,,,,,,,,house new delhi,"Tamil Nadu House, New Delhi",HOD
2016,63,W,Public Department,"Tamizhagam Guest House, Udhagmandalam",0,1,,,,,,,,,,,,,,,,,1,,,,,,,,,,tamizhagam guest house udhagmandalam,"Tamizhagam Guest House, Udhagmandalam",HOD
2016,63,W,Public Department,Tamil Nadu Ex-Servicemen Corporation,0,1,,17,17,,17,,,,,,,,,,,,1,,3,3,3,,,,1,1,ex servicemen,Tamil Nadu Ex-Servicemen Corporation,Body/Corporation
2016,63,W,Public Department,Ex-servicemen’s Welfare,0,31,,115,115,5,92,1,,,,17,,,,,,,31,,12,12,12,,,,1,1,ex servicemen,Tamil Nadu Ex-Servicemen Corporation,HOD
2016,63,W,Public Department,Public Department Total,1,56,,4290,4290,2711,1019,82,,3,2,473,,,1556,,,,46,,132,132,121,11,,,1,1,public total,Public Department Total,HOD
2016,63,W,Public Works Department,"Public Works Department, Secretariat",0,9,4,352,356,220,105,3,,,,28,,,306,,,,4,,33,33,15,18,,,1,1,public works secretariat,"Public Works Department, Secretariat",Secretariat
2016,63,W,Public Works Department,Buildings,0,67,25,555,580,105,459,1,1,2,,,,12,1996,,,,67,2,41,43,41,,2,,1,1,buildings,Buildings,HOD
2016,63,W,Public Works Department,"Engineer- in-Chief, Water Resources",0,1,,345,345,178,160,,,,,,,7,380,,,,1,,44,44,42,1,1,,1,1,engineer in chief water resources,"Engineer- in-Chief, Water Resources",HOD
2016,63,W,Public Works Department,"Water Resources, Chennai Region",0,41,16,185,201,25,176,,,,,,,,100,,,,6,,10,10,10,,,,1,1,water resources region,"Water Resources Department, Chennai Region",HOD
2016,63,W,Public Works Department,"Water Resources, Trichy Region",0,18,,331,331,,328,,,,1,,,2,,,,,18,,27,27,19,,8,,1,1,water resources region,"Water Resources Department, Chennai Region",HOD
2016,63,W,Public Works Department,"Water Resources, Madurai Region",0,42,,1124,1124,39,1084,1,,,,,,,236,,,,28,,5,5,5,,,,1,1,water resources madurai region,"Water Resources Department, Madurai Region",HOD
2016,63,W,Public Works Department,"Water Resources, Coimbatore Region",0,14,5,726,731,9,719,,,,,3,,,1172,,,,4,,35,35,25,,10,,1,1,water resources coimbatore region,"Water Resources Department, Coimbatore Region",HOD
2016,63,W,Public Works Department,Design Research and Construction Support,0,3,,6,6,4,2,,,,,,,,,,,,3,,,,,,,,1,1,design research construction support,Design Research and Construction Support Department,HOD
2016,63,W,Public Works Department,Plan Formulation,0,20,1,53,54,10,36,,,,,8,,,,,,,5,,2,2,2,,,,1,1,plan formulation,Plan Formulation Department,HOD
2016,63,W,Public Works Department,Operation and Maintenance,0,5,,8,8,1,6,,,,,,,1,,,,,5,,,,,,,,1,1,operation maintenance,Operation and Maintenance,HOD
2016,63,W,Public Works Department,State Ground Water and Surface Water Resources Data Centre,0,14,,95,95,6,89,,,,,,,,466,,,,5,,5,5,5,,,,1,1,data centre,State Ground Water and Surface Water Resources Data Centre,HOD
2016,63,W,Public Works Department,Institute for Water Studies,0,1,,2,2,1,,,,,,,,1,,,,,1,,,,,,,,1,,institute for water studies,Institute for Water Studies,Body/Corporation
2016,63,W,Public Works Department,Irrigation Management Training Institute,0,1,,7,7,,7,,,,,,,,,,,,1,,1,1,1,,,,1,1,irrigation management training institute,Irrigation Management Training Institute,Body/Corporation
2016,64,W,Public Works Department,Cauvery Technical Cell,0,1,,5,5,,5,,,,,,,,,,,,1,,,,,,,,1,1,cauvery technical cell,Cauvery Technical Cell,HOD
2016,64,W,Public Works Department,Director of Boilers,0,10,,13,13,,13,,,,,,,,,,,,1,,,,,,,,1,1,director boilers,Director of Boilers,HOD
2016,64,W,Public Works Department,Public Works Department Total,1,247,51,3807,3858,598,3189,5,1,2,1,39,,23,4656,,,,150,2,203,205,165,19,21,,1,1,public works total,Public Works Department Total,HOD
2016,64,W,Revenue and Disaster Management Department,"Revenue and Disaster Management Department, Secretariat",0,14,,1286,1286,851,388,47,,,,,,,1330,,,,1,,125,125,125,,,,1,1,revenue disaster management secretariat,"Revenue and Disaster Management Department, Secretariat",Secretariat
2016,64,W,Revenue and Disaster Management Department,Land Administration,0,7,8,668,676,481,184,,,,,,,11,478,,,,3,,23,23,23,,,,1,1,land administration,Commissionerate of Land Administration,HOD
2016,64,W,Revenue and Disaster Management Department,Survey and Settlement,0,108,208,7227,7435,3474,3744,35,,,,,,182,45890,,,,253,19,82,101,77,8,16,,1,1,survey settlement,Survey and Settlement,HOD
2016,64,W,Revenue and Disaster Management Department,Urban Land Ceiling and Urban Land Tax,0,8,,268,268,3,265,,,,,,,,364,,,,1,,5,5,5,,,,1,1,urban land ceiling urban land tax,Commissionerate of Urban Land Ceiling and Urban Land Tax,HOD
2016,64,W,Revenue and Disaster Management Department,Revenue Administration Disaster Management and Mitigation,0,609,4819,129094,133913,26557,66544,391,69,437,92,2383,,37440,103398,,,,411,456,8036,8492,7564,570,358,,1,1,revenue administration disaster management mitigation,Revenue Administration Disaster Management and Mitigation,HOD
2016,64,W,Revenue and Disaster Management Department,Land Reforms,0,2,,135,135,5,130,,,,,,,,,,,,1,,,,,,,,1,1,land reforms,Commissionerate of Land Reforms,HOD
2016,64,W,Revenue and Disaster Management Department,Revenue and Disaster Management Department Total,1,748,5035,138678,143713,31371,71255,473,69,437,92,2383,,37633,564472,,,,470,475,8271,8746,7794,578,374,,1,1,revenue disaster management total,Revenue and Disaster Management Department Total,HOD
2016,64,W,Rural Development and Panchayat Raj Department,"Rural Development and Panchayat Raj Department, Secretariat",0,9,,423,423,324,90,,,,,9,,,436,,,,5,,21,21,21,,,,1,1,rural development panchayat raj secretariat,"Rural Development and Panchayat Raj Department, Secretariat",Secretariat
2016,64,W,Rural Development and Panchayat Raj Department,Directorate of Rural Development & Panchayat Raj,0,2731,901,16181,17082,2312,12837,8,,,,88,,1837,,,,,995,242,1506,1748,1372,25,351,,1,1,rural development panchayat raj secretariat,"Rural Development and Panchayat Raj Department, Secretariat",HOD
2016,64,W,Rural Development and Panchayat Raj Department,Tamil Nadu Corporation for Development of Women,0,33,,106,106,4,101,1,,,,,,,30,,,,33,,8,8,8,,,,1,1,for development women,Tamil Nadu Corporation for Development of Women,Body/Corporation
2016,64,W,Rural Development and Panchayat Raj Department,Pudhu Vaazhvu Project,0,27,,108,108,1,107,,,,,,,,,,,,5,,5,5,5,,,,1,1,pudhu vaazhvu project,Pudhu Vaazhvu Project,HOD
2016,64,W,Rural Development and Panchayat Raj Department,IFAD assisted PTSLP,0,1,,,,,,,,,,,,,,,,,1,,,,,,,,,,ifad assisted ptslp,IFAD assisted PTSLP,HOD
2016,64,W,Rural Development and Panchayat Raj Department,Tamil Nadu State Election Commission,0,1,,510,510,380,130,,,,,,,,5001,,,,1,,8,8,8,,,,1,1,state election commission,Tamil Nadu State Election Commission,Body/Corporation
2016,64,W,Rural Development and Panchayat Raj Department,Rural Development and Panchayat Raj Department Total,1,2802,901,17328,18229,3021,13265,9,,,,97,,1837,5467,,,,1040,242,1548,1790,1414,25,351,,1,1,rural development panchayat raj total,Rural Development and Panchayat Raj Department Total,HOD
2016,65,W,School Education Department,"School Education Department, Secretariat",0,6,,1293,1293,941,268,1,,,,83,,,,,,,4,,77,77,52,25,,,1,1,school education,Directorate of School Education,Secretariat
2016,65,W,School Education Department,Directorate of School Education,0,33,165,12232,12397,4902,7020,127,40,,,209,,99,,,,,33,15,655,670,638,4,28,,1,1,school education,Directorate of School Education,HOD
2016,65,W,School Education Department,Elementary Education,0,455,,9903,9903,723,9180,,,,,,,,,,,,2,,41,41,41,,,,1,1,elementary education,Directorate of Elementary Education,HOD
2016,65,W,School Education Department,Matriculation Schools,0,16,3,373,376,235,137,,,,,4,,,,,,,1,,35,35,35,,,,1,1,matriculation schools,Matriculation Schools,HOD
2016,65,W,School Education Department,Nonformal & Adult Education,0,1,,25,25,4,21,,,,,,,,,,,,1,,,,,,,,1,1,nonformal adult education,Nonformal & Adult Education,HOD
2016,65,W,School Education Department,State Council of Education Research and Training,0,2,,102,102,3,85,,,,,13,,1,,,,,1,,5,5,5,,,,1,1,state council education research training,Directorate of State Council of Education Research and Training,HOD
2016,65,W,School Education Department,Government Examinations,0,9,,909,909,58,851,,,,,,,,1580,,,,1,,35,35,35,,,,1,1,examinations,Directorate of Government Examinations,HOD
2016,65,W,School Education Department,Public Libraries,0,35,,897,897,,897,,,,,,,,206,,,,35,,58,58,58,,,,1,1,public libraries,Directorate of Public Libraries,HOD
2016,65,W,School Education Department,Tamil Nadu Text Book and Educational Services Corporation,0,1,,22,22,,22,,,,,,,,,,,,1,,,,,,,,1,1,text book educational services,Tamil Nadu Text Book and Educational Services Corporation,Body/Corporation
2016,65,W,School Education Department,Teachers Recruitment Board,0,2,,913,913,29,884,,,,,,,,,,,,1,,22,22,22,,,,1,1,teachers recruitment board,Teachers Recruitment Board,Body/Corporation
2016,65,W,School Education Department,Sarva Shiksha Abhiyan,0,32,19,518,537,8,526,1,,,,2,,,600,,,,34,3,37,40,35,1,4,,1,1,sarva shiksha abhiyan,Sarva Shiksha Abhiyan,HOD
2016,65,W,School Education Department,Rashtriya Madhyamik Shiksha Abhiyan,0,1,,32,32,,32,,,,,,,,,,,,1,,,,,,,,1,1,rashtriya madhyamik shiksha abhiyan,Rashtriya Madhyamik Shiksha Abhiyan,HOD
2016,65,W,School Education Department,School Education Department Total,1,554,22,13694,13716,1060,12635,1,,,,19,,1,2386,,,,78,3,233,236,231,1,4,,1,1,school education total,School Education Department Total,HOD
2016,65,W,Social Reforms Department,"Social Reforms Department, Secretariat",0,1,,,,,,,,,,,,,,,,,1,,,,,,,,,,social reforms secretariat,"Social Reforms Department, Secretariat",Secretariat
2016,65,W,Social Reforms Department,Social Reforms Department Total,1,1,,,,,,,,,,,,,,,,,1,,,,,,,,,,social reforms total,Social Reforms Department Total,HOD
2016,65,W,Social Welfare and Nutritious Meal Programme Department,"Social Welfare and Nutritious Meal Programme Department, Secretariat",0,9,,221,221,173,42,1,,,,5,,,,,,,2,,3,3,3,,,,1,1,social welfare,Tamil Nadu Social Welfare Board,Secretariat
2016,65,W,Social Welfare and Nutritious Meal Programme Department,Social Welfare Directorate,0,467,,363,363,18,338,,,,,7,,,,,,,467,,41,41,41,,,,1,1,social welfare,Tamil Nadu Social Welfare Board,HOD
2016,65,W,Social Welfare and Nutritious Meal Programme Department,Social Defence,0,17,,50,50,,50,,,,,,,,152,,,,1,,,,,,,,1,1,social defence,Commissionerate of Social Defence,HOD
2016,65,W,Social Welfare and Nutritious Meal Programme Department,Integrated Child Development Services Scheme,0,467,,48,48,6,42,,,,,,,,,,,,467,,3,3,3,,,,1,1,integrated child development services,Directorate of Integrated Child Development Services,HOD
2016,66,W,Social Welfare and Nutritious Meal Programme Department,Tamil Nadu Social Welfare Board,0,1,,,,,,,,,,,,,,,,,1,,,,,,,,,,social welfare,Tamil Nadu Social Welfare Board,Body/Corporation
2016,66,W,Social Welfare and Nutritious Meal Programme Department,Social Welfare and Nutritious Meal Programme Department Total,1,961,,682,682,197,472,1,,,,12,,,152,,,,940,,47,47,47,,,,1,1,social welfare nutritious meal programme total,Social Welfare and Nutritious Meal Programme Department Total,HOD
2016,66,W,Special Programme Implementation Department,"Special Programme Implementation Department, Secretariat",0,1,,18,18,6,12,,,,,,,,,,,,2,,2,2,2,,,,1,1,special programme implementation secretariat,"Special Programme Implementation Department, Secretariat",Secretariat
2016,66,W,Special Programme Implementation Department,Special Programme Implementation Department Total,1,1,,18,18,6,12,,,,,,,,,,,,2,,2,2,2,,,,1,1,special programme implementation total,Special Programme Implementation Department Total,HOD
2016,66,W,Tamil Development and Information Department,"Tamil Development and Information Department, Secretariat",0,4,,63,63,39,18,,,,,6,,,74,,,,3,,2,2,2,,,,1,1,development information secretariat,"Tamil Development and Information Department, Secretariat",Secretariat
2016,66,W,Tamil Development and Information Department,Directorate of Tamil Development,0,32,,41,41,,41,,,,,,,,360,,,,1,,,,,,,,1,1,backward classes economic development,Tamil Nadu Backward Classes Economic Development Corporation,HOD
2016,66,W,Tamil Development and Information Department,Information and Public Relations,0,1,5,108,113,16,74,11,7,,,,,5,,,,,1,,9,9,9,,,,1,1,information public relations,Directorate of Information and Public Relations,HOD
2016,66,W,Tamil Development and Information Department,Tamil Etymological Dictionary Project,0,1,,,,,,,,,,,,,,,,,1,,,,,,,,,,etymological dictionary project,Directorate of Tamil Etymological Dictionary Project,HOD
2016,66,W,Tamil Development and Information Department,Stationery and Printing,0,10,8,228,236,26,191,3,,9,,5,,2,465,,,,10,,17,17,16,1,,,1,1,stationery printing,Directorate of Stationery and Printing,HOD
2016,66,W,Tamil Development and Information Department,Tamil Development and Information Department Total,1,48,13,440,453,81,324,14,7,9,,11,,7,899,,,,16,,28,28,27,1,,,1,1,development information total,Tamil Development and Information Department Total,HOD
2016,66,W,"Tourism, Culture and Religious Endowments Department","Tourism, Culture and Religious Endowments Department, Secretariat.",0,6,,139,139,84,50,3,,,,2,,,160,,,,3,,7,7,5,2,,,1,1,tourism culture religious endowments secretariat,"Tourism, Culture and Religious Endowments Department, Secretariat.",Secretariat
2016,66,W,"Tourism, Culture and Religious Endowments Department",Museum,0,1,4,2,6,,6,,,,,,,,,,,,1,4,,4,4,,,,1,1,museum,Directorate of Museum,HOD
2016,66,W,"Tourism, Culture and Religious Endowments Department",Archaeology,0,19,,27,27,1,26,,,,,,,,,,,,5,,1,1,1,,,,1,1,archaeology,Commissionerate of Archaeology,HOD
2016,66,W,"Tourism, Culture and Religious Endowments Department",Art and Culture,0,16,,75,75,3,71,,,,,1,,,,,,,1,4,12,16,16,,,,1,1,art culture,Commissionerate of Art and Culture,HOD
2016,66,W,"Tourism, Culture and Religious Endowments Department",Hindu Religious and Charitable Endowments,0,145,101,6226,6327,1448,4638,32,,,,,,209,17876,,,,23,16,496,512,488,2,22,,1,1,hindu religious charitable endowments,Commissionerate of Hindu Religious and Charitable Endowments,HOD
2016,66,W,"Tourism, Culture and Religious Endowments Department",Tourism Department,0,1,,25,25,,25,,,,,,,,,,,,3,,3,3,3,,,,1,1,tourism,Commissionerate of Tourism,HOD
2016,67,W,"Tourism, Culture and Religious Endowments Department",Tamil Nadu Tourism Development Corporation,0,1,4,48,52,,52,,,,,,,,,,,,1,,,,,,,,1,1,tourism development,Tamil Nadu Tourism Development Corporation,Body/Corporation
2016,67,W,"Tourism, Culture and Religious Endowments Department","Tourism, Culture and Religious Endowments Department Total",1,189,109,6542,6651,1536,4868,35,,,,3,,209,18036,,,,37,24,519,543,517,4,22,,1,1,tourism culture religious endowments total,"Tourism, Culture and Religious Endowments Department Total",HOD
2016,67,W,Transport Department,"Transport Department, Secretariat",0,4,,423,423,265,147,3,1,,,,,7,,,,,2,,46,46,46,,,,1,1,transport secretariat,"Transport Department, Secretariat",Secretariat
2016,67,W,Transport Department,"Metropolitan Transport Corporation (Chennai) Ltd.,",0,1,,518,518,2,248,123,23,,,88,,34,1404,,,,1,,78,78,67,,11,,1,1,metropolitan transport,"Metropolitan Transport Corporation (Chennai) Ltd.,",Body/Corporation
2016,67,W,Transport Department,"State Express Transport Corporation, Chennai",0,1,5,625,630,19,563,12,,6,,20,,10,3163,,,,1,2,74,76,73,,3,,1,1,state express transport,"State Express Transport Corporation, Chennai",Body/Corporation
2016,67,W,Transport Department,"Tamil Nadu State Transport Corporation (Villupuram) Ltd.,",0,1,63,836,899,4,757,63,,5,,4,,66,18209,,,,1,4,130,134,120,6,8,,1,1,state transport villupuram,"Tamil Nadu State Transport Corporation (Villupuram) Ltd.,",Body/Corporation
2016,67,W,Transport Department,"Tamil Nadu State Transport Corporation (Kumbakonam), Ltd.,",0,1,,1133,1133,6,990,10,,,,,,127,11781,,,,1,,126,126,91,18,17,,1,1,state transport kumbakonam,"Tamil Nadu State Transport Corporation (Kumbakonam) Ltd.,",Body/Corporation
2016,67,W,Transport Department,"Tamil Nadu State Transport ( Salem) Ltd.,",0,1,52,970,1022,,964,,,,,,,58,22112,,,,1,,26,26,26,,,,1,1,state transport salem,"Tamil Nadu State Transport Corporation (Salem), Ltd.,",Body/Corporation
2016,67,W,Transport Department,"Tamil Nadu State Transport Corporation (Coimbatore) Ltd.,",0,1,122,1217,1339,4,1222,7,3,9,,,,94,10912,,,,1,27,205,232,213,,19,,1,1,state transport coimbatore,"Tamil Nadu State Transport Corporation (Coimbatore) Ltd.,",Body/Corporation
2016,67,W,Transport Department,"Tamil Nadu State Transport Corporation (Madurai) Ltd.,",0,1,12,943,955,8,859,43,,,,,,45,29003,,,,1,23,23,46,17,,29,,1,1,state transport madurai,"Tamil Nadu State Transport Corporation (Madurai) Ltd.,",Body/Corporation
2016,67,W,Transport Department,"Tamil Nadu State Transport Corporation (Tirunelveli) Ltd.,",0,1,49,879,928,4,897,5,,,,7,,15,,,,,1,3,105,108,106,,2,,1,1,state transport tirunelveli,"Tamil Nadu State Transport Corporation (Tirunelveli) Ltd.,",Body/Corporation
2016,67,W,Transport Department,"Motor Vehicles & Maintenance Department, Chennai",0,21,,39,39,,39,,,,,,,,,,,,1,,6,6,5,1,,,1,1,motor vehicles maintenance,"Motor Vehicles & Maintenance Department, Chennai",HOD
2016,67,W,Transport Department,"Institute of Road Transport, Chennai",0,1,,24,24,,24,,,,,,,,,,,,1,,2,2,2,,,,1,1,institute road transport,"Institute of Road Transport, Chennai",Body/Corporation
2016,67,W,Transport Department,"Transport Development Finance Corporation Ltd.,",0,1,,11,11,,11,,,,,,,,,,,,1,,,,,,,,1,1,transport development finance,"Transport Development Finance Corporation Ltd.,",Body/Corporation
2016,67,W,Transport Department,"Pallavan Transport Consultancy Services, Chennai",0,2,,1,1,,1,,,,,,,,,,,,1,,,,,,,,1,1,pallavan transport consultancy services,"Pallavan Transport Consultancy Services, Chennai",HOD
2016,67,W,Transport Department,Transport Department Total,1,37,303,7619,7922,312,6722,266,27,20,,119,,456,96584,,,,14,59,821,880,766,25,89,,1,1,transport total,Transport Department Total,HOD
2016,68,W,Welfare of Differently Abled Persons Department,"Welfare of Differently Abled Persons Department, Secretariat",0,2,,64,64,42,21,,,,,1,,,,,,,1,,4,4,4,,,,1,1,welfare differently abled persons secretariat,"Welfare of Differently Abled Persons Department, Secretariat",Secretariat
2016,68,W,Welfare of Differently Abled Persons Department,Commissionerate for the Welfare of Differently Abled,0,37,,443,443,16,425,2,,,,,,,,,,,2,,,,,,,,1,1,for welfare differently abled,Commissionerate for the Welfare of Differently Abled,HOD
2016,68,W,Welfare of Differently Abled Persons Department,Welfare of Differently Abled Persons Department Total,1,39,,507,507,58,446,2,,,,1,,,,,,,3,,4,4,4,,,,1,1,welfare differently abled persons total,Welfare of Differently Abled Persons Department Total,HOD
2016,68,W,Youth Welfare and Sports Development Department,"Youth Welfare and Sports Development, Secretariat",0,1,,13,13,9,4,,,,,,,,34,,,,1,,,,,,,,1,1,youth welfare sports development secretariat,"Youth Welfare and Sports Development, Secretariat",Secretariat
2016,68,W,Youth Welfare and Sports Development Department,Sports Development Authority of Tamil Nadu,0,34,,85,85,,85,,,,,,,,628,,,,1,,,,,,,,1,1,sports development authority,Sports Development Authority of Tamil Nadu,Body/Corporation
2016,68,W,Youth Welfare and Sports Development Department,National Cadet Corps,0,58,,6,6,,5,,,,,1,,,,,,,1,,,,,,,,1,1,national cadet corps,National Cadet Corps,HOD
2016,68,W,Youth Welfare and Sports Development Department,National Service Scheme,0,1,,,,,,,,,,,,,,,,,1,,1,1,1,,,,,,national service scheme,National Service Scheme,HOD
2016,68,W,Youth Welfare and Sports Development Department,Tamil Nadu Physical Education and Sports University,0,1,,21,21,,16,,,,,,,5,,,,,1,,,,,,,,1,1,physical education sports university,Tamil Nadu Physical Education and Sports University,Body/Corporation
2016,68,W,Youth Welfare and Sports Development Department,Youth Welfare and Sports Development Department Total,1,95,,125,125,9,110,,,,,1,,5,662,,,,5,,1,1,1,,,,1,1,youth welfare sports development total,Youth Welfare and Sports Development Department Total,HOD
2016,68,W,Legislative Assembly Secretariat,Legislative Assembly Secretariat.,0,15,1,179,180,20,141,10,,,,8,,1,1034,,,,3,,26,26,17,9,,,1,1,legislative assembly secretariat,Legislative Assembly Secretariat.,Secretariat
2016,68,W,Legislative Assembly Secretariat,Legislative Assembly Secretariat Total,1,15,1,179,180,20,141,10,,,,8,,1,1034,,,,3,,26,26,17,9,,,1,1,legislative assembly secretariat total,Legislative Assembly Secretariat Total,Secretariat
2016,68,W,Tamil Nadu Information Commission,Tamil Nadu Information Commission,0,1,103,1096,1199,,723,,,,,,,476,,,,,1,76,63,139,27,112,,,1,1,information commission,Tamil Nadu Information Commission,Body/Corporation
2016,68,W,Tamil Nadu Information Commission,Tamil Nadu Information Commission Total,1,1,103,1096,1199,,723,,,,,,,476,,,,,1,76,63,139,27,112,,,1,1,information commission total,Tamil Nadu Information Commission Total,Body/Corporation
2016,68,W,Grand,Grand Total,1,16330,12627,362657,375284,59459,257337,3575,304,875,887,6006,,46841,1566624,,,,5336,3150,24871,28021,23942,2179,1900,,1,1,grand total,Grand Total,HOD
2017,72,W,Adi Dravidar and Tribal Welfare Department,"Adi Dravidar and Tribal Welfare Department, Secretariat.",0,8,,359,359,67,282,,,,,10,,,848,,,,3,,24,24,15,9,,,1,1,adi dravidar tribal welfare secretariat,Directorate of Tribal Welfare,Secretariat
2017,72,W,Adi Dravidar and Tribal Welfare Department,Directorate of Adi Dravidar Welfare,0,1,,363,363,,363,,,,,,,,,,,,1,,,,,,,,1,1,adi dravidar welfare,Directorate of Adi Dravidar Welfare,HOD
2017,72,W,Adi Dravidar and Tribal Welfare Department,Directorate of Tribal Welfare,0,1,,34,34,,34,,,,,,,,,,,,1,,,,,,,,1,1,adi dravidar tribal welfare secretariat,Directorate of Tribal Welfare,HOD
2017,72,W,Adi Dravidar and Tribal Welfare Department,Tamil Nadu Adi Dravidar Housing and Development Corporation (TAHDCO),0,43,2,57,59,7,46,,,,,6,,,,,,,43,,2,2,2,,,,1,1,adi dravidar housing development tahdco,Tamil Nadu Adi Dravidar Housing and Development Corporation (TAHDCO),Body/Corporation
2017,72,W,Adi Dravidar and Tribal Welfare Department,Adi Dravidar and Tribal Welfare Department Total,1,53,2,813,815,74,725,,,,,16,,,848,,,,48,,26,26,17,9,,,1,1,adi dravidar tribal welfare total,Adi Dravidar and Tribal Welfare Department Total,HOD
2017,72,W,Agriculture Department,"Agriculture Department, Secretariat",0,11,,153,153,119,31,1,1,,,1,,,,,,,6,,6,6,5,1,,,1,1,agriculture secretariat,"Agriculture Department, Secretariat",Secretariat
2017,72,W,Agriculture Department,Director of Agriculture,0,68,97,1090,1187,124,932,16,,,,51,,64,3377,,,,31,19,187,206,161,9,36,,1,1,director agriculture,Director of Agriculture,HOD
2017,72,W,Agriculture Department,Director of Horticulture and Plantation Crops,0,114,5,272,277,23,240,,,,,8,,6,3841,,,,34,,20,20,19,1,,,1,1,horticulture plantation crops,Directorate of Horticulture and Plantation Crops,HOD
2017,72,W,Agriculture Department,Agricultural Marketing and Agri Business,0,9,,45,45,,34,5,,,,,,6,,,,,4,,3,3,3,,,,1,1,agricultural marketing agri business,Agricultural Marketing and Agri Business,HOD
2017,72,W,Agriculture Department,Seed Certification and Organic Certification,0,1,1,18,19,,18,,,,,,,1,,,,,1,,1,1,1,,,,1,1,seed certification organic certification,Directorate of Seed Certification and Organic Certification,HOD
2017,72,W,Agriculture Department,Agricultural Engineering,0,157,4,214,218,26,168,6,,,,13,,5,726,,,,152,,6,6,4,2,,,1,1,agricultural engineering,Agricultural Engineering,HOD
2017,72,W,Agriculture Department,Tamil Nadu Agriculture University,0,2,1,110,111,1,78,9,3,5,,8,,7,440,,,,1,,8,8,8,,,,1,1,agricultural university,Tamil Nadu Agricultural University,Body/Corporation
2017,72,W,Agriculture Department,Tamil Nadu Watershed Development Agency,0,1,,6,6,,6,,,,,,,,,,,,1,,,,,,,,1,1,watershed development agency,Tamil Nadu Watershed Development Agency,Body/Corporation
2017,72,W,Agriculture Department,Agriculture Department Total,1,363,108,1908,2016,293,1507,37,4,5,,81,,89,8384,,,,230,19,231,250,201,13,36,,1,1,agriculture total,Agriculture Department Total,HOD
2017,73,W,"Animal Husbandry, Dairying & Fisheries Department","Animal Husbandry, Dairying & Fisheries Department, Secretariat.",0,6,,95,95,77,17,1,,,,,,,372,,,,1,,,,,,,,1,1,animal husbandry dairying fisheries secretariat,"Animal Husbandry, Dairying & Fisheries Department, Secretariat.",Secretariat
2017,73,W,"Animal Husbandry, Dairying & Fisheries Department",Animal Husbandry and Veterinary Services,0,32,7,426,433,16,404,,,,,13,,,,,,,16,1,36,37,37,,,,1,1,director animal husbandry veterinary services,Director of Animal Husbandry and Veterinary Services,HOD
2017,73,W,"Animal Husbandry, Dairying & Fisheries Department",Fisheries,0,26,4,217,221,,73,,,,,,,148,,,,,7,,6,6,2,4,,,1,1,fisheries development,Tamil Nadu Fisheries Development Corporation,HOD
2017,73,W,"Animal Husbandry, Dairying & Fisheries Department",Milk Production and Dairy Development,0,30,,243,243,51,185,1,,,,6,,,4288,,,,30,,16,16,16,,,,1,1,milk production dairy development,Directorate of Milk Production and Dairy Development,HOD
2017,73,W,"Animal Husbandry, Dairying & Fisheries Department",Tamil Nadu Veterinary and Animal Sciences University,0,1,4,99,103,2,97,,,,,,,4,,,,,1,,2,2,2,,,,1,1,veterinary animal sciences university,Tamil Nadu Veterinary and Animal Sciences University,Body/Corporation
2017,73,W,"Animal Husbandry, Dairying & Fisheries Department",Tamil Nadu Fisheries University,0,1,,10,10,,5,1,,1,,1,,2,,,,,1,,1,1,1,,,,1,1,dr j jayalalitha fisheries university,Tamil Nadu Dr.J.Jayalalitha Fisheries University,Body/Corporation
2017,73,W,"Animal Husbandry, Dairying & Fisheries Department",Audit for Milk Co-operatives,0,6,,7,7,,7,,,,,,,,,,,,1,,1,1,1,,,,1,1,audit for milk co operatives,Directorate of Audit for Milk Cooperative,HOD
2017,73,W,"Animal Husbandry, Dairying & Fisheries Department",Tamil Nadu Fisheries Development Corporation,0,1,1,33,34,4,25,1,,1,,,,3,,,,,1,,2,2,2,,,,1,1,fisheries development,Tamil Nadu Fisheries Development Corporation,Body/Corporation
2017,73,W,"Animal Husbandry, Dairying & Fisheries Department",Tamil Nadu State Apex Fisheries Co-operative Federation,0,1,,1,1,,1,,,,,,,,,,,,1,,,,,,,,1,1,state apex fisheries co operative federation,Tamil Nadu State Apex Fisheries Co-operative Federation,HOD
2017,73,W,"Animal Husbandry, Dairying & Fisheries Department",Tamil Nadu Co-operative Milk Producers Federation,0,1,6,106,112,,34,69,,,,2,,7,,,,,1,1,12,13,12,,1,,1,1,co operative milk producers federation,Tamil Nadu Co-operative Milk Producers Federation,HOD
2017,73,W,"Animal Husbandry, Dairying & Fisheries Department","Animal Husbandry, Dairying & Fisheries Department Total",1,105,22,1237,1259,184,883,4,,2,,22,,164,4660,,,,60,2,76,78,73,4,1,,1,1,animal husbandry dairying fisheries total,"Animal Husbandry, Dairying & Fisheries Department Total",HOD
2017,74,W,"Backward Classes, Most Backward Classes and Minorities Welfare Department","Backward Classes, Most Backward Classes and Minorities Welfare Department, Secretariat.",0,5,,178,178,53,109,,,,,16,,,456,,,,3,,9,9,3,6,,,1,1,backward classes most backward classes minorities welfare secretariat,Directorate of Minorities Welfare,Secretariat
2017,74,W,"Backward Classes, Most Backward Classes and Minorities Welfare Department",Backward Classes Welfare,0,39,13,457,470,33,409,1,,,,23,,4,,,,,33,,8,8,5,3,,,1,1,backward classes welfare,Directorate of Backward Classes Welfare,HOD
2017,74,W,"Backward Classes, Most Backward Classes and Minorities Welfare Department",Most Backward Classes & Denotified Communities Welfare,0,2,,80,80,2,78,,,,,,,,,,,,2,,,,,,,,1,1,most backward classes denotified communities welfare,Most Backward Classes & Denotified Communities Welfare,HOD
2017,74,W,"Backward Classes, Most Backward Classes and Minorities Welfare Department",Directorate of Minorities Welfare,0,1,,24,24,3,19,,,,,2,,,,,,,1,,1,1,1,,,,1,1,backward classes most backward classes minorities welfare secretariat,Directorate of Minorities Welfare,HOD
2017,74,W,"Backward Classes, Most Backward Classes and Minorities Welfare Department",Tamil Nadu Backward Classes Commission,0,1,,22,22,5,16,,,,,1,,,363,,,,1,,3,3,,3,,,1,1,backward classes commission,Tamil Nadu Backward Classes Commission,Body/Corporation
2017,74,W,"Backward Classes, Most Backward Classes and Minorities Welfare Department",State Minorities Commission,0,1,,4,4,,4,,,,,,,,,,,,1,,1,1,1,,,,1,1,state minorities commission,State Minorities Commission,Body/Corporation
2017,74,W,"Backward Classes, Most Backward Classes and Minorities Welfare Department",Tamil Nadu Backward Classes Economic Development Corporation,0,1,,12,12,,12,,,,,,,,,,,,1,,,,,,,,1,1,backward classes economic development,Tamil Nadu Backward Classes Economic Development Corporation,Body/Corporation
2017,74,W,"Backward Classes, Most Backward Classes and Minorities Welfare Department",Tamil Nadu Minorities Economic Development Corporation,0,1,,4,4,1,3,,,,,,,,62,,,,1,,,,,,,,1,1,minorities economic development,Tamil Nadu Minorities Economic Development Corporation,Body/Corporation
2017,74,W,"Backward Classes, Most Backward Classes and Minorities Welfare Department",Tamil Nadu Wakf Board,0,1,10,1292,1302,136,915,,,,,232,,19,2160,,,,1,2,231,233,201,30,2,,1,1,wakf board,Tamil Nadu Wakf Board,Body/Corporation
2017,74,W,"Backward Classes, Most Backward Classes and Minorities Welfare Department",Tamil Nadu State Hajj Committee,0,1,,6,6,,6,,,,,,,,,,,,1,,,,,,,,1,1,state hajj committee,Tamil Nadu State Hajj Committee,HOD
2017,74,W,"Backward Classes, Most Backward Classes and Minorities Welfare Department","Backward Classes, Most Backward Classes and Minorities Welfare Department Total",1,53,23,2079,2102,233,1571,1,,,,274,,23,3041,,,,45,2,253,255,211,42,2,,1,1,backward classes most backward classes minorities welfare total,"Backward Classes, Most Backward Classes and Minorities Welfare Department Total",HOD
2017,75,W,Commercial Taxes and Registration Department,"Commercial Taxes and Registration Department, Secretariat.",0,4,,289,289,171,107,2,,,,7,,2,568,,,,3,,10,10,7,3,,,1,1,commercial taxes,Commissionerate of Commercial Taxes,Secretariat
2017,75,W,Commercial Taxes and Registration Department,Commissionerate of Commercial Taxes,0,506,31,1147,1178,154,838,51,2,1,1,108,,23,1939,,,,74,5,140,145,107,25,13,,1,1,commercial taxes,Commissionerate of Commercial Taxes,HOD
2017,75,W,Commercial Taxes and Registration Department,Registration,0,672,56,16391,16447,1009,15333,45,,,,28,,32,56413,,,,84,10,744,754,739,7,8,,1,1,registration,Registration,HOD
2017,75,W,Commercial Taxes and Registration Department,Tamil Nadu Sales Tax Appellate Tribunal,0,22,,4,4,,4,,,,,,,,,,,,1,,,,,,,,1,1,sales tax appellate tribunal,Tamil Nadu Sales Tax Appellate Tribunal,Body/Corporation
2017,75,W,Commercial Taxes and Registration Department,Commercial Taxes and Registration Department Total,1,1204,87,17831,17918,1334,16282,98,2,1,1,143,,57,58920,,,,162,15,894,909,853,35,21,,1,1,commercial taxes registration total,Commercial Taxes and Registration Department Total,HOD
2017,75,W,"Co-operation, Food and Consumer Protection Department","Co-operation, Food and Consumer Protection Department, Secretariat",0,8,,238,238,196,37,1,,,,4,,,,,,,4,,12,12,9,3,,,1,1,co operation food consumer protection secretariat,"Co-operation, Food and Consumer Protection Department, Secretariat",Secretariat
2017,75,W,"Co-operation, Food and Consumer Protection Department",Registrar of Co-operative Societies,0,3934,176,3976,4152,1072,2938,39,1,5,,45,,52,,,,,366,66,431,497,438,15,44,,1,1,registrar co operative societies,Registrar of Co-operative Societies,HOD
2017,75,W,"Co-operation, Food and Consumer Protection Department",Commissioner of Civil Supplies and Consumer Protection,0,20,,643,643,237,368,38,,,,,,,5068,,,,20,,61,61,55,6,,,1,1,commissioner civil supplies consumer protection,Commissioner of Civil Supplies and Consumer Protection,HOD
2017,75,W,"Co-operation, Food and Consumer Protection Department",Tamil Nadu Civil Supplies Corporation,0,49,27,638,665,2,656,3,1,,,3,,,1798,,,,34,2,28,30,28,2,,,1,1,commissioner civil supplies consumer protection,Commissioner of Civil Supplies and Consumer Protection,Body/Corporation
2017,75,W,"Co-operation, Food and Consumer Protection Department",State Consumer Disputes Redressal Commission,0,31,,84,84,10,72,2,,,,,,,,,,,1,,18,18,18,,,,1,1,state consumer disputes redressal commission,State Consumer Disputes Redressal Commission,Body/Corporation
2017,75,W,"Co-operation, Food and Consumer Protection Department",Tamil Nadu Warehousing Corporation,0,1,,12,12,,12,,,,,,,,,,,,1,,2,2,2,,,,1,1,warehousing,Tamil Nadu Warehousing Corporation,Body/Corporation
2017,75,W,"Co-operation, Food and Consumer Protection Department","Co-operation, Food and Consumer Protection Department Total",1,4043,203,5591,5794,1517,4083,83,2,5,,52,,52,6866,,,,426,68,552,620,550,26,44,,1,1,co operation food consumer protection total,"Co-operation, Food and Consumer Protection Department Total",HOD
2017,76,W,Energy Department,"Energy Department, Secretariat",0,3,,99,99,90,9,,,,,,,,,,,,2,,7,7,7,,,,1,1,energy secretariat,"Energy Department, Secretariat",Secretariat
2017,76,W,Energy Department,"Tamil Nadu Generation and Distribution Corporation, Tamil Nadu Transmission Corporation and Tamil Nadu Electricity Board",0,313,227,6506,6733,615,5748,25,,18,2,42,,283,56034,,,,175,1062,995,2057,1970,4,83,,1,1,generation distribution,Tamil Nadu Generation and Distribution Corporation Limited,Body/Corporation
2017,76,W,Energy Department,Tamil Nadu Energy Development Agency,0,1,,10,10,5,5,,,,,,,,,,,,1,,,,,,,,1,1,energy development agency,Tamil Nadu Energy Development Agency,Body/Corporation
2017,76,W,Energy Department,Electrical Inspectorate,0,25,,79,79,1,76,1,,,,,,1,,,,,1,,4,4,3,,1,,1,1,electrical inspectorate,Electrical Inspectorate,HOD
2017,76,W,Energy Department,Tamil Nadu Electricity Regulatory Commission,0,1,,101,101,24,73,,,,,4,,,858,,,,1,,8,8,6,2,,,1,1,electricity regulatory commission,Tamil Nadu Electricity Regulatory Commission,Body/Corporation
2017,76,W,Energy Department,Tamil Nadu Power Finance and Infrastructure Development Corporation Limited,0,1,,53,53,,53,,,,,,,,,,,,1,,,,,,,,1,1,power finance infrastructure development,Tamil Nadu Power Finance and Infrastructure Development Corporation Limited,Body/Corporation
2017,76,W,Energy Department,Energy Department Total,1,344,227,6848,7075,735,5964,26,,18,2,46,,284,56892,,,,181,1062,1014,2076,1986,6,84,,1,1,energy total,Energy Department Total,HOD
2017,76,W,Environment and Forests,"Environment and Forests, Secretariat",0,7,,186,186,124,59,1,,,,2,,,34,,,,4,,7,7,5,2,,,1,1,environment,Directorate of Environment,Secretariat
2017,76,W,Environment and Forests,Tamil Nadu Forests,0,1,11,351,362,102,244,,,,,,,16,,,,,1,3,21,24,24,,,,1,1,forests,Tamil Nadu Forests Department,HOD
2017,76,W,Environment and Forests,Tamil Nadu Pollution Control Board,0,45,,1660,1660,7,1653,,,,,,,,41903,,,,1,,121,121,121,,,,1,1,pollution control board,Tamil Nadu Pollution Control Board,Body/Corporation
2017,76,W,Environment and Forests,Directorate of Environment,0,1,,108,108,12,96,,,,,,,,3634,,,,1,,,,,,,,1,1,environment,Directorate of Environment,HOD
2017,76,W,Environment and Forests,Tamil Nadu Forest Plantation Corporation Limited,0,7,,3,3,,3,,,,,,,,2,,,,7,,,,,,,,1,1,forest plantation,Tamil Nadu Forest Plantation Corporation Limited,Body/Corporation
2017,76,W,Environment and Forests,Arasu Rubber Corporation Limited,0,1,8,24,32,,30,,,,,1,,1,,,,,1,3,11,14,13,,1,,1,1,arasu rubber,Arasu Rubber Corporation Limited,Body/Corporation
2017,76,W,Environment and Forests,The Tamil Nadu Tea Plantation Corporation Limited,0,1,1,35,36,,36,,,,,,,,200,,,,1,,,,,,,,1,1,tea plantation,The Tamil Nadu Tea Plantation Corporation Limited,Body/Corporation
2017,76,W,Environment and Forests,Environment and Forests Total,1,63,20,2367,2387,245,2121,1,,,,3,,17,45773,,,,16,6,160,166,163,2,1,,1,1,environment forests total,Environment and Forests Total,HOD
2017,77,W,Finance Department,"Finance Department, Secretariat",0,12,14,1130,1144,150,946,,,,,2,,46,5152,,,,12,4,59,63,61,1,1,,1,1,finance secretariat,"Finance Department, Secretariat",Secretariat
2017,77,W,Finance Department,Treasuries and Accounts,0,48,,1234,1234,71,1077,27,,3,,26,,30,572,,,,13,,108,108,87,1,20,,1,1,treasuries accounts,Commissionerate of Treasuries and Accounts,HOD
2017,77,W,Finance Department,Co-operative Audit,0,39,3,135,138,8,107,,,,,14,,9,327,,,,8,1,42,43,24,15,4,,1,1,co operative audit,Co-operative Audit Department,HOD
2017,77,W,Finance Department,Small Savings,0,32,,,,,,,,,,,,,,,,,32,,,,,,,,,,small savings,Small Savings,HOD
2017,77,W,Finance Department,Local Fund Audit,0,68,19,446,465,6,434,,,,,,,25,,,,,9,1,43,44,43,,1,,1,1,local fund audit,Directorate of Local Fund Audit,HOD
2017,77,W,Finance Department,Internal Audit and Statutory Boards Audit,0,38,1,56,57,,56,,,,,,,1,1198,,,,1,,8,8,8,,,,1,1,internal audit statutory boards audit,Internal Audit and Statutory Boards Audit,Body/Corporation
2017,77,W,Finance Department,Government Data Centre,0,1,,79,79,42,37,,,,,,,,,,,,1,,3,3,3,,,,1,1,data centre,State Ground Water and Surface Water Resources Data Centre,HOD
2017,77,W,Finance Department,Pension Directorate,0,1,27,227,254,42,194,,8,4,,,,6,,,,,1,1,2,3,3,,,,1,1,pension,Directorate of Pension,HOD
2017,77,W,Finance Department,Finance Department Total,1,239,64,3307,3371,319,2851,27,8,7,,42,,117,7249,,,,77,7,265,272,229,17,26,,1,1,finance total,Finance Department Total,HOD
2017,77,W,"Handlooms, Handicrafts, Textiles and Khadi Department","Handlooms, Handicrafts, Textiles and Khadi Department, Secretariat",0,3,,38,38,26,11,1,,,,,,,,,,,2,,6,6,6,,,,1,1,handlooms handicrafts textiles khadi secretariat,"Handlooms, Handicrafts, Textiles and Khadi Department, Secretariat",Secretariat
2017,77,W,"Handlooms, Handicrafts, Textiles and Khadi Department",Directorate of Handlooms and Textiles,0,38,2,491,493,102,365,,,,,25,,1,1317,,,,38,1,90,91,78,12,1,,1,1,handlooms textiles,Directorate of Handlooms and Textiles,HOD
2017,77,W,"Handlooms, Handicrafts, Textiles and Khadi Department",Directorate of Sericulture,0,38,3,59,62,12,46,,,,,2,,2,116,,,,36,,9,9,9,,,,1,1,sericulture,Directorate of Sericulture,HOD
2017,77,W,"Handlooms, Handicrafts, Textiles and Khadi Department",Tamil Nadu Handicrafts Development Corporation,0,1,,10,10,,10,,,,,,,,,,,,1,,10,10,10,,,,1,1,handicrafts development,Tamil Nadu Handicrafts Development Corporation,Body/Corporation
2017,77,W,"Handlooms, Handicrafts, Textiles and Khadi Department",Co-optex,0,12,3,93,96,1,93,,1,,,,,1,30,,,,12,,11,11,10,,1,,1,1,co optex,Co-optex,HOD
2017,77,W,"Handlooms, Handicrafts, Textiles and Khadi Department",Tamil Nadu Khadi Village Industries Board,0,3,,111,111,,111,,,,,,,,190,,,,1,,12,12,12,,,,1,1,khadi village industries board,Tamil Nadu Khadi Village Industries Board,Body/Corporation
2017,77,W,"Handlooms, Handicrafts, Textiles and Khadi Department",Tamil Nadu Palm Product Development Board,0,1,,7,7,,7,,,,,,,,,,,,1,,,,,,,,1,1,palm product development board,Tamil Nadu Palm Product Development Board,Body/Corporation
2017,77,W,"Handlooms, Handicrafts, Textiles and Khadi Department","Handlooms, Handicrafts, Textiles and Khadi Department Total",1,96,8,809,817,141,643,1,1,,,27,,4,1623,,,,91,1,138,139,125,12,2,,1,1,handlooms handicrafts textiles khadi total,"Handlooms, Handicrafts, Textiles and Khadi Department Total",HOD
2017,78,W,Health and Family Welfare Department,"Health and Family Welfare Department, Secretariat",0,9,10,619,629,327,269,3,,,,30,,,709,,,,6,,35,35,21,9,5,,1,1,family welfare,"Health and Family Welfare Department, Secretariat",Secretariat
2017,78,W,Health and Family Welfare Department,Medical Education,0,80,85,4404,4489,387,3776,136,,38,,77,,75,1841,,,,80,4,179,183,160,20,3,,1,1,director medical education,Director of Medical Education,HOD
2017,78,W,Health and Family Welfare Department,Public Health and Preventive Medicine,0,43,27,1000,1027,63,879,16,,,,33,,36,3332,,,,43,3,103,106,96,6,4,,1,1,public health preventive medicine,Public Health and Preventive Medicine,HOD
2017,78,W,Health and Family Welfare Department,Medical and Rural Health Services (ESI),0,12,,138,138,22,111,5,,,,,,,,,,,12,,,,,,,,1,1,medical rural health services esi,Directorate of Medical and Rural Health Services (ESI),HOD
2017,78,W,Health and Family Welfare Department,Family Welfare,0,5,,29,29,6,20,,,,,,,3,,,,,2,,1,1,1,,,,1,1,family welfare,"Health and Family Welfare Department, Secretariat",HOD
2017,78,W,Health and Family Welfare Department,Indian Medicine and Homoeopathy,0,32,,179,179,16,144,2,,8,,9,,,,,,,32,,11,11,11,,,,1,1,indian medicine homoeopathy,Directorate of Indian Medicine and Homoeopathy,HOD
2017,78,W,Health and Family Welfare Department,Food Safety and Drug Administration,0,39,7,839,846,18,800,,,,,,,28,859,,,,1,2,78,80,77,,3,,1,1,commissioner food safety drug administration,Commissioner of Food Safety and Drug Administration,HOD
2017,78,W,Health and Family Welfare Department,Tamil Nadu Medical Services Corporation Limited,0,1,,53,53,1,44,5,,,,,,3,1868,,,,1,,6,6,6,,,,1,1,medical services,Tamil Nadu Medical Services Corporation Limited,Body/Corporation
2017,78,W,Health and Family Welfare Department,Tamil Nadu Health Systems Project,0,1,,65,65,5,60,,,,,,,,100,,,,1,3,3,3,,,,,1,1,health systems project,Tamil Nadu Health Systems Project,HOD
2017,78,W,Health and Family Welfare Department,Tamil Nadu State Health Transport,0,8,1,8,9,,9,,,,,,,,78,,,,1,,,,,,,,1,1,state health transport,Tamil Nadu State Health Transport Department,HOD
2017,78,W,Health and Family Welfare Department,Drugs Control,0,17,9,284,293,19,261,7,,,,,,6,545,,,,17,,15,15,15,,,,1,1,drugs control,Directorate of Drugs Control,HOD
2017,78,W,Health and Family Welfare Department,Medical and Rural Health Services,0,39,37,609,646,210,395,13,,,,11,,17,63,,,,30,12,80,92,82,8,2,,1,1,medical rural health services esi,Directorate of Medical and Rural Health Services (ESI),HOD
2017,78,W,Health and Family Welfare Department,Medical Services Recruitment Board,0,1,,141,141,,141,,,,,,,,,,,,1,,3,3,3,,,,1,1,medical service recruitment board mrb,Medical Service Recruitment Board (MRB),Body/Corporation
2017,78,W,Health and Family Welfare Department,National Health Mission,0,1,,23,23,9,14,,,,,,,,,,,,1,,,,,,,,1,1,national health mission,National Health Mission,HOD
2017,78,W,Health and Family Welfare Department,Health and Family Welfare Department Total,1,288,176,8391,8567,1083,6923,187,,46,,160,,168,9395,,,,228,21,514,535,475,43,17,,1,1,health family welfare total,Health and Family Welfare Department Total,HOD
2017,79,W,Higher Education Department,"Higher Education Department, Secretariat",0,5,,627,627,340,256,,,,,31,,,1117,,,,3,,32,32,31,1,,,1,1,higher education secretariat,"Higher Education Department, Secretariat",Secretariat
2017,79,W,Higher Education Department,Technical Education,0,92,21,897,918,30,853,3,8,3,,6,,15,2879,,,,92,,170,170,168,2,,,1,1,state council for technical education,Tamil Nadu State Council for Technical Education,HOD
2017,79,W,Higher Education Department,Collegiate Education,0,110,141,1868,2009,50,1834,,,,,,,125,1517,,,,10,11,213,224,196,,28,,1,1,collegiate education,Directorate of Collegiate Education,HOD
2017,79,W,Higher Education Department,Tamil Nadu Archives and Historical Research,0,9,89,6612,6701,29,6484,,,,,,,188,45581,,,,1,,112,112,112,,,,1,1,archives historical research,Tamil Nadu Archives and Historical Research,HOD
2017,79,W,Higher Education Department,Tamil Nadu State Council for Higher Education,0,1,,14,14,2,12,,,,,,,,,,,,1,,,,,,,,1,1,state council for higher education,Tamil Nadu State Council for Higher Education,HOD
2017,79,W,Higher Education Department,Tamil Nadu State Council for Technical Education,0,1,,,,,,,,,,,,,,,,,1,,,,,,,,,,state council for technical education,Tamil Nadu State Council for Technical Education,HOD
2017,79,W,Higher Education Department,Tamil Nadu Science and Technology Centre,0,4,,21,21,,21,,,,,,,,,,,,1,,21,21,21,,,,1,1,science technology centre,Tamil Nadu Science and Technology Centre,HOD
2017,79,W,Higher Education Department,Tamil Nadu State Council for Science and Technology,0,1,,1,1,,1,,,,,,,,,,,,1,,1,1,1,,,,1,1,state council for science technology,Tamil Nadu State Council for Science and Technology,HOD
2017,79,W,Higher Education Department,Science City,0,1,,,,,,,,,,,,,,,,,1,,,,,,,,,,science city,Science City,HOD
2017,79,W,Higher Education Department,University of Madras,0,3,21,634,655,11,612,3,2,5,,8,,14,350,,,,1,1,33,34,33,,1,,1,1,university madras,University of Madras,Body/Corporation
2017,79,W,Higher Education Department,Annamalai University,0,3,,730,730,,657,73,,,,,,,,,,,3,,42,42,34,8,,,1,1,annamalai university,Annamalai University,Body/Corporation
2017,79,W,Higher Education Department,Madurai Kamaraj University,0,1,817,838,1655,,318,,,,,,,1337,,,,,1,103,110,213,80,,133,,1,1,madurai kamaraj university,Madurai Kamaraj University,Body/Corporation
2017,79,W,Higher Education Department,Manonmaniam Sundaranar University,0,1,188,841,1029,10,773,,,,,10,,236,8410,,,,1,10,25,35,25,,10,,1,1,manonmaniam sundaranar university,Manonmaniam Sundaranar University,Body/Corporation
2017,79,W,Higher Education Department,Bharathidasan University,0,4,99,182,281,2,158,,,,,,,121,8,,,,1,,14,14,14,,,,1,1,bharathiar university,Bharathiar University,Body/Corporation
2017,79,W,Higher Education Department,Bharathiar University,0,23,,230,230,230,,,,,,,,,,,,,1,,18,18,18,,,,1,,bharathiar university,Bharathiar University,Body/Corporation
2017,79,W,Higher Education Department,Alagappa University,0,4,,210,210,,194,8,,,,7,,1,244,,,,1,,19,19,16,3,,,1,1,alagappa university,Alagappa University,Body/Corporation
2017,79,W,Higher Education Department,Thiruvalluvar University,0,1,,161,161,,142,,,,,,,19,,,,,1,,6,6,4,,2,,1,1,thiruvalluvar university,Thiruvalluvar University,Body/Corporation
2017,79,W,Higher Education Department,Periyar University,0,1,301,681,982,4,686,,,,,,,292,,,,,1,4,161,165,152,,13,,1,1,periyar university,Periyar University,Body/Corporation
2017,79,W,Higher Education Department,Mother Teresa Women's University,0,1,,105,105,,105,,,,,,,,,,,,1,,,,,,,,1,1,mother teresa women s university,Mother Teresa Women's University,Body/Corporation
2017,79,W,Higher Education Department,Tamil Nadu Open University,0,1,,114,114,,114,,,,,,,,,,,,1,,2,2,2,,,,1,1,open university,Tamil Nadu Open University,Body/Corporation
2017,80,W,Higher Education Department,Tamil Nadu Teachers Education University,0,3,,201,201,10,185,,,,,1,,5,,,,,1,,21,21,21,,,,1,1,teachers education university,Tamil Nadu Teachers Education University,Body/Corporation
2017,80,W,Higher Education Department,Anna University,0,1,112,674,786,49,548,11,,,,43,,135,2106,,,,1,10,133,143,114,10,19,,1,1,anna university,Anna University,Body/Corporation
2017,80,W,Higher Education Department,Higher Education Department Total,1,271,1789,15641,17430,767,13953,98,10,8,,106,,2488,62212,,,,126,139,1133,1272,1042,24,206,,1,1,higher education total,Higher Education Department Total,HOD
2017,80,W,Highways and Minor Ports Department,"Highways and Minor Ports Department, Secretariat",0,4,,182,182,117,27,25,,,3,5,,5,67,,,,2,,5,5,5,,,,1,1,highways minor ports secretariat,"Highways and Minor Ports Department, Secretariat",Secretariat
2017,80,W,Highways and Minor Ports Department,Directorate General of Highways,0,131,16,2413,2429,283,2090,7,,4,,26,,19,2662,,,,39,2,184,186,178,2,6,,1,1,general highways,Directorate General of Highways,HOD
2017,80,W,Highways and Minor Ports Department,Tamil Nadu Maritime Board,0,1,,12,12,,12,,,,,,,,254,,,,2,,1,1,1,,,,1,1,maritime board,Tamil Nadu Maritime Board,Body/Corporation
2017,80,W,Highways and Minor Ports Department,Poompuhar Shipping Corporation,0,2,,6,6,,6,,,,,,,,,,,,2,,,,,,,,1,1,poompuhar shipping,Poompuhar Shipping Corporation,Body/Corporation
2017,80,W,Highways and Minor Ports Department,Tamil Nadu Road Infrastructure Development Corporation,0,1,,5,5,,5,,,,,,,,,,,,1,,,,,,,,1,1,road infrastructure development,Tamil Nadu Road Infrastructure Development Corporation,Body/Corporation
2017,80,W,Highways and Minor Ports Department,Highways and Minor Ports Department Total,1,139,16,2618,2634,400,2140,32,,4,3,31,,24,2983,,,,46,2,190,192,184,2,6,,1,1,highways minor ports total,Highways and Minor Ports Department Total,HOD
2017,80,W,Home Prohibition and Excise Department,"Home Prohibition and Excise Department, Secretariat",0,19,1,1097,1098,806,244,45,,1,,1,,1,929,,,,2,1,64,65,58,6,1,,1,1,prohibition excise,Home Department Prohibition and Excise Wing,Secretariat
2017,80,W,Home Prohibition and Excise Department,Police,0,99,1766,54973,56739,6895,43544,1270,516,685,779,1187,,1863,519588,,,,99,375,2896,3271,1662,1208,401,,1,1,police,Police Department,HOD
2017,80,W,Home Prohibition and Excise Department,Tamil Nadu Police Housing Corporation,0,12,,11,11,,11,,,,,,,,,,,,4,,,,,,,,1,1,police housing,Tamil Nadu Police Housing Corporation,Body/Corporation
2017,80,W,Home Prohibition and Excise Department,Tamil Nadu Uniformed Services Recruitment Board,0,1,5,349,354,8,278,20,,,32,,,16,,,,,1,3,9,12,1,11,,,1,1,uniformed services recruitment board,Tamil Nadu Uniformed Services Recruitment Board,Body/Corporation
2017,80,W,Home Prohibition and Excise Department,Prisons,0,28,26,2812,2838,665,1984,74,,40,,42,,33,1476,,,,7,1,58,59,58,,1,,1,1,prisons,Prisons Department,HOD
2017,80,W,Home Prohibition and Excise Department,Transport Commissionerate,0,153,3,4418,4421,306,4077,21,1,16,,,,,2040,,,,153,,102,102,99,3,,,1,1,metropolitan transport,"Metropolitan Transport Corporation (Chennai) Ltd.,",HOD
2017,80,W,Home Prohibition and Excise Department,High Court of Madras,0,1,226,1452,1678,283,1315,,,,,,,80,,,,,1,89,452,541,523,,18,,1,1,high court madras,High Court of Madras,Body/Corporation
2017,81,W,Home Prohibition and Excise Department,"Madurai Bench of Madras High Court, Madurai",0,1,,609,609,186,423,,,,,,,,,,,,1,,,,,,,,1,1,madurai bench madras high court madurai,"Madurai Bench of Madras High Court, Madurai",Body/Corporation
2017,81,W,Home Prohibition and Excise Department,Government Litigations,0,11,,6,6,4,2,,,,,,,,,,,,1,,,,,,,,1,1,litigations,Government Litigations,HOD
2017,81,W,Home Prohibition and Excise Department,Prosecution,0,26,,76,76,19,55,,,,,2,,,,,,,1,,5,5,5,,,,1,1,prosecution,Directorate of Prosecution,HOD
2017,81,W,Home Prohibition and Excise Department,Fire and Rescue Services,0,41,2,903,905,,903,,,,,2,,,166,,,,41,,13,13,13,,,,1,1,fire rescue services,Fire and Rescue Services Department,HOD
2017,81,W,Home Prohibition and Excise Department,Forensic Sciences,0,10,1,60,61,4,42,6,,,,6,,3,138,,,,3,,4,4,4,,,,1,1,forensic sciences,Forensic Sciences Department,HOD
2017,81,W,Home Prohibition and Excise Department,Tamil Nadu State Marketing Corporation Limited,0,39,20,1088,1108,,1088,,,,,,,20,,,,,6,,18,18,18,,,,1,1,state marketing,Tamil Nadu State Marketing Corporation Limited,Body/Corporation
2017,81,W,Home Prohibition and Excise Department,Prohibition and Excise,0,1,12,45,57,16,41,,,,,,,,24,,,,1,,,,,,,,1,1,prohibition excise,Home Department Prohibition and Excise Wing,HOD
2017,81,W,Home Prohibition and Excise Department,Home Prohibition and Excise Department Total,1,442,2062,67899,69961,9192,54007,1436,517,742,811,1240,,2016,524361,,,,321,469,3621,4090,2441,1228,421,,1,1,home prohibition excise total,Home Prohibition and Excise Department Total,HOD
2017,81,W,Housing and Urban Development Department,"Housing and Urban Development Department, Secretariat",0,8,,355,355,179,171,,,,,5,,,422,,,,1,,25,25,25,,,,1,1,housing urban development secretariat,"Housing and Urban Development Department, Secretariat",Secretariat
2017,81,W,Housing and Urban Development Department,Tamil Nadu Housing Board,0,24,,1712,1712,28,1684,,,,,,,,2281,,,,31,,135,135,135,,,,1,1,housing board,Tamil Nadu Housing Board,Body/Corporation
2017,81,W,Housing and Urban Development Department,Tamil Nadu Slum Clearance Board,0,50,,696,696,,696,,,,,,,,3800,,,,34,,65,65,65,,,,1,1,slum clearance board,Tamil Nadu Slum Clearance Board,Body/Corporation
2017,81,W,Housing and Urban Development Department,Chennai Metropolitan Development Authority,0,1,,1582,1582,100,1482,,,,,,,,10074,,,,1,15,44,59,37,,22,,1,1,metropolitan development authority,Chennai Metropolitan Development Authority,Body/Corporation
2017,81,W,Housing and Urban Development Department,Town and Country Planning,0,54,30,2282,2312,172,2105,13,,,,1,,21,49287,,,,42,8,40,48,41,3,4,,1,1,town country planning,Directorate of Town and Country Planning,HOD
2017,81,W,Housing and Urban Development Department,Registrar of Co-operative Societies (Housing),0,13,,367,367,152,208,,,,,7,,,,,,,13,,17,17,16,1,,,1,1,registrar co operative societies,Registrar of Co-operative Societies,HOD
2017,81,W,Housing and Urban Development Department,Housing and Urban Development Department Total,1,150,30,6994,7024,631,6346,13,,,,13,,21,65861,,,,122,23,326,349,319,4,26,,1,1,housing urban development total,Housing and Urban Development Department Total,HOD
2017,82,W,Industries Department,"Industries Department, Secretariat",0,5,,123,123,79,44,,,,,,,,,,,,4,,3,3,2,1,,,1,1,industries secretariat,"Industries Department, Secretariat",Secretariat
2017,82,W,Industries Department,Geology and Mining,0,41,51,1568,1619,91,1164,14,,10,,242,,98,16409,,,,1,72,179,251,225,26,,,1,1,geology mining,Directorate of Geology and Mining,HOD
2017,82,W,Industries Department,Department of Sugar,0,1,,110,110,40,57,,,,,13,,,750,,,,1,,5,5,5,,,,1,1,sugar,Tamil Nadu Sugar Corporation,HOD
2017,82,W,Industries Department,State Industries Promotion Corporation of Tamil Nadu,0,1,11,97,108,8,85,,,,,4,,11,390,,,,1,1,17,18,18,,,,1,1,state industries promotion,State Industries Promotion Corporation of Tamil Nadu,Body/Corporation
2017,82,W,Industries Department,Tamil Nadu Industrial Development Corporation,0,1,7,13,20,2,16,,,,,,,2,1840,,,,1,1,,1,1,,,,1,1,industrial development,Tamil Nadu Industrial Development Corporation,Body/Corporation
2017,82,W,Industries Department,"Tamil Nadu Industrial Investment Corporation Ltd.,",0,1,3,67,70,1,67,,,,,,,2,496,,,,1,,12,12,11,1,,,1,1,industrial investment,"Tamil Nadu Industrial Investment Corporation Ltd.,",Body/Corporation
2017,82,W,Industries Department,"Tamil Nadu Salt Corporation Ltd.,",0,1,,7,7,,7,,,,,,,,,,,,1,,,,,,,,1,1,salt,"Tamil Nadu Salt Corporation Ltd.,",Body/Corporation
2017,82,W,Industries Department,"Tamil Nadu Newsprint and Papers Ltd.,",0,3,1,35,36,,22,5,,,,9,,,,,,,3,2,7,9,,9,,,1,1,newsprint papers,"Tamil Nadu Newsprint and Papers Ltd.,",Body/Corporation
2017,82,W,Industries Department,Tamil Nadu Cements Corporation,0,8,,56,56,5,51,,,,,,,,,,,,8,,12,12,,12,,,1,1,cements,Tamil Nadu Cements Corporation,Body/Corporation
2017,82,W,Industries Department,Tamil Nadu Magnesite Corporation,0,1,,24,24,,24,,,,,,,,240,,,,1,,,,,,,,1,1,magnesite,Tamil Nadu Magnesite Limited,Body/Corporation
2017,82,W,Industries Department,"Tamil Nadu Industrial Explosives Ltd.,",0,1,,2,2,,2,,,,,,,,,,,,1,,,,,,,,1,1,industrial explosives,"Tamil Nadu Industrial Explosives Ltd.,",Body/Corporation
2017,82,W,Industries Department,"Tamil Nadu Minerals Ltd.,",0,1,,21,21,,21,,,,,,,,,,,,1,,4,4,4,,,,1,1,minerals,"Tamil Nadu Minerals Ltd.,",Body/Corporation
2017,82,W,Industries Department,Tamil Nadu Sugar Corporation,0,1,,12,12,8,4,,,,,,,,,,,,1,,,,,,,,1,1,sugar,Tamil Nadu Sugar Corporation,Body/Corporation
2017,82,W,Industries Department,Industries Department Total,1,66,73,2135,2208,234,1564,19,,10,,268,,113,20125,,,,25,76,239,315,266,49,,,1,1,industries total,Industries Department Total,HOD
2017,83,W,Information Technology Department,"Information Technology Department, Secretariat",0,1,,35,35,20,13,1,,,,1,,,12,,,,1,,3,3,3,,,,1,1,information technology secretariat,"Information Technology Department, Secretariat",Secretariat
2017,83,W,Information Technology Department,"Electronics Corporation of Tamil Nadu Ltd.,",0,1,,29,29,2,25,1,,,,,,1,,,,,1,,3,3,3,,,,1,1,electronics,"Electronics Corporation of Tamil Nadu Ltd.,",Body/Corporation
2017,83,W,Information Technology Department,e-Governance,0,1,,36,36,5,31,,,,,,,,,,,,1,,,,,,,,1,1,e governance,e-Governance,HOD
2017,83,W,Information Technology Department,Tamil Nadu Arasu Cable TV Corporation Ltd.,0,32,12,152,164,132,,,,,,,,32,,,,,1,,10,10,8,,2,,1,,arasu cable tv,Tamil Nadu Arasu Cable TV Corporation Ltd.,Body/Corporation
2017,83,W,Information Technology Department,Tamil Virtual Academy,0,1,,,,,,,,,,,,,,,,,1,,,,,,,,,,virtual academy,Tamil Virtual Academy,HOD
2017,83,W,Information Technology Department,Information Technology Department Total,1,36,12,252,264,159,69,2,,,,1,,33,12,,,,5,,16,16,14,,2,,1,1,information technology total,Information Technology Department Total,HOD
2017,83,W,Labour and Employment Department,"Labour and Employment Department, Secretariat",0,8,,320,320,154,158,,4,,,4,,,138,,,,4,,13,13,4,9,,,1,1,labour employment secretariat,"Labour and Employment Department, Secretariat",Secretariat
2017,83,W,Labour and Employment Department,Commissionarate of Labour,0,493,49,1394,1443,143,1244,,,,,23,,33,4933,,,,48,2,120,122,109,8,5,,1,1,commissionarate labour,Commissionarate of Labour,HOD
2017,83,W,Labour and Employment Department,Industrial Safety and Health,0,59,7,528,535,49,486,,,,,,,,763,,,,33,,17,17,17,,,,1,1,industrial safety health,Directorate of Industrial Safety and Health,HOD
2017,83,W,Labour and Employment Department,Employment and Training,0,154,26,1274,1300,20,1257,,,,,8,,15,352,,,,11,1,71,72,67,1,4,,1,1,employment training employment wing,Commissionerate of Employment and Training (Employment wing),HOD
2017,83,W,Labour and Employment Department,"Overseas Manpower Corporation Ltd.,",0,1,,4,4,,4,,,,,,,,,,,,1,,1,1,1,,,,1,1,overseas manpower,"Overseas Manpower Corporation Ltd.,",Body/Corporation
2017,83,W,Labour and Employment Department,Tamil Nadu Silk Development Corporation,0,1,,2,2,,2,,,,,,,,,,,,1,,,,,,,,1,1,silk development,Tamil Nadu Silk Development Corporation,Body/Corporation
2017,83,W,Labour and Employment Department,Labour and Employment Department Total,1,715,82,3522,3604,366,3151,,4,,,35,,48,6186,,,,97,3,222,225,198,18,9,,1,1,labour employment total,Labour and Employment Department Total,HOD
2017,83,W,Law Department,"Law Department, Secretariat",0,1,,234,234,90,43,1,,,,100,,,124,,,,1,,17,17,,17,,,1,1,law secretariat,"Law Department, Secretariat",Secretariat
2017,83,W,Law Department,Legal Studies,0,11,,88,88,8,80,,,,,,,,,,,,2,,4,4,4,,,,1,1,legal studies,Directorate of Legal Studies,HOD
2017,83,W,Law Department,"The Tamil Nadu Dr.Ambedkar Law University, Chennai",0,1,16,117,133,12,111,,,,,,,10,,,,,1,2,8,10,10,,,,1,1,dr ambedkar law university,"The Tamil Nadu Dr.Ambedkar Law University, Chennai",Body/Corporation
2017,83,W,Law Department,"The Tamil Nadu National Law School, Tiruchirappalli.",0,1,,19,19,,19,,,,,,,,,,,,1,,,,,,,,1,1,national law school tiruchirappalli,"The Tamil Nadu National Law School, Tiruchirappalli.",HOD
2017,83,W,Law Department,Law Department Total,1,14,16,458,474,110,253,1,,,,100,,10,124,,,,5,2,29,31,14,17,,,1,1,law total,Law Department Total,HOD
2017,84,W,"Micro, Small and Medium Enterprises Department","Micro, Small and Medium Enterprises Department, Secretariat",0,3,,30,30,11,16,,,,,2,,1,96,,,,2,,2,2,1,1,,,1,1,micro small medium enterprises secretariat,"Micro, Small and Medium Enterprises Department, Secretariat",Secretariat
2017,84,W,"Micro, Small and Medium Enterprises Department",Industries and Commerce,0,51,,253,253,,253,,,,,,,,254,,,,46,,18,18,18,,,,1,1,industries commerce,Commissionerate of Industries and Commerce,HOD
2017,84,W,"Micro, Small and Medium Enterprises Department",Tamil Nadu Small Industries Development Corporation,0,1,7,85,92,3,84,2,,,,,,3,506,,,,1,2,2,4,4,,,,1,1,small industries,Tamil Nadu Small Industries Corporation Limited,Body/Corporation
2017,84,W,"Micro, Small and Medium Enterprises Department",Tamil Nadu Small Industries Corporation Limited,0,1,,16,16,1,12,3,,,,,,,160,,,,1,,4,4,2,2,,,1,1,small industries,Tamil Nadu Small Industries Corporation Limited,Body/Corporation
2017,84,W,"Micro, Small and Medium Enterprises Department",Entrepreneurship Development and Innovation Institute,0,1,,,,,,,,,,,,,,,,,1,,,,,,,,,,entrepreneurship development innovation institute,Tamil Nadu Entrepreneurship Development and Innovation Institute,Body/Corporation
2017,84,W,"Micro, Small and Medium Enterprises Department","Micro, Small and Medium Enterprises Department Total",1,57,7,384,391,15,365,5,,,,2,,4,1016,,,,51,2,26,28,25,3,,,1,1,micro small medium enterprises total,"Micro, Small and Medium Enterprises Department Total",HOD
2017,84,W,Municipal Administration and Water Supply Department,"Municipal Administration and Water Supply Department, Secretariat",0,5,,409,409,298,107,4,,,,,,,,,,,5,,25,25,24,1,,,1,1,municipal administration water supply secretariat,"Municipal Administration and Water Supply Department, Secretariat",Secretariat
2017,84,W,Municipal Administration and Water Supply Department,Commissionarate of Municipal Administration,0,7,,632,632,183,434,,,,,15,,,,,,,1,,127,127,127,,,,1,1,commissionarate municipal administration,Commissionarate of Municipal Administration,HOD
2017,84,W,Municipal Administration and Water Supply Department,Chennai Metropolitan Water Supply and Sewerage Board,0,45,,751,751,32,712,,,,,,,7,9140,,,,21,,45,45,44,,1,,1,1,metropolitan water supply sewerage board,Chennai Metropolitan Water Supply and Sewerage Board,Body/Corporation
2017,84,W,Municipal Administration and Water Supply Department,Greater Chennai Corporation,0,92,495,6718,7213,892,5926,18,,31,,74,,272,3908,,,,46,18,586,604,583,12,9,,1,1,greater,Greater Chennai Corporation,Body/Corporation
2017,84,W,Municipal Administration and Water Supply Department,Town Panchayats,0,546,5,5911,5916,166,5750,,,,,,,,,,,,18,8,580,588,588,,,,1,1,town panchayats,Directorate of Town Panchayats,HOD
2017,84,W,Municipal Administration and Water Supply Department,Tamil Nadu Water Supply and Drainage Board,0,32,11,658,669,7,658,2,,,,,,2,2494,,,,32,,30,30,30,,,,1,1,water supply drainage board,Tamil Nadu Water Supply and Drainage Board,Body/Corporation
2017,84,W,Municipal Administration and Water Supply Department,Municipal Administration and Water Supply Department Total,1,727,511,15079,15590,1578,13587,24,,31,,89,,281,15542,,,,123,26,1393,1419,1396,13,10,,1,1,municipal administration water supply total,Municipal Administration and Water Supply Department Total,HOD
2017,85,W,Personnel and Administrative Reforms Department,"Personnel and Administrative Reforms Department, Secretariat",0,13,4,1458,1462,387,1039,,,,,21,,15,4402,,,,10,,40,40,34,6,,,1,1,personnel administrative reforms secretariat,"Personnel and Administrative Reforms Department, Secretariat",Secretariat
2017,85,W,Personnel and Administrative Reforms Department,Tamil Nadu Public Service Commission,0,29,136,1118,1254,33,1080,54,,,,33,,54,4582,,,,2,33,134,167,147,5,15,,1,1,public service commission,Tamil Nadu Public Service Commission,Body/Corporation
2017,85,W,Personnel and Administrative Reforms Department,Vigilance and Anti Corruption,0,1,6,264,270,64,127,18,,,,40,,21,,,,,1,5,42,47,43,,4,,1,1,vigilance anti corruption,Directorate of Vigilance and Anti Corruption,HOD
2017,85,W,Personnel and Administrative Reforms Department,"Commissioner for Disciplinary Proceedings, Chennai",0,1,,1,1,,1,,,,,,,,,,,,1,,,,,,,,1,1,commissioner for disciplinary proceedings,"Commissioner for Disciplinary Proceedings, Chennai",HOD
2017,85,W,Personnel and Administrative Reforms Department,"Commissioner for Disciplinary Proceedings, Tiruchirappalli",0,1,,,,,,,,,,,,,,,,,1,,,,,,,,,,commissioner for disciplinary proceedings,"Commissioner for Disciplinary Proceedings, Chennai",HOD
2017,85,W,Personnel and Administrative Reforms Department,"Commissioner for Disciplinary Proceedings, Madurai",0,1,,2,2,,1,1,,,,,,,,,,,1,,,,,,,,1,1,commissioner for disciplinary proceedings,"Commissioner for Disciplinary Proceedings, Chennai",HOD
2017,85,W,Personnel and Administrative Reforms Department,"Commissioner for Disciplinary Proceedings, Coimbatore",0,1,,,,,,,,,,,,,,,,,1,,,,,,,,,,commissioner for disciplinary proceedings,"Commissioner for Disciplinary Proceedings, Chennai",HOD
2017,85,W,Personnel and Administrative Reforms Department,"Commissioner for Disciplinary Proceedings, Tirunelveli",0,1,,,,,,,,,,,,,,,,,1,,,,,,,,,,commissioner for disciplinary proceedings,"Commissioner for Disciplinary Proceedings, Chennai",HOD
2017,85,W,Personnel and Administrative Reforms Department,"Commissioner for Disciplinary Proceedings, Nagarcoil",0,1,,2,2,,2,,,,,,,,,,,,1,,,,,,,,1,1,commissioner for disciplinary proceedings,"Commissioner for Disciplinary Proceedings, Chennai",HOD
2017,85,W,Personnel and Administrative Reforms Department,Director General of Training,0,1,,21,21,,21,,,,,,,,,,,,1,,,,,,,,1,1,director general training,Director General of Training,HOD
2017,85,W,Personnel and Administrative Reforms Department,A & B wing foundational course Training Institute,0,1,,,,,,,,,,,,,,,,,1,,,,,,,,,,a b wing foundational course training institute,A & B wing foundational course Training Institute,Body/Corporation
2017,85,W,Personnel and Administrative Reforms Department,All India Civil Services Coaching Centre,0,1,,,,,,,,,,,,,,,,,1,,,,,,,,,,all india civil services coaching centre,All India Civil Services Coaching Centre,HOD
2017,85,W,Personnel and Administrative Reforms Department,Civil Service Training Institute,0,1,,,,,,,,,,,,,,,,,1,,,,,,,,,,civil service training institute,Civil Service Training Institute,Body/Corporation
2017,85,W,Personnel and Administrative Reforms Department,Anna Institute of management,0,1,,,,,,,,,,,,,,,,,1,,,,,,,,,,anna institute management,Anna Institute of management,Body/Corporation
2017,85,W,Personnel and Administrative Reforms Department,Vigilance Commission,0,2,,41,41,17,24,,,,,,,,,,,,1,,2,2,2,,,,1,1,vigilance commission,Vigilance Commission,Body/Corporation
2017,85,W,Personnel and Administrative Reforms Department,Personnel and Administrative Reforms Department Total,1,56,146,2907,3053,501,2295,73,,,,94,,90,8984,,,,25,38,218,256,226,11,19,,1,1,personnel administrative reforms total,Personnel and Administrative Reforms Department Total,HOD
2017,86,W,"Planning, Development and Special Initiatives Department","Planning, Development and Special Initiatives Department, Secretariat",0,1,,17,17,9,8,,,,,,,,,,,,1,,1,1,1,,,,1,1,planning development special initiatives secretariat,"Planning, Development and Special Initiatives Department, Secretariat",Secretariat
2017,86,W,"Planning, Development and Special Initiatives Department",Evaluation and Applied Research,0,1,,2,2,,2,,,,,,,,,,,,1,,,,,,,,1,1,evaluation applied research,Directorate of Evaluation and Applied Research,HOD
2017,86,W,"Planning, Development and Special Initiatives Department",Economics and Statistics,0,1,1,108,109,7,99,3,,,,,,,,,,,1,,4,4,3,1,,,1,1,economics statistics,Economics and Statistics,HOD
2017,86,W,"Planning, Development and Special Initiatives Department",State Planning Commission,0,1,1,4,5,,5,,,,,,,,,,,,1,,,,,,,,1,1,state planning commission,State Planning Commission,Body/Corporation
2017,86,W,"Planning, Development and Special Initiatives Department",Special Area Development and Programme,0,1,,1,1,,1,,,,,,,,,,,,1,,,,,,,,1,1,special area development programme,Special Area Development and Programme,HOD
2017,86,W,"Planning, Development and Special Initiatives Department","Planning, Development and Special Initiatives Department Total",1,5,2,132,134,16,115,3,,,,,,,,,,,5,,5,5,4,1,,,1,1,planning development special initiatives total,"Planning, Development and Special Initiatives Department Total",HOD
2017,86,W,Public Department,"Public Department, Secretariat",0,18,1,3127,3128,2259,311,30,,,6,522,,,170,,,,8,,108,108,61,47,,,1,1,public secretariat,"Public Department, Secretariat",Secretariat
2017,86,W,Public Department,Governor’s Secretariat,0,1,,253,253,,178,4,,,,71,,,375,,,,1,,11,11,2,9,,,1,1,governor s secretariat,Governor’s Secretariat,Secretariat
2017,86,W,Public Department,"Governor’s House Hold Office, Raj Bhavan",0,1,,11,11,4,7,,,,,,,,,,,,1,,,,,,,,1,1,governor s house hold raj bhavan,"Governor’s House Hold Office, Raj Bhavan",HOD
2017,86,W,Public Department,State Human Rights Commission,0,1,,374,374,35,326,6,3,4,,,,,,,,,1,,24,24,22,2,,,1,1,state human rights commission,State Human Rights Commission,Body/Corporation
2017,86,W,Public Department,State Guest House,0,1,,2,2,,2,,,,,,,,,,,,1,,2,2,2,,,,1,1,state guest house,State Guest House,HOD
2017,86,W,Public Department,"Tamil Nadu House, New Delhi",0,1,,9,9,1,8,,,,,,,,,,,,1,,1,1,,1,,,1,1,house new delhi,"Tamil Nadu House, New Delhi",HOD
2017,86,W,Public Department,"Tamizhagam Guest House, Udhagmandalam",0,1,,2,2,,2,,,,,,,,,,,,1,,,,,,,,1,1,tamizhagam guest house udhagmandalam,"Tamizhagam Guest House, Udhagmandalam",HOD
2017,86,W,Public Department,Tamil Nadu Ex-Servicemen Corporation,0,1,,17,17,,17,,,,,,,,,,,,1,,,,,,,,1,1,ex servicemen,Tamil Nadu Ex-Servicemen Corporation,Body/Corporation
2017,86,W,Public Department,Ex-servicemen’s Welfare,0,31,,74,74,5,57,4,1,,,6,,1,,,,,31,,,,,,,,1,1,ex servicemen,Tamil Nadu Ex-Servicemen Corporation,HOD
2017,86,W,Public Department,Commissioner of Rehabilitation,0,3,,6,6,,6,,,,,,,,,,,,1,,,,,,,,1,1,rehabilitation,Commissionerate of Rehabilitation,HOD
2017,86,W,Public Department,Public Department Total,1,59,1,3875,3876,2304,914,44,4,4,6,599,,1,545,,,,47,,146,146,87,59,,,1,1,public total,Public Department Total,HOD
2017,87,W,Public Works Department,"Public Works Department, Secretariat",0,9,,323,323,230,84,6,,,,3,,,1658,,,,17,1,23,24,11,13,,,1,1,public works secretariat,"Public Works Department, Secretariat",Secretariat
2017,87,W,Public Works Department,Buildings,0,151,10,791,801,147,610,9,,,,6,,29,8611,,,,56,1,44,45,40,,5,,1,1,buildings,Buildings,HOD
2017,87,W,Public Works Department,"Engineer- in-Chief, Water Resources",0,1,7,256,263,191,62,,,,,10,,,48,,,,1,1,27,28,28,,,,1,1,engineer in chief water resources,"Engineer- in-Chief, Water Resources",HOD
2017,87,W,Public Works Department,"Water Resources, Chennai Region",0,41,,230,230,10,210,,,,,10,,,200,,,,5,,20,20,20,,,,1,1,water resources region,"Water Resources Department, Chennai Region",HOD
2017,87,W,Public Works Department,"Water Resources, Trichy Region",0,18,2,488,490,4,484,,,,1,,,1,,,,,4,8,15,23,23,,,,1,1,water resources region,"Water Resources Department, Chennai Region",HOD
2017,87,W,Public Works Department,"Water Resources, Madurai Region",0,42,,941,941,19,891,,,,,,,31,6804,,,,15,,194,194,193,,1,,1,1,water resources madurai region,"Water Resources Department, Madurai Region",HOD
2017,87,W,Public Works Department,"Water Resources, Coimbatore Region",0,14,,906,906,5,889,,,,,1,,11,1553,,,,4,10,31,41,41,,,,1,1,water resources coimbatore region,"Water Resources Department, Coimbatore Region",HOD
2017,87,W,Public Works Department,Design Research and Construction Support,0,3,,8,8,6,2,,,,,,,,,,,,3,,,,,,,,1,1,design research construction support,Design Research and Construction Support Department,HOD
2017,87,W,Public Works Department,Plan Formulation,0,20,,44,44,3,41,,,,,,,,,,,,6,,,,,,,,1,1,plan formulation,Plan Formulation Department,HOD
2017,87,W,Public Works Department,Operation and Maintenance,0,5,1,36,37,9,28,,,,,,,,120,,,,5,,,,,,,,1,1,operation maintenance,Operation and Maintenance,HOD
2017,87,W,Public Works Department,State Ground Water and Surface Water Resources Data Centre,0,14,,135,135,7,128,,,,,,,,286,,,,7,,13,13,13,,,,1,1,data centre,State Ground Water and Surface Water Resources Data Centre,HOD
2017,87,W,Public Works Department,Institute for Water Studies,0,1,1,6,7,3,4,,,,,,,,,,,,1,,,,,,,,1,1,institute for water studies,Institute for Water Studies,Body/Corporation
2017,87,W,Public Works Department,Irrigation Management Training Institute,0,1,,,,,,,,,,,,,,,,,1,,,,,,,,,,irrigation management training institute,Irrigation Management Training Institute,Body/Corporation
2017,87,W,Public Works Department,Cauvery Technical Cell,0,1,,5,5,,5,,,,,,,,,,,,1,,,,,,,,1,1,cauvery technical cell,Cauvery Technical Cell,HOD
2017,87,W,Public Works Department,Directorate of Boilers,0,10,,8,8,,8,,,,,,,,,,,,1,,,,,,,,1,1,boilers,Directorate of Boilers,HOD
2017,87,W,Public Works Department,Public Works Department Total,1,331,21,4177,4198,634,3446,15,,,1,30,,72,19280,,,,127,21,367,388,369,13,6,,1,1,public works total,Public Works Department Total,HOD
2017,88,W,Revenue and Disaster Management Department,"Revenue and Disaster Management Department, Secretariat",0,13,1,1289,1290,827,423,30,,,,10,,,64,,,,8,,83,83,75,7,1,,1,1,revenue disaster management secretariat,"Revenue and Disaster Management Department, Secretariat",Secretariat
2017,88,W,Revenue and Disaster Management Department,Land Administration,0,7,11,802,813,543,249,,,,,9,,12,1584,,,,3,,12,12,3,9,,,1,1,land administration,Commissionerate of Land Administration,HOD
2017,88,W,Revenue and Disaster Management Department,Survey and Settlement,0,89,347,7641,7988,2851,4981,1,,,,29,,126,244632,,,,32,3,235,238,218,11,9,,1,1,survey settlement,Survey and Settlement,HOD
2017,88,W,Revenue and Disaster Management Department,Urban Land Ceiling and Urban Land Tax,0,8,,320,320,28,287,,,,1,,,4,689,,,,1,,,,,,,,1,1,urban land ceiling urban land tax,Commissionerate of Urban Land Ceiling and Urban Land Tax,HOD
2017,88,W,Revenue and Disaster Management Department,Revenue Administration Disaster Management and Mitigation,0,610,1773,94959,96732,23947,67991,716,190,180,49,2014,,1645,77489,,,,411,358,8446,8804,7979,580,245,,1,1,revenue administration disaster management mitigation,Revenue Administration Disaster Management and Mitigation,HOD
2017,88,W,Revenue and Disaster Management Department,Land Reforms,0,2,,118,118,4,54,45,,,,,,15,,,,,1,,8,8,3,5,,,1,1,land reforms,Commissionerate of Land Reforms,HOD
2017,88,W,Revenue and Disaster Management Department,Revenue and Disaster Management Department Total,1,729,2132,105129,107261,28200,73985,792,190,180,50,2062,,1802,324458,,,,456,361,8784,9145,8278,612,255,,1,1,revenue disaster management total,Revenue and Disaster Management Department Total,HOD
2017,88,W,Rural Development and Panchayat Raj Department,"Rural Development and Panchayat Raj Department, Secretariat",0,9,,475,475,384,85,1,,,,5,,,10,,,,6,,25,25,25,,,,1,1,rural development panchayat raj secretariat,"Rural Development and Panchayat Raj Department, Secretariat",Secretariat
2017,88,W,Rural Development and Panchayat Raj Department,Directorate of Rural Development & Panchayat Raj,0,1809,1837,18420,20257,2270,16268,67,13,9,,35,,1595,10460,,,,923,351,1643,1994,1466,27,501,,1,1,rural development panchayat raj secretariat,"Rural Development and Panchayat Raj Department, Secretariat",HOD
2017,88,W,Rural Development and Panchayat Raj Department,Tamil Nadu Corporation for Development of Women,0,33,,102,102,10,92,,,,,,,,,,,,33,,8,8,8,,,,1,1,for development women,Tamil Nadu Corporation for Development of Women,Body/Corporation
2017,88,W,Rural Development and Panchayat Raj Department,IFDA assisted Post Tsunami Sustainable Livelihoods Programmes,0,1,,3,3,,3,,,,,,,,,,,,1,,,,,,,,1,1,ifda assisted post tsunami sustainable livelihoods programmes,IFDA assisted Post Tsunami Sustainable Livelihoods Programmes,HOD
2017,88,W,Rural Development and Panchayat Raj Department,Tamil Nadu State Election Commission,0,1,,226,226,173,53,,,,,,,,160,,,,1,,18,18,18,,,,1,1,state election commission,Tamil Nadu State Election Commission,Body/Corporation
2017,88,W,Rural Development and Panchayat Raj Department,Rural Development and Panchayat Raj Department Total,1,1853,1837,19226,21063,2837,16501,68,13,9,,40,,1595,10630,,,,964,351,1694,2045,1517,27,501,,1,1,rural development panchayat raj total,Rural Development and Panchayat Raj Department Total,HOD
2017,89,W,School Education Department,"School Education Department, Secretariat",0,6,,1205,1205,998,162,,,,,45,,,270,,,,4,,33,33,11,22,,,1,1,school education,Directorate of School Education,Secretariat
2017,89,W,School Education Department,Directorate of School Education,0,66,,3663,3663,1274,2363,11,3,4,,8,,,240,,,,1,,338,338,338,,,,1,1,school education,Directorate of School Education,HOD
2017,89,W,School Education Department,Elementary Education,0,455,,8681,8681,1355,7326,,,,,,,,,,,,2,,28,28,28,,,,1,1,elementary education,Directorate of Elementary Education,HOD
2017,89,W,School Education Department,Matriculation Schools,0,16,,391,391,14,377,,,,,,,,,,,,1,,12,12,12,,,,1,1,matriculation schools,Matriculation Schools,HOD
2017,89,W,School Education Department,Nonformal & Adult Education,0,1,,13,13,1,12,1,,,,,,,,,,,,,,,,,,,1,0,nonformal adult education,Nonformal & Adult Education,HOD
2017,89,W,School Education Department,State Council of Education Research and Training,0,2,1,81,82,,72,,,,,9,,1,,,,,1,,,,,,,,1,1,state council education research training,Directorate of State Council of Education Research and Training,HOD
2017,89,W,School Education Department,Government Examinations,0,9,,738,738,65,673,,,,,,,,1230,,,,1,,1,1,1,,,,1,1,examinations,Directorate of Government Examinations,HOD
2017,89,W,School Education Department,Public Libraries,0,35,,747,747,,747,,,,,,,,1864,,,,35,,83,83,83,,,,1,1,public libraries,Directorate of Public Libraries,HOD
2017,89,W,School Education Department,Tamil Nadu Text Book and Educational Services Corporation,0,1,,20,20,,20,,,,,,,,,,,,1,,,,,,,,1,1,text book educational services,Tamil Nadu Text Book and Educational Services Corporation,Body/Corporation
2017,89,W,School Education Department,Teachers Recruitment Board,0,2,,1712,1712,46,1666,,,,,,,,372,,,,5,,8,8,8,,,,1,1,teachers recruitment board,Teachers Recruitment Board,Body/Corporation
2017,89,W,School Education Department,Sarva Shiksha Abhiyan,0,30,15,541,556,19,531,,,,,,,6,,,,,34,1,28,29,29,,,,1,1,sarva shiksha abhiyan,Sarva Shiksha Abhiyan,HOD
2017,89,W,School Education Department,Rashtriya Madhyamik Shiksha Abhiyan,0,1,,34,34,3,31,,,,,,,,,,,,1,,,,,,,,1,1,rashtriya madhyamik shiksha abhiyan,Rashtriya Madhyamik Shiksha Abhiyan,HOD
2017,89,W,School Education Department,School Education Department Total,1,624,16,17826,17842,3775,13980,11,3,4,,62,,7,3976,,,,87,1,531,532,510,22,,,1,1,school education total,School Education Department Total,HOD
2017,89,W,Social Reforms Department,"Social Reforms Department, Secretariat",0,1,,,,,,,,,,,,,,,,,1,,,,,,,,,,social reforms secretariat,"Social Reforms Department, Secretariat",Secretariat
2017,89,W,Social Reforms Department,Social Reforms Department Total,1,1,,,,,,,,,,,,,,,,,1,,,,,,,,,,social reforms total,Social Reforms Department Total,HOD
2017,90,W,Social Welfare and Nutritious Meal Programme Department,"Social Welfare and Nutritious Meal Programme Department, Secretariat",0,9,,219,219,113,97,8,,,,1,,,64,,,,2,,8,8,4,4,,,1,1,social welfare,Tamil Nadu Social Welfare Board,Secretariat
2017,90,W,Social Welfare and Nutritious Meal Programme Department,Directorate of Social Welfare,0,467,,269,269,,269,,,,,,,,,,,,467,,38,38,38,,,,1,1,social welfare,Tamil Nadu Social Welfare Board,HOD
2017,90,W,Social Welfare and Nutritious Meal Programme Department,Commissionerate of Social Defence,0,17,,42,42,,42,,,,,,,,200,,,,1,,,,,,,,1,1,social defence,Commissionerate of Social Defence,HOD
2017,90,W,Social Welfare and Nutritious Meal Programme Department,Integrated Child Development Services Scheme,0,467,,99,99,26,73,,,,,,,,,,,,467,,,,,,,,1,1,integrated child development services,Directorate of Integrated Child Development Services,HOD
2017,90,W,Social Welfare and Nutritious Meal Programme Department,Tamil Nadu Social Welfare Board,0,1,,3,3,,3,,,,,,,,,,,,1,,,,,,,,1,1,social welfare,Tamil Nadu Social Welfare Board,Body/Corporation
2017,90,W,Social Welfare and Nutritious Meal Programme Department,Social Welfare and Nutritious Meal Programme Department Total,1,961,,632,632,139,484,8,,,,1,,,264,,,,938,,46,46,42,4,,,1,1,social welfare nutritious meal programme total,Social Welfare and Nutritious Meal Programme Department Total,HOD
2017,90,W,Special Programme Implementation Department,"Special Programme Implementation Department, Secretariat",0,1,,12,12,5,7,,,,,,,,,,,,1,,3,3,3,,,,1,1,special programme implementation secretariat,"Special Programme Implementation Department, Secretariat",Secretariat
2017,90,W,Special Programme Implementation Department,Special Programme Implementation Department Total,1,1,,12,12,5,7,,,,,,,,,,,,1,,3,3,3,,,,1,1,special programme implementation total,Special Programme Implementation Department Total,HOD
2017,90,W,Tamil Development and Information Department,"Tamil Development and Information Department, Secretariat",0,3,,30,30,14,12,2,,,,2,,,,,,,3,,,,,,,,1,1,development information secretariat,"Tamil Development and Information Department, Secretariat",Secretariat
2017,90,W,Tamil Development and Information Department,Directorate of Tamil Development,0,32,,33,33,,33,,,,,,,,224,,,,1,,,,,,,,1,1,backward classes economic development,Tamil Nadu Backward Classes Economic Development Corporation,HOD
2017,90,W,Tamil Development and Information Department,Directorate of Information and Public Relations,0,1,,185,185,48,114,13,10,,,,,,,,,,1,,18,18,18,,,,1,1,information public relations,Directorate of Information and Public Relations,HOD
2017,90,W,Tamil Development and Information Department,Directorate of Tamil Etymological Dictionary Project,0,1,,,,,,,,,,,,,,,,,1,,,,,,,,,,etymological dictionary project,Directorate of Tamil Etymological Dictionary Project,HOD
2017,91,W,Tamil Development and Information Department,Directorate of Stationery and Printing,0,10,2,169,171,26,138,1,,4,,2,,,,,,,10,,38,38,36,2,,,1,1,stationery printing,Directorate of Stationery and Printing,HOD
2017,91,W,Tamil Development and Information Department,Tamil Development and Information Department Total,1,47,2,417,419,88,297,16,10,4,,4,,,224,,,,16,,56,56,54,2,,,1,1,development information total,Tamil Development and Information Department Total,HOD
2017,91,W,"Tourism, Culture and Religious Endowments Department","Tourism, Culture and Religious Endowments Department, Secretariat.",0,6,,139,139,84,50,3,,,,2,,,160,,,,3,,7,7,5,2,,,1,1,tourism culture religious endowments secretariat,"Tourism, Culture and Religious Endowments Department, Secretariat.",Secretariat
2017,91,W,"Tourism, Culture and Religious Endowments Department",Museum,0,1,,3,3,,3,,,,,,,,,,,,1,,,,,,,,1,1,museum,Directorate of Museum,HOD
2017,91,W,"Tourism, Culture and Religious Endowments Department",Archaeology,0,19,,27,27,2,25,,,,,,,,,,,,5,,2,2,2,,,,1,1,archaeology,Commissionerate of Archaeology,HOD
2017,91,W,"Tourism, Culture and Religious Endowments Department",Art and Culture,0,16,,86,86,5,76,5,,,,,,,242,,,,1,,6,6,,,,,1,1,art culture,Commissionerate of Art and Culture,HOD
2017,91,W,"Tourism, Culture and Religious Endowments Department",Hindu Religious and Charitable Endowments,0,145,209,6505,6714,1381,5243,66,,,,,,24,,,,,23,22,633,655,632,12,11,,1,1,hindu religious charitable endowments,Commissionerate of Hindu Religious and Charitable Endowments,HOD
2017,91,W,"Tourism, Culture and Religious Endowments Department",Tourism Department,0,1,,17,17,,17,,,,,,,,,,,,1,,,,,,,,1,1,tourism,Commissionerate of Tourism,HOD
2017,91,W,"Tourism, Culture and Religious Endowments Department",Tamil Nadu Tourism Development Corporation,0,1,,24,24,8,16,,,,,,,,54,,,,1,,6,6,6,,,,1,1,tourism development,Tamil Nadu Tourism Development Corporation,Body/Corporation
2017,91,W,"Tourism, Culture and Religious Endowments Department","Tourism, Culture and Religious Endowments Department Total",1,189,209,6801,7010,1480,5430,74,,,,2,,24,456,,,,35,22,654,676,651,14,11,,1,1,tourism culture religious endowments total,"Tourism, Culture and Religious Endowments Department Total",HOD
2017,91,W,Transport Department,"Transport Department, Secretariat",0,4,7,505,512,369,140,2,,,,1,,,3944,,,,2,,151,151,149,2,,,1,1,transport secretariat,"Transport Department, Secretariat",Secretariat
2017,91,W,Transport Department,"Metropolitan Transport Corporation (Chennai) Ltd.,",0,1,34,574,608,10,462,50,,,,64,,22,14606,,,,1,11,106,117,109,,8,,1,1,metropolitan transport,"Metropolitan Transport Corporation (Chennai) Ltd.,",Body/Corporation
2017,91,W,Transport Department,"State Express Transport Corporation, Chennai",0,1,10,547,557,12,465,9,,4,,49,,18,17314,,,,1,3,78,81,75,6,,,1,1,state express transport,"State Express Transport Corporation, Chennai",Body/Corporation
2017,91,W,Transport Department,"Tamil Nadu State Transport Corporation (Villupuram) Ltd.,",0,1,66,736,802,6,678,34,,,,23,,61,34336,,,,1,8,77,85,75,4,6,,1,1,state transport villupuram,"Tamil Nadu State Transport Corporation (Villupuram) Ltd.,",Body/Corporation
2017,91,W,Transport Department,"Tamil Nadu State Transport Corporation (Kumbakonam), Ltd.,",0,1,127,963,1090,11,718,74,,,,177,,110,39714,,,,1,17,192,209,122,60,27,,1,1,state transport kumbakonam,"Tamil Nadu State Transport Corporation (Kumbakonam) Ltd.,",Body/Corporation
2017,92,W,Transport Department,"Tamil Nadu State Transport Corporation ( Salem) Ltd.,",0,1,58,703,761,,713,,,,,,,48,36016,,,,1,,,,,,,,1,1,state transport salem,"Tamil Nadu State Transport Corporation (Salem), Ltd.,",Body/Corporation
2017,92,W,Transport Department,"Tamil Nadu State Transport Corporation (Coimbatore) Ltd.,",0,1,94,907,1001,2,912,5,2,5,,2,,73,22948,,,,1,19,181,200,186,,14,,1,1,state transport coimbatore,"Tamil Nadu State Transport Corporation (Coimbatore) Ltd.,",Body/Corporation
2017,92,W,Transport Department,"Tamil Nadu State Transport Corporation (Madurai) Ltd.,",0,1,45,685,730,9,658,49,,,,,,14,30564,,,,1,29,22,51,33,,18,,1,1,state transport madurai,"Tamil Nadu State Transport Corporation (Madurai) Ltd.,",Body/Corporation
2017,92,W,Transport Department,"Tamil Nadu State Transport Corporation (Tirunelveli) Ltd.,",0,1,15,812,827,3,789,13,,,,3,,19,4584,,,,1,2,109,111,110,1,,,1,1,state transport tirunelveli,"Tamil Nadu State Transport Corporation (Tirunelveli) Ltd.,",Body/Corporation
2017,92,W,Transport Department,"Motor Vehicles & Maintenance Department, Chennai",0,21,,40,40,,40,,,,,,,,680,,,,1,,4,4,4,,,,1,1,motor vehicles maintenance,"Motor Vehicles & Maintenance Department, Chennai",HOD
2017,92,W,Transport Department,"Institute of Road Transport, Chennai",0,1,,24,24,4,20,,,,,,,,480,,,,1,,4,4,4,,,,1,1,institute road transport,"Institute of Road Transport, Chennai",Body/Corporation
2017,92,W,Transport Department,"Transport Development Finance Corporation Ltd.,",0,1,,8,8,,8,,,,,,,,200,,,,1,,,,,,,,1,1,transport development finance,"Transport Development Finance Corporation Ltd.,",Body/Corporation
2017,92,W,Transport Department,"Pallavan Transport Consultancy Services, Chennai",0,2,,,,,,,,,,,,,,,,,1,,,,,,,,,,pallavan transport consultancy services,"Pallavan Transport Consultancy Services, Chennai",HOD
2017,92,W,Transport Department,Transport Department Total,1,37,456,6504,6960,426,5603,236,2,9,,319,,365,205386,,,,14,89,924,1013,867,73,73,,1,1,transport total,Transport Department Total,HOD
2017,92,W,Welfare of Differently Abled Persons Department,"Welfare of Differently Abled Persons Department, Secretariat",0,2,,55,55,37,14,1,,1,,2,,,400,,,,1,,1,1,,1,,,1,1,welfare differently abled persons secretariat,"Welfare of Differently Abled Persons Department, Secretariat",Secretariat
2017,92,W,Welfare of Differently Abled Persons Department,Commissionerate for the Welfare of Differently Abled,0,40,,449,449,24,424,1,,,,,,,,,,,2,,11,11,11,,,,1,1,for welfare differently abled,Commissionerate for the Welfare of Differently Abled,HOD
2017,92,W,Welfare of Differently Abled Persons Department,Welfare of Differently Abled Persons Department Total,1,42,,504,504,61,438,2,,1,,2,,,400,,,,3,,12,12,11,1,,,1,1,welfare differently abled persons total,Welfare of Differently Abled Persons Department Total,HOD
2017,93,W,Youth Welfare and Sports Development Department,"Youth Welfare and Sports Development, Secretariat",0,1,,19,19,15,2,,,,,2,,,170,,,,1,,4,4,4,,,,1,1,youth welfare sports development secretariat,"Youth Welfare and Sports Development, Secretariat",Secretariat
2017,93,W,Youth Welfare and Sports Development Department,Sports Development Authority of Tamil Nadu,0,34,,169,169,1,168,,,,,,,,1690,,,,1,,,,,,,,1,1,sports development authority,Sports Development Authority of Tamil Nadu,Body/Corporation
2017,93,W,Youth Welfare and Sports Development Department,National Cadet Corps,0,58,,6,6,,4,,2,,,,,,60,,,,1,,,,,,,,1,1,national cadet corps,National Cadet Corps,HOD
2017,93,W,Youth Welfare and Sports Development Department,National Service Scheme,0,1,,,,,,,,,,,,,10,,,,1,,1,1,1,,,,,,national service scheme,National Service Scheme,HOD
2017,93,W,Youth Welfare and Sports Development Department,Tamil Nadu Physical Education and Sports University,0,1,,33,33,25,8,,,,,,,,330,,,,1,,,,,,,,1,1,physical education sports university,Tamil Nadu Physical Education and Sports University,Body/Corporation
2017,93,W,Youth Welfare and Sports Development Department,Youth Welfare and Sports Development Department Total,1,95,,227,227,41,182,,2,,,2,,,2260,,,,5,,5,5,5,,,,1,1,youth welfare sports development total,Youth Welfare and Sports Development Department Total,HOD
2017,93,W,Legislative Assembly Secretariat,Legislative Assembly Secretariat.,0,16,1,158,159,36,91,13,,,,14,,5,7688,,,,2,,14,14,4,10,,,1,1,legislative assembly secretariat,Legislative Assembly Secretariat.,Secretariat
2017,93,W,Legislative Assembly Secretariat,Legislative Assembly Secretariat Total,1,16,1,158,159,36,91,13,,,,14,,5,7688,,,,2,,14,14,4,10,,,1,1,legislative assembly secretariat total,Legislative Assembly Secretariat Total,Secretariat
2017,93,W,Tamil Nadu Information Commission,Tamil Nadu Information Commission,0,1,476,1216,1692,,1342,,,,,,,350,,,,,1,,56,56,32,,24,,1,1,information commission,Tamil Nadu Information Commission,Body/Corporation
2017,93,W,Tamil Nadu Information Commission,Tamil Nadu Information Commission Total,1,1,476,1216,1692,,1342,,,,,,,350,,,,,1,,56,56,32,,24,,1,1,information commission total,Tamil Nadu Information Commission Total,Body/Corporation
2017,93,W,Grand,Grand Total,1,14515,10837,335906,346743,60153,264098,3450,772,1090,874,5982,,10324,1487024,,,,5211,2828,24833,27661,23442,2416,1803,,1,1,grand total,Grand Total,HOD
2018,59,W,Adi Dravidar and Tribal Welfare Department,"Adi Dravidar and Tribal Welfare Department, Secretariat",0,8,,344,344,96,236,9,,,,3,,,555,,,,3,,17,17,5,12,,,1,1,adi dravidar tribal welfare secretariat,Directorate of Tribal Welfare,Secretariat
2018,59,W,Adi Dravidar and Tribal Welfare Department,Directorate of Adi Dravidar Welfare,0,1,,335,335,,335,,,,,,,,590,,,,1,,,,,,,,1,1,adi dravidar welfare,Directorate of Adi Dravidar Welfare,HOD
2018,59,W,Adi Dravidar and Tribal Welfare Department,Directorate of Tribal Welfare,0,1,,81,81,,81,,,,,,,,,,,,1,,,,,,,,1,1,adi dravidar tribal welfare secretariat,Directorate of Tribal Welfare,HOD
2018,59,W,Adi Dravidar and Tribal Welfare Department,Tamil Nadu Adi Dravidar Housing and Development Corporation (TAHDCO),0,43,,54,54,11,41,,,,,2,,,,,,,43,,6,6,6,,,,1,1,adi dravidar housing development tahdco,Tamil Nadu Adi Dravidar Housing and Development Corporation (TAHDCO),Body/Corporation
2018,59,W,Adi Dravidar and Tribal Welfare Department,Adi Dravidar and Tribal Welfare Department Total,1,53,,814,814,107,693,9,,,,5,,,1145,,,,48,,23,23,11,12,,,1,1,adi dravidar tribal welfare total,Adi Dravidar and Tribal Welfare Department Total,HOD
2018,59,W,Agriculture Department,"Agriculture Department, Secretariat",0,11,,142,142,114,26,1,,,,1,,,768,,,,6,,6,6,4,2,,,1,1,agriculture secretariat,"Agriculture Department, Secretariat",Secretariat
2018,59,W,Agriculture Department,Directorate of Agriculture,0,68,64,999,1063,85,841,17,,,,12,,108,984,,,,31,36,161,197,167,3,27,,1,1,agriculture secretariat,"Agriculture Department, Secretariat",HOD
2018,59,W,Agriculture Department,Directorate of Horticulture and Plantation Crops,0,116,7,271,278,22,249,4,,,,,,3,104,,,,34,,31,31,29,1,1,,1,1,horticulture plantation crops,Directorate of Horticulture and Plantation Crops,HOD
2018,59,W,Agriculture Department,Agricultural Marketing and Agri Business,0,9,6,35,2,41,2,39,,,,,,,148,,,,7,,2,2,2,,,,0,0,agricultural marketing agri business,Agricultural Marketing and Agri Business,HOD
2018,59,W,Agriculture Department,Directorate of Seed Certification and Organic Certification,0,1,1,16,17,,17,,,,,,,,,,,,1,1,1,2,2,,,,1,1,seed certification organic certification,Directorate of Seed Certification and Organic Certification,HOD
2018,59,W,Agriculture Department,Agricultural Engineering,0,153,8,230,238,26,186,11,,,,10,,5,5000,,,,148,,11,11,2,9,,,1,1,agricultural engineering,Agricultural Engineering,HOD
2018,59,W,Agriculture Department,Tamil Nadu Agricultural,0,2,7,209,216,,183,18,,1,,10,,4,260,,,,1,,14,14,14,,,,1,1,agricultural engineering,Agricultural Engineering,HOD
2018,60,W,Agriculture Department,University Tamil Nadu Watershed Development Agency,0,1,,10,10,,10,,,,,,,,,,,,1,,,,,,,,1,1,watershed development agency,Tamil Nadu Watershed Development Agency,Body/Corporation
2018,60,W,Agriculture Department,Agriculture Department Total,1,361,93,1912,2005,249,1551,51,,1,,33,,120,7264,,,,229,37,226,263,220,15,28,,1,1,agriculture total,Agriculture Department Total,HOD
2018,60,W,"Animal Husbandry, Dairying & Fisheries Department","Animal Husbandry, Dairying & Fisheries Department, Secretariat",0,6,,118,118,72,41,1,,,,5,,,152,,,,5,,7,7,7,,,,1,0,animal husbandry dairying fisheries secretariat,"Animal Husbandry, Dairying & Fisheries Department, Secretariat.",Secretariat
2018,60,W,"Animal Husbandry, Dairying & Fisheries Department",Directorate of Milk Production and Dairy Development,0,30,,445,445,43,378,4,4,,4,6,,6,3224,,,,30,,15,15,15,,,,1,1,milk production dairy development,Directorate of Milk Production and Dairy Development,HOD
2018,60,W,"Animal Husbandry, Dairying & Fisheries Department",Directorate of Audit for Milk Co- operatives,0,6,,14,14,2,12,,,,,,,,,,,,1,,1,1,1,,,,1,1,audit for milk co operatives,Directorate of Audit for Milk Cooperative,HOD
2018,60,W,"Animal Husbandry, Dairying & Fisheries Department",Tamil Nadu Co-operative Milk Producers Federation,0,1,7,142,149,30,104,,,,,5,,10,534,,,,1,1,21,22,17,1,4,,1,1,co operative milk producers federation,Tamil Nadu Co-operative Milk Producers Federation,HOD
2018,60,W,"Animal Husbandry, Dairying & Fisheries Department",Tamil Nadu Veterinary and Animal Sciences University,0,1,4,69,73,1,71,,,,,,,1,,,,,1,,7,7,7,,,,1,1,veterinary animal sciences university,Tamil Nadu Veterinary and Animal Sciences University,Body/Corporation
2018,60,W,"Animal Husbandry, Dairying & Fisheries Department",Director of Animal Husbandry and Veterinary Services,0,33,,405,405,3,392,1,,,,,,9,,,,,3,,24,24,24,,,,1,1,director animal husbandry veterinary services,Director of Animal Husbandry and Veterinary Services,HOD
2018,60,W,"Animal Husbandry, Dairying & Fisheries Department",Tamil Nadu Livestock Development Agency,0,1,,1,1,,1,,,,,,,,,,,,1,,,,,,,,1,1,livestock development agency,Tamil Nadu Livestock Development Agency,Body/Corporation
2018,60,W,"Animal Husbandry, Dairying & Fisheries Department",Directorate of Fisheries,0,29,148,354,502,,502,,,,,,,,,,,,7,,,,,,,,1,1,fisheries development,Tamil Nadu Fisheries Development Corporation,HOD
2018,60,W,"Animal Husbandry, Dairying & Fisheries Department",Tamil Nadu Dr.J.Jayalalitha Fisheries University,0,1,2,27,29,,26,,,,,,,3,,,,,1,,1,1,1,,,,1,1,dr j jayalalitha fisheries university,Tamil Nadu Dr.J.Jayalalitha Fisheries University,Body/Corporation
2018,60,W,"Animal Husbandry, Dairying & Fisheries Department",Tamil Nadu Fisheries Development Corporation,0,1,3,20,23,2,19,,,,,2,,,,,,,1,,,,,,,,1,1,fisheries development,Tamil Nadu Fisheries Development Corporation,Body/Corporation
2018,61,W,"Animal Husbandry, Dairying & Fisheries Department",Tamil Nadu State Apex Fisheries Co-operative Federation,0,1,,,,,,,,,,,,,,,,,1,,,,,,,,,,state apex fisheries co operative federation,Tamil Nadu State Apex Fisheries Co-operative Federation,HOD
2018,61,W,"Animal Husbandry, Dairying & Fisheries Department","Animal Husbandry, Dairying & Fisheries Department Total",1,110,164,1595,1759,153,1546,5,4,,4,18,,29,3910,,,,52,1,76,77,72,1,4,,1,1,animal husbandry dairying fisheries total,"Animal Husbandry, Dairying & Fisheries Department Total",HOD
2018,61,W,"Backward Classes, Most Backward Classes and Minorities Welfare Department","Backward Classes, Most Backward Classes and Minorities Welfare Department, Secretariat",0,5,,202,202,79,120,,,,,3,,,156,,,,3,,23,23,19,4,,,1,1,backward classes most backward classes minorities welfare secretariat,Directorate of Minorities Welfare,Secretariat
2018,61,W,"Backward Classes, Most Backward Classes and Minorities Welfare Department",Directorate of Backward Classes Welfare,0,35,4,429,433,28,387,13,,,,,,5,108,,,,33,,15,15,9,6,,,1,1,backward classes welfare,Directorate of Backward Classes Welfare,HOD
2018,61,W,"Backward Classes, Most Backward Classes and Minorities Welfare Department",Directorate of Most Backward Classes & Denotified Communities Welfare,0,3,,129,129,6,123,,,,,,,,1178,,,,2,,14,14,14,,,,1,1,most backward classes denotified communities welfare,Most Backward Classes & Denotified Communities Welfare,HOD
2018,61,W,"Backward Classes, Most Backward Classes and Minorities Welfare Department",Directorate of Minorities Welfare,0,1,,24,24,10,14,,,,,,,,,,,,1,,,,,,,,1,1,backward classes most backward classes minorities welfare secretariat,Directorate of Minorities Welfare,HOD
2018,61,W,"Backward Classes, Most Backward Classes and Minorities Welfare Department",Tamil Nadu Backward Classes Commission,0,1,,25,25,4,17,,,,,3,,1,454,,,,1,,2,2,,2,,,1,1,backward classes commission,Tamil Nadu Backward Classes Commission,Body/Corporation
2018,61,W,"Backward Classes, Most Backward Classes and Minorities Welfare Department",State Minorities Commission,0,1,,7,7,1,6,,,,,,,,,,,,1,,2,2,2,,,,1,1,state minorities commission,State Minorities Commission,Body/Corporation
2018,61,W,"Backward Classes, Most Backward Classes and Minorities Welfare Department",Tamil Nadu Backward Classes Economic Development Corporation,0,1,,14,14,,14,,,,,,,,,,,,1,,,,,,,,1,1,backward classes economic development,Tamil Nadu Backward Classes Economic Development Corporation,Body/Corporation
2018,62,W,"Backward Classes, Most Backward Classes and Minorities Welfare Department",Tamil Nadu Minorities Economic Development Corporation,0,1,,3,3,,3,,,,,,,,,,,,1,,,,,,,,1,1,minorities economic development,Tamil Nadu Minorities Economic Development Corporation,Body/Corporation
2018,62,W,"Backward Classes, Most Backward Classes and Minorities Welfare Department",Tamil Nadu Wakf Board,0,1,19,1280,1299,10,1061,,,,,201,,27,977,,,,1,2,200,202,188,12,2,,1,1,wakf board,Tamil Nadu Wakf Board,Body/Corporation
2018,62,W,"Backward Classes, Most Backward Classes and Minorities Welfare Department",Tamil Nadu State Hajj Committee,0,1,,10,10,,10,,,,,,,,4,,,,1,,1,1,1,,,,1,1,state hajj committee,Tamil Nadu State Hajj Committee,HOD
2018,62,W,"Backward Classes, Most Backward Classes and Minorities Welfare Department","Backward Classes, Most Backward Classes and Minorities Welfare Department Total",1,50,23,2123,2146,138,1755,13,,,,207,,33,2877,,,,45,2,257,259,233,24,2,,1,1,backward classes most backward classes minorities welfare total,"Backward Classes, Most Backward Classes and Minorities Welfare Department Total",HOD
2018,62,W,Commercial Taxes and Registration Department,"Commercial Taxes and Registration Department, Secretariat",0,2,,219,219,100,116,,,,,3,,,142,,,,3,,9,9,9,,,,1,1,commercial taxes,Commissionerate of Commercial Taxes,Secretariat
2018,62,W,Commercial Taxes and Registration Department,Commissionerate of Commercial Taxes,0,507,23,847,870,70,650,62,3,3,,59,,23,1068,,,,77,13,88,101,68,22,11,,1,1,commercial taxes,Commissionerate of Commercial Taxes,HOD
2018,62,W,Commercial Taxes and Registration Department,Registration,0,719,32,14651,14683,714,13887,31,,,,24,,27,50943,,,,74,8,1076,1084,1075,1,8,,1,1,registration,Registration,HOD
2018,62,W,Commercial Taxes and Registration Department,Tamil Nadu Sales Tax Appellate Tribunal,0,22,,2,2,,,,,,,2,,,,,,,1,,,,,,,,1,,sales tax appellate tribunal,Tamil Nadu Sales Tax Appellate Tribunal,Body/Corporation
2018,62,W,Commercial Taxes and Registration Department,Commercial Taxes and Registration Department Total,1,1250,55,15719,15774,884,14653,93,3,3,,88,,50,52153,,,,155,21,1173,1194,1152,23,19,,1,1,commercial taxes registration total,Commercial Taxes and Registration Department Total,HOD
2018,62,W,"Co-operation, Food and Consumer Protection Department","Co-operation, Food and Consumer Protection Department, Secretariat",0,8,5,247,252,192,52,3,,,,5,,,598,,,,4,,15,15,5,8,2,,1,1,co operation food consumer protection secretariat,"Co-operation, Food and Consumer Protection Department, Secretariat",Secretariat
2018,62,W,"Co-operation, Food and Consumer Protection Department",Registrar of Co-operative Societies,0,3335,52,3753,3805,765,2839,34,,1,,95,,71,436,,,,356,44,494,538,495,13,30,,1,1,registrar co operative societies,Registrar of Co-operative Societies,HOD
2018,63,W,"Co-operation, Food and Consumer Protection Department",Commissioner of Civil Supplies and Consumer Protection,0,20,,457,457,162,272,23,,,,,,,6804,,,,20,,34,34,29,5,,,1,1,commissioner civil supplies consumer protection,Commissioner of Civil Supplies and Consumer Protection,HOD
2018,63,W,"Co-operation, Food and Consumer Protection Department",Tamil Nadu Civil Supplies Corporation,0,49,7,582,589,5,562,17,,,,5,,,94,,,,34,,38,38,37,1,,,1,1,commissioner civil supplies consumer protection,Commissioner of Civil Supplies and Consumer Protection,Body/Corporation
2018,63,W,"Co-operation, Food and Consumer Protection Department",State Consumer Disputes Redressal Commission,0,32,,159,159,4,155,,,,,,,,,,,,1,,40,40,40,,,,1,1,state consumer disputes redressal commission,State Consumer Disputes Redressal Commission,Body/Corporation
2018,63,W,"Co-operation, Food and Consumer Protection Department",Tamil Nadu Warehousing Corporation,0,1,,20,20,,18,,,,,2,,,174,,,,1,,1,1,1,,,,1,1,warehousing,Tamil Nadu Warehousing Corporation,Body/Corporation
2018,63,W,"Co-operation, Food and Consumer Protection Department","Co-operation, Food and Consumer Protection Department Total",1,3445,64,5218,5282,1128,3898,77,,1,,107,,71,8106,,,,416,44,622,666,607,27,32,,1,1,co operation food consumer protection total,"Co-operation, Food and Consumer Protection Department Total",HOD
2018,63,W,Energy Department,"Energy Department, Secretariat",0,3,,116,116,110,4,,,,,2,,,,,,,1,,2,2,2,,,,1,1,energy secretariat,"Energy Department, Secretariat",Secretariat
2018,63,W,Energy Department,Tamil Nadu Generation and Distribution Corporation Limited,0,313,283,8087,8370,760,7307,58,,,,,,245,67787,,,,175,83,1202,1285,1201,8,76,,1,1,generation distribution,Tamil Nadu Generation and Distribution Corporation Limited,Body/Corporation
2018,63,W,Energy Department,Tamil Nadu Energy Development Agency,0,1,,9,9,2,7,,,,,,,,,,,,1,,,,,,,,1,1,energy development agency,Tamil Nadu Energy Development Agency,Body/Corporation
2018,63,W,Energy Department,Electrical Inspectorate,0,25,,91,91,2,87,1,,,,1,,,,,,,1,1,12,13,10,1,2,,1,1,electrical inspectorate,Electrical Inspectorate,HOD
2018,63,W,Energy Department,Tamil Nadu Electricity Regulatory Commission,0,1,,95,95,22,69,,,,,4,,,210,,,,1,,6,6,4,2,,,1,1,electricity regulatory commission,Tamil Nadu Electricity Regulatory Commission,Body/Corporation
2018,63,W,Energy Department,Tamil Nadu Power Finance and Infrastructure Development Corporation Limited,0,1,,42,42,,42,,,,,,,,,,,,1,,,,,,,,1,1,power finance infrastructure development,Tamil Nadu Power Finance and Infrastructure Development Corporation Limited,Body/Corporation
2018,63,W,Energy Department,Energy Department Total,1,344,283,8440,8723,896,7516,59,,,,7,,245,67997,,,,180,84,1222,1306,1217,11,78,,1,1,energy total,Energy Department Total,HOD
2018,64,W,Environment and Forests,"Environment and Forests, Secretariat",0,7,1,201,202,101,99,1,,,,1,,,640,,,,5,,11,11,11,,,,1,1,environment,Directorate of Environment,Secretariat
2018,64,W,Environment and Forests,Tamil Nadu Forests Department,0,1,16,318,334,112,189,,,,,,,33,,,,,1,,23,23,22,,1,,1,1,forests,Tamil Nadu Forests Department,HOD
2018,64,W,Environment and Forests,Tamil Nadu Pollution Control Board,0,45,,1955,1955,7,1948,,,,,,,,31594,,,,1,,179,179,179,,,,1,1,pollution control board,Tamil Nadu Pollution Control Board,Body/Corporation
2018,64,W,Environment and Forests,Directorate of Environment,0,1,,73,73,17,56,,,,,,,,5776,,,,1,,,,,,,,1,1,environment,Directorate of Environment,HOD
2018,64,W,Environment and Forests,Tamil Nadu Forest Plantation Corporation Limited,0,7,,24,24,11,13,,,,,,,,356,,,,7,,,,,,,,1,1,forest plantation,Tamil Nadu Forest Plantation Corporation Limited,Body/Corporation
2018,64,W,Environment and Forests,Arasu Rubber Corporation Limited,0,1,1,45,46,,38,,,,,3,,5,420,,,,1,1,5,6,4,,2,,1,1,arasu rubber,Arasu Rubber Corporation Limited,Body/Corporation
2018,64,W,Environment and Forests,The Tamil Nadu Tea Plantation Corporation Limited,0,1,,36,36,,36,,,,,,,,,,,,1,,,,,,,,1,1,tea plantation,The Tamil Nadu Tea Plantation Corporation Limited,Body/Corporation
2018,64,W,Environment and Forests,Environment and Forests Total,1,63,18,2652,2670,248,2379,1,,,,4,,38,38786,,,,17,1,218,219,216,,3,,1,1,environment forests total,Environment and Forests Total,HOD
2018,64,W,Finance Department,"Finance Department, Secretariat",0,12,46,1133,1179,194,962,,,,,4,,19,6033,,,,12,1,56,57,55,,2,,1,1,finance secretariat,"Finance Department, Secretariat",Secretariat
2018,64,W,Finance Department,Commissionerate of Treasuries and Accounts,0,48,30,1439,1469,128,1214,27,2,2,,60,,36,2628,,,,8,3,139,142,135,3,4,,1,1,treasuries accounts,Commissionerate of Treasuries and Accounts,HOD
2018,64,W,Finance Department,Co-operative Audit Department,0,41,9,142,151,2,138,,,,,,,11,5687,,,,8,4,21,25,23,,2,,1,1,co operative audit,Co-operative Audit Department,HOD
2018,64,W,Finance Department,Directorate of Small Savings,0,32,,8,8,,8,,,,,,,,,,,,32,,,,,,,,1,1,small savings,Small Savings,HOD
2018,64,W,Finance Department,Directorate of Local Fund Audit,0,68,25,538,563,16,520,,,,,,,27,256,,,,9,1,34,35,35,,,,1,1,local fund audit,Directorate of Local Fund Audit,HOD
2018,64,W,Finance Department,Internal Audit and Statutory Boards Audit,0,38,1,58,59,8,44,4,,,,2,,1,631,,,,1,,9,9,9,,,,1,1,internal audit statutory boards audit,Internal Audit and Statutory Boards Audit,Body/Corporation
2018,64,W,Finance Department,Commissionerate of Government Data Centre,0,1,,94,94,15,78,,,,,1,,,,,,,1,,6,6,6,,,,1,1,data centre,State Ground Water and Surface Water Resources Data Centre,HOD
2018,65,W,Finance Department,Directorate of Pension,0,1,6,165,171,17,154,,,,,,,,,,,,1,,3,3,3,,,,1,1,pension,Directorate of Pension,HOD
2018,65,W,Finance Department,Finance Department Total,1,241,117,3577,3694,380,3118,31,2,2,,67,,94,15235,,,,72,9,268,277,266,3,8,,1,1,finance total,Finance Department Total,HOD
2018,65,W,"Handlooms, Handicrafts, Textiles and Khadi Department","Handlooms, Handicrafts, Textiles and Khadi Department, Secretariat",0,8,,46,46,37,9,,,,,,,,,,,,,,10,10,8,2,,,1,1,handlooms handicrafts textiles khadi secretariat,"Handlooms, Handicrafts, Textiles and Khadi Department, Secretariat",Secretariat
2018,65,W,"Handlooms, Handicrafts, Textiles and Khadi Department",Directorate of Handlooms and Textiles,0,38,1,482,483,105,353,3,,,,19,,3,988,,,,38,1,85,86,82,3,1,,1,1,handlooms textiles,Directorate of Handlooms and Textiles,HOD
2018,65,W,"Handlooms, Handicrafts, Textiles and Khadi Department",Directorate of Sericulture,0,38,2,87,89,10,72,,,,,2,,5,3130,,,,36,,12,12,12,,,,1,1,sericulture,Directorate of Sericulture,HOD
2018,65,W,"Handlooms, Handicrafts, Textiles and Khadi Department",Tamil Nadu Handicrafts Development Corporation,0,1,,7,7,,7,,,,,,,,,,,,1,,7,7,7,,,,1,1,handicrafts development,Tamil Nadu Handicrafts Development Corporation,Body/Corporation
2018,65,W,"Handlooms, Handicrafts, Textiles and Khadi Department",Co-optex,0,12,1,92,93,12,78,,,,,,,3,,,,,12,1,9,10,9,,1,,1,1,co optex,Co-optex,HOD
2018,65,W,"Handlooms, Handicrafts, Textiles and Khadi Department",Tamil Nadu Khadi Village Industries Board,0,,,105,105,,101,,,,,,,4,,,,,1,,22,22,22,,,,1,1,khadi village industries board,Tamil Nadu Khadi Village Industries Board,Body/Corporation
2018,65,W,"Handlooms, Handicrafts, Textiles and Khadi Department",Tamil Nadu Palm Product Development Board,0,1,,2,2,,2,,,,,,,,,,,,1,,,,,,,,1,1,palm product development board,Tamil Nadu Palm Product Development Board,Body/Corporation
2018,65,W,"Handlooms, Handicrafts, Textiles and Khadi Department","Handlooms, Handicrafts, Textiles and Khadi Department Total",1,98,4,821,825,164,622,3,,,,21,,15,4118,,,,89,2,145,147,140,5,2,,1,1,handlooms handicrafts textiles khadi total,"Handlooms, Handicrafts, Textiles and Khadi Department Total",HOD
2018,65,W,Health and Family Welfare Department,"Health and Family Welfare Department, Secretariat",0,7,,712,712,464,185,13,14,,,34,,2,635,,,,14,5,37,42,42,,,,1,1,family welfare,"Health and Family Welfare Department, Secretariat",Secretariat
2018,65,W,Health and Family Welfare Department,Director of Medical Education,0,80,85,4384,4469,549,3508,134,51,5,,128,,94,2949,,,,80,6,133,139,123,12,4,,1,1,director medical education,Director of Medical Education,HOD
2018,65,W,Health and Family Welfare Department,Director of Medical and Rural Health Services,0,37,17,614,631,186,372,12,,,,42,,19,86,,,,31,2,96,98,92,2,4,,1,1,director medical rural health services,Director of Medical and Rural Health Services,HOD
2018,65,W,Health and Family Welfare Department,Director of Public Health and Preventive Medicine,0,43,30,1007,1037,117,808,37,,1,,39,,35,1122,,,,43,4,192,196,188,5,3,,1,1,public health preventive medicine,Public Health and Preventive Medicine,HOD
2018,66,W,Health and Family Welfare Department,Director of Medical and Rural Health Services (ESI),0,72,,67,67,2,59,4,,,,1,,1,40,,,,6,,15,15,15,,,,1,1,director medical rural health services,Director of Medical and Rural Health Services,HOD
2018,66,W,Health and Family Welfare Department,Directorate of Family Welfare,0,5,3,53,56,5,49,,,,,,,2,,,,,2,,5,5,5,,,,1,1,family welfare,"Health and Family Welfare Department, Secretariat",HOD
2018,66,W,Health and Family Welfare Department,Directorate of Indian Medicine and Homoeopathy,0,32,,286,286,27,246,5,,,,8,,,,,,,32,,5,5,4,1,,,1,1,indian medicine homoeopathy,Directorate of Indian Medicine and Homoeopathy,HOD
2018,66,W,Health and Family Welfare Department,Commissioner of Food Safety and Drug Administration,0,39,28,705,733,41,632,,,,,1,,59,84,,,,1,2,60,62,60,,2,,1,1,commissioner food safety drug administration,Commissioner of Food Safety and Drug Administration,HOD
2018,66,W,Health and Family Welfare Department,Tamil Nadu Medical Services Corporation Limited,0,1,3,44,47,4,37,2,,,,3,,1,1156,,,,1,,5,5,5,,,,1,1,medical services,Tamil Nadu Medical Services Corporation Limited,Body/Corporation
2018,66,W,Health and Family Welfare Department,Tamil Nadu Health Systems Project,0,1,,82,82,2,80,,,,,,,,300,,,,1,,12,12,9,,3,,1,1,health systems project,Tamil Nadu Health Systems Project,HOD
2018,66,W,Health and Family Welfare Department,Tamil Nadu State Health Transport Department,0,8,,14,14,3,11,,,,,,,,,,,,1,,4,4,4,,,,1,1,state health transport,Tamil Nadu State Health Transport Department,HOD
2018,66,W,Health and Family Welfare Department,Directorate of Drugs Control,0,17,6,272,278,21,239,10,,,,,,8,246,,,,17,,6,6,6,,,,1,1,drugs control,Directorate of Drugs Control,HOD
2018,66,W,Health and Family Welfare Department,Medical Services Recruitment Board (MRB),0,1,,191,191,12,173,6,,,,,,,,,,,1,,1,1,1,,,,1,1,medical services,Tamil Nadu Medical Services Corporation Limited,Body/Corporation
2018,66,W,Health and Family Welfare Department,National Health Mission,0,1,,50,50,13,37,,,,,,,,,,,,1,,1,1,1,,,,1,1,national health mission,National Health Mission,HOD
2018,66,W,Health and Family Welfare Department,Health and Family Welfare Department Total,1,344,172,8481,8653,1446,6436,223,65,6,,256,,221,6618,,,,231,19,572,591,555,20,16,,1,1,health family welfare total,Health and Family Welfare Department Total,HOD
2018,66,W,Higher Education Department,"Higher Education Department, Secretariat",0,3,,67,67,34,33,,,,,,,,,,,,2,,3,3,3,,,,1,1,higher education secretariat,"Higher Education Department, Secretariat",Secretariat
2018,66,W,Higher Education Department,Commissionerate of Technical Education,0,1,11,627,638,31,596,4,,,,3,,4,2841,,,,1,,91,91,91,,,,1,1,state council for technical education,Tamil Nadu State Council for Technical Education,HOD
2018,66,W,Higher Education Department,Directorate of Collegiate Education,0,110,125,1694,1819,19,1696,,,,,,,104,494,,,,10,28,237,265,233,,32,,1,1,collegiate education,Directorate of Collegiate Education,HOD
2018,67,W,Higher Education Department,Commissionerate of Tamil Nadu Archives and Historical Research,0,9,188,7821,8009,56,7949,,,,,,,4,63483,,,,1,,48,48,48,,,,1,1,archives historical research,Tamil Nadu Archives and Historical Research,HOD
2018,67,W,Higher Education Department,Tamil Nadu State Council for Higher Education,0,1,,20,20,8,12,,,,,,,,,,,,1,,,,,,,,1,1,state council for higher education,Tamil Nadu State Council for Higher Education,HOD
2018,67,W,Higher Education Department,Tamil Nadu State Council for Technical Education,0,1,,1,1,1,,,,,,,,,,,,,1,,,,,,,,1,,state council for technical education,Tamil Nadu State Council for Technical Education,HOD
2018,67,W,Higher Education Department,Tamil Nadu Science and Technology Centre,0,4,,1,1,,1,,,,,,,,,,,,1,,1,1,1,,,,1,1,science technology centre,Tamil Nadu Science and Technology Centre,HOD
2018,67,W,Higher Education Department,Tamil Nadu State Council for Science and Technology,0,1,,2,2,,2,,,,,,,,,,,,1,,,,,,,,1,1,state council for science technology,Tamil Nadu State Council for Science and Technology,HOD
2018,67,W,Higher Education Department,Science City,0,1,,3,3,,3,,,,,,,,,,,,1,,,,,,,,1,1,science city,Science City,HOD
2018,67,W,Higher Education Department,University of Madras,0,3,14,640,654,5,614,5,6,3,,4,,17,100,,,,1,1,75,76,70,2,4,,1,1,university madras,University of Madras,Body/Corporation
2018,67,W,Higher Education Department,Annamalai University,0,3,,700,700,,665,35,,,,,,,,,,,3,,42,42,42,,,,1,1,annamalai university,Annamalai University,Body/Corporation
2018,67,W,Higher Education Department,Madurai Kamaraj University,0,1,1337,804,2141,5,358,,11,,,7,,1760,4390,,,,1,133,141,274,84,,190,,1,1,madurai kamaraj university,Madurai Kamaraj University,Body/Corporation
2018,67,W,Higher Education Department,Manonmaniam Sundaranar University,0,1,67,563,630,5,515,,,,,7,,103,5630,,,,1,5,10,15,,,15,,1,1,manonmaniam sundaranar university,Manonmaniam Sundaranar University,Body/Corporation
2018,67,W,Higher Education Department,Bharathidasan University,0,4,121,232,353,6,208,4,,,,18,,117,153,,,,1,,48,48,48,,,,1,1,bharathiar university,Bharathiar University,Body/Corporation
2018,67,W,Higher Education Department,Bharathiar University,0,23,,260,260,260,,,,,,,,,,,,,12,4,12,16,16,,,,1,,bharathiar university,Bharathiar University,Body/Corporation
2018,67,W,Higher Education Department,Alagappa University,0,1,1,273,274,3,263,,3,,,5,,,164,,,,1,,30,30,25,5,,,1,1,alagappa university,Alagappa University,Body/Corporation
2018,67,W,Higher Education Department,Thiruvalluvar University,0,1,19,117,136,3,95,,,,,3,,35,,,,,1,2,6,8,8,,,,1,1,thiruvalluvar university,Thiruvalluvar University,Body/Corporation
2018,67,W,Higher Education Department,Periyar University,0,1,292,755,1047,10,655,,,,,,,382,272,,,,1,11,191,202,167,2,33,,1,1,periyar university,Periyar University,Body/Corporation
2018,67,W,Higher Education Department,Mother Teresa Women's University,0,1,,53,53,,53,,,,,,,,,,,,1,,,,,,,,1,1,mother teresa women s university,Mother Teresa Women's University,Body/Corporation
2018,68,W,Higher Education Department,Tamil Nadu Open University,0,1,,154,154,,154,,,,,,,,,,,,1,,2,2,2,,,,1,1,open university,Tamil Nadu Open University,Body/Corporation
2018,68,W,Higher Education Department,Tamil Nadu Teachers Education University,0,3,,169,169,6,160,,,,,3,,,,,,,1,,2,2,2,,,,1,1,teachers education university,Tamil Nadu Teachers Education University,Body/Corporation
2018,68,W,Higher Education Department,Anna University,0,1,135,763,898,55,640,,11,,,63,,129,2274,,,,1,19,203,222,186,5,31,,1,1,anna university,Anna University,Body/Corporation
2018,68,W,Higher Education Department,Higher Education Department Total,1,175,2310,15719,18029,507,14672,48,31,3,,113,,2655,79801,,,,45,203,1142,1345,1026,14,305,,1,1,higher education total,Higher Education Department Total,HOD
2018,68,W,Highways and Minor Ports Department,"Highways and Minor Ports Department, Secretariat",0,4,,210,210,125,55,5,,,,25,,,8,,,,2,,24,24,19,5,,,1,1,highways minor ports secretariat,"Highways and Minor Ports Department, Secretariat",Secretariat
2018,68,W,Highways and Minor Ports Department,Directorate General of Highways,0,162,23,2906,2929,364,2449,28,2,1,,70,,15,8414,,,,44,6,157,163,157,6,,,1,1,general highways,Directorate General of Highways,HOD
2018,68,W,Highways and Minor Ports Department,Tamil Nadu Maritime Board,0,1,,13,13,,13,,,,,,,,,,,,1,,,,,,,,1,1,maritime board,Tamil Nadu Maritime Board,Body/Corporation
2018,68,W,Highways and Minor Ports Department,Poompuhar Shipping Corporation,0,2,,1,1,,1,,,,,,,,,,,,2,,,,,,,,1,1,poompuhar shipping,Poompuhar Shipping Corporation,Body/Corporation
2018,68,W,Highways and Minor Ports Department,Tamil Nadu Road Infrastructure Development Corporation,0,1,,20,20,,20,,,,,,,,,,,,1,,,,,,,,1,1,road infrastructure development,Tamil Nadu Road Infrastructure Development Corporation,Body/Corporation
2018,68,W,Highways and Minor Ports Department,Highways and Minor Ports Department Total,1,170,23,3150,3173,489,2538,33,2,1,,95,,15,8422,,,,50,6,181,187,176,11,,,1,1,highways minor ports total,Highways and Minor Ports Department Total,HOD
2018,68,W,Home Prohibition and Excise Department,"Home Department, Secretariat",0,9,,966,966,684,221,9,,,10,42,,,554,,,,1,,44,44,32,11,1,,1,1,home secretariat,"Home Department, Secretariat",Secretariat
2018,68,W,Home Prohibition and Excise Department,Home Department Prohibition and Excise Wing,0,3,,63,63,48,15,,,,,,,,619,,,,,,2,2,1,1,,,1,1,prohibition excise,Home Department Prohibition and Excise Wing,HOD
2018,68,W,Home Prohibition and Excise Department,Tamil Nadu State Marketing Corporation Limited,0,39,20,797,817,,788,,,,,,,29,,,,,6,,37,37,37,,,,1,1,state marketing,Tamil Nadu State Marketing Corporation Limited,Body/Corporation
2018,68,W,Home Prohibition and Excise Department,Commissionerate of,0,1,6,28,34,6,24,,,,,,,4,100,,,,1,,,,,,,,1,1,,Commissionerate of,HOD
2018,69,W,Home Prohibition and Excise Department,Prohibition and Excise Police Department,0,123,1863,42448,44311,2563,36923,1247,38,658,377,1578,,927,307314,,,,105,401,2873,3274,2858,267,149,,1,1,prohibition excise,Home Department Prohibition and Excise Wing,HOD
2018,69,W,Home Prohibition and Excise Department,Tamil Nadu Police Housing Corporation,0,15,,10,10,,9,,,,,1,,,,,,,4,,,,,,,,1,1,police housing,Tamil Nadu Police Housing Corporation,Body/Corporation
2018,69,W,Home Prohibition and Excise Department,Tamil Nadu Uniformed Services Recruitment Board,0,1,,273,273,,273,,,,,,,,,,,,1,,4,4,4,,,,1,1,uniformed services recruitment board,Tamil Nadu Uniformed Services Recruitment Board,Body/Corporation
2018,69,W,Home Prohibition and Excise Department,Prisons Department,0,28,33,1924,1957,533,1274,49,1,8,,45,,47,3682,,,,7,,64,64,57,6,1,,1,1,prisons,Prisons Department,HOD
2018,69,W,Home Prohibition and Excise Department,Transport Commissionerate,0,153,,3865,3865,271,3500,25,11,6,1,9,,42,560,,,,102,,136,136,124,7,5,,1,1,metropolitan transport,"Metropolitan Transport Corporation (Chennai) Ltd.,",HOD
2018,69,W,Home Prohibition and Excise Department,High Court of Madras,0,1,80,1296,1376,122,1124,,,,,,,130,,,,,1,18,437,455,382,,73,,1,1,high court madras,High Court of Madras,Body/Corporation
2018,69,W,Home Prohibition and Excise Department,"Madurai Bench of Madras High Court, Madurai",0,1,,608,608,182,426,,,,,,,,,,,,1,,,,,,,,1,1,madurai bench madras high court madurai,"Madurai Bench of Madras High Court, Madurai",Body/Corporation
2018,69,W,Home Prohibition and Excise Department,Government Litigations,0,14,,16,16,2,12,1,,,,,,1,,,,,1,,1,1,1,,,,1,1,litigations,Government Litigations,HOD
2018,69,W,Home Prohibition and Excise Department,Directorate of Prosecution,0,26,1,57,58,12,46,,,,,,,,,,,,1,,7,7,,7,,,1,1,prosecution,Directorate of Prosecution,HOD
2018,69,W,Home Prohibition and Excise Department,Fire and Rescue Services Department,0,37,,676,676,5,668,3,,,,,,,39,,,,37,,24,24,24,,,,1,1,fire rescue services,Fire and Rescue Services Department,HOD
2018,69,W,Home Prohibition and Excise Department,Forensic Sciences Department,0,11,3,72,75,6,53,8,,,,7,,1,,,,,1,,3,3,2,,1,,1,1,forensic sciences,Forensic Sciences Department,HOD
2018,69,W,Home Prohibition and Excise Department,Home Prohibition and Excise Department Total,1,462,2006,53099,55105,4434,45356,1342,50,672,388,1682,,1181,35868,,,,269,419,3632,4051,3522,299,230,,1,1,home prohibition excise total,Home Prohibition and Excise Department Total,HOD
2018,69,W,Housing and Urban Development Department,"Housing and Urban Development Department, Secretariat",0,6,,326,326,180,136,,,,,10,,,,,,,1,,21,21,21,,,,1,1,housing urban development secretariat,"Housing and Urban Development Department, Secretariat",Secretariat
2018,69,W,Housing and Urban Development Department,Directorate of Town and Country Planning,0,54,21,2275,2296,369,1882,6,,,,,,39,47792,,,,44,4,86,90,76,1,13,,1,1,town country planning,Directorate of Town and Country Planning,HOD
2018,69,W,Housing and Urban Development Department,Chennai Metropolitan,0,1,22,1527,1549,50,1499,,,,,,,,10963,,,,1,22,33,55,45,,10,,1,1,metropolitan transport,"Metropolitan Transport Corporation (Chennai) Ltd.,",HOD
2018,70,W,Housing and Urban Development Department,Development Authority Registrar of Co-operative Societies (Housing),0,12,,400,400,24,207,3,,,,10,,156,74,,,,12,,33,33,,8,25,,1,1,registrar co operative societies,Registrar of Co-operative Societies,Body/Corporation
2018,70,W,Housing and Urban Development Department,Tamil Nadu Slum Clearance Board,0,50,,683,683,5,678,,,,,,,,1306,,,,34,,66,66,66,,,,1,1,slum clearance board,Tamil Nadu Slum Clearance Board,Body/Corporation
2018,70,W,Housing and Urban Development Department,Tamil Nadu Housing Board,0,30,28,1861,1889,53,1762,,,,,57,,17,,,,,30,3,132,135,135,,,,1,1,housing board,Tamil Nadu Housing Board,Body/Corporation
2018,70,W,Housing and Urban Development Department,Housing and Urban Development Department Total,1,153,71,7072,7143,681,6164,9,,,,77,,212,60135,,,,122,29,371,400,343,9,48,,1,1,housing urban development total,Housing and Urban Development Department Total,HOD
2018,70,W,Industries Department,"Industries Department, Secretariat",0,5,0,143,143,76,63,2,,,,1,,1,318,,,,1,,8,8,6,2,,,1,1,industries secretariat,"Industries Department, Secretariat",Secretariat
2018,70,W,Industries Department,Directorate of Geology and Mining,0,40,100,1250,1350,74,1057,13,,26,,97,,83,8179,,,,1,,122,122,115,7,,,1,1,geology mining,Directorate of Geology and Mining,HOD
2018,70,W,Industries Department,Directorate of Sugar,0,1,,68,68,17,26,,,,,25,,,192,,,,1,,6,6,6,,,,1,1,sugar,Tamil Nadu Sugar Corporation,HOD
2018,70,W,Industries Department,State Industries Promotion Corporation of Tamil Nadu,0,1,11,156,167,83,69,4,,,,,,11,1691,,,,1,,8,8,3,4,1,,1,1,state industries promotion,State Industries Promotion Corporation of Tamil Nadu,Body/Corporation
2018,70,W,Industries Department,Tamil Nadu Industrial Development Corporation,0,1,2,17,19,6,9,,,,,,,4,,,,,1,,,,,,,,1,1,industrial development,Tamil Nadu Industrial Development Corporation,Body/Corporation
2018,70,W,Industries Department,"Tamil Nadu Industrial Investment Corporation Ltd.,",0,1,2,64,66,,63,,,,,,,3,894,,,,1,,9,9,9,,,,1,1,industrial investment,"Tamil Nadu Industrial Investment Corporation Ltd.,",Body/Corporation
2018,70,W,Industries Department,"Tamil Nadu Salt Corporation Ltd.,",0,1,,,,,,,,,,,,,,,,,1,,,,,,,,,,salt,"Tamil Nadu Salt Corporation Ltd.,",Body/Corporation
2018,70,W,Industries Department,"Tamil Nadu Newsprint and Papers Ltd.,",0,3,,39,39,,23,,,,,14,,2,1570,,,,3,,3,3,1,2,,,1,1,newsprint papers,"Tamil Nadu Newsprint and Papers Ltd.,",Body/Corporation
2018,70,W,Industries Department,Tamil Nadu Cements,0,8,,33,33,,33,,,,,,,,,,,,8,,8,8,8,,,,1,1,cements,Tamil Nadu Cements Corporation,HOD
2018,71,W,Industries Department,Corporation Tamil Nadu Magnesite Limited,0,1,,19,19,,19,,,,,,,,1332,,,,1,,6,6,6,,,,1,1,magnesite,Tamil Nadu Magnesite Limited,Body/Corporation
2018,71,W,Industries Department,"Tamil Nadu Industrial Explosives Ltd.,",0,1,,2,2,,2,,,,,,,,,,,,1,,,,,,,,1,1,industrial explosives,"Tamil Nadu Industrial Explosives Ltd.,",Body/Corporation
2018,71,W,Industries Department,"Tamil Nadu Minerals Ltd.,",0,1,,17,17,1,15,,,,,,,1,,,,,1,,1,1,1,,,,1,1,minerals,"Tamil Nadu Minerals Ltd.,",Body/Corporation
2018,71,W,Industries Department,Tamil Nadu Sugar Corporation,0,1,,15,15,6,6,3,,,,,,,,,,,1,,,,,,,,1,1,sugar,Tamil Nadu Sugar Corporation,Body/Corporation
2018,71,W,Industries Department,Industries Department Total,1,65,115,1823,1938,263,1385,22,,26,,137,,105,14176,,,,22,,171,171,155,15,1,,1,1,industries total,Industries Department Total,HOD
2018,71,W,Information Technology Department,"Information Technology Department, Secretariat",0,1,,15,15,10,5,,,,,,,,,,,,1,,1,1,1,,,,1,1,information technology secretariat,"Information Technology Department, Secretariat",Secretariat
2018,71,W,Information Technology Department,"Electronics Corporation of Tamil Nadu Ltd.,",0,1,1,23,24,1,22,1,,,,,,,,,,,1,,2,2,2,,,,1,1,electronics,"Electronics Corporation of Tamil Nadu Ltd.,",Body/Corporation
2018,71,W,Information Technology Department,e-Governance,0,1,,23,23,11,12,,,,,,,,,,,,1,,1,1,1,,,,1,1,e governance,e-Governance,HOD
2018,71,W,Information Technology Department,Tamil Nadu Arasu Cable TV Corporation Ltd.,0,32,32,191,223,3,205,,,,,2,,13,60,,,,1,2,21,23,22,,1,,1,1,arasu cable tv,Tamil Nadu Arasu Cable TV Corporation Ltd.,Body/Corporation
2018,71,W,Information Technology Department,Tamil Virtual Academy,0,1,,3,3,,3,,,,,,,,,,,,1,,,,,,,,1,1,virtual academy,Tamil Virtual Academy,HOD
2018,71,W,Information Technology Department,Information Technology Department Total,1,36,33,255,288,25,247,1,,,,2,,13,60,,,,5,2,25,27,26,,1,,1,1,information technology total,Information Technology Department Total,HOD
2018,71,W,Labour and Employment Department,"Labour and Employment Department, Secretariat",0,8,,256,256,149,106,1,,,,,,,,,,,4,,6,6,3,3,,,1,1,labour employment secretariat,"Labour and Employment Department, Secretariat",Secretariat
2018,71,W,Labour and Employment Department,Commissionarate of Labour,0,493,33,1308,1341,150,1045,,,,,94,,52,3064,,,,48,5,135,140,117,21,2,,1,1,commissionarate labour,Commissionarate of Labour,HOD
2018,71,W,Labour and Employment Department,Directorate of Industrial Safety and Health,0,59,2,582,584,60,514,,,,,2,,8,1576,,,,33,,22,22,22,,,,1,1,industrial safety health,Directorate of Industrial Safety and Health,HOD
2018,71,W,Labour and Employment Department,Commissionerate of Employment and Training (Employment wing),0,48,12,922,934,6,896,2,,,,1,,29,498,,,,5,4,44,48,47,,1,,1,1,employment training employment wing,Commissionerate of Employment and Training (Employment wing),HOD
2018,72,W,Labour and Employment Department,Commissionerate of Employment and Training (Training),0,106,3,253,256,1,228,,,,,1,,26,98,,,,6,,12,12,12,,,,1,1,employment training training,Commissionerate of Employment and Training (Training),HOD
2018,72,W,Labour and Employment Department,"Overseas Manpower Corporation Ltd.,",0,1,,2,2,1,1,,,,,,,,,,,,1,,,,,,,,1,1,overseas manpower,"Overseas Manpower Corporation Ltd.,",Body/Corporation
2018,72,W,Labour and Employment Department,Tamil Nadu Silk Development Corporation,0,1,,17,17,17,,,,,,,,,,,,,1,,,,,,,,1,,silk development,Tamil Nadu Silk Development Corporation,Body/Corporation
2018,72,W,Labour and Employment Department,Labour and Employment Department Total,1,716,50,3340,3390,384,2790,3,,,,98,,115,5236,,,,98,9,219,228,201,24,3,,1,1,labour employment total,Labour and Employment Department Total,HOD
2018,72,W,Law Department,"Law Department, Secretariat",0,1,,222,222,81,60,1,,,,80,,,210,,,,1,,18,18,,18,,,1,1,law secretariat,"Law Department, Secretariat",Secretariat
2018,72,W,Law Department,Directorate of Legal Studies,0,11,,99,99,3,96,,,,,,,,,,,,2,,5,5,5,,,,1,1,legal studies,Directorate of Legal Studies,HOD
2018,72,W,Law Department,"The Tamil Nadu Dr.Ambedkar Law University, Chennai",0,1,10,92,102,2,97,,,,,,,3,,,,,1,,16,16,16,,,,1,1,dr ambedkar law university,"The Tamil Nadu Dr.Ambedkar Law University, Chennai",Body/Corporation
2018,72,W,Law Department,"The Tamil Nadu National Law School, Tiruchirappalli",0,1,,17,17,,17,,,,,,,,,,,,1,,2,2,2,,,,1,1,national law school tiruchirappalli,"The Tamil Nadu National Law School, Tiruchirappalli.",HOD
2018,72,W,Law Department,Law Department Total,1,14,10,430,440,86,270,1,,,,80,,3,210,,,,5,,41,41,23,18,,,1,1,law total,Law Department Total,HOD
2018,72,W,"Micro, Small and Medium Enterprises Department","Micro, Small and Medium Enterprises Department, Secretariat",0,3,,20,20,5,15,,,,,,,,,,,,1,,2,2,2,,,,1,1,micro small medium enterprises secretariat,"Micro, Small and Medium Enterprises Department, Secretariat",Secretariat
2018,72,W,"Micro, Small and Medium Enterprises Department",Commissionerate of Industries and Commerce,0,51,,252,252,5,243,,,,,,,4,46,,,,45,,39,39,39,,,,1,1,industries commerce,Commissionerate of Industries and Commerce,HOD
2018,72,W,"Micro, Small and Medium Enterprises Department",Tamil Nadu Small Industries Development Corporation Limited,0,1,3,85,88,2,78,,,,,,,8,,,,,1,,2,2,1,,,,1,1,small industries,Tamil Nadu Small Industries Corporation Limited,Body/Corporation
2018,72,W,"Micro, Small and Medium Enterprises Department",Tamil Nadu Small Industries,0,,,22,22,,22,,,,,,,,56,,,,1,,5,5,5,,,,1,1,small industries,Tamil Nadu Small Industries Corporation Limited,HOD
2018,73,W,"Micro, Small and Medium Enterprises Department",Corporation Limited Tamil Nadu Entrepreneurship Development and Innovation Institute,0,1,,1,1,,1,,,,,,,,,,,,1,,1,1,1,,,,1,1,entrepreneurship development innovation institute,Tamil Nadu Entrepreneurship Development and Innovation Institute,Body/Corporation
2018,73,W,"Micro, Small and Medium Enterprises Department","Micro, Small and Medium Enterprises Department Total",1,56,3,380,383,12,359,,,,,,,12,102,,,,49,,49,49,49,,,,1,1,micro small medium enterprises total,"Micro, Small and Medium Enterprises Department Total",HOD
2018,73,W,Municipal Administration and Water Supply Department,"Municipal Administration and Water Supply Department, Secretariat",0,4,,474,474,321,148,,,,,5,,,82,,,,5,,36,36,34,2,,,1,1,municipal administration water supply secretariat,"Municipal Administration and Water Supply Department, Secretariat",Secretariat
2018,73,W,Municipal Administration and Water Supply Department,Commissionerate of Municipal Administration,0,7,,634,634,98,517,,,,,19,,,,,,,1,,127,127,127,,,,1,1,municipal administration water supply secretariat,"Municipal Administration and Water Supply Department, Secretariat",HOD
2018,73,W,Municipal Administration and Water Supply Department,Chennai Metropolitan Water Supply and Sewerage Board,0,45,7,582,589,29,556,,,,,,,4,1430,,,,21,1,49,50,50,,,,1,1,metropolitan water supply sewerage board,Chennai Metropolitan Water Supply and Sewerage Board,Body/Corporation
2018,73,W,Municipal Administration and Water Supply Department,Greater Chennai Corporation,0,92,272,5834,6106,938,4797,16,,46,,75,,234,1476,,,,46,9,642,651,611,14,26,,1,1,greater,Greater Chennai Corporation,Body/Corporation
2018,73,W,Municipal Administration and Water Supply Department,Directorate of Town Panchayats,0,546,,6077,6077,437,5549,22,4,4,,15,,46,314,,,,18,,865,865,856,2,7,,1,1,town panchayats,Directorate of Town Panchayats,HOD
2018,73,W,Municipal Administration and Water Supply Department,Tamil Nadu Water Supply and Drainage Board,0,32,11,326,337,2,324,2,,,,,,9,,,,,32,,26,26,26,,,,1,1,water supply drainage board,Tamil Nadu Water Supply and Drainage Board,Body/Corporation
2018,73,W,Municipal Administration and Water Supply Department,Municipal Administration and Water Supply Department Total,1,726,290,13927,14217,1825,11891,40,4,50,,114,,293,3302,,,,123,10,1745,1745,1704,18,23,,1,1,municipal administration water supply total,Municipal Administration and Water Supply Department Total,HOD
2018,73,W,Personnel and Administrative Reforms Department,"Personnel and Administrative Reforms Department, Secretariat",0,14,15,1516,1531,381,1105,,4,,,33,,8,10404,,,,10,,65,65,38,27,,,1,1,personnel administrative reforms secretariat,"Personnel and Administrative Reforms Department, Secretariat",Secretariat
2018,73,W,Personnel and Administrative Reforms Department,Tamil Nadu Public Service Commission,0,30,54,1130,1184,24,1055,53,,,,36,,16,2800,,,,6,15,187,202,182,17,3,,1,1,public service commission,Tamil Nadu Public Service Commission,Body/Corporation
2018,74,W,Personnel and Administrative Reforms Department,Directorate of Vigilance and Anti Corruption,0,1,21,334,355,59,165,6,,,,114,,11,,,,,1,4,44,48,45,,3,,1,1,vigilance anti corruption,Directorate of Vigilance and Anti Corruption,HOD
2018,74,W,Personnel and Administrative Reforms Department,"Commissioner for Disciplinary Proceedings, Chennai",0,1,,3,3,,3,,,,,,,,,,,,1,,,,,,,,1,1,commissioner for disciplinary proceedings,"Commissioner for Disciplinary Proceedings, Chennai",HOD
2018,74,W,Personnel and Administrative Reforms Department,"Commissioner for Disciplinary Proceedings, Tiruchirappalli",0,1,,4,4,,4,,,,,,,,,,,,1,,,,,,,,1,1,commissioner for disciplinary proceedings,"Commissioner for Disciplinary Proceedings, Chennai",HOD
2018,74,W,Personnel and Administrative Reforms Department,"Commissioner for Disciplinary Proceedings, Madurai",0,1,,,,,,,,,,,,,,,,,1,,,,,,,,,,commissioner for disciplinary proceedings,"Commissioner for Disciplinary Proceedings, Chennai",HOD
2018,74,W,Personnel and Administrative Reforms Department,"Commissioner for Disciplinary Proceedings, Coimbatore",0,1,,,,,,,,,,,,,,,,,1,,,,,,,,,,commissioner for disciplinary proceedings,"Commissioner for Disciplinary Proceedings, Chennai",HOD
2018,74,W,Personnel and Administrative Reforms Department,"Commissioner for Disciplinary Proceedings, Tirunelveli",0,1,,,,,,,,,,,,,,,,,1,,,,,,,,,,commissioner for disciplinary proceedings,"Commissioner for Disciplinary Proceedings, Chennai",HOD
2018,74,W,Personnel and Administrative Reforms Department,"Commissioner for Disciplinary Proceedings, Nagarcoil",0,1,,,,,,,,,,,,,,,,,1,,,,,,,,,,commissioner for disciplinary proceedings,"Commissioner for Disciplinary Proceedings, Chennai",HOD
2018,74,W,Personnel and Administrative Reforms Department,Director General of Training,0,1,,35,35,,35,,,,,,,,,,,,1,,1,1,1,,,,1,1,director general training,Director General of Training,HOD
2018,74,W,Personnel and Administrative Reforms Department,A & B wing foundational course Training Institute,0,1,,,,,,,,,,,,,,,,,1,,,,,,,,,,a b wing foundational course training institute,A & B wing foundational course Training Institute,Body/Corporation
2018,74,W,Personnel and Administrative Reforms Department,All India Civil Services Coaching Centre,0,1,,2,2,,,2,,,,,,,,,,,1,,,,,,,,1,,all india civil services coaching centre,All India Civil Services Coaching Centre,HOD
2018,74,W,Personnel and Administrative Reforms Department,Civil Service Training Institute,0,1,,,,,,,,,,,,,,,,,1,,,,,,,,,,civil service training institute,Civil Service Training Institute,Body/Corporation
2018,74,W,Personnel and Administrative Reforms Department,Anna Institute of Management,0,1,,,,,,,,,,,,,,,,,1,,,,,,,,,,anna institute management,Anna Institute of management,Body/Corporation
2018,74,W,Personnel and Administrative Reforms Department,Competitive Exam Coaching Centre,0,1,,,,,,,,,,,,,,,,,1,,,,,,,,,,competitive exam coaching centre,Competitive Exam Coaching Centre,HOD
2018,74,W,Personnel and Administrative Reforms Department,Personnel and Administrative Reforms Department Total,1,57,90,3024,3114,464,2367,61,4,,,183,,35,13204,,,,29,19,297,316,266,44,6,,1,1,personnel administrative reforms total,Personnel and Administrative Reforms Department Total,HOD
2018,75,W,"Planning, Development and Special Initiatives Department","Planning, Development and Special Initiatives Department, Secretariat",0,1,,26,26,5,21,,,,,,,,,,,,1,,,,,,,,1,1,planning development special initiatives secretariat,"Planning, Development and Special Initiatives Department, Secretariat",Secretariat
2018,75,W,"Planning, Development and Special Initiatives Department",State Planning Commission,0,1,,4,4,1,3,,,,,,,,,,,,1,,,,,,,,1,1,state planning commission,State Planning Commission,Body/Corporation
2018,75,W,"Planning, Development and Special Initiatives Department",Directorate of Economics and Statistics,0,1,,105,105,1,104,,,,,,,,,,,,1,,4,4,4,,,,1,1,economics statistics,Economics and Statistics,HOD
2018,75,W,"Planning, Development and Special Initiatives Department",Directorate of Evaluation and Applied Research,0,1,,2,2,,2,,,,,,,,,,,,1,,,,,,,,1,1,evaluation applied research,Directorate of Evaluation and Applied Research,HOD
2018,75,W,"Planning, Development and Special Initiatives Department",Special Area Development and Programme,0,1,,3,3,,3,,,,,,,,50,,,,1,,,,,,,,1,1,special area development programme,Special Area Development and Programme,HOD
2018,75,W,"Planning, Development and Special Initiatives Department","Planning, Development and Special Initiatives Department Total",1,5,,140,140,7,133,,,,,,,,50,,,,5,,4,4,4,,,,1,1,planning development special initiatives total,"Planning, Development and Special Initiatives Department Total",HOD
2018,75,W,Public Department,"Public Department, Secretariat",0,17,,3476,3476,2785,329,24,,,9,328,,1,17350,,,,7,,95,95,27,68,,,1,1,public secretariat,"Public Department, Secretariat",Secretariat
2018,75,W,Public Department,Governor’s Secretariat,0,1,,313,313,9,120,,,,,184,,,,,,,1,,,,,,,,1,1,governor s secretariat,Governor’s Secretariat,Secretariat
2018,75,W,Public Department,"Governor’s House Hold Office, Raj Bhavan",0,1,,,,,,,,,,,,,,,,,1,,,,,,,,,,governor s house hold raj bhavan,"Governor’s House Hold Office, Raj Bhavan",HOD
2018,75,W,Public Department,State Human Rights Commission,0,1,,347,347,49,293,1,,2,,,,2,906,,,,1,,33,33,31,2,,,1,1,state human rights commission,State Human Rights Commission,Body/Corporation
2018,75,W,Public Department,State Guest House,0,1,,2,2,,2,,,,,,,,,,,,1,,2,2,2,,,,1,1,state guest house,State Guest House,HOD
2018,75,W,Public Department,"Tamil Nadu House, New Delhi",0,1,,3,3,,3,,,,,,,,,,,,1,,,,,,,,1,1,house new delhi,"Tamil Nadu House, New Delhi",HOD
2018,75,W,Public Department,"Tamizhagam Guest House, Udhagmandalam",0,1,,3,3,,3,,,,,,,,,,,,1,,,,,,,,1,1,tamizhagam guest house udhagmandalam,"Tamizhagam Guest House, Udhagmandalam",HOD
2018,76,W,Public Department,Tamil Nadu Ex-Servicemen Corporation,0,1,,13,13,,13,,,,,,,,,,,,1,,1,1,1,,,,1,1,ex servicemen,Tamil Nadu Ex-Servicemen Corporation,Body/Corporation
2018,76,W,Public Department,Directorate of Ex-servicemen’s Welfare,0,31,1,112,113,1,105,4,,,,3,,,,,,,31,,4,4,4,,,,1,1,ex servicemen,Tamil Nadu Ex-Servicemen Corporation,HOD
2018,76,W,Public Department,Commissionerate of Rehabilitation,0,3,,13,13,,13,,,,,,,,54,,,,1,,1,1,1,,,,1,1,rehabilitation,Commissionerate of Rehabilitation,HOD
2018,76,W,Public Department,Public Department Total,1,58,1,4282,4283,2844,881,29,,2,9,515,,3,18310,,,,46,,136,136,66,70,,,1,1,public total,Public Department Total,HOD
2018,76,W,Public Works Department,"Public Works Department, Secretariat",0,9,4,343,347,225,93,25,,,,,,4,628,,,,3,,31,31,20,11,,,1,1,public works secretariat,"Public Works Department, Secretariat",Secretariat
2018,76,W,Public Works Department,Chief Engineer Buildings,0,144,29,999,1028,219,783,4,,,,3,,19,4352,,,,45,5,63,68,63,,5,,1,1,buildings,Buildings,HOD
2018,76,W,Public Works Department,"Engineer- in-Chief, Water Resources",0,2,,243,243,153,68,,,,,17,,5,254,,,,1,,21,21,12,6,3,,1,1,engineer in chief water resources,"Engineer- in-Chief, Water Resources",HOD
2018,76,W,Public Works Department,"Water Resources Department, Chennai Region",0,41,,229,229,7,222,,,,,,,,,,,,5,,,,,,,,1,1,water resources region,"Water Resources Department, Chennai Region",HOD
2018,76,W,Public Works Department,"Water Resources Department, Trichy Region",0,18,,498,498,,490,,,,,,,8,,,,,4,,21,21,21,,,,1,1,water resources region,"Water Resources Department, Chennai Region",HOD
2018,76,W,Public Works Department,"Water Resources Department, Madurai Region",0,33,32,1026,1058,38,1020,,,,,,,,462,,,,6,,35,35,35,,,,1,1,water resources madurai region,"Water Resources Department, Madurai Region",HOD
2018,76,W,Public Works Department,"Water Resources Department, Coimbatore Region",0,12,5,593,598,65,530,,,,,,,3,1662,,,,4,,25,25,25,,,,1,1,water resources coimbatore region,"Water Resources Department, Coimbatore Region",HOD
2018,76,W,Public Works Department,Design Research and Construction Support Department,0,6,,14,14,,14,,,,,,,,,,,,6,,,,,,,,1,1,design research construction support,Design Research and Construction Support Department,HOD
2018,76,W,Public Works Department,Plan Formulation Department,0,20,1,53,54,10,36,,,,,8,,,,,,,5,,2,2,2,,,,1,1,plan formulation,Plan Formulation Department,HOD
2018,76,W,Public Works Department,Operation and Maintenance,0,5,,8,8,1,6,,,,,,,1,,,,,5,,,,,,,,1,1,operation maintenance,Operation and Maintenance,HOD
2018,77,W,Public Works Department,Department State Ground Water and Surface Water Resources Data Centre,0,14,,95,95,6,89,,,,,,,,466,,,,5,,8,8,8,,,,1,1,data centre,State Ground Water and Surface Water Resources Data Centre,HOD
2018,77,W,Public Works Department,Institute for Water Studies,0,1,,2,2,1,,,,,,,,1,,,,,1,,,,,,,,1,,institute for water studies,Institute for Water Studies,Body/Corporation
2018,77,W,Public Works Department,Irrigation Management Training Institute,0,1,,7,7,,7,,,,,,,,,,,,1,,1,1,1,,,,1,1,irrigation management training institute,Irrigation Management Training Institute,Body/Corporation
2018,77,W,Public Works Department,Cauvery Technical Cell,0,1,,5,5,,5,,,,,,,,,,,,1,,,,,,,,1,1,cauvery technical cell,Cauvery Technical Cell,HOD
2018,77,W,Public Works Department,Directorate of Boilers,0,10,,13,13,,13,,,,,,,,,,,,1,,,,,,,,1,1,boilers,Directorate of Boilers,HOD
2018,77,W,Public Works Department,Public Works Department Total,1,317,71,4128,4199,725,3376,29,,,,28,,41,7824,,,,90,5,207,212,187,17,8,,1,1,public works total,Public Works Department Total,HOD
2018,77,W,Revenue and Disaster Management Department,"Revenue and Disaster Management Department, Secretariat",0,9,,1288,1288,786,434,68,,,,,,,,,,,8,,107,107,99,8,,,1,1,revenue disaster management secretariat,"Revenue and Disaster Management Department, Secretariat",Secretariat
2018,77,W,Revenue and Disaster Management Department,Commissionerate of Land Administration,0,7,20,631,651,473,161,6,,,,1,,10,1794,,,,3,,22,22,16,6,,,1,1,land administration,Commissionerate of Land Administration,HOD
2018,77,W,Revenue and Disaster Management Department,Directorate of Survey and Settlement,0,92,140,8161,8301,2743,5371,1,,,,21,,165,138191,,,,33,94,3550,3644,3545,17,82,,1,1,survey settlement,Survey and Settlement,HOD
2018,77,W,Revenue and Disaster Management Department,Commissionerate of Urban Land Ceiling and Urban Land Tax,0,8,4,381,385,83,298,,,,3,,,1,676,,,,1,,,,,,,,1,1,urban land ceiling urban land tax,Commissionerate of Urban Land Ceiling and Urban Land Tax,HOD
2018,77,W,Revenue and Disaster Management Department,Commissionerate of Revenue Administration Disaster Management and Mitigation,0,642,1645,97930,99575,26696,67096,582,135,307,62,2730,,1967,67475,,,,447,245,8575,8820,8009,449,362,,1,1,revenue administration disaster management mitigation,Revenue Administration Disaster Management and Mitigation,HOD
2018,77,W,Revenue and Disaster Management Department,Commissionerate of Land Reforms,0,4,,142,142,26,80,24,,,,,,12,,,,,1,,8,8,4,4,,,1,1,land reforms,Commissionerate of Land Reforms,HOD
2018,78,W,Revenue and Disaster Management Department,Revenue and Disaster Management Department Total,1,762,1809,108533,110342,30807,73440,681,135,307,65,2752,,2155,208136,,,,493,339,12262,12601,11673,484,444,,1,1,revenue disaster management total,Revenue and Disaster Management Department Total,HOD
2018,78,W,Rural Development and Panchayat Raj Department,"Rural Development and Panchayat Raj Department, Secretariat",0,9,,440,440,363,76,1,,,,,,,642,,,,6,,6,6,6,,,,1,1,rural development panchayat raj secretariat,"Rural Development and Panchayat Raj Department, Secretariat",Secretariat
2018,78,W,Rural Development and Panchayat Raj Department,Directorate of Rural Development & Panchayat Raj,0,1837,1138,18972,20110,2636,15867,34,9,5,,142,,1417,11616,,,,923,205,1764,1969,1771,31,167,,1,1,rural development panchayat raj secretariat,"Rural Development and Panchayat Raj Department, Secretariat",HOD
2018,78,W,Rural Development and Panchayat Raj Department,Tamil Nadu Corporation for Development of Women,0,1,1,122,123,18,103,,,,,1,,1,1834,,,,1,,5,5,4,1,,,1,1,for development women,Tamil Nadu Corporation for Development of Women,Body/Corporation
2018,78,W,Rural Development and Panchayat Raj Department,Tamil Nadu Rural Transformation Project,0,1,,,,,,,,,,,,,,,,,1,,,,,,,,,,rural transformation project,Tamil Nadu Rural Transformation Project,HOD
2018,78,W,Rural Development and Panchayat Raj Department,International Fund for Agricultural Development (IFAD) assisted Post Tsunami Sustainable Livelihoods Programmes,0,1,,2,2,,2,,,,,,,,,,,,1,,,,,,,,1,1,international fund for agricultural development ifad assisted post tsunami sustainable livelihoods programmes,International Fund for Agricultural Development (IFAD) assisted Post Tsunami Sustainable Livelihoods Programmes,HOD
2018,78,W,Rural Development and Panchayat Raj Department,Tamil Nadu State Election Commission,0,1,,180,180,120,60,,,,,,,,,,,,1,,6,6,6,,,,1,1,state election commission,Tamil Nadu State Election Commission,Body/Corporation
2018,78,W,Rural Development and Panchayat Raj Department,Rural Development and Panchayat Raj Department Total,1,1850,1139,19716,20855,3137,16108,35,9,5,,143,,1418,14092,,,,933,205,1781,1986,1787,32,167,,1,1,rural development panchayat raj total,Rural Development and Panchayat Raj Department Total,HOD
2018,78,W,School Education Department,"School Education Department, Secretariat",0,6,1,947,948,781,138,4,,,,25,,,108,,,,4,,39,39,39,,,,1,1,school education,Directorate of School Education,Secretariat
2018,78,W,School Education Department,Directorate of School Education,0,66,7,3160,3167,895,2181,40,,,,46,,5,92,,,,1,,301,301,301,,,,1,1,school education,Directorate of School Education,HOD
2018,78,W,School Education Department,Directorate of Elementary,0,455,,1239,1239,713,526,,,,,,,,,,,,4,,23,23,23,,,,1,1,elementary education,Directorate of Elementary Education,HOD
2018,79,W,School Education Department,Education Directorate of Matriculation Schools,0,16,,324,324,143,180,1,,,,,,,,,,,1,,8,8,8,,,,1,1,matriculation schools,Matriculation Schools,HOD
2018,79,W,School Education Department,Directorate of Nonformal & Adult Education,0,1,,3,3,,3,,,,,,,,,,,,1,,,,,,,,1,1,nonformal adult education,Nonformal & Adult Education,HOD
2018,79,W,School Education Department,Directorate of State Council of Education Research and Training,0,2,1,109,110,,88,21,,,,,,1,,,,,1,,,,,,,,1,1,state council education research training,Directorate of State Council of Education Research and Training,HOD
2018,79,W,School Education Department,Directorate of Government Examinations,0,9,,455,455,24,430,,,,,,,1,2928,,,,1,,438,438,438,,,,1,1,examinations,Directorate of Government Examinations,HOD
2018,79,W,School Education Department,Directorate of Public Libraries,0,35,,808,808,,808,,,,,,,,,,,,35,,61,61,61,,,,1,1,public libraries,Directorate of Public Libraries,HOD
2018,79,W,School Education Department,Tamil Nadu Text Book and Educational Services Corporation,0,1,,12,12,,12,,,,,,,,,,,,1,,,,,,,,1,1,text book educational services,Tamil Nadu Text Book and Educational Services Corporation,Body/Corporation
2018,79,W,School Education Department,Teachers Recruitment Board,0,2,13,1060,1073,8,967,83,,,,,,15,222,,,,1,,19,19,19,,,,1,1,teachers recruitment board,Teachers Recruitment Board,Body/Corporation
2018,79,W,School Education Department,State Project Directorate of Samagra Shiksha Abhiyan,0,30,6,360,366,15,345,,,,,3,,3,3600,,,,34,,29,29,29,,,,1,1,state project samagra shiksha abhiyan,State Project Directorate of Samagra Shiksha Abhiyan,HOD
2018,79,W,School Education Department,School Education Department Total,1,623,28,8477,8505,2579,5678,149,,,,74,,25,6950,,,,84,,918,918,918,,,,1,1,school education total,School Education Department Total,HOD
2018,79,W,Social Reforms Department,Social Reforms Department Total,1,1,,2,2,,2,,,,,,,,,,,,1,,,,,,,,1,1,social reforms total,Social Reforms Department Total,HOD
2018,79,W,Social Welfare and Nutritious Meal Programme Department,"Social Welfare and Nutritious Meal Programme Department, Secretariat",0,3,,179,179,115,58,,,,,6,,,,,,,3,,4,4,4,,,,1,1,social welfare,Tamil Nadu Social Welfare Board,Secretariat
2018,79,W,Social Welfare and Nutritious Meal Programme Department,Directorate of Social Welfare,0,467,,261,261,,261,,,,,,,,,,,,467,,51,51,51,,,,1,1,social welfare,Tamil Nadu Social Welfare Board,HOD
2018,80,W,Social Welfare and Nutritious Meal Programme Department,Commissionerate of Social Defence,0,17,,88,88,46,42,,,,,,,,,,,,1,,1,1,1,,,,1,1,social defence,Commissionerate of Social Defence,HOD
2018,80,W,Social Welfare and Nutritious Meal Programme Department,Directorate of Integrated Child Development Services,0,1,,155,155,20,135,,,,,,,,,,,,1,,,,,,,,1,1,integrated child development services,Directorate of Integrated Child Development Services,HOD
2018,80,W,Social Welfare and Nutritious Meal Programme Department,Social Welfare and Nutritious Meal Programme Department Total,1,490,,687,687,181,500,,,,,6,,,,,,,472,,56,56,56,,,,1,1,social welfare nutritious meal programme total,Social Welfare and Nutritious Meal Programme Department Total,HOD
2018,80,W,Special Programme Implementation Department,Special Programme Implementation Department Total,1,1,,7,7,1,5,,,,,1,,,,,,,1,,1,1,1,,,,1,1,special programme implementation total,Special Programme Implementation Department Total,HOD
2018,80,W,Tamil Development and Information Department,"Tamil Development and Information Department, Secretariat",0,3,,37,37,23,13,,,,,1,,,10,,,,2,,2,2,2,,,,1,1,development information secretariat,"Tamil Development and Information Department, Secretariat",Secretariat
2018,80,W,Tamil Development and Information Department,Directorate of Tamil Development,0,32,,29,29,,29,,,,,,,,240,,,,1,,,,,,,,1,1,backward classes economic development,Tamil Nadu Backward Classes Economic Development Corporation,HOD
2018,80,W,Tamil Development and Information Department,Directorate of Information and Public Relations,0,1,,294,294,31,250,8,5,,,,,,,,,,1,,24,24,24,,,,1,1,information public relations,Directorate of Information and Public Relations,HOD
2018,80,W,Tamil Development and Information Department,Directorate of Tamil Etymological Dictionary Project,0,1,,,,,,,,,,,,,,,,,1,,,,,,,,,,etymological dictionary project,Directorate of Tamil Etymological Dictionary Project,HOD
2018,80,W,Tamil Development and Information Department,Directorate of Stationery and Printing,0,10,,132,132,1,107,,,3,,20,,1,46,,,,10,,7,7,7,,,,1,1,stationery printing,Directorate of Stationery and Printing,HOD
2018,80,W,Tamil Development and Information Department,Tamil Development and Information Department Total,1,47,,492,492,55,399,8,5,3,,21,,1,296,,,,15,,33,33,33,,,,1,1,development information total,Tamil Development and Information Department Total,HOD
2018,81,W,"Tourism, Culture and Religious Endowments Department","Tourism, Culture and Religious Endowments Department, Secretariat.",0,3,,221,221,137,76,5,,,,3,,,58,,,,3,,1,1,1,,,,1,1,tourism culture religious endowments secretariat,"Tourism, Culture and Religious Endowments Department, Secretariat.",Secretariat
2018,81,W,"Tourism, Culture and Religious Endowments Department",Directorate of Museum,0,1,,10,10,2,8,,,,,,,,,,,,1,,,,,,,,1,1,museum,Directorate of Museum,HOD
2018,81,W,"Tourism, Culture and Religious Endowments Department",Commissionerate of Art and Culture,0,16,,51,51,8,43,,,,,,,,,,,,1,,3,3,3,,,,1,1,art culture,Commissionerate of Art and Culture,HOD
2018,81,W,"Tourism, Culture and Religious Endowments Department",Commissionerate of Archaeology,0,19,,32,32,5,27,,,,,,,,,,,,5,,2,2,2,,,,1,1,archaeology,Commissionerate of Archaeology,HOD
2018,81,W,"Tourism, Culture and Religious Endowments Department",Commissionerate of Tourism,0,1,,14,14,,14,,,,,,,,,,,,1,,,,,,,,1,1,tourism,Commissionerate of Tourism,HOD
2018,81,W,"Tourism, Culture and Religious Endowments Department",Commissionerate of Hindu Religious and Charitable Endowments,0,88,24,6687,6711,1585,4820,130,6,3,,50,,117,,,,,88,11,785,796,755,14,27,,1,1,hindu religious charitable endowments,Commissionerate of Hindu Religious and Charitable Endowments,HOD
2018,81,W,"Tourism, Culture and Religious Endowments Department",Tamil Nadu Tourism Development Corporation,0,1,,33,33,7,26,,,,,,,,520,,,,1,,5,5,5,,,,1,1,tourism development,Tamil Nadu Tourism Development Corporation,Body/Corporation
2018,81,W,"Tourism, Culture and Religious Endowments Department","Tourism, Culture and Religious Endowments Department Total",1,129,24,7048,7072,1744,5014,135,6,3,,53,,117,578,,,,100,11,796,807,766,14,27,,1,1,tourism culture religious endowments total,"Tourism, Culture and Religious Endowments Department Total",HOD
2018,81,W,Transport Department,"Transport Department, Secretariat",0,4,,394,394,291,93,,,,,10,,,70,,,,2,,59,59,59,,,,1,1,transport secretariat,"Transport Department, Secretariat",Secretariat
2018,81,W,Transport Department,"Metropolitan Transport Corporation (Chennai) Ltd.,",0,1,22,764,786,1,696,23,,,,22,,44,3510,,,,1,8,99,107,104,,3,,1,1,metropolitan transport,"Metropolitan Transport Corporation (Chennai) Ltd.,",Body/Corporation
2018,81,W,Transport Department,"State Express Transport Corporation, Chennai",0,1,18,872,890,8,812,9,,3,,38,,20,4836,,,,1,,71,71,71,,,,1,1,state express transport,"State Express Transport Corporation, Chennai",Body/Corporation
2018,81,W,Transport Department,"Tamil Nadu State Transport Corporation (Villupuram) Ltd.,",0,1,61,995,1056,6,740,69,,,,23,,218,13187,,,,1,6,113,119,105,2,12,,1,1,state transport villupuram,"Tamil Nadu State Transport Corporation (Villupuram) Ltd.,",Body/Corporation
2018,82,W,Transport Department,"Tamil Nadu State Transport Corporation (Salem), Ltd.,",0,1,48,1004,1052,,954,,,,,,,98,12300,,,,1,,,,,,,,1,1,state transport salem,"Tamil Nadu State Transport Corporation (Salem), Ltd.,",Body/Corporation
2018,82,W,Transport Department,"Tamil Nadu State Transport Corporation (Coimbatore) Ltd.,",0,1,73,1145,1218,2,1130,,,,,,,86,,,,,1,14,251,265,244,,21,,1,1,state transport coimbatore,"Tamil Nadu State Transport Corporation (Coimbatore) Ltd.,",Body/Corporation
2018,82,W,Transport Department,"Tamil Nadu State Transport Corporation (Kumbakonam) Ltd.,",0,1,110,1027,1137,5,824,205,,,,,,103,13910,,,,1,27,161,188,127,50,11,,1,1,state transport kumbakonam,"Tamil Nadu State Transport Corporation (Kumbakonam) Ltd.,",Body/Corporation
2018,82,W,Transport Department,"Tamil Nadu State Transport Corporation (Madurai) Ltd.,",0,1,14,711,725,5,684,16,,,,,,20,13032,,,,1,18,20,38,20,,18,,1,1,state transport madurai,"Tamil Nadu State Transport Corporation (Madurai) Ltd.,",Body/Corporation
2018,82,W,Transport Department,"Tamil Nadu State Transport Corporation (Tirunelveli) Ltd.,",0,1,19,926,945,1,908,8,,,,9,,19,,,,,1,,89,89,87,2,,,1,1,state transport tirunelveli,"Tamil Nadu State Transport Corporation (Tirunelveli) Ltd.,",Body/Corporation
2018,82,W,Transport Department,"Motor Vehicles & Maintenance Department, Chennai",0,21,,36,36,,36,,,,,,,,,,,,1,,2,2,2,,,,1,1,motor vehicles maintenance,"Motor Vehicles & Maintenance Department, Chennai",HOD
2018,82,W,Transport Department,"Institute of Road Transport, Chennai",0,1,,13,13,1,12,,,,,,,,,,,,,,2,2,2,,,,1,1,institute road transport,"Institute of Road Transport, Chennai",Body/Corporation
2018,82,W,Transport Department,"Transport Development Finance Corporation Ltd.,",0,1,,10,10,,10,,,,,,,,,,,,1,,,,,,,,1,1,transport development finance,"Transport Development Finance Corporation Ltd.,",Body/Corporation
2018,82,W,Transport Department,"Pallavan Transport Consultancy Services, Chennai",0,2,,,,,,,,,,,,,,,,,1,,,,,,,,,,pallavan transport consultancy services,"Pallavan Transport Consultancy Services, Chennai",HOD
2018,82,W,Transport Department,Transport Department Total,1,37,365,7897,8262,320,6899,330,,3,,102,,608,60845,,,,11,73,867,940,821,54,65,,1,1,transport total,Transport Department Total,HOD
2018,82,W,Welfare of Differently Abled Persons Department,"Welfare of Differently Abled Persons Department, Secretariat",0,2,,63,63,49,10,,,1,,3,,,186,,,,1,,3,3,2,1,,,1,1,welfare differently abled persons secretariat,"Welfare of Differently Abled Persons Department, Secretariat",Secretariat
2018,82,W,Welfare of Differently Abled Persons Department,Commissionerate for the Welfare of Differently Abled,0,41,,420,420,68,349,1,,,,,,2,,,,,2,,39,39,39,,,,1,1,for welfare differently abled,Commissionerate for the Welfare of Differently Abled,HOD
2018,83,W,Welfare of Differently Abled Persons Department,Welfare of Differently Abled Persons Department Total,1,43,,483,483,117,359,1,,1,,3,,2,186,,,,3,,42,42,41,1,,,1,1,welfare differently abled persons total,Welfare of Differently Abled Persons Department Total,HOD
2018,83,W,Youth Welfare and Sports Development Department,"Youth Welfare and Sports Development, Secretariat",0,1,,42,42,31,9,,,,,2,,,,,,,1,,7,7,5,2,,,1,1,youth welfare sports development secretariat,"Youth Welfare and Sports Development, Secretariat",Secretariat
2018,83,W,Youth Welfare and Sports Development Department,Sports Development Authority of Tamil Nadu,0,33,,110,110,,110,,,,,,,,,,,,1,,,,,,,,1,1,sports development authority,Sports Development Authority of Tamil Nadu,Body/Corporation
2018,83,W,Youth Welfare and Sports Development Department,National Cadet Corps,0,58,,9,9,,7,2,,,,,,,,,,,1,,1,1,1,,,,1,1,national cadet corps,National Cadet Corps,HOD
2018,83,W,Youth Welfare and Sports Development Department,National Service Scheme,0,1,,,,,,,,,,,,,,,,,1,,,,,,,,,,national service scheme,National Service Scheme,HOD
2018,83,W,Youth Welfare and Sports Development Department,Tamil Nadu Physical Education and Sports University,0,1,1,40,41,,36,,,,,,,5,,,,,1,,1,1,,,1,,1,1,physical education sports university,Tamil Nadu Physical Education and Sports University,Body/Corporation
2018,83,W,Youth Welfare and Sports Development Department,Youth Welfare and Sports Development Department Total,1,94,1,201,202,31,162,2,,,,2,,5,,,,,5,,9,9,6,2,1,,1,1,youth welfare sports development total,Youth Welfare and Sports Development Department Total,HOD
2018,83,W,Legislative Assembly Secretariat,Legislative Assembly Secretariat Total,1,16,5,153,158,32,109,6,,,,10,,1,274,,,,2,,13,13,9,4,,,1,1,legislative assembly secretariat total,Legislative Assembly Secretariat Total,Secretariat
2018,83,W,Tamil Nadu Information Commission,Tamil Nadu Information Commission Total,1,1,350,859,1209,42,1167,,,,,,,,,,,,1,24,18,42,42,,,,1,1,information commission total,Tamil Nadu Information Commission Total,Body/Corporation
2018,83,W,Grand,Grand Total,1,13463,9787,316676,326463,57585,246438,3530,320,1089,466,7104,,9931,746266,,,,4624,1574,29818,31392,28590,1271,1531,,1,1,grand total,Grand Total,HOD
2019,47,T,AdiDravidar and Tribal Welfare Department,"AdiDravidar and Tribal Welfare Department, Secretariat",0,13,,309,309,95,309,5,,,,,,,3072,,,,13,,16,16,9,7,,,1,0,adi dravidar tribal welfare secretariat,Directorate of Tribal Welfare,Secretariat
2019,47,T,AdiDravidar and Tribal Welfare Department,rectorate of AdiDravidar elfare,0,,,266,266,,266,,,,,,,,2745,,,,1,,29,29,,,,,1,1,rectorate adidravidar elfare,rectorate of AdiDravidar elfare,HOD
2019,47,T,AdiDravidar and Tribal Welfare Department,rectorate of Tribal elfare,0,,,74,74,2,74,,,,,,,,740,,,,,,,,,,,,1,0,ectorate tribal welfare,ectorate of Tribal Welfare,HOD
2019,47,T,AdiDravidar and Tribal Welfare Department,Tamil Nadu AdiDravidar Housing and Development Corporation (TAHDCO),0,,,74,74,16,46,,,,,12,,,437,,,,43,,11,11,11,,,,1,1,adi dravidar housing development tahdco,Tamil Nadu Adi Dravidar Housing and Development Corporation (TAHDCO),Body/Corporation
2019,47,T,AdiDravidar and Tribal Welfare Department,AdiDravidar and Tribal Welfare Department Total,1,13,0,723,723,113,695,5,0,0,0,12,,0,6994,,,,57,0,56,56,20,7,0,,1,0,adidravidar tribal welfare total,AdiDravidar and Tribal Welfare Department Total,HOD
2019,47,T,Agriculture Department,"Agriculture Department, Secretariat",0,,,133,133,94,35,,,,,4,,,2318,,,,,,2,2,2,,,,1,1,agriculture secretariat,"Agriculture Department, Secretariat",Secretariat
2019,47,T,Agriculture Department,Directorate of Agriculture,0,68,108,1059,1167,123,849,24,,,,18,,153,15445,,,,31,27,216,243,220,6,17,,1,1,agriculture secretariat,"Agriculture Department, Secretariat",HOD
2019,47,T,Agriculture Department,Directorate of Horticulture and Plantation Crops,0,116,13,358,371,19,331,8,,,,,,13,3606,,,,34,,58,58,56,,2,,1,1,horticulture plantation crops,Directorate of Horticulture and Plantation Crops,HOD
2019,47,T,Agriculture Department,Agricultural Marketing and Agri Business,0,1,,12,12,,,,,,,,,,,,,,,,,,,,,,1,,agricultural marketing agri business,Agricultural Marketing and Agri Business,HOD
2019,48,T,Agriculture Department,Directorate of Seed Certification and Organic Certification,0,1,,14,14,,13,,,,,,,1,110,,,,1,,,,,,,,1,1,seed certification organic certification,Directorate of Seed Certification and Organic Certification,HOD
2019,48,T,Agriculture Department,Agricultural Engineering,0,,,,,,,,,,,,,,,,,,,,,,,,,,,,agricultural engineering,Agricultural Engineering,HOD
2019,48,T,Agriculture Department,Tamil Nadu Agricultural University,0,2,4,158,161,11,123,10,,,,17,,1,1390,,,,1,2,8,10,10,,,,0,0,agricultural university,Tamil Nadu Agricultural University,Body/Corporation
2019,48,T,Agriculture Department,Tamil Nadu Watershed Development Agency,0,1,10,11,21,,21,,,,,,,,,,,,,,,,,,,,1,1,watershed development agency,Tamil Nadu Watershed Development Agency,Body/Corporation
2019,48,T,Agriculture Department,Agriculture Department Total,1,189,135,1745,1879,247,1372,42,0,0,0,39,,168,22869,,,,67,29,284,313,288,6,19,,0,0,agriculture total,Agriculture Department Total,HOD
2019,48,T,"Animal Husbandry, Dairying & Fisheries Department","Animal Husbandry, Dairying &Fisheries Department, Secretariat",0,17,,111,111,102,111,2,,,,5,,,630,,,,4,,2,2,2,,,,1,0,animal husbandry dairying fisheries secretariat,"Animal Husbandry, Dairying & Fisheries Department, Secretariat.",Secretariat
2019,48,T,"Animal Husbandry, Dairying & Fisheries Department",Directorate of Milk Production and Dairy Development,0,30,,189,189,55,131,1,1,,,1,,,1517,,,,3,,3,3,3,,,,1,1,milk production dairy development,Directorate of Milk Production and Dairy Development,HOD
2019,48,T,"Animal Husbandry, Dairying & Fisheries Department",mil Nadu Co-operative lk Producers Federation,0,11,10,192,202,58,133,,,,,7,,4,4283,,,,11,4,23,27,27,,,,1,1,co operative milk producers federation,Tamil Nadu Co-operative Milk Producers Federation,HOD
2019,48,T,"Animal Husbandry, Dairying & Fisheries Department",Tamil Nadu Veterinary and Animal Sciences University,0,1,2,36,38,,30,1,,,,,,7,411,,,,1,,1,1,1,,,,1,1,veterinary animal sciences university,Tamil Nadu Veterinary and Animal Sciences University,Body/Corporation
2019,48,T,"Animal Husbandry, Dairying & Fisheries Department",Director of Animal Husbandry and Veterinary Services,0,33,2,409,411,1,406,3,,,,,,1,1095,,,,1,,19,19,19,,,,1,1,director animal husbandry veterinary services,Director of Animal Husbandry and Veterinary Services,HOD
2019,48,T,"Animal Husbandry, Dairying & Fisheries Department",Tamil Nadu Livestock Development Agency,0,1,,,,,,,,,,,,,,,,,1,,,,,,,,,,livestock development agency,Tamil Nadu Livestock Development Agency,Body/Corporation
2019,48,T,"Animal Husbandry, Dairying & Fisheries Department",Directorate of Fisheries,0,29,,436,436,,436,,,,,,,,826,,,,12,,13,13,13,,,,1,1,fisheries development,Tamil Nadu Fisheries Development Corporation,HOD
2019,48,T,"Animal Husbandry, Dairying & Fisheries Department",Tamil Nadu Dr.J.Jayalalitha Fisheries University,0,1,3,17,20,,17,,,,,,,3,152,,,,1,,2,2,2,,,,1,1,dr j jayalalitha fisheries university,Tamil Nadu Dr.J.Jayalalitha Fisheries University,Body/Corporation
2019,48,T,"Animal Husbandry, Dairying & Fisheries Department",Tamil Nadu Fisheries Development Corporation,0,1,,10,10,1,9,,,,,,,,40,,,,1,,1,1,1,,,,1,1,fisheries development,Tamil Nadu Fisheries Development Corporation,Body/Corporation
2019,49,T,"Animal Husbandry, Dairying & Fisheries Department","Animal Husbandry, Dairying & Fisheries Department Total",1,124,17,1400,1417,217,1273,7,1,0,0,13,,15,8954,,,,35,4,64,68,68,,,,1,0,animal husbandry dairying fisheries total,"Animal Husbandry, Dairying & Fisheries Department Total",HOD
2019,49,T,"Backward Classes, Most Backward Classes and Minorities Welfare Department","Backward Classes, Most Backward Classes and Minorities Welfare Department, Secretariat",0,3,,199,199,75,116,8,,,,,,,3176,,,,3,,23,23,16,5,,,1,1,backward classes most backward classes minorities welfare secretariat,Directorate of Minorities Welfare,Secretariat
2019,49,T,"Backward Classes, Most Backward Classes and Minorities Welfare Department",Directorate of Backward Classes Welfare,0,35,5,473,478,45,421,12,,,,12,,,1576,,,,33,2,20,22,21,1,,,1,0,backward classes welfare,Directorate of Backward Classes Welfare,HOD
2019,49,T,"Backward Classes, Most Backward Classes and Minorities Welfare Department",Directorate of Most Backward Classes &Denotified Communities Welfare,0,3,,96,96,8,88,,,,,,,,508,,,,1,,6,6,6,,,,1,1,most backward classes denotified communities welfare,Most Backward Classes & Denotified Communities Welfare,HOD
2019,49,T,"Backward Classes, Most Backward Classes and Minorities Welfare Department",Directorate of Minorities Welfare,0,1,,38,38,8,30,,,,,,,,,,,,1,,,,,,,,1,1,backward classes most backward classes minorities welfare secretariat,Directorate of Minorities Welfare,HOD
2019,49,T,"Backward Classes, Most Backward Classes and Minorities Welfare Department",mil Nadu Backward asses Commission,0,1,1,23,24,6,15,,,,,3,,,860,,,,1,,1,1,,,,,1,1,backward classes commission,Tamil Nadu Backward Classes Commission,Body/Corporation
2019,49,T,"Backward Classes, Most Backward Classes and Minorities Welfare Department",ate Minorities mmission,0,1,,8,8,8,8,,,,,,,,,,,,1,,,,,,,,1,0,state minorities commission,State Minorities Commission,HOD
2019,49,T,"Backward Classes, Most Backward Classes and Minorities Welfare Department",Tamil Nadu Backward Classes Economic Development Corporation,0,1,,34,34,,34,,,,,,,,,,,,1,,6,6,6,,,,1,1,backward classes economic development,Tamil Nadu Backward Classes Economic Development Corporation,Body/Corporation
2019,49,T,"Backward Classes, Most Backward Classes and Minorities Welfare Department",Tamil Nadu Minorities Economic Development Corporation,0,1,,9,9,,9,,,,,,,,90,,,,1,,1,1,0,,,,1,1,minorities economic development,Tamil Nadu Minorities Economic Development Corporation,Body/Corporation
2019,49,T,"Backward Classes, Most Backward Classes and Minorities Welfare Department",Tamil Nadu Wakf Board,0,12,27,1217,1244,13,1142,16,,,,52,,21,821,,,,12,2,215,217,207,7,3,,1,1,wakf board,Tamil Nadu Wakf Board,Body/Corporation
2019,49,T,"Backward Classes, Most Backward Classes and Minorities Welfare Department",TamilnaduVanniyakula Kshatriya cblic charitable trusts and endowments Boards,0,1,,3,3,,3,,,,,,,,66,,,,1,,,,,,,,1,1,tamilnaduvanniyakula kshatriya cblic charitable trusts endowments boards,TamilnaduVanniyakula Kshatriya cblic charitable trusts and endowments Boards,Body/Corporation
2019,49,T,"Backward Classes, Most Backward Classes and Minorities Welfare Department",Tamil Nadu State Hajj Committee,0,1,,3,3,,3,,,,,,,,,,,,1,,,,,,,,1,1,state hajj committee,Tamil Nadu State Hajj Committee,HOD
2019,50,T,"Backward Classes, Most Backward Classes and Minorities Welfare Department","Backward Classes, Most Backward Classes and Minorities Welfare Department Total",1,60,33,2103,2136,163,1869,36,0,0,0,67,,21,7097,,,,56,4,272,276,256,13,3,,1,0,backward classes most backward classes minorities welfare total,"Backward Classes, Most Backward Classes and Minorities Welfare Department Total",HOD
2019,50,T,Commercial Taxes and Registration Department,"Commercial Taxes and Registration Department, Secretariat",0,2,,273,273,127,142,1,,,,3,,,2864,,,,3,,27,27,27,,,,1,1,commercial taxes,Commissionerate of Commercial Taxes,Secretariat
2019,50,T,Commercial Taxes and Registration Department,Commissionerate of Commercial Taxes,0,448,23,718,741,98,507,38,,4,,53,,41,9615,,,,69,11,64,75,45,24,6,,1,1,commercial taxes,Commissionerate of Commercial Taxes,HOD
2019,50,T,Commercial Taxes and Registration Department,Registration,0,719,27,16441,16468,1080,15277,47,,,,14,,50,203876,,,,74,8,1138,1146,1131,5,10,,1,1,registration,Registration,HOD
2019,50,T,Commercial Taxes and Registration Department,Tamil Nadu Sales Tax Appellate Tribunal,0,22,,5,5,1,3,1,,,,,,,200,,,,1,,,,,,,,1,1,sales tax appellate tribunal,Tamil Nadu Sales Tax Appellate Tribunal,Body/Corporation
2019,50,T,Commercial Taxes and Registration Department,Commercial Taxes and Registration Department Total,1,1191,50,17437,17487,1306,15929,87,0,4,0,70,,91,216555,,,,147,19,1229,1248,1203,29,16,,1,1,commercial taxes registration total,Commercial Taxes and Registration Department Total,HOD
2019,50,T,"Co-operation, Food and Consumer Protection Department","-operation, Food and nsumer Protection partment, Secretariat",0,8,,209,209,134,208,,,,,1,,,3448,,,,6,2,11,13,12,1,,,1,0,co operation food consumer protection secretariat,"Co-operation, Food and Consumer Protection Department, Secretariat",Secretariat
2019,50,T,"Co-operation, Food and Consumer Protection Department",gistrar of Co-operative cieties,0,3369,71,3485,3556,854,2447,32,,3,,158,,62,33520,,,,102,30,484,514,484,14,13,,1,1,registrar co operative societies,Registrar of Co-operative Societies,HOD
2019,50,T,"Co-operation, Food and Consumer Protection Department",Commissioner of Civil Supplies and Consumer Protection,0,21,2,441,443,145,273,13,,,,12,,,7086,,,,20,2,65,67,58,9,,,1,1,commissioner civil supplies consumer protection,Commissioner of Civil Supplies and Consumer Protection,HOD
2019,50,T,"Co-operation, Food and Consumer Protection Department",Tamil Nadu Civil Supplies Corporation,0,49,,652,652,10,634,5,,,,,,3,8114,,,,34,,40,40,37,,3,,1,1,commissioner civil supplies consumer protection,Commissioner of Civil Supplies and Consumer Protection,Body/Corporation
2019,50,T,"Co-operation, Food and Consumer Protection Department",State Consumer Disputes Redressal Commission,0,34,,189,189,10,179,,,,,,,,1932,,,,1,,29,29,29,,,,1,1,state consumer disputes redressal commission,State Consumer Disputes Redressal Commission,Body/Corporation
2019,50,T,"Co-operation, Food and Consumer Protection Department",Tamil Nadu Warehousing Corporation,0,1,,18,18,1,16,1,,,,,,,696,,,,1,,2,2,2,,,,1,1,warehousing,Tamil Nadu Warehousing Corporation,Body/Corporation
2019,50,T,"Co-operation, Food and Consumer Protection Department","Co-operation, Food and Consumer Protection Department Total",1,3482,73,4994,5067,1154,3757,51,0,3,0,171,,65,54796,,,,164,34,631,665,622,24,16,,1,0,co operation food consumer protection total,"Co-operation, Food and Consumer Protection Department Total",HOD
2019,51,T,Energy Department,"Energy Department, Secretariat",0,3,,120,120,111,8,1,,,,,,,990,,,,,,3,3,3,,,,1,1,energy secretariat,"Energy Department, Secretariat",Secretariat
2019,51,T,Energy Department,Tamil Nadu Generation and Distribution Corporation Limited,0,373,245,7410,7655,327,6898,140,,,,,,290,65890,,,,175,76,1036,1112,1061,5,46,,1,1,generation distribution,Tamil Nadu Generation and Distribution Corporation Limited,Body/Corporation
2019,51,T,Energy Department,Tamil Nadu Energy Development Agency,0,1,,9,9,6,3,,,,,,,,90,,,,1,,,,,,,,1,1,energy development agency,Tamil Nadu Energy Development Agency,Body/Corporation
2019,51,T,Energy Department,Electrical Inspectorate,0,25,,83,83,,79,,,,,1,,4,740,,,,1,2,6,8,7,,1,,1,0,electrical inspectorate,Electrical Inspectorate,HOD
2019,51,T,Energy Department,Tamil Nadu Electricity Regulatory Commission,0,1,,88,88,20,65,,,,,3,,,414,,,,1,,5,5,4,,1,,1,1,electricity regulatory commission,Tamil Nadu Electricity Regulatory Commission,Body/Corporation
2019,51,T,Energy Department,Tamil Nadu Power Finance and Infrastructure Development Corporation Limited,0,1,,42,42,,41,,,,,1,,1,420,,,,1,,,,,,,,1,0,power finance infrastructure development,Tamil Nadu Power Finance and Infrastructure Development Corporation Limited,Body/Corporation
2019,51,T,Energy Department,Energy Department Total,1,404,245,7752,7997,464,7094,141,0,0,0,5,,295,68544,,,,179,78,1050,1128,1075,5,48,,1,0,energy total,Energy Department Total,HOD
2019,51,T,Environment and Forests,"vironment and rests, Secretariat",0,3,,173,173,99,69,5,,,,,,,2378,,,,3,,5,5,5,,,,1,1,vironment rests secretariat,"vironment and rests, Secretariat",Secretariat
2019,51,T,Environment and Forests,Tamil Nadu Forests Department,0,1,33,400,433,144,377,,,,,,,,4304,,,,1,,25,25,20,,5,,1,0,forests,Tamil Nadu Forests Department,HOD
2019,51,T,Environment and Forests,Tamil Nadu Pollution Control Board,0,45,,1850,1850,15,1835,,,,,,,,28781,,,,1,,97,97,97,,,,1,1,pollution control board,Tamil Nadu Pollution Control Board,Body/Corporation
2019,51,T,Environment and Forests,Directorate of Environment,0,1,,54,54,14,54,,,,,,,,416,,,,1,,,,,,,,1,0,environment,Directorate of Environment,HOD
2019,51,T,Environment and Forests,Tamil Nadu Forest Plantation Corporation Limited,0,7,,50,50,,50,,,,,,,,360,,,,7,,,,,,,,1,1,forest plantation,Tamil Nadu Forest Plantation Corporation Limited,Body/Corporation
2019,51,T,Environment and Forests,Arasu Rubber Corporation Limited,0,1,5,26,31,28,,1,,,,2,,3,240,,,,1,2,4,6,5,,1,,1,,arasu rubber,Arasu Rubber Corporation Limited,Body/Corporation
2019,51,T,Environment and Forests,The Tamil Nadu Tea Plantation Corporation Limited,0,2,,33,33,,33,,,,,,,,430,,,,1,,1,1,1,,,,1,1,tea plantation,The Tamil Nadu Tea Plantation Corporation Limited,Body/Corporation
2019,52,T,Environment and Forests,Environment and Forests Total,1,60,38,2586,2624,300,2418,6,0,0,0,2,,3,36909,,,,15,2,132,134,128,0,6,,1,0,environment forests total,Environment and Forests Total,HOD
2019,52,T,"Handlooms, Handicrafts, Textiles and Khadi Department","Finance Department, Secretariat",0,1,19,1060,1079,260,817,,,,,2,,,20080,,,,1,2,71,73,71,2,,,1,1,finance secretariat,"Finance Department, Secretariat",Secretariat
2019,52,T,"Handlooms, Handicrafts, Textiles and Khadi Department",Commissionerate of Treasuries and Accounts,0,48,36,1296,1332,95,1132,10,,2,,60,,,13300,,,,13,4,107,111,106,5,,,1,0,treasuries accounts,Commissionerate of Treasuries and Accounts,HOD
2019,52,T,"Handlooms, Handicrafts, Textiles and Khadi Department",Co-operative Audit Department,0,41,11,213,224,5,205,,,,,5,,9,5094,,,,8,2,28,30,20,9,1,,1,1,co operative audit,Co-operative Audit Department,HOD
2019,52,T,"Handlooms, Handicrafts, Textiles and Khadi Department",Directorate of Small Savings,0,32,,6,6,2,4,,,,,,,,60,,,,32,,,,,,,,1,1,small savings,Small Savings,HOD
2019,52,T,"Handlooms, Handicrafts, Textiles and Khadi Department",Directorate of Local Fund Audit,0,69,27,489,516,15,478,,,,,,,23,5996,,,,10,,36,36,31,,5,,1,1,local fund audit,Directorate of Local Fund Audit,HOD
2019,52,T,"Handlooms, Handicrafts, Textiles and Khadi Department",Internal Audit and Statutory Boards Audit,0,38,1,27,28,1,25,1,,,,1,,,882,,,,1,,1,1,1,,,,1,1,internal audit statutory boards audit,Internal Audit and Statutory Boards Audit,Body/Corporation
2019,52,T,"Handlooms, Handicrafts, Textiles and Khadi Department",mmissionerate of vernment Data Centre,0,1,,64,64,6,52,,,,,2,,4,636,,,,1,,2,2,2,,,,1,1,data centre,State Ground Water and Surface Water Resources Data Centre,HOD
2019,52,T,"Handlooms, Handicrafts, Textiles and Khadi Department",rectorate of Pension,0,1,,137,137,43,75,,,,,16,,3,1350,,,,1,,4,4,2,2,,,1,1,rectorate pension,rectorate of Pension,HOD
2019,52,T,"Handlooms, Handicrafts, Textiles and Khadi Department",nance Department tal,0,231,94,3292,3386,427,2788,11,0,2,0,86,,39,47398,,,,67,8,249,257,233,18,6,,1,0,nance tal,nance Department tal,HOD
2019,52,T,"Handlooms, Handicrafts, Textiles and Khadi Department","Handlooms, Handicrafts, Textiles and Khadi Department, Secretariat",0,9,,41,41,27,13,,,,,,,,404,,,,6,,17,17,12,5,,,1,0,handlooms handicrafts textiles khadi secretariat,"Handlooms, Handicrafts, Textiles and Khadi Department, Secretariat",Secretariat
2019,52,T,"Handlooms, Handicrafts, Textiles and Khadi Department",Directorate of Handlooms and Textiles,0,38,3,425,428,155,205,7,,,,11,,47,4114,,,,38,1,76,77,70,6,1,,1,0,handlooms textiles,Directorate of Handlooms and Textiles,HOD
2019,52,T,"Handlooms, Handicrafts, Textiles and Khadi Department",Directorate of Sericulture,0,38,5,70,75,5,65,,,,,3,,2,1172,,,,35,,11,11,9,,2,,1,1,sericulture,Directorate of Sericulture,HOD
2019,52,T,"Handlooms, Handicrafts, Textiles and Khadi Department",Tamil Nadu Handicrafts Development Corporation,0,1,,4,4,,4,,,,,,,,,,,,1,,4,4,4,,,,1,1,handicrafts development,Tamil Nadu Handicrafts Development Corporation,Body/Corporation
2019,52,T,"Handlooms, Handicrafts, Textiles and Khadi Department",Co-optex,0,12,3,121,124,3,120,,,,,,,1,440,,,,4,1,6,7,7,,,,1,1,co optex,Co-optex,HOD
2019,52,T,"Handlooms, Handicrafts, Textiles and Khadi Department",Tamil Nadu Khadi Village Industries Board,0,,4,47,51,,45,,,,,,,6,60,,,,1,,7,7,7,,,,1,1,khadi village industries board,Tamil Nadu Khadi Village Industries Board,Body/Corporation
2019,53,T,"Handlooms, Handicrafts, Textiles and Khadi Department",Tamil Nadu Palm Product Development Board,0,1,,10,10,,10,,,,,,,,10,,,,,,,,,,,,1,1,palm product development board,Tamil Nadu Palm Product Development Board,Body/Corporation
2019,53,T,"Handlooms, Handicrafts, Textiles and Khadi Department","Handlooms, Handicrafts, Textiles and Khadi Department Total",1,99,15,718,733,190,462,7,0,0,0,14,,56,6200,,,,85,2,121,123,109,11,3,,1,0,handlooms handicrafts textiles khadi total,"Handlooms, Handicrafts, Textiles and Khadi Department Total",HOD
2019,53,T,Health and Family Welfare Department,"Health and Family Welfare Department, Secretariat",0,31,,646,646,331,220,24,27,,,55,,,2376,,,,8,,20,20,12,7,1,,1,0,family welfare,"Health and Family Welfare Department, Secretariat",Secretariat
2019,53,T,Health and Family Welfare Department,Director of Medical Education,0,80,94,3851,3945,140,3379,175,46,25,27,86,,67,11601,,,,80,6,194,200,166,31,3,,1,1,director medical education,Director of Medical Education,HOD
2019,53,T,Health and Family Welfare Department,Director of Medical and Rural Health Services,0,37,19,2105,2124,347,1581,65,4,,,52,,56,9540,,,,31,4,120,124,94,12,18,,1,0,director medical rural health services,Director of Medical and Rural Health Services,HOD
2019,53,T,Health and Family Welfare Department,rector of Public Health d Preventive Medicine,0,43,35,1135,1170,122,941,17,,,,71,,19,7423,,,,43,4,167,171,147,17,7,,1,1,public health preventive medicine,Public Health and Preventive Medicine,HOD
2019,53,T,Health and Family Welfare Department,rector of Medical and ral Health Services SI),0,228,,80,80,8,47,8,,,,8,,,800,,,,12,,9,9,9,,,,1,0,director medical rural health services,Director of Medical and Rural Health Services,HOD
2019,53,T,Health and Family Welfare Department,Directorate of Family Welfare,0,5,2,26,28,5,22,,,,,,,1,210,,,,2,,2,2,2,,,,1,1,family welfare,"Health and Family Welfare Department, Secretariat",HOD
2019,53,T,Health and Family Welfare Department,Directorate of Indian Medicine and Homoeopathy,0,32,,218,218,32,190,4,,,,2,,,2180,,,,32,,6,6,6,,,,1,0,indian medicine homoeopathy,Directorate of Indian Medicine and Homoeopathy,HOD
2019,53,T,Health and Family Welfare Department,Commissioner of Food Safety and Drug Administration,0,39,59,824,883,74,774,,,,,1,,34,150,,,,1,2,19,21,19,,2,,1,1,commissioner food safety drug administration,Commissioner of Food Safety and Drug Administration,HOD
2019,53,T,Health and Family Welfare Department,Tamil Nadu Medical Services Corporation Limited,0,1,1,43,44,3,41,,,,,4,,,422,,,,1,,,,,,,,1,0,medical services,Tamil Nadu Medical Services Corporation Limited,Body/Corporation
2019,53,T,Health and Family Welfare Department,Tamil Nadu Health Systems Project,0,1,,86,86,2,84,,,,,,,,200,,,,1,,8,8,8,,,,1,1,health systems project,Tamil Nadu Health Systems Project,HOD
2019,54,T,Health and Family Welfare Department,Tamil Nadu State Health Transport Department,0,8,,8,8,1,6,,,,,1,,,256,,,,1,,,,,,,,1,1,state health transport,Tamil Nadu State Health Transport Department,HOD
2019,54,T,Health and Family Welfare Department,Directorate of Drugs Control,0,17,8,269,278,32,241,4,,,,8,,,1572,,,,17,,11,11,11,,,,0,0,drugs control,Directorate of Drugs Control,HOD
2019,54,T,Health and Family Welfare Department,Medical Services Recruitment Board (MRB),0,1,,211,211,,199,4,,,,,,8,1680,,,,1,,,,9,,,,1,1,medical services,Tamil Nadu Medical Services Corporation Limited,Body/Corporation
2019,54,T,Health and Family Welfare Department,National Health Mission,0,1,,33,33,10,23,,,,,,,,,,,,1,,1,1,1,,,,1,1,national health mission,National Health Mission,HOD
2019,54,T,Health and Family Welfare Department,Health and Family Welfare Department Total,1,524,218,9535,9754,1107,7748,301,77,25,27,288,,185,38410,,,,231,16,557,573,484,67,31,,0,0,health family welfare total,Health and Family Welfare Department Total,HOD
2019,54,T,Higher Education Department,"Higher Education Department, Secretariat",0,12,,490,490,281,190,2,,,,17,,,6230,,,,3,,40,40,40,,,,1,1,higher education secretariat,"Higher Education Department, Secretariat",Secretariat
2019,54,T,Higher Education Department,Commissionerate of Technical Education,0,1,,490,490,25,465,,,,,4,,21,6092,,,,1,,90,90,90,,,,1,0,state council for technical education,Tamil Nadu State Council for Technical Education,HOD
2019,54,T,Higher Education Department,rectorate of Collegiate ucation,0,125,37,1660,1697,25,1595,,,,,,,77,9482,,,,10,6,143,149,148,,1,,1,1,rectorate collegiate ucation,rectorate of Collegiate ucation,HOD
2019,54,T,Higher Education Department,mmissionerate of Tamil du Archives and storical Research,0,9,316,7464,7780,804,6848,,,,,,,228,65254,,,,1,,92,92,92,,,,1,0,mmissionerate du archives storical research,mmissionerate of Tamil du Archives and storical Research,HOD
2019,54,T,Higher Education Department,Tamil Nadu State Council for Higher Education,0,1,,60,60,6,54,,,,,,,,40,,,,1,,,,,,,,1,1,state council for higher education,Tamil Nadu State Council for Higher Education,HOD
2019,54,T,Higher Education Department,Tamil Nadu State Council for Technical Education,0,1,,3,3,,3,,,,,,,,30,,,,1,,,,,,,,1,1,state council for technical education,Tamil Nadu State Council for Technical Education,HOD
2019,54,T,Higher Education Department,Tamil Nadu Science and Technology Centre,0,4,,5,5,,5,,,,,,,,100,,,,1,,,,,,,,1,1,science technology centre,Tamil Nadu Science and Technology Centre,HOD
2019,54,T,Higher Education Department,Tamil Nadu State Council for Science and Technology,0,1,,,,,,,,,,,,,,,,,1,,,,,,,,,,state council for science technology,Tamil Nadu State Council for Science and Technology,HOD
2019,54,T,Higher Education Department,Science City,0,1,,,,,,,,,,,,,,,,,1,,,,,,,,,,science city,Science City,HOD
2019,54,T,Higher Education Department,University of Madras,0,3,17,555,572,2,535,7,3,4,,3,,18,6300,,,,1,4,44,48,46,,2,,1,1,university madras,University of Madras,Body/Corporation
2019,55,T,Higher Education Department,Annamalai University,0,4,,676,676,,676,50,,,,,,,7890,,,,3,,99,99,97,16,,,1,0,annamalai university,Annamalai University,Body/Corporation
2019,55,T,Higher Education Department,Madurai Kamaraj University,0,1,1760,712,2472,3,304,5,,,,27,,2133,9340,,,,1,190,140,330,132,,198,,1,1,madurai kamaraj university,Madurai Kamaraj University,Body/Corporation
2019,55,T,Higher Education Department,Manonmaniam Sundaranar University,0,1,40,487,527,15,399,,,,,15,,98,4870,,,,1,5,20,25,15,,10,,1,1,manonmaniam sundaranar university,Manonmaniam Sundaranar University,Body/Corporation
2019,55,T,Higher Education Department,Bharathidasan University,0,1,118,212,330,2,188,2,,,,,,138,440,,,,1,,32,32,32,,,,1,1,bharathiar university,Bharathiar University,Body/Corporation
2019,55,T,Higher Education Department,Bharathiar University,0,23,,246,246,,,,,,,,,,2135,,,,1,,9,9,9,,,,1,,bharathiar university,Bharathiar University,Body/Corporation
2019,55,T,Higher Education Department,Alagappa University,0,1,,250,250,2,222,9,,,,26,,,2150,,,,1,,24,24,20,4,,,1,0,alagappa university,Alagappa University,Body/Corporation
2019,55,T,Higher Education Department,Thiruvalluvar University,0,1,35,168,203,5,177,6,,,,15,,,2570,,,,1,,20,20,19,,1,,1,1,thiruvalluvar university,Thiruvalluvar University,Body/Corporation
2019,55,T,Higher Education Department,Periyar University,0,1,382,752,1134,7,789,48,,,,345,,,4144,,,,1,11,297,308,210,,98,,1,0,periyar university,Periyar University,Body/Corporation
2019,55,T,Higher Education Department,Mother Teresa Women's University,0,1,,91,91,,88,,,,,3,,,30,,,,4,,4,4,4,,,,1,1,mother teresa women s university,Mother Teresa Women's University,Body/Corporation
2019,55,T,Higher Education Department,mil Nadu Open iversity,0,1,,159,159,,159,,,,,,,,1590,,,,3,,3,3,13,,,,1,1,mil open iversity,mil Nadu Open iversity,HOD
2019,55,T,Higher Education Department,mil Nadu Teachers ucation University,0,3,,114,114,3,110,,,,,1,,,1140,,,,1,,1,1,1,,,,1,1,teachers education university,Tamil Nadu Teachers Education University,Body/Corporation
2019,55,T,Higher Education Department,Anna University,0,1,129,719,848,42,622,21,,,,35,,128,6609,,,,1,31,142,173,130,8,35,,1,1,anna university,Anna University,Body/Corporation
2019,55,T,Higher Education Department,Higher Education Department Total,1,197,2834,15313,18147,1222,13429,150,3,4,0,491,,2841,136436,,,,40,247,1200,1447,1098,28,345,,1,0,higher education total,Higher Education Department Total,HOD
2019,55,T,Highways and Minor Ports Department,"Highways and Minor Ports Department, Secretariat",0,2,,139,139,84,35,,1,,,9,,,1674,,,,2,,17,17,15,2,,,1,0,highways minor ports secretariat,"Highways and Minor Ports Department, Secretariat",Secretariat
2019,55,T,Highways and Minor Ports Department,Directorate General of Highways,0,162,14,3283,3297,640,2556,24,,,1,38,,24,34139,,,,49,6,140,146,131,9,6,,1,0,general highways,Directorate General of Highways,HOD
2019,55,T,Highways and Minor Ports Department,Tamil Nadu Maritime Board,0,1,,11,11,,11,,,,,,,,694,,,,1,,,,,,,,1,1,maritime board,Tamil Nadu Maritime Board,Body/Corporation
2019,55,T,Highways and Minor Ports Department,Poompuhar Shipping Corporation,0,2,,1,1,1,,,,,,,,,,,,,1,,,,,,,,1,,poompuhar shipping,Poompuhar Shipping Corporation,Body/Corporation
2019,56,T,Highways and Minor Ports Department,Tamil Nadu Road Development Company Ltd.,0,1,6,81,87,17,64,2,,,,4,,,178,,,,1,1,2,3,3,,,,1,1,road development company,Tamil Nadu Road Development Company Ltd.,Body/Corporation
2019,56,T,Highways and Minor Ports Department,Tamil Nadu Road Infrastructure Development Corporation,0,1,,9,9,,9,,,,,,,,,,,,1,,,,,,,,1,1,road infrastructure development,Tamil Nadu Road Infrastructure Development Corporation,Body/Corporation
2019,56,T,Highways and Minor Ports Department,Highways and Minor Ports Department Total,1,169,20,3524,3544,742,2675,26,1,0,1,51,,24,36685,,,,55,7,159,166,149,11,6,,1,0,highways minor ports total,Highways and Minor Ports Department Total,HOD
2019,56,T,Home Prohibition and Excise Department,"Home Department, Secretariat",0,50,,974,974,753,182,12,,,12,15,,,6960,,,,8,,65,65,60,5,,,1,1,home secretariat,"Home Department, Secretariat",Secretariat
2019,56,T,Home Prohibition and Excise Department,Home Department Prohibition and Excise Wing,0,16,,54,54,39,12,,,,,3,,,182,,,,2,,,,,,,,1,1,prohibition excise,Home Department Prohibition and Excise Wing,HOD
2019,56,T,Home Prohibition and Excise Department,Tamil Nadu State Marketing Corporation Limited,0,38,29,894,923,,590,8,,,,,,31,8860,,,,6,,22,22,22,,,,1,0,state marketing,Tamil Nadu State Marketing Corporation Limited,Body/Corporation
2019,56,T,Home Prohibition and Excise Department,mmissionerate of ohibition and Excise,0,5,3,28,31,9,22,,,,,,,,250,,,,1,,,,,,,,1,1,mmissionerate ohibition excise,mmissionerate of ohibition and Excise,HOD
2019,56,T,Home Prohibition and Excise Department,lice Department,0,131,927,38652,39529,2121,32578,1678,1,371,496,1467,,867,493974,,,,109,149,3769,3918,3383,397,138,,0,0,lice,lice Department,HOD
2019,56,T,Home Prohibition and Excise Department,Tamil Nadu Police Housing Corporation,0,14,,20,20,,20,,,,,,,,,,,,4,,,,,,,,1,1,police housing,Tamil Nadu Police Housing Corporation,Body/Corporation
2019,56,T,Home Prohibition and Excise Department,Tamil Nadu Uniformed Services Recruitment Board,0,1,,291,291,,291,,,,,,,,,,,,1,,26,26,26,,,,1,1,uniformed services recruitment board,Tamil Nadu Uniformed Services Recruitment Board,Body/Corporation
2019,56,T,Home Prohibition and Excise Department,Prisons Department,0,28,42,1607,1649,173,1362,31,,6,,43,,34,12741,,,,7,,68,68,68,,,,1,1,prisons,Prisons Department,HOD
2019,56,T,Home Prohibition and Excise Department,Transport Commissionerate,0,153,,5012,5012,291,4721,10,4,10,,37,,21,40480,,,,102,,287,287,284,7,6,,1,0,metropolitan transport,"Metropolitan Transport Corporation (Chennai) Ltd.,",HOD
2019,56,T,Home Prohibition and Excise Department,High Court of Madras,0,1,130,1406,1536,179,1306,,,,,,,51,14273,,,,73,562,635,1197,600,,35,,1,1,high court madras,High Court of Madras,Body/Corporation
2019,56,T,Home Prohibition and Excise Department,"Madurai Bench of Madras High Court, Madurai",0,1,,479,479,70,409,,,,,,,,3844,,,,1,,,,,,,,1,1,madurai bench madras high court madurai,"Madurai Bench of Madras High Court, Madurai",Body/Corporation
2019,57,T,Home Prohibition and Excise Department,Government Litigations,0,14,,13,13,,11,,,,,2,,,,,,,1,,14,,,,,,1,1,litigations,Government Litigations,HOD
2019,57,T,Home Prohibition and Excise Department,Directorate of Prosecution,0,27,,47,47,7,37,,,,,3,,,350,,,,1,,5,5,5,,,,1,1,prosecution,Directorate of Prosecution,HOD
2019,57,T,Home Prohibition and Excise Department,Fire and Rescue Services Department,0,41,7,899,906,1,906,8,,,,,,,9122,,,,41,,20,20,20,,,,1,0,fire rescue services,Fire and Rescue Services Department,HOD
2019,57,T,Home Prohibition and Excise Department,Forensic Sciences Department,0,11,1,80,81,10,49,6,,,,14,,2,762,,,,1,1,10,11,10,,1,,1,1,forensic sciences,Forensic Sciences Department,HOD
2019,57,T,Home Prohibition and Excise Department,Home Prohibition and Excise Department Total,1,531,1139,50456,51545,3653,42496,1753,5,387,508,1584,,1006,591798,,,,358,712,4907,5619,4478,409,180,,0,0,home prohibition excise total,Home Prohibition and Excise Department Total,HOD
2019,57,T,Housing and Urban Development Department,"Housing and Urban Development Department, Secretariat",0,3,,289,289,155,134,,,,,,,,2052,,,,1,,4,4,4,,,,1,1,housing urban development secretariat,"Housing and Urban Development Department, Secretariat",Secretariat
2019,57,T,Housing and Urban Development Department,Directorate of Town and Country Planning,0,68,39,2548,2587,291,2274,1,,,,2,,19,78855,,,,53,13,126,139,132,,,,1,1,town country planning,Directorate of Town and Country Planning,HOD
2019,57,T,Housing and Urban Development Department,Chennai Metropolitan Development Authority,0,27,18,1958,1976,15,1961,,,,,,,,14829,,,,11,6,44,50,43,,7,,1,1,metropolitan development authority,Chennai Metropolitan Development Authority,Body/Corporation
2019,57,T,Housing and Urban Development Department,gistrar of Co-operative cieties (Housing),0,12,,267,267,26,234,,,,,5,,2,2414,,,,12,1,37,38,33,1,4,,1,1,gistrar co operative cieties housing,gistrar of Co-operative cieties (Housing),HOD
2019,57,T,Housing and Urban Development Department,Tamil Nadu Slum Clearance Board,0,50,,629,629,1,628,,,,,,,,6922,,,,34,,58,58,58,,,,1,1,slum clearance board,Tamil Nadu Slum Clearance Board,Body/Corporation
2019,57,T,Housing and Urban Development Department,Tamil Nadu Housing Board,0,33,14,1825,1839,66,1702,6,,,,50,,15,18384,,,,33,,108,108,108,,,,1,1,housing board,Tamil Nadu Housing Board,Body/Corporation
2019,57,T,Housing and Urban Development Department,Housing and Urban Development Department Total,1,193,71,7516,7587,554,6933,7,0,0,0,57,,36,123456,,,,144,20,377,397,378,1,11,,1,1,housing urban development total,Housing and Urban Development Department Total,HOD
2019,57,T,Industries Department,"Industries Department, Secretariat",0,5,,155,155,74,52,2,,,,27,,,592,,,,4,12,12,7,,5,,,1,1,industries secretariat,"Industries Department, Secretariat",Secretariat
2019,57,T,Industries Department,Directorate of Geology and Mining,0,47,13,1191,1204,39,1039,26,,6,,5,,89,10400,,,,1,,48,48,46,2,,,1,1,geology mining,Directorate of Geology and Mining,HOD
2019,57,T,Industries Department,Directorate of Sugar,0,1,,64,64,12,46,,,,,6,,,1222,,,,1,,1,1,1,,,,1,1,sugar,Tamil Nadu Sugar Corporation,HOD
2019,57,T,Industries Department,State Industries Promotion Corporation of Tamil Nadu,0,1,11,114,125,44,74,,,,,4,,7,1462,,,,1,1,19,20,20,,,,1,0,state industries promotion,State Industries Promotion Corporation of Tamil Nadu,Body/Corporation
2019,58,T,Industries Department,Tamil Nadu Industrial Development Corporation,0,1,4,8,12,3,7,1,,,,1,,,130,,,,1,,2,2,1,1,,,1,1,industrial development,Tamil Nadu Industrial Development Corporation,Body/Corporation
2019,58,T,Industries Department,"Tamil Nadu Industrial Investment Corporation Ltd.,",0,1,3,40,43,,39,,,,,,,4,7933,,,,1,,9,9,8,,1,,1,1,industrial investment,"Tamil Nadu Industrial Investment Corporation Ltd.,",Body/Corporation
2019,58,T,Industries Department,"Tamil Nadu Salt Corporation Ltd.,",0,1,,2,2,,2,,,,,,,,,,,,1,,,,,,,,1,1,salt,"Tamil Nadu Salt Corporation Ltd.,",Body/Corporation
2019,58,T,Industries Department,"Tamil Nadu Newsprint and Papers Ltd.,",0,3,2,45,47,,29,2,,,,15,,1,558,,,,3,,7,7,4,2,1,,1,1,newsprint papers,"Tamil Nadu Newsprint and Papers Ltd.,",Body/Corporation
2019,58,T,Industries Department,Tamil Nadu Cements Corporation,0,7,,24,24,4,20,,,,,,,,,,,,7,,4,4,4,,,,1,1,cements,Tamil Nadu Cements Corporation,Body/Corporation
2019,58,T,Industries Department,Tamil Nadu Magnesite Limited,0,1,,3,3,,3,,,,,,,,,,,,1,,,,,,,,1,1,magnesite,Tamil Nadu Magnesite Limited,Body/Corporation
2019,58,T,Industries Department,"Tamil Nadu Industrial Explosives Ltd.,",0,1,,2,2,,2,,,,,,,,,,,,1,,,,,,,,1,1,industrial explosives,"Tamil Nadu Industrial Explosives Ltd.,",Body/Corporation
2019,58,T,Industries Department,"mil Nadu Minerals Ltd.,",0,1,1,18,19,,19,,,,,,,,,,,,1,,1,1,1,,,,1,1,minerals,"Tamil Nadu Minerals Ltd.,",Body/Corporation
2019,58,T,Industries Department,mil Nadu Sugar rporation,0,1,,12,12,2,10,,,,,,,,,,,,1,,,,,,,,1,1,mil sugar rporation,mil Nadu Sugar rporation,HOD
2019,58,T,Industries Department,Industries Department Total,1,71,34,1678,1712,178,1342,31,0,6,0,58,,101,22297,,,,24,13,103,99,85,10,2,,1,0,industries total,Industries Department Total,HOD
2019,58,T,Information Technology Department,"Information Technology Department, Secretariat",0,1,,28,28,20,8,,,,,,,,280,,,,1,,,,,,,,1,1,information technology secretariat,"Information Technology Department, Secretariat",Secretariat
2019,58,T,Information Technology Department,"Electronics Corporation of Tamil Nadu Ltd.,",0,1,,30,30,1,26,3,,,,,,,300,,,,1,,1,1,,1,,,1,1,electronics,"Electronics Corporation of Tamil Nadu Ltd.,",Body/Corporation
2019,58,T,Information Technology Department,e-Governance,0,1,,29,29,4,25,,,,,,,,290,,,,1,,4,4,4,,,,1,1,e governance,e-Governance,HOD
2019,58,T,Information Technology Department,Tamil Nadu Arasu Cable TV Corporation Ltd.,0,32,13,179,192,6,161,,,2,,12,,11,1790,,,,1,,30,30,28,2,,,1,1,arasu cable tv,Tamil Nadu Arasu Cable TV Corporation Ltd.,Body/Corporation
2019,58,T,Information Technology Department,TamilnaduFibre Net Corporation Ltd. (TANFINET),0,1,,3,,,,,,,,,,,30,,,,1,,,,,,,,,,tamilnadufibre net tanfinet,TamilnaduFibre Net Corporation Ltd. (TANFINET),Body/Corporation
2019,58,T,Information Technology Department,Tamil Virtual Academy,0,1,13,269,282,31,223,3,,2,,12,,11,3057,,,,1,,37,37,34,3,,,1,1,virtual academy,Tamil Virtual Academy,HOD
2019,59,T,Information Technology Department,Information Technology Department Total,1,37,26,538,561,62,443,6,0,4,0,24,,22,5747,,,,6,0,72,72,66,6,0,,0,1,information technology total,Information Technology Department Total,HOD
2019,59,T,Labour and Employment Department,"Labour and Employment Department, Secretariat",0,3,,265,265,126,134,5,,,,,,,3563,,,,3,,5,5,4,1,,,1,1,labour employment secretariat,"Labour and Employment Department, Secretariat",Secretariat
2019,59,T,Labour and Employment Department,Commissionarate of Labour,0,493,52,1444,1496,279,1145,3,,3,,47,,19,14285,,,,48,2,162,164,156,6,2,,1,1,commissionarate labour,Commissionarate of Labour,HOD
2019,59,T,Labour and Employment Department,Directorate of Industrial Safety and Health,0,59,8,666,674,92,572,2,,,,3,,5,4982,,,,18,,43,43,36,7,,,1,1,industrial safety health,Directorate of Industrial Safety and Health,HOD
2019,59,T,Labour and Employment Department,Commissionerate of Employment and Training (Employment wing),0,46,29,697,726,8,688,,,,,,,30,7070,,,,5,1,51,52,51,,1,,1,1,employment training employment wing,Commissionerate of Employment and Training (Employment wing),HOD
2019,59,T,Labour and Employment Department,Commissionerate of Employment and Training (Training),0,123,26,342,368,4,354,2,1,1,,1,,5,3543,,,,8,,26,26,24,1,1,,1,1,employment training training,Commissionerate of Employment and Training (Training),HOD
2019,59,T,Labour and Employment Department,DMRHS (ESIS),0,228,,80,80,8,47,8,,,,8,,,800,,,,12,,9,9,9,,,,1,0,dmrhs esis,DMRHS (ESIS),HOD
2019,59,T,Labour and Employment Department,"erseas Manpower rporation Ltd.,",0,1,,2,2,,2,,,,,,,,20,,,,1,,,,,,,,1,1,erseas manpower rporation,"erseas Manpower rporation Ltd.,",Body/Corporation
2019,59,T,Labour and Employment Department,mil Nadu Silk velopment Corporation,0,1,,16,16,16,,,,,,,,,,,,,1,,2,2,,,,,1,,mil silk velopment,mil Nadu Silk velopment Corporation,Body/Corporation
2019,59,T,Labour and Employment Department,Labour and Employment Department Total,1,954,115,3512,3627,533,2942,20,1,4,0,59,,59,34263,,,,96,3,298,301,280,15,4,,1,0,labour employment total,Labour and Employment Department Total,HOD
2019,59,T,Law Department,"Law Department, Secretariat",0,1,,171,171,53,67,,,,,51,,,1517,,,,1,,7,7,,7,,,1,1,law secretariat,"Law Department, Secretariat",Secretariat
2019,59,T,Law Department,Directorate of Legal Studies,0,15,,108,108,6,102,,,,,,,,1080,,,,2,,4,4,4,,,,1,1,legal studies,Directorate of Legal Studies,HOD
2019,59,T,Law Department,"The Tamil Nadu Dr.Ambedkar Law University, Chennai",0,1,4,108,112,7,105,8,,,,,,,1020,,,,1,,11,11,10,,1,,1,0,dr ambedkar law university,"The Tamil Nadu Dr.Ambedkar Law University, Chennai",Body/Corporation
2019,59,T,Law Department,"The Tamil Nadu National Law School, Tiruchirappalli",0,1,,19,19,,19,,,,,,,,190,,,,1,,2,2,2,,,,1,1,national law school tiruchirappalli,"The Tamil Nadu National Law School, Tiruchirappalli.",HOD
2019,59,T,Law Department,Law Department Total,1,18,4,406,410,66,293,8,0,0,0,51,,0,3807,,,,5,0,24,24,16,7,1,,1,0,law total,Law Department Total,HOD
2019,60,T,"cro, Small and dium Enterprises partment","Micro, Small and Medium Enterprises Department, Secretariat",0,3,,45,45,18,28,,,,,10,,,522,,,,3,,4,4,1,,,,1,0,micro small medium enterprises secretariat,"Micro, Small and Medium Enterprises Department, Secretariat",Secretariat
2019,60,T,"cro, Small and dium Enterprises partment",Commissionerate of Industries and Commerce,0,51,7,273,280,24,232,7,,,,9,,8,3746,,,,45,1,37,38,24,14,,,1,1,industries commerce,Commissionerate of Industries and Commerce,HOD
2019,60,T,"cro, Small and dium Enterprises partment",Tamil Nadu Small Industries Development Corporation Limited,0,1,8,81,89,1,85,,,,,,,3,987,,,,1,1,3,4,4,,,,1,1,small industries,Tamil Nadu Small Industries Corporation Limited,Body/Corporation
2019,60,T,"cro, Small and dium Enterprises partment",Tamil Nadu Small Industries Corporation Limited,0,1,,13,13,13,,,,,,,,,110,,,,1,,1,1,1,,,,1,,small industries,Tamil Nadu Small Industries Corporation Limited,Body/Corporation
2019,60,T,"cro, Small and dium Enterprises partment",Tamil Nadu Entrepreneurship Development and Innovation Institute,0,1,1,,1,,1,,,,,,,1,,,,,1,,,,,,,,,0,entrepreneurship development innovation institute,Tamil Nadu Entrepreneurship Development and Innovation Institute,Body/Corporation
2019,60,T,"cro, Small and dium Enterprises partment","cro, Small and dium Enterprises partment Total",1,57,16,412,428,56,346,7,0,0,0,19,,12,5365,,,,51,2,45,47,30,14,0,,1,0,cro small dium enterprises partment total,"cro, Small and dium Enterprises partment Total",HOD
2019,60,T,Municipal Administration and Water Supply Department,"Municipal Administration and Water Supply Department, Secretariat",0,,,510,510,351,151,3,,,,5,,,4822,,,,,,45,45,45,,,,1,1,municipal administration water supply secretariat,"Municipal Administration and Water Supply Department, Secretariat",Secretariat
2019,60,T,Municipal Administration and Water Supply Department,Commissionerate of Municipal Administration,0,7,,800,800,109,607,,4,2,,19,,59,6340,,,,1,,127,127,127,,,,1,1,municipal administration water supply secretariat,"Municipal Administration and Water Supply Department, Secretariat",HOD
2019,60,T,Municipal Administration and Water Supply Department,Chennai Metropolitan Water Supply and Sewerage Board,0,45,4,957,961,35,898,,,2,,15,,11,10060,,,,,,,,,,,,1,1,metropolitan water supply sewerage board,Chennai Metropolitan Water Supply and Sewerage Board,Body/Corporation
2019,60,T,Municipal Administration and Water Supply Department,Greater Chennai Corporation,0,93,234,6265,6499,1222,5009,50,,1,,41,,176,,,,,46,26,760,786,715,4,67,,1,1,greater,Greater Chennai Corporation,Body/Corporation
2019,60,T,Municipal Administration and Water Supply Department,Directorate of Town Panchayats,0,546,46,7444,7490,757,6634,47,,6,3,26,,17,167,,,,18,7,665,672,657,6,9,,1,1,town panchayats,Directorate of Town Panchayats,HOD
2019,60,T,Municipal Administration and Water Supply Department,Tamil Nadu Water Supply and Drainage Board,0,32,9,451,460,15,434,,,,,,,11,3140,,,,32,,44,44,44,,,,1,1,water supply drainage board,Tamil Nadu Water Supply and Drainage Board,Body/Corporation
2019,61,T,Municipal Administration and Water Supply Department,Municipal Administration and Water Supply Department Total,1,723,293,16427,16720,2489,13733,100,4,11,3,106,,274,24529,,,,97,33,1641,1674,1588,10,76,,1,1,municipal administration water supply total,Municipal Administration and Water Supply Department Total,HOD
2019,61,T,Personnel and Administrative Reforms Department,"Personnel and Administrative Reforms Department, Secretariat",0,14,5,1355,1360,350,930,,,,,77,,3,16048,,,,10,,78,78,56,22,,,1,1,personnel administrative reforms secretariat,"Personnel and Administrative Reforms Department, Secretariat",Secretariat
2019,61,T,Personnel and Administrative Reforms Department,Tamil Nadu Public Service Commission,0,28,16,1704,1720,65,1559,44,,,,44,,8,42415,,,,6,,94,94,89,5,,,1,1,public service commission,Tamil Nadu Public Service Commission,Body/Corporation
2019,61,T,Personnel and Administrative Reforms Department,Tamilnadu Vigilance Commission,0,3,,38,38,11,24,,,,,,,,584,,,,1,,5,5,5,,,,1,0,vigilance commission,Vigilance Commission,Body/Corporation
2019,61,T,Personnel and Administrative Reforms Department,Directorate of Vigilance and Anti Corruption,0,1,11,366,377,39,237,3,,,,69,,29,3982,,,,1,3,46,49,44,,5,,1,1,vigilance anti corruption,Directorate of Vigilance and Anti Corruption,HOD
2019,61,T,Personnel and Administrative Reforms Department,"Commissioner for Disciplinary Proceedings, Chennai",0,1,,7,7,,7,,,,,,,,,,,,1,,,,,,,,1,1,commissioner for disciplinary proceedings,"Commissioner for Disciplinary Proceedings, Chennai",HOD
2019,61,T,Personnel and Administrative Reforms Department,"mmissioner for sciplinary Proceedings, uchirappalli",0,1,,2,2,,1,,,,,1,,,,,,,1,,,,,,,,1,1,mmissioner for sciplinary proceedings uchirappalli,"mmissioner for sciplinary Proceedings, uchirappalli",HOD
2019,61,T,Personnel and Administrative Reforms Department,"Commissioner for Disciplinary Proceedings, Madurai",0,1,,,,,,,,,,,,,,,,,1,,,,,,,,,,commissioner for disciplinary proceedings,"Commissioner for Disciplinary Proceedings, Chennai",HOD
2019,61,T,Personnel and Administrative Reforms Department,"Commissioner for Disciplinary Proceedings, Coimbatore",0,1,,1,1,,,,,,,1,,,,,,,1,,,,,,,,1,,commissioner for disciplinary proceedings,"Commissioner for Disciplinary Proceedings, Chennai",HOD
2019,61,T,Personnel and Administrative Reforms Department,"Commissioner for Disciplinary Proceedings, Tirunelveli",0,1,,,,,,,,,,,,,,,,,1,,,,,,,,,,commissioner for disciplinary proceedings,"Commissioner for Disciplinary Proceedings, Chennai",HOD
2019,61,T,Personnel and Administrative Reforms Department,"Commissioner for Disciplinary Proceedings, Nagarcoil",0,1,,,,,,,,,,,,,,,,,1,,,,,,,,,,commissioner for disciplinary proceedings,"Commissioner for Disciplinary Proceedings, Chennai",HOD
2019,61,T,Personnel and Administrative Reforms Department,Tamil Nadu Lok Ayukta,0,1,,2,2,,2,,,,,2,,,,,,,1,,,,,,,,1,0,lokayukta,Tamil Nadu Lokayukta,HOD
2019,62,T,Personnel and Administrative Reforms Department,DIRECTOR GENERAL OF TRAINING,0,6,,32,32,1,31,,,,,,,,310,,,,6,,3,3,3,,,,1,1,director general training,Director General of Training,HOD
2019,62,T,Personnel and Administrative Reforms Department,A & B wing foundational course Training Institute,0,,,,,,,,,,,,,,,,,,,,,,,,,,,,a b wing foundational course training institute,A & B wing foundational course Training Institute,Body/Corporation
2019,62,T,Personnel and Administrative Reforms Department,All India Civil Services Coaching Centre,0,,,,,,,,,,,,,,,,,,,,,,,,,,,,all india civil services coaching centre,All India Civil Services Coaching Centre,HOD
2019,62,T,Personnel and Administrative Reforms Department,Civil Service Training Institute,0,,,,,,,,,,,,,,,,,,,,,,,,,,,,civil service training institute,Civil Service Training Institute,Body/Corporation
2019,62,T,Personnel and Administrative Reforms Department,Anna Institute of Management,0,,,,,,,,,,,,,,,,,,,,,,,,,,,,anna institute management,Anna Institute of management,Body/Corporation
2019,62,T,Personnel and Administrative Reforms Department,Competitive Exam Coaching Centre,0,,,,,,,,,,,,,,,,,,,,,,,,,,,,competitive exam coaching centre,Competitive Exam Coaching Centre,HOD
2019,62,T,Personnel and Administrative Reforms Department,Personnel and Administrative Reforms Department Total,1,59,32,3507,3539,466,2791,47,0,0,0,194,,40,63339,,,,31,3,226,229,197,27,5,,1,0,personnel administrative reforms total,Personnel and Administrative Reforms Department Total,HOD
2019,62,T,"Planning, Development and Special Initiatives Department","anning, Development d Special Initiatives partment, Secretariat",0,1,,31,31,12,19,,,,,,,,80,,,,1,,,,,,,,1,1,planning development special initiatives secretariat,"Planning, Development and Special Initiatives Department, Secretariat",Secretariat
2019,62,T,"Planning, Development and Special Initiatives Department",ate Development Policy uncil,0,1,,2,2,,2,,,,,,,,,,,,1,,,,,,,,1,1,ate development policy uncil,ate Development Policy uncil,HOD
2019,62,T,"Planning, Development and Special Initiatives Department",Directorate of Economics and Statistics,0,40,,132,132,24,108,2,,,,,,2,1070,,,,2,,7,7,5,2,,,1,0,economics statistics,Economics and Statistics,HOD
2019,62,T,"Planning, Development and Special Initiatives Department",Directorate of Evaluation and Applied Research,0,1,,,,,,,,,,,,,,,,,1,,,,,,,,,,evaluation applied research,Directorate of Evaluation and Applied Research,HOD
2019,62,T,"Planning, Development and Special Initiatives Department",Special Area Development and Programme,0,1,,2,2,,2,,,,,,,,80,,,,1,,,,,,,,1,1,special area development programme,Special Area Development and Programme,HOD
2019,62,T,"Planning, Development and Special Initiatives Department","Planning, Development and Special Initiatives Department Total",1,44,0,167,167,36,131,2,0,0,0,0,,2,1230,,,,6,0,7,7,5,2,0,,1,0,planning development special initiatives total,"Planning, Development and Special Initiatives Department Total",HOD
2019,62,T,blic Department,"Public Department, Secretariat",0,17,,3615,3615,2845,323,19,,,12,416,,,23514,,,,7,,178,178,68,110,,,1,1,public secretariat,"Public Department, Secretariat",Secretariat
2019,62,T,blic Department,Governor’s Secretariat,0,1,,332,332,162,144,,,,,26,,,,,,,1,,,,,,,,1,1,governor s secretariat,Governor’s Secretariat,Secretariat
2019,63,T,blic Department,"Governor’s House Hold Office, Raj Bhavan",0,1,,2,2,,2,,,,,,,,,,,,1,,,,,,,,1,1,governor s house hold raj bhavan,"Governor’s House Hold Office, Raj Bhavan",HOD
2019,63,T,blic Department,State Human Rights Commission,0,1,2,481,483,26,381,,,2,,70,,6,4243,,,,1,,48,48,48,,,,1,0,state human rights commission,State Human Rights Commission,Body/Corporation
2019,63,T,blic Department,State Guest House,0,1,,1,1,,1,,,,,,,,,,,,1,,,,,,,,1,1,state guest house,State Guest House,HOD
2019,63,T,blic Department,"Tamil Nadu House, New Delhi",0,1,,5,5,,5,,,,,,,,,,,,1,,,,,,,,1,1,house new delhi,"Tamil Nadu House, New Delhi",HOD
2019,63,T,blic Department,"Tamizhagam Guest House, Udhagmandalam",0,1,,,,,,,,,,,,,,,,,1,,,,,,,,,,tamizhagam guest house udhagmandalam,"Tamizhagam Guest House, Udhagmandalam",HOD
2019,63,T,blic Department,Tamil Nadu Ex- Servicemen Corporation,0,1,,20,20,,20,,,,,6,,,200,,,,1,,,,,,,,1,0,ex servicemen,Tamil Nadu Ex-Servicemen Corporation,Body/Corporation
2019,63,T,blic Department,Directorate of Ex-servicemen’s Welfare,0,31,,98,98,6,84,,,,,,,,1480,,,,31,,,,,,,,1,0,ex servicemen,Tamil Nadu Ex-Servicemen Corporation,HOD
2019,63,T,blic Department,mmissionerate of habilitation,0,3,,18,18,,18,,,,,,,,242,,,,1,,,,,,,,1,1,mmissionerate habilitation,mmissionerate of habilitation,HOD
2019,63,T,blic Department,blic Department Total,1,58,2,4572,4574,3039,978,19,0,2,12,518,,6,29679,,,,46,0,226,226,116,110,0,,1,1,blic total,blic Department Total,HOD
2019,63,T,Public Works Department,"blic Works partment, Secretariat",0,9,3,279,282,188,72,16,,,,6,,,2430,,,,1,,25,25,24,1,,,1,1,blic works partment secretariat,"blic Works partment, Secretariat",Secretariat
2019,63,T,Public Works Department,Chief Engineer Buildings,0,173,19,707,726,143,570,3,,,,1,,9,6339,,,,173,5,76,81,80,1,,,1,1,buildings,Buildings,HOD
2019,63,T,Public Works Department,"Engineer- in-Chief, Water Resources (GL)",0,2,4,346,350,164,181,,,,,5,,,1822,,,,1,,55,55,55,,,,1,1,engineer in chief water resources,"Engineer- in-Chief, Water Resources",HOD
2019,63,T,Public Works Department,"Water Resources Department, Chennai Region",0,41,,618,618,618,,,,,,,,,6180,,,,4,,53,53,53,,,,1,,water resources region,"Water Resources Department, Chennai Region",HOD
2019,63,T,Public Works Department,"Water Resources Department, Trichy Region",0,19,,401,401,33,329,,1,,,,,38,780,,,,4,,40,40,39,1,,,1,1,water resources region,"Water Resources Department, Chennai Region",HOD
2019,63,T,Public Works Department,"Water Resources Department, Madurai Region",0,23,,869,869,127,742,,,,,,,,1210,,,,6,,,,,,,,1,1,water resources madurai region,"Water Resources Department, Madurai Region",HOD
2019,64,T,Public Works Department,"Water Resources Department, Coimbatore Region",0,12,13,710,723,116,603,,,,,,,4,3526,,,,4,,25,25,25,,,,1,1,water resources coimbatore region,"Water Resources Department, Coimbatore Region",HOD
2019,64,T,Public Works Department,Design Research and Construction Support Department,0,6,,10,10,,10,,,,,,,,,,,,3,,,,,,,,1,1,design research construction support,Design Research and Construction Support Department,HOD
2019,64,T,Public Works Department,Plan Formulation Department,0,16,,42,42,16,26,,,,,,,,240,,,,16,,,,,,,,1,1,plan formulation,Plan Formulation Department,HOD
2019,64,T,Public Works Department,Operation and Maintenance Department,0,5,,10,10,6,10,,,,,8,,2,90,,,,5,,,,,,,,1,0,operation maintenance,Operation and Maintenance,HOD
2019,64,T,Public Works Department,State Ground Water and Surface Water Resources Data Centre,0,14,1,202,203,36,178,,,,,8,,2,1735,,,,8,,18,18,17,,1,,1,0,data centre,State Ground Water and Surface Water Resources Data Centre,HOD
2019,64,T,Public Works Department,Institute for Water Studies,0,8,,7,7,1,1,,,,,6,,,,,,,1,,,,,,,,1,0,institute for water studies,Institute for Water Studies,Body/Corporation
2019,64,T,Public Works Department,gation Management aining Institute,0,1,,,,,,,,,,,,,,,,,1,,,,,,,,,,irrigation management training institute,Irrigation Management Training Institute,Body/Corporation
2019,64,T,Public Works Department,uvery Technical Cell,0,1,,10,10,10,,,,,,,,,,,,,1,,,,,,,,1,,cauvery technical cell,Cauvery Technical Cell,HOD
2019,64,T,Public Works Department,ectorate of Boilers,0,10,,17,17,17,,,,,,,,,140,,,,1,,,,,,,,1,,ectorate boilers,ectorate of Boilers,HOD
2019,64,T,Public Works Department,Chief Engineer and director PWD State Water Resources Management Agency WRD.,0,1,,,,,,,,,,,,,,,,,1,,,,,,,,,,chief engineer director pwd state water resources management agency wrd,Chief Engineer and director PWD State Water Resources Management Agency WRD.,Body/Corporation
2019,64,T,Public Works Department,Public Works Department Total,1,341,40,4228,4268,1475,2722,19,1,0,0,34,,55,24492,,,,230,5,292,297,293,3,1,,1,0,public works total,Public Works Department Total,HOD
2019,64,T,Revenue and Disaster Management Department,"Revenue and Disaster Management Department, Secretariat",0,7,,1241,1241,871,349,,,,,21,,,1106,,,,8,,96,96,78,18,,,1,1,revenue disaster management secretariat,"Revenue and Disaster Management Department, Secretariat",Secretariat
2019,64,T,Revenue and Disaster Management Department,Commissionerate of Land Administration,0,7,10,753,763,510,234,,,,,9,,10,9054,,,,3,,33,33,27,6,,,1,1,land administration,Commissionerate of Land Administration,HOD
2019,64,T,Revenue and Disaster Management Department,Directorate of Survey and Settlement,0,97,176,8891,9007,2587,6199,68,,46,,5,,235,320004,,,,44,72,3660,3777,3608,6,144,,0,0,survey settlement,Survey and Settlement,HOD
2019,65,T,Revenue and Disaster Management Department,Commissionerate of Urban Land Ceiling and Urban Land Tax,0,8,4,357,361,13,335,,,,,2,,11,4414,,,,1,,1,1,1,,,,1,1,urban land ceiling urban land tax,Commissionerate of Urban Land Ceiling and Urban Land Tax,HOD
2019,65,T,Revenue and Disaster Management Department,Commissionerate of Revenue Administration Disaster Management and Mitigation,0,742,1967,97762,99729,28606,64440,485,188,382,33,2180,,3318,1029565,,,,493,215,7970,8185,7525,301,359,,1,0,revenue administration disaster management mitigation,Revenue Administration Disaster Management and Mitigation,HOD
2019,65,T,Revenue and Disaster Management Department,Commissionerate of Land Reforms,0,4,12,227,239,14,176,,,,,15,,34,,,,,1,,14,14,10,4,,,1,1,land reforms,Commissionerate of Land Reforms,HOD
2019,65,T,Revenue and Disaster Management Department,Revenue and Disaster Management Department Total,1,865,2169,109231,111340,32601,71733,553,188,428,33,2232,,3608,1364143,,,,550,287,11774,12106,11249,335,503,,0,0,revenue disaster management total,Revenue and Disaster Management Department Total,HOD
2019,65,T,Rural Development and Panchayat Raj Department,"Rural Development and Panchayat Raj Department, Secretariat",0,9,,464,464,372,92,,,,,,,,4888,,,,2,,15,15,13,2,,,1,1,rural development panchayat raj secretariat,"Rural Development and Panchayat Raj Department, Secretariat",Secretariat
2019,65,T,Rural Development and Panchayat Raj Department,ectorate of Rural velopment &Panchayat j,0,1166,1417,20954,22371,3207,16772,251,19,13,,59,,2050,150409,,,,941,167,2021,2188,1881,90,209,,1,1,ectorate rural velopment panchayat j,ectorate of Rural velopment &Panchayat j,HOD
2019,65,T,Rural Development and Panchayat Raj Department,Tamil Nadu Corporation for Development of Women,0,33,3,232,235,46,183,2,,,,4,,,350,,,,33,,12,12,12,,,,1,1,for development women,Tamil Nadu Corporation for Development of Women,Body/Corporation
2019,65,T,Rural Development and Panchayat Raj Department,Tamil Nadu Rural Transformation Project,0,1,,1,1,1,,,,,,,,,,,,,1,,,,,,,,1,,rural transformation project,Tamil Nadu Rural Transformation Project,HOD
2019,65,T,Rural Development and Panchayat Raj Department,International Fund for Agricultural Development (IFAD) assisted Post Tsunami Sustainable Livelihoods Programmes,0,5,,,,,,,,,,,,,,,,,5,,,,,,,,,,international fund for agricultural development ifad assisted post tsunami sustainable livelihoods programmes,International Fund for Agricultural Development (IFAD) assisted Post Tsunami Sustainable Livelihoods Programmes,HOD
2019,65,T,Rural Development and Panchayat Raj Department,Tamil Nadu State Election Commission,0,1,,299,299,196,103,,,,,,,,3269,,,,1,,2,2,2,,,,1,1,state election commission,Tamil Nadu State Election Commission,Body/Corporation
2019,65,T,Rural Development and Panchayat Raj Department,Rural Development and Panchayat Raj Department Total,1,1215,1420,21950,23370,3822,17150,253,19,13,0,63,,2050,158916,,,,983,167,2050,2217,1908,92,209,,1,1,rural development panchayat raj total,Rural Development and Panchayat Raj Department Total,HOD
2019,66,T,School Education Department,"School Education Department, Secretariat",0,3,,1067,1067,890,156,,,,,21,,,10670,,,,4,,27,27,27,,,,1,1,school education,Directorate of School Education,Secretariat
2019,66,T,School Education Department,Directorate of School Education,0,4,,2952,2952,823,2109,12,,,,8,,,29520,,,,1,,289,289,289,,,,1,1,school education,Directorate of School Education,HOD
2019,66,T,School Education Department,Directorate of Elementary Education,0,1,,1024,1024,636,388,,,,,,,,10240,,,,5,,18,18,18,,,,1,1,elementary education,Directorate of Elementary Education,HOD
2019,66,T,School Education Department,Directorate of Matriculation Schools,0,1,,265,265,133,130,,,,,2,,,2834,,,,1,,10,10,10,,,,1,1,matriculation schools,Matriculation Schools,HOD
2019,66,T,School Education Department,Directorate of Nonformal& Adult Education,0,1,,2,2,,2,,,,,,,,20,,,,1,,,,,,,,1,1,nonformal adult education,Nonformal & Adult Education,HOD
2019,66,T,School Education Department,Directorate of State Council of Education Research and Training,0,33,,269,269,,183,,,,,86,,1,400,,,,33,,33,33,22,11,,,1,0,state council education research training,Directorate of State Council of Education Research and Training,HOD
2019,66,T,School Education Department,Directorate of Government Examinations,0,9,,380,380,340,40,,,,,,,,6631,,,,2,,455,455,455,,,,1,1,examinations,Directorate of Government Examinations,HOD
2019,66,T,School Education Department,ectorate of Public raries,0,35,,821,821,,821,,,,,,,,8210,,,,1,,156,156,156,,,,1,1,ectorate public raries,ectorate of Public raries,HOD
2019,66,T,School Education Department,mil Nadu Text Book d Educational Services rporation,0,23,,44,44,7,36,,,,,1,,,440,,,,1,,,,,,,,1,1,mil text book d educational services rporation,mil Nadu Text Book d Educational Services rporation,HOD
2019,66,T,School Education Department,Teachers Recruitment Board,0,1,15,1122,1137,51,768,26,,,,,,,11220,,,,1,,37,37,31,,6,,1,0,teachers recruitment board,Teachers Recruitment Board,Body/Corporation
2019,66,T,School Education Department,State Project Directorate of Samagra Shiksha Abhiyan,0,33,4,404,408,75,325,,,,,,,,4040,,,,33,,11,11,11,,,,1,0,state project samagra shiksha abhiyan,State Project Directorate of Samagra Shiksha Abhiyan,HOD
2019,66,T,School Education Department,School Education Department Total,1,144,19,8350,8369,2955,4958,38,0,0,0,118,,1,84225,,,,83,0,1036,1036,1019,11,6,,1,0,school education total,School Education Department Total,HOD
2019,66,T,Social Reforms Department,Social Reforms Department Total,1,1,,2,2,1,1,,,,,,,,20,,,,1,,,,,,,,1,1,social reforms total,Social Reforms Department Total,HOD
2019,66,T,Social Welfare and Nutritious Meal Programme Department,"Social Welfare and Nutritious Meal Programme Department, Secretariat",0,3,,180,180,138,36,,,,,6,,,941,,,,3,,3,3,2,1,,,1,1,social welfare,Tamil Nadu Social Welfare Board,Secretariat
2019,67,T,Social Welfare and Nutritious Meal Programme Department,Commissionerate of Social Welfare,0,467,,276,276,50,226,,,,,,,,1520,,,,467,,30,30,30,,,,1,1,social welfare,Tamil Nadu Social Welfare Board,HOD
2019,67,T,Social Welfare and Nutritious Meal Programme Department,Commissionerate of Social Defence,0,17,,75,75,2,73,,,,,,,,2927,,,,,,,,,,,,1,1,social defence,Commissionerate of Social Defence,HOD
2019,67,T,Social Welfare and Nutritious Meal Programme Department,Directorate of Integrated Child Development Services,0,1,,105,105,18,87,,,,,,,,,,,,,,,,,,,,1,1,integrated child development services,Directorate of Integrated Child Development Services,HOD
2019,67,T,Social Welfare and Nutritious Meal Programme Department,Tamil Nadu Social Welfare Board,0,1,,5,5,1,4,,,,,,,,228,,,,1,,33,33,32,1,,,1,1,social welfare,Tamil Nadu Social Welfare Board,Body/Corporation
2019,67,T,Social Welfare and Nutritious Meal Programme Department,Social Welfare and Nutritious Meal Programme Department Total,1,489,0,641,641,209,426,0,0,0,0,6,,0,5616,,,,471,0,66,66,64,2,0,,1,1,social welfare nutritious meal programme total,Social Welfare and Nutritious Meal Programme Department Total,HOD
2019,67,T,Special Programme Implementation Department,Special Programme Implementation Department Total,1,1,,14,14,8,6,,,,,,,,70,,,,1,,1,1,1,,,,1,1,special programme implementation total,Special Programme Implementation Department Total,HOD
2019,67,T,Tamil Development and Information Department,"mil Development and ormation Department, cretariat",0,7,,42,42,30,12,,,,,,,,318,,,,3,,,,,,,,1,1,development information secretariat,"Tamil Development and Information Department, Secretariat",HOD
2019,67,T,Tamil Development and Information Department,Directorate of Tamil Development,0,32,,59,59,,59,,,,,,,,676,,,,1,,,,,,,,1,1,backward classes economic development,Tamil Nadu Backward Classes Economic Development Corporation,HOD
2019,67,T,Tamil Development and Information Department,Directorate of Information and Public Relations,0,1,,271,271,15,250,4,2,,,,,,2802,,,,1,,48,48,48,,,,1,1,information public relations,Directorate of Information and Public Relations,HOD
2019,67,T,Tamil Development and Information Department,Directorate of Tamil Etymological Dictionary Project,0,1,,,,,,,,,,,,,,,,,1,,,,,,,,,,etymological dictionary project,Directorate of Tamil Etymological Dictionary Project,HOD
2019,67,T,Tamil Development and Information Department,Directorate of Stationery and Printing,0,10,1,170,171,10,133,,,9,,18,,1,1700,,,,10,,17,17,12,5,,,1,1,stationery printing,Directorate of Stationery and Printing,HOD
2019,67,T,Tamil Development and Information Department,"Tamil University, Thanjavur",0,1,2,154,156,,151,,,,,,,5,1540,,,,1,1,19,20,15,,5,,1,1,university thanjavur,"Tamil University,Thanjavur",Body/Corporation
2019,67,T,Tamil Development and Information Department,"International Institute of Tamil Studies, Chennai",0,1,,9,9,,9,,,,,,,,106,,,,1,,,,,,,,1,1,international institute studies,International Institute of Tamil Studies,Body/Corporation
2019,68,T,Tamil Development and Information Department,"Ulaga Tamil Sangam, Madurai",0,1,,3,3,,3,,,,,,,,,,,,1,,1,1,1,,,,1,1,ulaga sangam madurai,"Ulaga Tamil Sangam,Madurai",HOD
2019,68,T,Tamil Development and Information Department,Tamil Development and Information Department Total,1,55,3,722,725,63,623,4,2,9,0,18,,6,7212,,,,20,1,86,87,77,5,5,,1,1,development information total,Tamil Development and Information Department Total,HOD
2019,68,T,"Tourism, Culture and Religious Endowments Department","Tourism, Culture and Religious Endowments Department, Secretariat.",0,3,,269,269,204,64,1,,,,,,,1396,,,,3,,5,5,5,,,,1,1,tourism culture religious endowments secretariat,"Tourism, Culture and Religious Endowments Department, Secretariat.",Secretariat
2019,68,T,"Tourism, Culture and Religious Endowments Department",Directorate of Museum,0,1,,5,5,,5,,,,,,,,50,,,,1,,,,,,,,1,1,museum,Directorate of Museum,HOD
2019,68,T,"Tourism, Culture and Religious Endowments Department",Commissionerate of Art and Culture,0,16,,80,80,8,61,4,,,,5,,2,450,,,,1,,5,5,,5,,,1,1,art culture,Commissionerate of Art and Culture,HOD
2019,68,T,"Tourism, Culture and Religious Endowments Department",Commissionerate of Archaeology,0,19,,38,38,5,33,,,,,,,,390,,,,5,,4,4,4,,,,1,1,archaeology,Commissionerate of Archaeology,HOD
2019,68,T,"Tourism, Culture and Religious Endowments Department",Commissionerate of Tourism,0,1,,22,22,,22,,,,,,,,,,,,1,,,,,,,,1,1,tourism,Commissionerate of Tourism,HOD
2019,68,T,"Tourism, Culture and Religious Endowments Department",mmissionerate of Hindu ligious and Charitable dowments,0,88,117,7674,7791,1793,5707,144,,,,,,147,8001,,,,88,27,1238,1265,1221,14,30,,1,1,mmissionerate hindu ligious charitable dowments,mmissionerate of Hindu ligious and Charitable dowments,HOD
2019,68,T,"Tourism, Culture and Religious Endowments Department",mil Nadu Tourism velopment Corporation,0,1,,31,31,6,25,,,,,,,,310,,,,1,,3,3,3,,,,1,1,mil tourism velopment,mil Nadu Tourism velopment Corporation,Body/Corporation
2019,68,T,"Tourism, Culture and Religious Endowments Department","Tourism, Culture and Religious Endowments Department Total",1,129,117,8119,8236,2016,5917,149,0,0,0,5,,149,10597,,,,100,27,1255,1282,1233,19,30,,1,1,tourism culture religious endowments total,"Tourism, Culture and Religious Endowments Department Total",HOD
2019,68,T,Transport Department,"Transport Department, Secretariat",0,2,,410,410,331,71,,,2,,6,,,2952,,,,2,,66,66,52,,14,,1,1,transport secretariat,"Transport Department, Secretariat",Secretariat
2019,68,T,Transport Department,"Metropolitan Transport Corporation (Chennai) Ltd.,",0,1,44,661,705,12,656,,,,,12,,6,9694,,,,1,3,134,137,133,,4,,1,0,metropolitan transport,"Metropolitan Transport Corporation (Chennai) Ltd.,",Body/Corporation
2019,68,T,Transport Department,"State Express Transport Corporation, Chennai",0,1,20,529,549,9,473,11,,3,,21,,32,9069,,,,1,,81,81,76,,5,,1,1,state express transport,"State Express Transport Corporation, Chennai",Body/Corporation
2019,68,T,Transport Department,"Tamil Nadu State Transport Corporation (Villupuram) Ltd.,",0,1,218,903,1121,3,1027,65,,,,75,,49,27776,,,,1,12,117,129,123,2,4,,1,0,state transport villupuram,"Tamil Nadu State Transport Corporation (Villupuram) Ltd.,",Body/Corporation
2019,69,T,Transport Department,"Tamil Nadu State Transport Corporation (Salem), Ltd.,",0,1,98,900,998,,906,,,,,,,92,28790,,,,1,,,,,,,,1,1,state transport salem,"Tamil Nadu State Transport Corporation (Salem), Ltd.,",Body/Corporation
2019,69,T,Transport Department,"Tamil Nadu State Transport Corporation (Coimbatore) Ltd.,",0,1,86,1529,1615,4,1452,,,,,,,159,9433,,,,1,21,197,218,197,,21,,1,1,state transport coimbatore,"Tamil Nadu State Transport Corporation (Coimbatore) Ltd.,",Body/Corporation
2019,69,T,Transport Department,"Tamil Nadu State Transport Corporation (Kumbakonam) Ltd.,",0,1,103,959,1062,3,762,165,,,,,,132,19934,,,,1,11,141,152,92,46,14,,1,1,state transport kumbakonam,"Tamil Nadu State Transport Corporation (Kumbakonam) Ltd.,",Body/Corporation
2019,69,T,Transport Department,"Tamil Nadu State Transport Corporation (Madurai) Ltd.,",0,1,20,803,823,16,752,,,,,6,,49,21791,,,,1,18,23,41,24,,17,,1,1,state transport madurai,"Tamil Nadu State Transport Corporation (Madurai) Ltd.,",Body/Corporation
2019,69,T,Transport Department,"Tamil Nadu State Transport Corporation (Tirunelveli) Ltd.,",0,1,19,835,854,2,828,,,,,24,,,11168,,,,1,,118,118,118,,,,1,1,state transport tirunelveli,"Tamil Nadu State Transport Corporation (Tirunelveli) Ltd.,",Body/Corporation
2019,69,T,Transport Department,"tor Vehicles & intenance Department, ennai",0,21,,43,43,,43,,,,,,,,380,,,,1,,5,5,5,,,,1,1,tor vehicles intenance ennai,"tor Vehicles & intenance Department, ennai",HOD
2019,69,T,Transport Department,"titute of Road ansport, Chennai",0,1,,14,14,1,13,,,,,,,,140,,,,1,,4,4,4,,,,1,1,institute road transport,"Institute of Road Transport, Chennai",HOD
2019,69,T,Transport Department,"Transport Development Finance Corporation Ltd.,",0,1,,14,14,,14,,,,,,,,348,,,,1,,1,1,1,,,,1,1,transport development finance,"Transport Development Finance Corporation Ltd.,",Body/Corporation
2019,69,T,Transport Department,"Pallavan Transport Consultancy Services, Chennai",0,1,,1,1,,1,,,,,,,,10,,,,1,,,,,,,,1,1,pallavan transport consultancy services,"Pallavan Transport Consultancy Services, Chennai",HOD
2019,69,T,Transport Department,Transport Department Total,1,34,608,7601,8209,381,6998,241,0,5,0,144,,519,141485,,,,14,65,887,952,825,48,79,,1,0,transport total,Transport Department Total,HOD
2019,69,T,Welfare of Differently Abled Persons Department,"Welfare of Differently Abled Persons Department, Secretariat",0,1,,54,54,34,16,,,,,4,,,46,,,,1,,2,2,,1,1,,1,1,welfare differently abled persons secretariat,"Welfare of Differently Abled Persons Department, Secretariat",Secretariat
2019,69,T,Welfare of Differently Abled Persons Department,Commissionerate for the Welfare of Differently Abled,0,41,,635,635,31,582,,,,,,,12,,,,,9,,2,2,2,,,,1,0,for welfare differently abled,Commissionerate for the Welfare of Differently Abled,HOD
2019,70,T,Welfare of Differently Abled Persons Department,Welfare of Differently Abled Persons Department Total,1,42,,689,689,65,598,,,,,4,,12,46,,,,10,,4,4,3,,1,,1,0,welfare differently abled persons total,Welfare of Differently Abled Persons Department Total,HOD
2019,70,T,Youth Welfare and Sports Development Department,"Youth Welfare and Sports Development, Secretariat",0,1,,24,24,17,7,,,,,,,,240,,,,1,,,,,,,,1,1,youth welfare sports development secretariat,"Youth Welfare and Sports Development, Secretariat",Secretariat
2019,70,T,Youth Welfare and Sports Development Department,Sports Development Authority of Tamil Nadu,0,39,,166,166,,166,,,,,,,,1929,,,,1,,,,,,,,1,1,sports development authority,Sports Development Authority of Tamil Nadu,Body/Corporation
2019,70,T,Youth Welfare and Sports Development Department,National Cadet Corps,0,58,,4,4,,4,,,,,,,,40,,,,1,,,,,,,,1,1,national cadet corps,National Cadet Corps,HOD
2019,70,T,Youth Welfare and Sports Development Department,National Service Scheme,0,1,5,22,27,,24,,,,,3,,,,,,,1,,,,,,,,1,1,national service scheme,National Service Scheme,HOD
2019,70,T,Youth Welfare and Sports Development Department,Tamil Nadu Physical Education and Sports University,0,1,5,22,27,,24,,,,,3,,,2209,,,,5,,1,1,1,,,,1,1,physical education sports university,Tamil Nadu Physical Education and Sports University,Body/Corporation
2019,70,T,Youth Welfare and Sports Development Department,Youth Welfare and Sports Development Department Total,1,184,10,1616,1626,147,1421,0,0,0,0,14,,24,4510,,,,29,0,9,9,6,1,2,,1,0,youth welfare sports development total,Youth Welfare and Sports Development Department Total,HOD
2019,70,T,gislative Assembly cretariat,gislative Assembly cretariat Total,1,17,1,132,133,30,88,4,,,,6,,5,1702,,,,2,5,5,10,5,1,4,,1,1,gislative assembly cretariat total,gislative Assembly cretariat Total,HOD
2019,70,T,Tamil Nadu Information Commission,Tamil Nadu Information Commission Total,1,1,,1187,1187,10,838,,,,,,,339,,,,,1,,20,20,10,,10,,1,1,information commission total,Tamil Nadu Information Commission Total,Body/Corporation
2019,70,T,Grand,Grand Total,1,13006,9891,324795,334686,65567,244443,4131,302,907,584,6623,,12129,3396391,,,,4557,1793,31415,33236,29261,1347,1628,,1,1,grand total,Grand Total,HOD
2020,47,T,Dravidar and Tribal Welfare partment,"Adi Dravidar and Tribal Welfare Department, Secretariat",0,8,5,436,441,172,259,4,0,0,0,0,,6,4340,,,,6,0,23,23,6,17,0,,1,1,adi dravidar tribal welfare secretariat,Directorate of Tribal Welfare,Secretariat
2020,47,T,Dravidar and Tribal Welfare partment,ectorate of Adi Dravidar Welfare,0,40,0,378,378,0,377,0,0,0,0,0,,1,0,,,,40,0,31,31,30,0,1,,1,1,adi dravidar welfare,Directorate of Adi Dravidar Welfare,HOD
2020,47,T,Dravidar and Tribal Welfare partment,ectorate of Tribal Welfare,0,8,0,57,57,0,57,0,0,0,0,0,,0,570,,,,8,0,0,0,0,0,0,,1,1,ectorate tribal welfare,ectorate of Tribal Welfare,HOD
2020,47,T,Dravidar and Tribal Welfare partment,mil Nadu Adi Dravidar Housing and velopment Corporation (TAHDCO),0,43,0,60,60,10,48,0,0,0,0,2,,0,490,,,,43,0,3,3,3,0,0,,1,1,adi dravidar housing development tahdco,Tamil Nadu Adi Dravidar Housing and Development Corporation (TAHDCO),Body/Corporation
2020,47,T,Dravidar and Tribal Welfare partment,Dravidar and Tribal Welfare partment Total,1,99,5,931,936,182,741,4,0,0,0,2,,7,5400,,,,97,0,57,57,39,17,1,,1,1,dravidar tribal welfare partment total,Dravidar and Tribal Welfare partment Total,HOD
2020,47,T,Agriculture Department,"Agriculture Department, Secretariat",0,11,0,167,167,131,27,7,0,0,0,2,,0,1200,,,,6,0,6,6,5,1,0,,1,1,agriculture secretariat,"Agriculture Department, Secretariat",Secretariat
2020,47,T,Agriculture Department,Directorate of Agriculture,0,92,91,1152,1243,194,911,20,,,,39,,79,13120,,,,36,11,105,116,98,,18,,1,1,agriculture secretariat,"Agriculture Department, Secretariat",HOD
2020,47,T,Agriculture Department,Directorate of Horticulture and Plantation Crops,0,125,34,348,382,32,333,0,0,0,0,0,,17,4968,,,,39,0,63,63,53,0,10,,1,1,horticulture plantation crops,Directorate of Horticulture and Plantation Crops,HOD
2020,47,T,Agriculture Department,Agricultural Marketing and Agri Business,0,241,0,215,215,7,198,9,1,0,0,0,,0,1870,,,,113,1,23,24,23,0,1,,1,1,agricultural marketing agri business,Agricultural Marketing and Agri Business,HOD
2020,47,T,Agriculture Department,Directorate of Seed Certification and Organic Certification,0,1,1,15,16,,15,0,0,0,0,1,,0,100,,,,1,0,1,1,1,0,0,,1,1,seed certification organic certification,Directorate of Seed Certification and Organic Certification,HOD
2020,47,T,Agriculture Department,Agricultural Engineering,0,158,2,274,276,25,238,2,1,1,0,6,,3,7116,,,,154,0,27,27,16,11,0,,1,1,agricultural engineering,Agricultural Engineering,HOD
2020,47,T,Agriculture Department,Tamil Nadu Agricultural University,0,2,1,148,149,4,120,12,0,4,0,5,,4,1320,,,,1,0,20,20,19,1,0,,1,1,agricultural university,Tamil Nadu Agricultural University,Body/Corporation
2020,47,T,Agriculture Department,Tamil Nadu Watershed Development Agency,0,1,0,12,12,0,12,0,0,0,0,0,,0,0,,,,1,0,0,0,0,0,0,,1,1,watershed development agency,Tamil Nadu Watershed Development Agency,Body/Corporation
2020,47,T,Agriculture Department,Agriculture Department Total,1,631,129,2331,2460,393,1854,50,2,5,0,53,,103,29694,,,,351,12,245,257,215,13,29,,1,1,agriculture total,Agriculture Department Total,HOD
2020,47,T,"Animal Husbandry, Dairying & Fisheries Department","Animal Husbandry, Dairying & Fisheries",0,17,0,116,116,94,14,0,0,0,0,8,,0,200,,,,1,0,6,6,6,0,0,,1,1,animal husbandry dairying fisheries secretariat,"Animal Husbandry, Dairying & Fisheries Department, Secretariat.",HOD
2020,48,T,"Animal Husbandry, Dairying & Fisheries Department","Department, Secretariat",0,,,,,,,,,,,,,,,,,,,,,,,,,,,,backward classes most backward classes minorities welfare secretariat,Directorate of Minorities Welfare,Secretariat
2020,48,T,"Animal Husbandry, Dairying & Fisheries Department",Directorate of Milk Production and Dairy Development,0,30,0,246,246,31,199,0,0,0,0,11,,5,2406,,,,30,0,31,31,25,3,3,,1,1,milk production dairy development,Directorate of Milk Production and Dairy Development,HOD
2020,48,T,"Animal Husbandry, Dairying & Fisheries Department",Tamil Nadu Co-operative Milk Producers Federation,0,11,4,138,142,40,93,4,0,0,0,0,,5,1380,,,,11,0,22,22,20,0,2,,1,1,co operative milk producers federation,Tamil Nadu Co-operative Milk Producers Federation,HOD
2020,48,T,"Animal Husbandry, Dairying & Fisheries Department",Tamil Nadu Veterinary and Animal Sciences University,0,1,7,182,189,62,0,1,0,0,0,125,,1,1860,,,,1,0,3,3,3,0,0,,1,1,veterinary animal sciences university,Tamil Nadu Veterinary and Animal Sciences University,Body/Corporation
2020,48,T,"Animal Husbandry, Dairying & Fisheries Department",Director of Animal Husbandry and Veterinary Services,0,33,3,544,547,13,531,3,0,0,0,0,,0,1338,,,,1,5,12,17,17,0,0,,1,1,director animal husbandry veterinary services,Director of Animal Husbandry and Veterinary Services,HOD
2020,48,T,"Animal Husbandry, Dairying & Fisheries Department",Tamil Nadu Livestock Development Agency,0,1,0,1,1,1,0,0,0,0,0,0,,0,0,,,,0,0,0,0,0,0,0,,1,1,livestock development agency,Tamil Nadu Livestock Development Agency,Body/Corporation
2020,48,T,"Animal Husbandry, Dairying & Fisheries Department",Directorate of Fisheries,0,39,0,507,507,26,475,6,0,0,0,0,,0,787,,,,11,0,30,30,28,2,0,,1,1,fisheries development,Tamil Nadu Fisheries Development Corporation,HOD
2020,48,T,"Animal Husbandry, Dairying & Fisheries Department",Tamil Nadu Dr.J.Jayalalitha Fisheries University,0,1,3,19,22,1,21,0,0,0,0,0,,0,150,,,,1,0,3,3,3,0,0,,1,1,dr j jayalalitha fisheries university,Tamil Nadu Dr.J.Jayalalitha Fisheries University,Body/Corporation
2020,48,T,"Animal Husbandry, Dairying & Fisheries Department",Tamil Nadu Fisheries Development Corporation,0,1,0,11,11,1,9,0,0,0,0,1,,0,70,,,,0,0,0,0,0,0,0,,1,1,fisheries development,Tamil Nadu Fisheries Development Corporation,Body/Corporation
2020,48,T,"Animal Husbandry, Dairying & Fisheries Department",Tamil Nadu State Apex Fisheries Co- operative Federation,0,0,0,0,0,0,0,0,0,0,0,0,,0,0,,,,0,0,0,0,0,0,0,,1,1,state apex fisheries co operative federation,Tamil Nadu State Apex Fisheries Co-operative Federation,HOD
2020,48,T,"Animal Husbandry, Dairying & Fisheries Department","Animal Husbandry, Dairying & Fisheries Department Total",1,134,17,1764,1781,269,1342,14,0,0,0,145,,11,8191,,,,56,5,107,112,102,5,5,,1,1,animal husbandry dairying fisheries total,"Animal Husbandry, Dairying & Fisheries Department Total",HOD
2020,48,T,"Backward Classes, Most Backward Classes and Minorities Welfare Department","Backward Classes, Most Backward Classes and Minorities Welfare Department, Secretariat",0,1,0,176,176,54,120,2,0,0,0,0,,0,2064,,,,2,0,15,15,14,1,0,,1,1,backward classes most backward classes minorities welfare secretariat,Directorate of Minorities Welfare,Secretariat
2020,49,T,"Backward Classes, Most Backward Classes and Minorities Welfare Department",Directorate of Backward Classes Welfare,0,40,0,386,386,43,343,0,0,0,0,0,,0,2110,,,,40,0,12,12,12,0,0,,1,1,backward classes welfare,Directorate of Backward Classes Welfare,HOD
2020,49,T,"Backward Classes, Most Backward Classes and Minorities Welfare Department",Directorate of Most Backward Classes & Denotified Communities Welfare,0,4,0,75,75,0,75,0,0,0,0,0,,0,3092,,,,4,0,4,4,4,0,0,,1,1,most backward classes denotified communities welfare,Most Backward Classes & Denotified Communities Welfare,HOD
2020,49,T,"Backward Classes, Most Backward Classes and Minorities Welfare Department",Directorate of Minorities Welfare,0,1,0,38,38,9,19,0,0,0,0,0,,10,0,,,,1,0,38,38,19,19,0,,1,1,backward classes most backward classes minorities welfare secretariat,Directorate of Minorities Welfare,HOD
2020,49,T,"Backward Classes, Most Backward Classes and Minorities Welfare Department",Tamil Nadu Backward Classes Commission,0,1,0,21,21,6,8,0,0,0,0,7,,0,220,,,,1,0,3,3,0,3,0,,1,1,backward classes commission,Tamil Nadu Backward Classes Commission,Body/Corporation
2020,49,T,"Backward Classes, Most Backward Classes and Minorities Welfare Department",State Minorities Commission,0,1,0,4,4,0,4,0,0,0,0,0,,0,40,,,,0,0,0,0,0,0,0,,1,1,state minorities commission,State Minorities Commission,Body/Corporation
2020,49,T,"Backward Classes, Most Backward Classes and Minorities Welfare Department",Tamil Nadu Backward Classes Economic Development Corporation,0,1,0,28,28,0,28,0,0,0,0,0,,0,10,,,,0,0,1,1,1,0,0,,1,1,backward classes economic development,Tamil Nadu Backward Classes Economic Development Corporation,Body/Corporation
2020,49,T,"Backward Classes, Most Backward Classes and Minorities Welfare Department",Tamil Nadu Minorities Economic Development Corporation,0,1,0,2,2,0,2,0,0,0,0,0,,0,10,,,,0,0,0,0,0,0,0,,1,1,minorities economic development,Tamil Nadu Minorities Economic Development Corporation,Body/Corporation
2020,49,T,"Backward Classes, Most Backward Classes and Minorities Welfare Department",Tamil Nadu Wakf Board,0,12,36,974,1010,18,841,2,0,0,0,113,,36,658,,,,12,7,97,104,91,3,10,,1,1,wakf board,Tamil Nadu Wakf Board,Body/Corporation
2020,49,T,"Backward Classes, Most Backward Classes and Minorities Welfare Department",Tamilnadu Vanniyakula Kshatriya Cbilic Chartitable trusts and endowments Boards,0,1,0,9,9,0,9,0,0,0,0,0,,0,0,,,,1,0,2,2,2,0,0,,1,1,tamilnaduvanniyakula kshatriya cblic charitable trusts endowments boards,TamilnaduVanniyakula Kshatriya cblic charitable trusts and endowments Boards,Body/Corporation
2020,49,T,"Backward Classes, Most Backward Classes and Minorities Welfare Department",Tamil Nadu State Hajj Committee,0,1,0,2,2,0,2,0,0,0,0,0,,0,0,,,,0,0,0,0,0,0,0,,1,1,state hajj committee,Tamil Nadu State Hajj Committee,HOD
2020,49,T,"Backward Classes, Most Backward Classes and Minorities Welfare Department","Backward Classes, Most Backward Classes and Minorities Welfare Department Total",1,64,36,1715,1751,130,1451,4,0,0,0,120,,46,8204,,,,61,7,172,179,143,26,10,,1,1,backward classes most backward classes minorities welfare total,"Backward Classes, Most Backward Classes and Minorities Welfare Department Total",HOD
2020,50,T,Commercial Taxes and Registration Department,"Commercial Taxes and Registration Department, Secretariat",0,13,4,190,194,107,81,1,0,0,0,4,,1,2664,,,,4,0,18,18,17,1,0,,1,1,commercial taxes,Commissionerate of Commercial Taxes,Secretariat
2020,50,T,Commercial Taxes and Registration Department,Commissionerate of Commercial Taxes,0,451,41,496,537,37,405,27,0,3,0,38,,27,7855,,,,70,6,54,60,43,14,3,,1,1,commercial taxes,Commissionerate of Commercial Taxes,HOD
2020,50,T,Commercial Taxes and Registration Department,Registration,0,719,50,15656,15706,863,14716,9,0,0,0,3,,115,228918,,,,74,10,1572,1582,1564,0,18,,1,1,registration,Registration,HOD
2020,50,T,Commercial Taxes and Registration Department,Tamil Nadu Sales Tax Appellate Tribunal,0,21,0,2,2,0,2,0,0,0,0,0,,0,0,,,,0,0,0,0,0,0,0,,1,1,sales tax appellate tribunal,Tamil Nadu Sales Tax Appellate Tribunal,Body/Corporation
2020,50,T,Commercial Taxes and Registration Department,Commercial Taxes and Registration Department Total,1,1204,95,16344,16439,1007,15204,37,0,3,0,45,,143,239437,,,,148,16,1644,1660,1624,15,21,,1,1,commercial taxes registration total,Commercial Taxes and Registration Department Total,HOD
2020,50,T,"Co-operation, Food and Consumer Protection Department","Co-operation, Food and Consumer Protection Department, Secretariat",0,25,2,189,191,128,54,0,0,0,0,9,,0,360,,,,1,0,12,12,11,1,0,,1,1,co operation food consumer protection secretariat,"Co-operation, Food and Consumer Protection Department, Secretariat",Secretariat
2020,50,T,"Co-operation, Food and Consumer Protection Department",Registrar of Co-operative Societies,0,3516,62,3301,3363,839,2288,17,,1,0,103,,115,28148,,,,78,13,510,523,471,19,33,,1,1,registrar co operative societies,Registrar of Co-operative Societies,HOD
2020,50,T,"Co-operation, Food and Consumer Protection Department",Commissioner of Civil Supplies and Consumer Protection,0,21,0,427,427,154,271,0,0,0,0,2,,0,4270,,,,20,0,55,55,55,0,0,,1,1,commissioner civil supplies consumer protection,Commissioner of Civil Supplies and Consumer Protection,HOD
2020,50,T,"Co-operation, Food and Consumer Protection Department",Tamil Nadu Civil Supplies Corporation,0,49,3,760,763,27,698,9,0,0,0,7,,22,4062,,,,34,0,111,111,109,2,0,,1,1,commissioner civil supplies consumer protection,Commissioner of Civil Supplies and Consumer Protection,Body/Corporation
2020,50,T,"Co-operation, Food and Consumer Protection Department",State Consumer Disputes Redressal Commission,0,34,0,162,162,65,97,0,0,0,0,0,,0,920,,,,1,0,20,20,20,0,0,,1,1,state consumer disputes redressal commission,State Consumer Disputes Redressal Commission,Body/Corporation
2020,50,T,"Co-operation, Food and Consumer Protection Department",Tamil Nadu Warehousing Corporation,0,1,0,29,29,0,21,2,0,0,0,2,,4,280,,,,0,0,10,10,7,1,2,,1,1,warehousing,Tamil Nadu Warehousing Corporation,Body/Corporation
2020,50,T,"Co-operation, Food and Consumer Protection Department","Co-operation, Food and Consumer Protection Department Total",1,3646,67,4868,4935,1213,3429,28,0,1,0,123,,141,38040,,,,134,13,718,731,673,23,35,,1,1,co operation food consumer protection total,"Co-operation, Food and Consumer Protection Department Total",HOD
2020,50,T,Energy Department,"Energy Department, Secretariat",0,2,0,128,128,116,3,0,0,0,0,9,,0,496,,,,4,0,13,13,10,2,1,,1,1,energy secretariat,"Energy Department, Secretariat",Secretariat
2020,51,T,Energy Department,Tamil Nadu Generation and Distribution Corporation Limited,0,241,234,5451,5685,267,5181,30,0,0,0,50,,157,37763,,,,97,38,711,749,714,1,34,,1,1,generation distribution,Tamil Nadu Generation and Distribution Corporation Limited,Body/Corporation
2020,51,T,Energy Department,TamilNadu Energy Development Agency,0,1,0,13,13,4,9,0,0,0,0,0,,0,50,,,,0,0,0,0,0,0,0,,1,1,energy development agency,Tamil Nadu Energy Development Agency,Body/Corporation
2020,51,T,Energy Department,Electrical Inspectorate,0,25,0,71,71,0,66,0,0,0,0,0,,5,715,,,,1,1,10,11,10,0,1,,1,1,electrical inspectorate,Electrical Inspectorate,HOD
2020,51,T,Energy Department,Tamil Nadu Electricity Regulatory Commission,0,1,0,118,118,28,90,0,0,0,0,0,,0,1266,,,,1,0,6,6,6,0,0,,1,1,electricity regulatory commission,Tamil Nadu Electricity Regulatory Commission,Body/Corporation
2020,51,T,Energy Department,Tamil Nadu Power Finance and Infrastructure Development Corporation Limited,0,1,0,8,8,0,8,0,0,0,0,0,,0,80,,,,0,0,0,0,0,0,0,,1,1,power finance infrastructure development,Tamil Nadu Power Finance and Infrastructure Development Corporation Limited,Body/Corporation
2020,51,T,Energy Department,Energy Department Total,1,271,234,5789,6023,415,5357,30,0,0,0,59,,162,40370,,,,103,39,740,779,740,3,36,,1,1,energy total,Energy Department Total,HOD
2020,51,T,Environment and Forests,"Environment and Forests, Secretariat",0,2,0,141,141,72,65,3,0,0,0,1,,0,1329,,,,5,0,8,8,8,0,0,,1,1,environment,Directorate of Environment,Secretariat
2020,51,T,Environment and Forests,Tamil Nadu Forests Department,0,1,56,341,397,130,165,3,0,0,0,11,,88,3140,,,,1,0,30,30,25,0,5,,1,1,forests,Tamil Nadu Forests Department,HOD
2020,51,T,Environment and Forests,Tamil Nadu Pollution Control Board,0,45,0,2111,2111,6,2105,0,0,0,0,0,,0,24798,,,,1,0,114,114,114,0,0,,1,1,pollution control board,Tamil Nadu Pollution Control Board,Body/Corporation
2020,51,T,Environment and Forests,Directorate of Environment,0,1,0,56,56,10,46,0,0,0,0,0,,0,4677,,,,1,0,0,0,0,0,0,,1,1,environment,Directorate of Environment,HOD
2020,51,T,Environment and Forests,Tamil Nadu Forest Plantation Corporation Limited,0,7,0,56,56,0,56,0,0,0,0,0,,0,560,,,,7,0,0,0,0,0,0,,1,1,forest plantation,Tamil Nadu Forest Plantation Corporation Limited,Body/Corporation
2020,51,T,Environment and Forests,Arasu Rubber Corporation Limited,0,1,3,36,39,0,31,0,0,0,0,4,,4,340,,,,1,1,4,5,5,0,0,,1,1,arasu rubber,Arasu Rubber Corporation Limited,Body/Corporation
2020,52,T,Environment and Forests,The Tamil Nadu Tea Plantation Corporation Limited,0,1,0,36,36,0,36,0,0,0,0,0,,0,30,,,,1,0,0,0,0,0,0,,1,1,tea plantation,The Tamil Nadu Tea Plantation Corporation Limited,Body/Corporation
2020,52,T,Environment and Forests,Environment and Forests Total,1,58,59,2777,2836,218,2504,6,0,0,0,16,,92,34874,,,,17,1,156,157,152,0,5,,1,1,environment forests total,Environment and Forests Total,HOD
2020,52,T,Finance Department,"Finance Department, Secretariat",0,1,0,886,886,151,725,3,0,0,0,5,,2,13651,,,,1,0,76,76,72,0,4,,1,1,finance secretariat,"Finance Department, Secretariat",Secretariat
2020,52,T,Finance Department,Commissionerate of Treasuries and Accounts,0,48,33,1308,1341,104,1174,20,0,1,0,1,,41,13098,,,,13,5,114,119,115,0,4,,1,1,treasuries accounts,Commissionerate of Treasuries and Accounts,HOD
2020,52,T,Finance Department,Co-operative Audit Department,0,41,9,163,172,6,142,1,0,0,0,14,,9,10351,,,,8,1,25,26,25,0,1,,1,1,co operative audit,Co-operative Audit Department,HOD
2020,52,T,Finance Department,Directorate of Small Savings,0,36,0,6,6,1,5,0,0,0,0,0,,0,60,,,,0,0,0,0,0,0,0,,1,1,small savings,Small Savings,HOD
2020,52,T,Finance Department,Directorate of Local Fund Audit,0,69,28,479,507,20,465,0,0,0,0,22,,0,4210,,,,9,5,52,57,52,5,0,,1,1,local fund audit,Directorate of Local Fund Audit,HOD
2020,52,T,Finance Department,Internal Audit and Statutory Boards Audit,0,38,0,27,27,5,17,2,0,0,0,3,,0,740,,,,1,0,4,4,4,0,0,,1,1,internal audit statutory boards audit,Internal Audit and Statutory Boards Audit,Body/Corporation
2020,52,T,Finance Department,Commissionerate of Government Data Centre,0,1,2,44,46,7,39,0,0,0,0,0,,0,440,,,,1,0,3,3,3,0,0,,1,1,data centre,State Ground Water and Surface Water Resources Data Centre,HOD
2020,52,T,Finance Department,Directorate of Pension,0,1,0,132,132,30,100,0,0,0,0,2,,0,1437,,,,1,0,17,17,8,9,0,,1,1,pension,Directorate of Pension,HOD
2020,52,T,Finance Department,Directorate of Audit for Milk Cooperative,0,6,0,16,16,2,14,0,0,0,0,0,,0,542,,,,1,0,2,2,2,0,0,,1,1,audit for milk co operatives,Directorate of Audit for Milk Cooperative,HOD
2020,52,T,Finance Department,Finance Department Total,1,241,72,3061,3133,326,2681,26,0,1,0,47,,52,44529,,,,35,11,293,304,281,14,9,,1,1,finance total,Finance Department Total,HOD
2020,53,T,"Handlooms, Handicrafts, Textiles and Khadi Department","Handlooms, Handicrafts, Textiles and Khadi Department, Secretariat",0,7,0,54,54,43,10,1,0,0,0,0,,0,455,,,,6,0,9,9,9,0,0,,1,1,handlooms handicrafts textiles khadi secretariat,"Handlooms, Handicrafts, Textiles and Khadi Department, Secretariat",Secretariat
2020,53,T,"Handlooms, Handicrafts, Textiles and Khadi Department",Directorate of Handlooms and Textiles,0,38,47,373,420,72,310,10,0,0,0,26,,2,3492,,,,38,1,123,124,107,15,2,,1,1,handlooms textiles,Directorate of Handlooms and Textiles,HOD
2020,53,T,"Handlooms, Handicrafts, Textiles and Khadi Department",Directorate of Sericulture,0,38,2,89,91,6,72,2,0,1,0,4,,6,1845,,,,35,2,19,21,20,0,1,,1,1,sericulture,Directorate of Sericulture,HOD
2020,53,T,"Handlooms, Handicrafts, Textiles and Khadi Department",Tamil Nadu Handicrafts Development Corporation,0,1,0,4,4,,4,0,0,0,0,0,,0,0,,,,1,0,0,0,0,0,0,,1,1,handicrafts development,Tamil Nadu Handicrafts Development Corporation,Body/Corporation
2020,53,T,"Handlooms, Handicrafts, Textiles and Khadi Department",Co-optex,0,12,0,48,48,0,48,0,0,0,0,0,,0,0,,,,12,0,4,4,2,2,0,,1,1,co optex,Co-optex,HOD
2020,53,T,"Handlooms, Handicrafts, Textiles and Khadi Department",Tamil Nadu Khadi Village Industries Board,0,25,0,44,44,0,39,0,0,0,0,0,,5,72,,,,1,0,4,4,4,0,0,,1,1,khadi village industries board,Tamil Nadu Khadi Village Industries Board,Body/Corporation
2020,53,T,"Handlooms, Handicrafts, Textiles and Khadi Department",Tamil Nadu Palm Product Development Board,0,1,0,8,8,0,8,0,0,0,0,0,,0,80,,,,0,0,0,0,0,0,0,,1,1,palm product development board,Tamil Nadu Palm Product Development Board,Body/Corporation
2020,53,T,"Handlooms, Handicrafts, Textiles and Khadi Department","Handlooms, Handicrafts, Textiles and Khadi Department Total",1,122,49,620,669,121,491,13,0,1,0,30,,13,5944,,,,93,3,159,162,142,17,3,,1,1,handlooms handicrafts textiles khadi total,"Handlooms, Handicrafts, Textiles and Khadi Department Total",HOD
2020,53,T,Health and Family Welfare Department,"Health and Family Welfare Department, Secretariat",0,30,1,366,367,235,102,15,0,0,0,0,,15,3530,,,,4,0,19,19,12,7,0,,1,1,family welfare,"Health and Family Welfare Department, Secretariat",Secretariat
2020,53,T,Health and Family Welfare Department,Director of Medical Education,0,80,67,2888,2955,113,2571,126,25,10,0,47,,63,8226,,,,80,3,166,169,162,4,3,,1,1,director medical education,Director of Medical Education,HOD
2020,53,T,Health and Family Welfare Department,Director of Medical and Rural Health Services,0,37,56,1448,1504,194,1191,36,1,7,0,43,,32,7240,,,,31,18,89,107,87,9,11,,1,1,director medical rural health services,Director of Medical and Rural Health Services,HOD
2020,53,T,Health and Family Welfare Department,Director of Public Health and Preventive Medicine,0,45,0,698,698,52,590,11,0,0,0,45,,,6900,,,,45,0,84,84,74,10,0,,1,1,public health preventive medicine,Public Health and Preventive Medicine,HOD
2020,53,T,Health and Family Welfare Department,Director of Medical and Rural Health Services (ESI),0,238,0,72,72,6,42,3,0,0,0,16,,5,670,,,,12,0,5,5,3,2,0,,1,1,director medical rural health services,Director of Medical and Rural Health Services,HOD
2020,54,T,Health and Family Welfare Department,Directorate of Family Welfare,0,5,1,24,25,2,23,0,0,0,0,0,,0,200,,,,2,0,2,2,2,0,0,,1,1,family welfare,"Health and Family Welfare Department, Secretariat",HOD
2020,54,T,Health and Family Welfare Department,Directorate of Indian Medicine and Homoeopathy,0,32,0,213,213,25,182,0,4,0,0,2,,0,992,,,,32,0,4,4,4,0,0,,1,1,indian medicine homoeopathy,Directorate of Indian Medicine and Homoeopathy,HOD
2020,54,T,Health and Family Welfare Department,Commissioner of Food Safety and Drug Administration,0,39,19,790,809,65,714,0,0,0,0,0,,30,170,,,,1,1,15,16,15,0,1,,1,1,commissioner food safety drug administration,Commissioner of Food Safety and Drug Administration,HOD
2020,54,T,Health and Family Welfare Department,Tamil Nadu Medical Services Corporation Limited,0,1,1,59,60,2,55,1,0,0,0,0,,2,390,,,,1,0,9,9,9,0,0,,1,1,medical services,Tamil Nadu Medical Services Corporation Limited,Body/Corporation
2020,54,T,Health and Family Welfare Department,Tamil Nadu Health Systems Project,0,3,3,70,73,0,68,0,0,0,0,0,,5,700,,,,0,0,8,8,8,0,0,,1,1,health systems project,Tamil Nadu Health Systems Project,HOD
2020,54,T,Health and Family Welfare Department,Tamil Nadu State Health Transport Department,0,8,0,16,16,1,12,1,0,0,0,2,,0,1159,,,,1,0,6,6,5,0,1,,1,1,state health transport,Tamil Nadu State Health Transport Department,HOD
2020,54,T,Health and Family Welfare Department,Directorate of Drugs Control,0,17,8,380,388,44,324,0,0,0,0,0,,20,2473,,,,17,0,13,13,13,0,0,,1,1,drugs control,Directorate of Drugs Control,HOD
2020,54,T,Health and Family Welfare Department,Medical Services Recruitment Board (MRB),0,1,0,89,89,12,74,0,0,0,0,3,,0,730,,,,1,0,12,12,12,0,0,,1,1,medical services,Tamil Nadu Medical Services Corporation Limited,Body/Corporation
2020,54,T,Health and Family Welfare Department,National Health Mission,0,1,0,25,25,10,15,0,0,0,0,0,,0,0,,,,1,0,2,2,2,0,0,,1,1,national health mission,National Health Mission,HOD
2020,54,T,Health and Family Welfare Department,Health and Family Welfare Department Total,1,537,156,7138,7294,761,5963,193,30,17,0,158,,172,33380,,,,228,22,434,456,408,32,16,,1,1,health family welfare total,Health and Family Welfare Department Total,HOD
2020,54,T,Higher Education Department,"Higher Education Department, Secretariat",0,12,0,396,396,223,142,0,0,0,0,31,,0,5060,,,,3,0,25,25,24,1,0,,1,1,higher education secretariat,"Higher Education Department, Secretariat",Secretariat
2020,54,T,Higher Education Department,Commissionerate of Technical Education,0,1,7,459,466,29,430,3,0,3,0,0,,1,2914,,,,1,0,91,91,91,0,0,,1,1,state council for technical education,Tamil Nadu State Council for Technical Education,HOD
2020,54,T,Higher Education Department,Directorate of Collegiate Education,0,125,66,1301,1367,34,1295,0,0,0,0,1,,37,7939,,,,10,0,151,151,144,0,7,,1,1,collegiate education,Directorate of Collegiate Education,HOD
2020,55,T,Higher Education Department,Commissionerate of Tamil Nadu Archives and Historical Research,0,9,228,6140,6368,1495,4857,0,0,0,0,0,,16,99460,,,,1,0,91,91,91,0,0,,1,1,archives historical research,Tamil Nadu Archives and Historical Research,HOD
2020,55,T,Higher Education Department,Tamil Nadu State Council for Higher Education,0,1,0,91,91,11,80,0,0,0,0,0,,0,600,,,,1,0,1,1,1,0,0,,1,1,state council for higher education,Tamil Nadu State Council for Higher Education,HOD
2020,55,T,Higher Education Department,Tamil Nadu State Council for Technical Education,0,1,0,2,2,1,1,0,0,0,0,0,,0,20,,,,1,0,0,0,0,0,0,,1,1,state council for technical education,Tamil Nadu State Council for Technical Education,HOD
2020,55,T,Higher Education Department,Tamil Nadu Science and Technology Centre,0,4,0,3,3,0,3,0,0,0,0,0,,0,60,,,,1,0,0,0,0,0,0,,1,1,science technology centre,Tamil Nadu Science and Technology Centre,HOD
2020,55,T,Higher Education Department,Tamil Nadu State Council for Science and Technology,0,1,0,1,1,0,1,0,0,0,0,0,,0,0,,,,1,0,0,0,0,0,0,,1,1,state council for science technology,Tamil Nadu State Council for Science and Technology,HOD
2020,55,T,Higher Education Department,Science City,0,1,0,0,0,0,0,0,0,0,0,0,,0,0,,,,1,0,0,0,0,0,0,,1,1,science city,Science City,HOD
2020,55,T,Higher Education Department,University of Madras,0,3,18,368,386,9,339,6,11,6,0,3,,12,3160,,,,1,2,45,47,44,0,3,,1,1,university madras,University of Madras,Body/Corporation
2020,55,T,Higher Education Department,Annamalai University,0,4,0,388,388,1,330,30,0,0,0,0,,27,710,,,,3,0,50,50,37,4,9,,1,1,annamalai university,Annamalai University,Body/Corporation
2020,55,T,Higher Education Department,Madurai Kamaraj University,0,1,2133,502,2635,5,204,1,0,0,0,30,,2395,6900,,,,1,198,94,292,46,0,246,,1,1,madurai kamaraj university,Madurai Kamaraj University,Body/Corporation
2020,55,T,Higher Education Department,Manonmaniam Sundaranar University,0,1,35,318,353,6,321,0,0,0,0,8,,18,5940,,,,1,6,46,52,37,0,15,,1,1,manonmaniam sundaranar university,Manonmaniam Sundaranar University,Body/Corporation
2020,55,T,Higher Education Department,Bharathidasan University,0,1,12,175,187,8,130,0,0,0,0,0,,49,380,,,,1,5,22,27,10,0,17,,1,1,bharathiar university,Bharathiar University,Body/Corporation
2020,55,T,Higher Education Department,Bharathiar University,0,57,9,149,158,25,133,0,0,0,0,0,,0,1330,,,,1,9,7,16,16,0,0,,1,1,bharathiar university,Bharathiar University,Body/Corporation
2020,55,T,Higher Education Department,Alagappa University,0,1,0,153,153,1,120,12,0,0,0,20,,0,1620,,,,1,0,26,26,22,4,0,,1,1,alagappa university,Alagappa University,Body/Corporation
2020,56,T,Higher Education Department,Thiruvalluvar University,0,1,15,54,69,4,42,2,0,0,0,0,,21,540,,,,1,1,4,5,5,0,0,,1,1,thiruvalluvar university,Thiruvalluvar University,Body/Corporation
2020,56,T,Higher Education Department,Periyar University,0,1,380,371,751,5,438,34,0,0,0,0,,274,3508,,,,1,30,245,275,188,0,87,,1,1,periyar university,Periyar University,Body/Corporation
2020,56,T,Higher Education Department,Mother Teresa Women's University,0,1,0,73,73,1,67,2,0,0,0,0,,3,730,,,,2,0,3,3,3,0,0,,1,1,mother teresa women s university,Mother Teresa Women's University,Body/Corporation
2020,56,T,Higher Education Department,Tamil Nadu Open University,0,1,0,74,74,0,73,,0,0,0,0,,1,740,,,,1,1,1,2,2,0,0,,1,1,open university,Tamil Nadu Open University,Body/Corporation
2020,56,T,Higher Education Department,Tamil Nadu Teachers Education University,0,3,0,43,43,2,40,,0,0,0,1,,0,420,,,,1,0,1,1,1,0,0,,1,1,teachers education university,Tamil Nadu Teachers Education University,Body/Corporation
2020,56,T,Higher Education Department,Anna University,0,1,128,572,700,23,454,5,0,0,0,39,,179,4899,,,,1,35,180,215,130,11,74,,1,1,anna university,Anna University,Body/Corporation
2020,56,T,Higher Education Department,Higher Education Department Total,1,231,3031,11633,14664,1883,9500,95,11,9,0,133,,3033,146930,,,,36,287,1083,1370,892,20,458,,1,1,higher education total,Higher Education Department Total,HOD
2020,56,T,Highways and Minor Ports Department,"Highways and Minor Ports Department, Secretariat",0,14,0,188,188,100,74,2,0,0,0,12,,0,2015,,,,2,0,13,13,11,2,0,,1,1,highways minor ports secretariat,"Highways and Minor Ports Department, Secretariat",Secretariat
2020,56,T,Highways and Minor Ports Department,Directorate of Highways,0,148,15,3576,3591,753,2702,7,0,2,0,52,,75,21829,,,,51,7,232,239,223,2,14,,1,1,highways minor ports secretariat,"Highways and Minor Ports Department, Secretariat",HOD
2020,56,T,Highways and Minor Ports Department,Tamil Nadu Maritime Board,0,1,0,7,7,1,5,0,0,0,0,1,,0,96,,,,1,0,1,1,1,0,0,,1,1,maritime board,Tamil Nadu Maritime Board,Body/Corporation
2020,56,T,Highways and Minor Ports Department,Poompuhar Shipping Corporation,0,2,0,7,7,0,7,0,0,0,0,0,,0,70,,,,2,0,7,7,7,0,0,,1,1,poompuhar shipping,Poompuhar Shipping Corporation,Body/Corporation
2020,56,T,Highways and Minor Ports Department,Tamil Nadu Road Development Company Ltd.,0,1,4,46,50,9,36,0,0,0,0,2,,3,2104,,,,1,0,2,2,2,0,0,,1,1,road development company,Tamil Nadu Road Development Company Ltd.,Body/Corporation
2020,56,T,Highways and Minor Ports Department,Tamil Nadu Road Infrastructure Development Corporation,0,2,0,16,16,0,16,0,0,0,0,0,,0,0,,,,1,0,0,0,0,0,0,,1,1,road infrastructure development,Tamil Nadu Road Infrastructure Development Corporation,Body/Corporation
2020,57,T,Highways and Minor Ports Department,Highways and Minor Ports Department Total,1,168,19,3840,3859,863,2840,9,0,2,0,67,,78,26114,,,,58,7,255,262,244,4,14,,1,1,highways minor ports total,Highways and Minor Ports Department Total,HOD
2020,57,T,Home Prohibition and Excise Department,"Home Department, Secretariat",0,50,0,870,870,553,290,4,1,7,0,15,,0,8210,,,,8,0,74,74,69,5,0,,1,1,home secretariat,"Home Department, Secretariat",Secretariat
2020,57,T,Home Prohibition and Excise Department,Home Department Prohibition and Excise Wing,0,14,0,29,29,20,9,0,0,0,0,0,,0,270,,,,2,0,0,0,0,0,0,,1,1,prohibition excise,Home Department Prohibition and Excise Wing,HOD
2020,57,T,Home Prohibition and Excise Department,Tamil Nadu State Marketing Corporation Limited,0,39,31,883,914,0,854,0,0,0,0,0,,60,9323,,,,6,0,133,133,133,0,0,,1,1,state marketing,Tamil Nadu State Marketing Corporation Limited,Body/Corporation
2020,57,T,Home Prohibition and Excise Department,Commissionerate of Prohibition and Excise,0,5,2,45,47,10,30,0,0,0,0,0,,7,450,,,,0,0,0,0,0,0,0,,1,1,prohibition excise,Home Department Prohibition and Excise Wing,HOD
2020,57,T,Home Prohibition and Excise Department,State Advisory Board,0,1,0,3,3,0,0,0,0,0,0,0,,3,30,,,,0,0,0,0,0,0,0,,1,1,state advisory board,State Advisory Board,Body/Corporation
2020,57,T,Home Prohibition and Excise Department,Police Department,0,134,867,29093,29960,1862,24179,1107,4,172,258,1098,,1280,345048,,,,108,138,2887,3025,2649,280,96,,1,1,police,Police Department,HOD
2020,57,T,Home Prohibition and Excise Department,Tamil Nadu Police Housing Corporation,0,13,0,19,19,0,19,0,0,0,0,0,,0,0,,,,4,0,2,2,2,0,0,,1,1,police housing,Tamil Nadu Police Housing Corporation,Body/Corporation
2020,57,T,Home Prohibition and Excise Department,Tamil Nadu Uniformed Services Recruitment Board,0,1,0,529,529,15,353,19,0,0,0,142,,0,66,,,,1,0,16,16,0,16,0,,1,1,uniformed services recruitment board,Tamil Nadu Uniformed Services Recruitment Board,Body/Corporation
2020,57,T,Home Prohibition and Excise Department,Prisons Department,0,28,34,1181,1215,178,907,44,0,10,0,38,,38,10080,,,,7,0,95,95,86,9,0,,1,1,prisons,Prisons Department,HOD
2020,57,T,Home Prohibition and Excise Department,Transport Commissionerate,0,173,71,3739,3810,459,3270,23,1,8,3,15,,31,29560,,,,112,8,169,177,170,5,2,,1,1,metropolitan transport,"Metropolitan Transport Corporation (Chennai) Ltd.,",HOD
2020,57,T,Home Prohibition and Excise Department,The Principal Seat of High Court of Madras,0,1,51,960,1011,139,676,0,0,0,0,0,,196,9405,,,,1,35,407,442,305,0,137,,1,1,high court madras,High Court of Madras,Body/Corporation
2020,57,T,Home Prohibition and Excise Department,"Madurai Bench of Madras High Court, Madurai",0,1,0,388,388,52,315,0,0,0,0,0,,21,3110,,,,0,0,0,0,0,0,0,,1,1,madurai bench madras high court madurai,"Madurai Bench of Madras High Court, Madurai",Body/Corporation
2020,57,T,Home Prohibition and Excise Department,Government Litigations,0,14,0,9,9,0,2,0,0,0,0,0,,7,0,,,,0,0,2,2,1,1,0,,1,1,litigations,Government Litigations,HOD
2020,58,T,Home Prohibition and Excise Department,Directorate of Prosecution,0,27,0,84,84,4,76,0,0,0,0,2,,2,210,,,,1,0,4,4,2,1,1,,1,1,prosecution,Directorate of Prosecution,HOD
2020,58,T,Home Prohibition and Excise Department,Fire and Rescue Services Department,0,41,0,463,463,2,449,0,0,0,0,12,,0,112,,,,41,0,21,21,21,0,0,,1,1,fire rescue services,Fire and Rescue Services Department,HOD
2020,58,T,Home Prohibition and Excise Department,Forensic Sciences Department,0,11,2,73,75,10,43,8,0,0,0,4,,10,792,,,,1,1,9,10,7,0,3,,1,1,forensic sciences,Forensic Sciences Department,HOD
2020,58,T,Home Prohibition and Excise Department,Home Prohibition and Excise Department Total,1,553,1058,38368,39426,3304,31472,1205,6,197,261,1326,,1655,416666,,,,292,182,3819,4001,3445,317,239,,1,1,home prohibition excise total,Home Prohibition and Excise Department Total,HOD
2020,58,T,Housing and Urban Development Department,"Housing and Urban Development Department, Secretariat",0,23,0,269,269,110,152,1,0,0,0,6,,0,3356,,,,5,0,13,13,12,1,0,,1,1,housing urban development secretariat,"Housing and Urban Development Department, Secretariat",Secretariat
2020,58,T,Housing and Urban Development Department,Directorate of Town and Country Planning,0,58,19,2049,2068,245,1774,1,2,0,0,3,,43,91297,,,,25,7,135,142,127,13,2,,1,1,town country planning,Directorate of Town and Country Planning,HOD
2020,58,T,Housing and Urban Development Department,Chennai Metropolitan Development Authority,0,27,53,1470,1523,12,1024,,0,0,0,3,,484,17426,,,,11,7,12,19,11,0,8,,1,1,metropolitan development authority,Chennai Metropolitan Development Authority,Body/Corporation
2020,58,T,Housing and Urban Development Department,Registrar of Co-operative Societies (Housing),0,12,2,294,296,75,213,3,0,0,0,5,,0,8220,,,,12,4,17,21,20,0,1,,1,1,registrar co operative societies,Registrar of Co-operative Societies,HOD
2020,58,T,Housing and Urban Development Department,Tamil Nadu Slum Clearance Board,0,50,0,439,439,8,431,,0,0,0,0,,0,5906,,,,34,0,68,68,68,0,0,,1,1,slum clearance board,Tamil Nadu Slum Clearance Board,Body/Corporation
2020,58,T,Housing and Urban Development Department,Tamil Nadu Housing Board,0,33,19,1742,1761,33,1671,15,0,0,0,42,,0,9962,,,,33,0,164,164,164,0,0,,1,1,housing board,Tamil Nadu Housing Board,Body/Corporation
2020,58,T,Housing and Urban Development Department,Housing and Urban Development Department Total,1,203,93,6263,6356,483,5265,20,2,0,0,59,,527,136167,,,,120,18,409,427,402,14,11,,1,1,housing urban development total,Housing and Urban Development Department Total,HOD
2020,58,T,Industries Department,"Industries Department, Secretariat",0,3,0,134,134,89,43,0,0,0,0,2,,0,194,,,,4,0,3,3,3,0,0,,1,1,industries secretariat,"Industries Department, Secretariat",Secretariat
2020,59,T,Industries Department,Directorate of Geology and Mining,0,43,46,1106,1152,42,1040,5,0,0,0,8,,57,12479,,,,5,3,111,114,105,0,9,,1,1,geology mining,Directorate of Geology and Mining,HOD
2020,59,T,Industries Department,Directorate of Sugar,0,1,0,68,68,6,56,0,0,0,0,6,,0,786,,,,1,0,2,2,2,0,0,,1,1,sugar,Tamil Nadu Sugar Corporation,HOD
2020,59,T,Industries Department,State Industries Promotion Corporation of Tamil Nadu,0,1,3,149,152,31,99,0,0,0,0,9,,13,1748,,,,1,0,18,18,15,1,2,,1,1,state industries promotion,State Industries Promotion Corporation of Tamil Nadu,Body/Corporation
2020,59,T,Industries Department,Tamil Nadu Industrial Development Corporation,0,1,0,23,23,3,20,0,0,0,0,0,,0,200,,,,1,0,0,0,0,0,0,,1,1,industrial development,Tamil Nadu Industrial Development Corporation,Body/Corporation
2020,59,T,Industries Department,"Tamil Nadu Industrial Investment Corporation Ltd.,",0,1,4,57,61,3,54,0,0,0,0,1,,3,550,,,,1,1,7,8,7,0,1,,1,1,industrial investment,"Tamil Nadu Industrial Investment Corporation Ltd.,",Body/Corporation
2020,59,T,Industries Department,"Tamil Nadu Salt Corporation Ltd.,",0,3,0,8,8,0,8,0,0,0,0,0,,0,0,,,,0,0,0,0,0,0,0,,1,1,salt,"Tamil Nadu Salt Corporation Ltd.,",Body/Corporation
2020,59,T,Industries Department,"Tamil Nadu Newsprint and Papers Ltd.,",0,10,1,44,45,1,28,1,0,0,0,13,,2,416,,,,3,1,7,8,3,5,0,,1,1,newsprint papers,"Tamil Nadu Newsprint and Papers Ltd.,",Body/Corporation
2020,59,T,Industries Department,Tamil Nadu Cements Corporation,0,1,0,31,31,0,31,0,0,0,0,0,,0,0,,,,6,0,2,2,0,2,0,,1,1,cements,Tamil Nadu Cements Corporation,Body/Corporation
2020,59,T,Industries Department,Tamil Nadu Magnesite Limited,0,1,0,8,8,0,8,0,0,0,0,0,,0,0,,,,1,0,1,1,1,0,0,,1,1,magnesite,Tamil Nadu Magnesite Limited,Body/Corporation
2020,59,T,Industries Department,"Tamil Nadu Industrial Explosives Ltd.,",0,1,0,2,2,0,2,0,0,0,0,0,,0,48,,,,1,0,0,0,0,0,0,,1,1,industrial explosives,"Tamil Nadu Industrial Explosives Ltd.,",Body/Corporation
2020,59,T,Industries Department,"Tamil Nadu Minerals Ltd.,",0,1,0,12,12,4,8,0,0,0,0,0,,0,26,,,,1,0,0,0,0,0,0,,1,1,minerals,"Tamil Nadu Minerals Ltd.,",Body/Corporation
2020,59,T,Industries Department,Tamil Nadu Sugar Corporation,0,1,0,17,17,8,9,0,0,0,0,0,,0,160,,,,0,0,7,7,7,0,0,,1,1,sugar,Tamil Nadu Sugar Corporation,Body/Corporation
2020,59,T,Industries Department,Industries Department Total,1,68,54,1659,1713,187,1406,6,0,0,0,39,,75,16607,,,,25,5,158,163,143,8,12,,1,1,industries total,Industries Department Total,HOD
2020,60,T,Information Technology Department,"Information Technology Department, Secretariat",0,1,0,44,44,25,19,0,0,0,0,0,,0,190,,,,1,0,1,1,1,0,0,,1,1,information technology secretariat,"Information Technology Department, Secretariat",Secretariat
2020,60,T,Information Technology Department,"Electronics Corporation of Tamil Nadu Ltd.,",0,1,0,32,32,0,32,0,0,0,0,0,,0,320,,,,1,0,1,1,0,1,0,,1,1,electronics,"Electronics Corporation of Tamil Nadu Ltd.,",Body/Corporation
2020,60,T,Information Technology Department,e-Governance,0,1,0,60,60,11,44,5,0,0,0,0,,0,600,,,,1,0,5,5,5,0,0,,1,1,e governance,e-Governance,HOD
2020,60,T,Information Technology Department,Tamil Virtual Academy,0,1,0,1,1,0,1,,0,0,0,0,,0,10,,,,1,0,0,0,0,0,0,,1,1,virtual academy,Tamil Virtual Academy,HOD
2020,60,T,Information Technology Department,Tamil Nadu Arasu Cable TV Corporation Ltd.,0,32,11,106,117,1,83,2,0,2,0,25,,4,770,,,,1,0,23,23,18,5,0,,1,1,arasu cable tv,Tamil Nadu Arasu Cable TV Corporation Ltd.,Body/Corporation
2020,60,T,Information Technology Department,Tamil Nadu Fibrenet Corporation Ltd.,0,1,0,3,3,0,3,0,0,0,0,0,,0,30,,,,1,0,2,2,2,0,0,,1,1,fibrenet,Tamil Nadu Fibrenet Corporation Ltd.,Body/Corporation
2020,60,T,Information Technology Department,Information Technology Department Total,1,37,11,246,257,37,182,7,0,2,0,25,,4,1920,,,,6,0,32,32,26,6,0,,1,1,information technology total,Information Technology Department Total,HOD
2020,60,T,Labour and Employment Department,"Labour and Employment Department, Secretariat",0,22,1,240,241,148,86,6,0,0,0,1,,0,1924,,,,4,0,8,8,3,5,0,,1,1,labour employment secretariat,"Labour and Employment Department, Secretariat",Secretariat
2020,60,T,Labour and Employment Department,Commissionarate of Labour,0,493,17,1323,1340,208,1072,4,0,2,0,43,,11,11766,,,,48,2,188,190,182,4,4,,1,1,commissionarate labour,Commissionarate of Labour,HOD
2020,60,T,Labour and Employment Department,Directorate of Industrial Safety and Health,0,61,5,626,631,83,521,1,0,0,0,1,,25,5822,,,,33,0,34,34,32,0,2,,1,1,industrial safety health,Directorate of Industrial Safety and Health,HOD
2020,60,T,Labour and Employment Department,Commissionerate of Employment and Training (Employment wing),0,46,30,669,699,37,640,0,0,0,0,3,,19,6322,,,,5,1,51,52,50,0,2,,1,1,employment training employment wing,Commissionerate of Employment and Training (Employment wing),HOD
2020,60,T,Labour and Employment Department,Commissionerate of Employment and Training (Training),0,128,5,180,185,9,156,4,0,0,0,0,,16,2008,,,,37,1,34,35,34,0,1,,1,1,employment training training,Commissionerate of Employment and Training (Training),HOD
2020,60,T,Labour and Employment Department,Directorate of Medical and Rural Health,0,228,0,72,72,6,42,3,0,0,0,21,,0,670,,,,12,0,5,5,3,2,0,,1,1,medical rural health services esi,Directorate of Medical and Rural Health Services (ESI),HOD
2020,61,T,Labour and Employment Department,Services (ESI),0,,,,,,,,,,,,,,,,,,,,,,,,,,,,medical rural health services esi,Directorate of Medical and Rural Health Services (ESI),HOD
2020,61,T,Labour and Employment Department,"Overseas Manpower Corporation Ltd.,",0,1,0,4,4,0,4,0,0,0,0,0,,0,40,,,,1,0,0,0,0,0,0,,1,1,overseas manpower,"Overseas Manpower Corporation Ltd.,",Body/Corporation
2020,61,T,Labour and Employment Department,Tamil Nadu Skill Development Corporation,0,0,0,11,11,11,0,0,0,0,0,0,,0,110,,,,1,0,0,0,0,0,0,,1,1,silk development,Tamil Nadu Silk Development Corporation,Body/Corporation
2020,61,T,Labour and Employment Department,Labour and Employment Department Total,1,979,58,3125,3183,502,2521,18,0,2,0,69,,71,28662,,,,141,4,320,324,304,11,9,,1,1,labour employment total,Labour and Employment Department Total,HOD
2020,61,T,Law Department,"Law Department, Secretariat",0,1,0,210,210,70,83,0,0,0,0,57,,0,2074,,,,1,0,30,30,18,12,0,,1,1,law secretariat,"Law Department, Secretariat",Secretariat
2020,61,T,Law Department,Directorate of Legal Studies,0,15,0,55,55,5,50,0,0,0,0,0,,0,550,,,,2,0,4,4,4,0,0,,1,1,legal studies,Directorate of Legal Studies,HOD
2020,61,T,Law Department,"The Tamil Nadu Dr.Ambedkar Law University, Chennai",0,1,0,89,89,4,81,0,0,0,0,0,,4,820,,,,1,1,14,15,15,0,0,,1,1,dr ambedkar law university,"The Tamil Nadu Dr.Ambedkar Law University, Chennai",Body/Corporation
2020,61,T,Law Department,"The Tamil Nadu National Law School, Tiruchirappalli",0,1,0,6,6,0,6,0,0,0,0,0,,0,60,,,,1,0,1,1,1,0,0,,1,1,national law school tiruchirappalli,"The Tamil Nadu National Law School, Tiruchirappalli.",HOD
2020,61,T,Law Department,Law Department Total,1,18,0,360,360,79,220,0,0,0,0,57,,4,3504,,,,5,1,49,50,38,12,0,,1,1,law total,Law Department Total,HOD
2020,61,T,"Micro, Small and Medium Enterprises Department","Micro, Small and Medium Enterprises Department, Secretariat",0,3,0,50,50,32,14,0,0,0,0,4,,0,234,,,,1,0,3,3,3,0,0,,1,1,micro small medium enterprises secretariat,"Micro, Small and Medium Enterprises Department, Secretariat",Secretariat
2020,61,T,"Micro, Small and Medium Enterprises Department",Commissionerate of Industries and Commerce,0,51,7,285,292,24,188,33,3,0,0,28,,16,2934,,,,45,0,70,70,34,36,0,,1,1,industries commerce,Commissionerate of Industries and Commerce,HOD
2020,61,T,"Micro, Small and Medium Enterprises Department",Tamil Nadu Small Industries Development Corporation Limited,0,1,3,114,117,0,86,0,0,0,0,3,,28,1480,,,,0,0,2,2,2,0,0,,1,1,small industries,Tamil Nadu Small Industries Corporation Limited,Body/Corporation
2020,61,T,"Micro, Small and Medium Enterprises Department",Tamil Nadu Small Industries Corporation Limited,0,1,0,8,8,0,5,2,0,0,0,1,,0,80,,,,1,0,0,0,0,0,0,,1,1,small industries,Tamil Nadu Small Industries Corporation Limited,Body/Corporation
2020,61,T,"Micro, Small and Medium Enterprises Department",Tamil Nadu Entrepreneurship Development and Innovation Institute,0,1,0,4,4,0,2,0,0,0,0,0,,2,40,,,,0,0,0,0,0,0,0,,1,1,entrepreneurship development innovation institute,Tamil Nadu Entrepreneurship Development and Innovation Institute,Body/Corporation
2020,61,T,"Micro, Small and Medium Enterprises Department","Micro, Small and Medium Enterprises Department Total",1,57,10,461,471,56,295,35,3,0,0,36,,46,4768,,,,47,0,75,75,39,36,0,,1,1,micro small medium enterprises total,"Micro, Small and Medium Enterprises Department Total",HOD
2020,62,T,Municipal Administration and Water Supply Department,"Municipal Administration and Water Supply Department, Secretariat",0,3,6,452,458,298,149,1,0,0,0,9,,1,4022,,,,4,0,62,62,59,3,0,,1,1,municipal administration water supply secretariat,"Municipal Administration and Water Supply Department, Secretariat",Secretariat
2020,62,T,Municipal Administration and Water Supply Department,Commissionerate of Municipal Administration,0,7,0,409,409,139,270,0,0,0,0,0,,0,5137,,,,1,0,139,139,139,0,0,,1,1,municipal administration water supply secretariat,"Municipal Administration and Water Supply Department, Secretariat",HOD
2020,62,T,Municipal Administration and Water Supply Department,Chennai Metropolitan Water Supply and Sewerage Board,0,45,11,677,688,20,648,11,6,0,0,0,,3,21140,,,,21,1,68,69,69,0,0,,1,1,metropolitan water supply sewerage board,Chennai Metropolitan Water Supply and Sewerage Board,Body/Corporation
2020,62,T,Municipal Administration and Water Supply Department,Greater Chennai Corporation,0,93,181,4816,4997,629,4125,23,0,3,0,40,,177,642,,,,47,17,730,747,653,5,89,,1,1,greater,Greater Chennai Corporation,Body/Corporation
2020,62,T,Municipal Administration and Water Supply Department,Directorate of Town Panchayats,0,546,17,10375,10392,723,9586,13,0,7,0,79,,34,8724,,,,18,9,895,904,884,11,9,,1,0,town panchayats,Directorate of Town Panchayats,HOD
2020,62,T,Municipal Administration and Water Supply Department,Tamil Nadu Water Supply and Drainage Board,0,32,11,456,467,6,446,0,0,0,0,0,,15,5788,,,,32,0,35,35,0,0,0,,1,1,water supply drainage board,Tamil Nadu Water Supply and Drainage Board,Body/Corporation
2020,62,T,Municipal Administration and Water Supply Department,Municipal Administration and Water Supply Department Total,1,726,226,17185,17411,1815,15224,48,6,10,0,78,,230,45453,,,,123,27,1929,1956,1839,19,98,,1,1,municipal administration water supply total,Municipal Administration and Water Supply Department Total,HOD
2020,62,T,"Personnel and Administrative Reforms Department,","Personnel and Administrative Reforms Department, Secretariat",0,8,3,971,974,261,631,2,0,0,0,74,,6,18773,,,,5,0,68,68,31,37,0,,1,1,personnel administrative reforms secretariat,"Personnel and Administrative Reforms Department, Secretariat",Secretariat
2020,62,T,"Personnel and Administrative Reforms Department,",Tamil Nadu Public Service Commission,0,28,0,1878,1878,25,1837,5,0,0,0,11,,0,182085,,,,6,0,100,100,100,0,0,,1,1,public service commission,Tamil Nadu Public Service Commission,Body/Corporation
2020,62,T,"Personnel and Administrative Reforms Department,","Personnel and Administrative Reforms Department, Total",1,36,3,2849,2852,286,2468,7,0,0,0,85,,6,200858,,,,11,0,168,168,131,37,0,,1,1,personnel administrative reforms total,"Personnel and Administrative Reforms Department, Total",HOD
2020,62,T,Personnel and Administrative Reforms (Training)Department,"Personnel and Administrative Reforms (Training)Department, Secretariat",0,8,0,409,409,47,330,0,0,0,0,32,,0,5295,,,,6,0,26,26,26,0,0,,1,1,personnel administrative reforms secretariat,"Personnel and Administrative Reforms Department, Secretariat",Secretariat
2020,62,T,Personnel and Administrative Reforms (Training)Department,Directorate of Vigilance and Anti Corruption,0,1,29,335,364,4,298,17,0,0,0,14,,31,3451,,,,1,5,50,55,48,0,7,,1,1,vigilance anti corruption,Directorate of Vigilance and Anti Corruption,HOD
2020,62,T,Personnel and Administrative Reforms (Training)Department,"Commissioner for Disciplinary Proceedings, Chennai",0,1,0,0,0,0,0,0,0,0,0,0,,0,0,,,,1,0,0,0,0,0,0,,1,1,commissioner for disciplinary proceedings,"Commissioner for Disciplinary Proceedings, Chennai",HOD
2020,62,T,Personnel and Administrative Reforms (Training)Department,"Commissioner for Disciplinary Proceedings, Tiruchirappalli",0,1,0,0,0,0,0,0,0,0,0,0,,0,20,,,,1,0,0,0,0,0,0,,1,1,commissioner for disciplinary proceedings,"Commissioner for Disciplinary Proceedings, Chennai",HOD
2020,63,T,Personnel and Administrative Reforms (Training)Department,"Commissioner for Disciplinary Proceedings, Madurai",0,1,0,0,0,0,0,0,0,0,0,0,,0,0,,,,1,0,0,0,0,0,0,,1,1,commissioner for disciplinary proceedings,"Commissioner for Disciplinary Proceedings, Chennai",HOD
2020,63,T,Personnel and Administrative Reforms (Training)Department,"Commissioner for Disciplinary Proceedings, Coimbatore",0,1,0,1,1,0,0,0,0,0,0,1,,0,0,,,,1,0,0,0,0,0,0,,1,1,commissioner for disciplinary proceedings,"Commissioner for Disciplinary Proceedings, Chennai",HOD
2020,63,T,Personnel and Administrative Reforms (Training)Department,"Commissioner for Disciplinary Proceedings, Tirunelveli",0,1,0,0,0,0,0,0,0,0,0,0,,0,0,,,,1,0,0,0,0,0,0,,1,1,commissioner for disciplinary proceedings,"Commissioner for Disciplinary Proceedings, Chennai",HOD
2020,63,T,Personnel and Administrative Reforms (Training)Department,"Commissioner for Disciplinary Proceedings, Nagarcoil",0,1,0,2,2,0,0,2,0,0,0,0,,0,0,,,,1,0,0,0,0,0,0,,1,1,commissioner for disciplinary proceedings,"Commissioner for Disciplinary Proceedings, Chennai",HOD
2020,63,T,Personnel and Administrative Reforms (Training)Department,Tamil Nadu Lokayukta,0,1,0,11,11,0,9,0,0,0,0,2,,0,110,,,,1,0,1,1,1,0,0,,1,1,lokayukta,Tamil Nadu Lokayukta,HOD
2020,63,T,Personnel and Administrative Reforms (Training)Department,Director General of Training,0,6,0,22,22,2,18,0,0,0,0,0,,2,224,,,,6,0,2,2,0,0,2,,1,1,director general training,Director General of Training,HOD
2020,63,T,Personnel and Administrative Reforms (Training)Department,A & B wing foundational course Training Institute,0,0,0,0,0,0,0,0,0,0,0,0,,0,0,,,,0,0,0,0,0,0,0,,1,1,a b wing foundational course training institute,A & B wing foundational course Training Institute,Body/Corporation
2020,63,T,Personnel and Administrative Reforms (Training)Department,All India Civil Services Coaching Centre,0,0,0,0,0,0,0,0,0,0,0,0,,0,0,,,,0,0,0,0,0,0,0,,1,1,all india civil services coaching centre,All India Civil Services Coaching Centre,HOD
2020,63,T,Personnel and Administrative Reforms (Training)Department,Civil Service Training Institute,0,0,0,0,0,0,0,0,0,0,0,0,,0,0,,,,0,0,0,0,0,0,0,,1,1,civil service training institute,Civil Service Training Institute,Body/Corporation
2020,63,T,Personnel and Administrative Reforms (Training)Department,Anna Institute of Management,0,0,0,0,0,0,0,0,0,0,0,0,,0,0,,,,0,0,0,0,0,0,0,,1,1,anna institute management,Anna Institute of management,Body/Corporation
2020,63,T,Personnel and Administrative Reforms (Training)Department,Competitive Exam Coaching Centre,0,0,0,0,0,0,0,0,0,0,0,0,,0,0,,,,0,0,0,0,0,0,0,,1,1,competitive exam coaching centre,Competitive Exam Coaching Centre,HOD
2020,63,T,Personnel and Administrative Reforms (Training)Department,Personnel and Administrative Reforms (Training)Department Total,1,22,29,780,809,53,655,19,0,0,0,49,,33,9100,,,,20,5,79,84,75,0,9,,1,1,personnel administrative reforms training total,Personnel and Administrative Reforms (Training)Department Total,HOD
2020,63,T,"Planning, Development and Special Initiatives (OP/MC Department","Planning, Development and Special Initiatives (OP/MC)Department, Secretariat",0,1,0,12,12,7,5,0,0,0,0,0,,0,50,,,,0,0,0,0,0,0,0,,1,1,planning development special initiatives secretariat,"Planning, Development and Special Initiatives Department, Secretariat",Secretariat
2020,63,T,"Planning, Development and Special Initiatives (OP/MC Department",State Planning Commission,0,1,0,3,3,1,2,0,0,0,0,0,,0,0,,,,1,0,0,0,0,0,0,,1,1,state planning commission,State Planning Commission,Body/Corporation
2020,63,T,"Planning, Development and Special Initiatives (OP/MC Department",Directorate of Economics and Statistics,0,1,0,82,82,63,19,0,0,0,0,0,,0,630,,,,1,0,1,1,1,0,0,,1,1,economics statistics,Economics and Statistics,HOD
2020,64,T,"Planning, Development and Special Initiatives (OP/MC Department",Directorate of Evaluation and Applied Research,0,1,0,1,1,0,1,0,0,0,0,0,,0,30,,,,0,0,0,0,0,0,0,,1,1,evaluation applied research,Directorate of Evaluation and Applied Research,HOD
2020,64,T,"Planning, Development and Special Initiatives (OP/MC Department",Special Area Development and Programme,0,1,0,3,3,0,3,0,0,0,0,0,,0,0,,,,1,0,0,0,0,0,0,,1,1,special area development programme,Special Area Development and Programme,HOD
2020,64,T,"Planning, Development and Special Initiatives (OP/MC Department","Planning, Development and Special Initiatives (OP/MC Department Total",1,5,0,101,101,71,30,0,0,0,0,0,,0,710,,,,3,0,1,1,1,0,0,,1,1,planning development special initiatives op mc total,"Planning, Development and Special Initiatives (OP/MC Department Total",HOD
2020,64,T,"Planning, Development and Special Initiatives (SI) Department","Planning, Development and Special Initiatives (SI) Department",0,1,0,0,0,0,0,0,0,0,0,0,,0,0,,,,0,0,0,0,0,0,0,,1,1,planning development special initiatives secretariat,"Planning, Development and Special Initiatives Department, Secretariat",HOD
2020,64,T,"Planning, Development and Special Initiatives (SI) Department",Chennai Metro Rail Ltd.,0,1,0,104,104,5,94,5,0,0,0,0,,0,4000,,,,1,0,5,5,5,0,0,,1,1,metro rail,Chennai Metro Rail Ltd.,Body/Corporation
2020,64,T,"Planning, Development and Special Initiatives (SI) Department","Planning, Development and Special Initiatives (SI) Department Total",1,2,0,104,104,5,94,5,0,0,0,0,,0,4000,,,,1,0,5,5,5,0,0,,1,1,planning development special initiatives si total,"Planning, Development and Special Initiatives (SI) Department Total",HOD
2020,64,T,Public Department,"Public Department, Secretariat",0,22,0,3103,3103,2619,304,23,1,0,12,0,,144,21621,,,,8,0,280,280,55,225,0,,1,1,public secretariat,"Public Department, Secretariat",Secretariat
2020,64,T,Public Department,Governor’s Secretariat,0,1,0,185,185,85,96,0,0,0,0,4,,0,0,,,,1,0,2,2,2,0,0,,1,1,governor s secretariat,Governor’s Secretariat,Secretariat
2020,64,T,Public Department,"Governor’s House Hold Office, Raj Bhavan",0,1,0,5,5,0,5,0,0,0,0,0,,0,0,,,,1,0,0,0,0,0,0,,1,1,governor s house hold raj bhavan,"Governor’s House Hold Office, Raj Bhavan",HOD
2020,64,T,Public Department,State Human Rights Commission,0,1,6,479,485,23,454,0,0,0,0,0,,8,4736,,,,1,0,55,55,55,0,0,,1,1,state human rights commission,State Human Rights Commission,Body/Corporation
2020,64,T,Public Department,State Guest House,0,1,0,0,0,0,0,0,0,0,0,0,,0,0,,,,0,0,0,0,0,0,0,,1,1,state guest house,State Guest House,HOD
2020,64,T,Public Department,"Tamil Nadu House, New Delhi",0,1,0,1,1,0,1,0,0,0,0,0,,0,0,,,,1,0,0,0,0,0,0,,1,1,house new delhi,"Tamil Nadu House, New Delhi",HOD
2020,64,T,Public Department,"Tamizhagam Guest House, Udhagmandalam",0,1,0,1,1,0,1,0,0,0,0,0,,0,0,,,,0,0,0,0,0,0,0,,1,1,tamizhagam guest house udhagmandalam,"Tamizhagam Guest House, Udhagmandalam",HOD
2020,65,T,Public Department,Tamil Nadu Ex-Servicemen Corporation,0,1,0,10,10,0,10,0,0,0,0,0,,0,100,,,,1,0,1,1,1,0,0,,1,1,ex servicemen,Tamil Nadu Ex-Servicemen Corporation,Body/Corporation
2020,65,T,Public Department,Directorate of Ex-servicemen’s Welfare,0,31,0,160,160,6,149,1,0,0,0,1,,3,560,,,,31,0,6,6,4,2,0,,1,1,ex servicemen,Tamil Nadu Ex-Servicemen Corporation,HOD
2020,65,T,Public Department,Commissionerate of Rehabilitation,0,3,0,42,42,0,42,0,0,0,0,0,,0,436,,,,1,0,0,0,0,0,0,,1,1,rehabilitation,Commissionerate of Rehabilitation,HOD
2020,65,T,Public Department,Public Department Total,1,63,6,3986,3992,2733,1062,24,1,0,12,5,,155,27453,,,,45,0,344,344,117,227,0,,1,1,public total,Public Department Total,HOD
2020,65,T,Public Works Department,"Public Works Department, Secretariat",0,25,5,280,285,204,61,14,0,0,0,0,,6,2726,,,,0,0,24,24,19,5,0,,1,1,public works secretariat,"Public Works Department, Secretariat",Secretariat
2020,65,T,Public Works Department,Chief Engineer Buildings,0,163,9,970,979,149,795,0,9,1,0,6,,19,11434,,,,40,0,89,89,87,2,0,,1,1,buildings,Buildings,HOD
2020,65,T,Public Works Department,"Engineer- in-Chief, Water Resources",0,2,7,359,366,137,226,3,0,0,0,0,,0,1720,,,,2,0,74,74,74,0,0,,1,1,engineer in chief water resources,"Engineer- in-Chief, Water Resources",HOD
2020,65,T,Public Works Department,"Water Resources Department, Chennai Region",0,41,0,663,663,663,0,0,0,0,0,0,,0,6630,,,,4,0,61,61,61,0,0,,1,1,water resources region,"Water Resources Department, Chennai Region",HOD
2020,65,T,Public Works Department,"Water Resources Department, Trichy Region",0,23,38,476,514,12,495,0,0,0,0,0,,7,5851,,,,23,0,84,84,82,0,2,,1,1,water resources region,"Water Resources Department, Chennai Region",HOD
2020,65,T,Public Works Department,"Water Resources Department, Madurai Region",0,28,2,957,959,79,868,2,0,0,5,5,,0,3096,,,,6,0,82,82,81,1,0,,1,1,water resources madurai region,"Water Resources Department, Madurai Region",HOD
2020,65,T,Public Works Department,"Water Resources Department, Coimbatore Region",0,15,0,768,768,53,702,2,0,0,0,0,,11,13067,,,,5,0,74,74,73,0,1,,1,1,water resources coimbatore region,"Water Resources Department, Coimbatore Region",HOD
2020,65,T,Public Works Department,Design Research and Construction Support Department,0,8,0,24,24,7,17,0,0,0,0,0,,0,0,,,,3,0,0,0,0,0,0,,1,1,design research construction support,Design Research and Construction Support Department,HOD
2020,65,T,Public Works Department,Tamil Nadu Water Resources Development Cell.,0,1,0,1,1,0,1,0,0,0,0,0,,0,0,,,,0,0,0,0,0,0,0,,1,1,water resources development cell,Tamil Nadu Water Resources Development Cell.,HOD
2020,66,T,Public Works Department,Plan Formulation Department,0,16,0,23,23,9,11,1,0,0,0,2,,0,180,,,,16,0,0,0,0,0,0,,1,1,plan formulation,Plan Formulation Department,HOD
2020,66,T,Public Works Department,Operation and Maintenance Department,0,5,0,14,14,7,6,0,0,0,0,1,,0,210,,,,5,0,0,0,0,0,0,,1,1,operation maintenance,Operation and Maintenance,HOD
2020,66,T,Public Works Department,State Ground Water and Surface Water Resources Data Centre,0,14,2,167,169,23,140,0,0,0,0,2,,4,1407,,,,7,1,9,10,10,0,0,,1,1,data centre,State Ground Water and Surface Water Resources Data Centre,HOD
2020,66,T,Public Works Department,Institute for Water Studies,0,1,0,0,0,0,0,0,0,0,0,0,,0,0,,,,1,0,0,0,0,0,0,,1,1,institute for water studies,Institute for Water Studies,Body/Corporation
2020,66,T,Public Works Department,Irrigation Management Training Institute,0,1,0,0,0,0,0,0,0,0,0,0,,0,0,,,,1,0,0,0,0,0,0,,1,1,irrigation management training institute,Irrigation Management Training Institute,Body/Corporation
2020,66,T,Public Works Department,Cauvery Technical Cell,0,0,0,4,4,0,4,0,0,0,0,0,,0,0,,,,1,0,0,0,0,0,0,,1,1,cauvery technical cell,Cauvery Technical Cell,HOD
2020,66,T,Public Works Department,Directorate of Boilers,0,10,0,13,13,0,13,0,0,0,0,0,,0,100,,,,1,0,2,2,2,0,0,,1,1,boilers,Directorate of Boilers,HOD
2020,66,T,Public Works Department,"State Water Resources Management Agency WRD,Taramani,Chennai",0,1,0,0,0,0,0,0,0,0,0,0,,0,0,,,,1,0,0,0,0,0,0,,1,1,state water resources management agency wrd taramani,"State Water Resources Management Agency WRD,Taramani,Chennai",Body/Corporation
2020,66,T,Public Works Department,Public Works Department Total,1,354,63,4719,4782,1343,3339,22,9,1,5,16,,47,46421,,,,116,1,499,500,489,8,3,,1,1,public works total,Public Works Department Total,HOD
2020,66,T,Revenue and Disaster Management Department,"Revenue and Disaster Management Department, Secretariat",0,41,0,1132,1132,768,351,13,0,0,0,0,,0,338,,,,7,0,87,87,84,3,0,,1,1,revenue disaster management secretariat,"Revenue and Disaster Management Department, Secretariat",Secretariat
2020,66,T,Revenue and Disaster Management Department,Commissionerate of Land Administration,0,6,10,710,720,458,257,0,0,0,0,0,,5,14208,,,,3,0,34,34,34,0,0,,1,1,land administration,Commissionerate of Land Administration,HOD
2020,66,T,Revenue and Disaster Management Department,Directorate of Survey and Settlement,0,96,195,7849,8044,2791,4967,12,43,0,0,10,,221,34411,,,,42,137,2953,3090,2961,6,123,,1,1,survey settlement,Survey and Settlement,HOD
2020,66,T,Revenue and Disaster Management Department,Commissionerate of Urban Land Ceiling and Urban Land Tax,0,8,11,284,295,10,269,0,0,0,0,0,,16,4012,,,,1,0,8,8,7,0,1,,1,1,urban land ceiling urban land tax,Commissionerate of Urban Land Ceiling and Urban Land Tax,HOD
2020,67,T,Revenue and Disaster Management Department,Commissionerate of Revenue Administration Disaster Management and Mitigation,0,793,3318,95496,98814,29424,64403,449,65,187,56,2637,,1593,849981,,,,681,419,9389,9808,8453,330,1025,,1,1,revenue administration disaster management mitigation,Revenue Administration Disaster Management and Mitigation,HOD
2020,67,T,Revenue and Disaster Management Department,Commissionerate of Land Reforms,0,4,34,194,228,15,193,0,0,0,0,0,,20,86,,,,1,0,4,4,4,0,0,,1,1,land reforms,Commissionerate of Land Reforms,HOD
2020,67,T,Revenue and Disaster Management Department,Revenue and Disaster Management Department Total,1,948,3568,105665,109233,33466,70440,474,108,187,56,2647,,1855,903036,,,,735,556,12475,13031,11543,339,1149,,1,1,revenue disaster management total,Revenue and Disaster Management Department Total,HOD
2020,67,T,Rural Development and Panchayat Raj Department,"Rural Development and Panchayat Raj Department, Secretariat",0,16,0,456,456,418,33,0,0,0,0,5,,0,4290,,,,4,0,20,20,19,1,0,,1,1,rural development panchayat raj secretariat,"Rural Development and Panchayat Raj Department, Secretariat",Secretariat
2020,67,T,Rural Development and Panchayat Raj Department,Directorate of Rural Development & Panchayat Raj,0,1212,1619,31026,32645,4026,24811,66,6,1,0,125,,3610,317708,,,,985,322,2589,2911,2346,63,502,,1,1,rural development panchayat raj secretariat,"Rural Development and Panchayat Raj Department, Secretariat",HOD
2020,67,T,Rural Development and Panchayat Raj Department,Tamil Nadu Corporation for Development of Women,0,38,4,284,288,36,243,1,0,0,0,0,,8,465,,,,38,0,25,25,24,0,1,,1,1,for development women,Tamil Nadu Corporation for Development of Women,Body/Corporation
2020,67,T,Rural Development and Panchayat Raj Department,Tamil Nadu Rural Transformation Project,0,1,0,2,2,0,2,0,0,0,0,0,,0,0,,,,1,0,0,0,0,0,0,,1,1,rural transformation project,Tamil Nadu Rural Transformation Project,HOD
2020,67,T,Rural Development and Panchayat Raj Department,International Fund for Agricultural Development (IFAD) assisted Post Tsunami Sustainable Livelihoods Programmes,0,0,0,0,0,0,0,0,0,0,0,0,,0,0,,,,0,0,0,0,0,0,0,,1,1,international fund for agricultural development ifad assisted post tsunami sustainable livelihoods programmes,International Fund for Agricultural Development (IFAD) assisted Post Tsunami Sustainable Livelihoods Programmes,HOD
2020,67,T,Rural Development and Panchayat Raj Department,Tamil Nadu State Election Commission,0,1,0,337,337,226,111,0,0,0,0,0,,0,3901,,,,18,0,18,18,18,0,0,,1,1,state election commission,Tamil Nadu State Election Commission,Body/Corporation
2020,67,T,Rural Development and Panchayat Raj Department,Rural Development and Panchayat Raj Department Total,1,1268,1623,32105,33728,4706,25200,67,6,1,0,130,,3618,326364,,,,1046,322,2652,2974,2407,64,503,,1,1,rural development panchayat raj total,Rural Development and Panchayat Raj Department Total,HOD
2020,67,T,School Education Department,"School Education Department, Secretariat",0,3,0,781,781,666,85,0,0,0,0,30,,0,6900,,,,4,0,54,54,53,1,0,,1,1,school education,Directorate of School Education,Secretariat
2020,68,T,School Education Department,Directorate of School Education,0,1,0,2614,2614,762,1842,8,0,0,0,2,,0,26412,,,,1,0,85,85,85,0,0,,1,1,school education,Directorate of School Education,HOD
2020,68,T,School Education Department,Directorate of Elementary Education,0,1,0,813,813,587,226,0,0,0,0,0,,0,8130,,,,7,0,13,13,13,0,0,,1,1,elementary education,Directorate of Elementary Education,HOD
2020,68,T,School Education Department,Directorate of Matriculation Schools,0,1,0,200,200,73,127,0,0,0,0,0,,0,2000,,,,1,0,10,10,10,0,0,,1,1,matriculation schools,Matriculation Schools,HOD
2020,68,T,School Education Department,Directorate of Nonformal & Adult Education,0,1,0,0,0,0,0,0,0,0,0,0,,0,0,,,,1,0,0,0,0,0,0,,1,1,nonformal adult education,Nonformal & Adult Education,HOD
2020,68,T,School Education Department,Directorate of State Council of Education Research and Training,0,33,0,110,110,6,83,0,0,0,0,21,,0,0,,,,33,0,11,11,9,2,0,,1,1,state council education research training,Directorate of State Council of Education Research and Training,HOD
2020,68,T,School Education Department,Directorate of Government Examinations,0,9,0,398,398,13,385,0,0,0,0,0,,0,4011,,,,2,0,25,25,25,0,0,,1,1,examinations,Directorate of Government Examinations,HOD
2020,68,T,School Education Department,Directorate of Public Libraries,0,35,2,397,399,1,398,0,0,0,0,0,,0,4150,,,,35,0,65,65,65,0,0,,1,1,public libraries,Directorate of Public Libraries,HOD
2020,68,T,School Education Department,Tamil Nadu Text Book and Educational Services Corporation,0,23,0,26,26,5,20,0,0,0,0,1,,0,0,,,,0,0,0,0,0,0,0,,1,1,text book educational services,Tamil Nadu Text Book and Educational Services Corporation,Body/Corporation
2020,68,T,School Education Department,Teachers Recruitment Board,0,1,292,748,1040,34,617,0,0,0,0,0,,389,226,,,,1,6,45,51,16,0,35,,1,1,teachers recruitment board,Teachers Recruitment Board,Body/Corporation
2020,68,T,School Education Department,State Project Directorate of Samagra Shiksha Abhiyan,0,33,8,230,238,12,219,0,0,0,0,0,,7,2300,,,,33,0,10,10,8,2,0,,1,1,state project samagra shiksha abhiyan,State Project Directorate of Samagra Shiksha Abhiyan,HOD
2020,68,T,School Education Department,School Education Department Total,1,141,302,6317,6619,2159,4002,8,0,0,0,54,,396,54129,,,,118,6,318,324,284,5,35,,1,1,school education total,School Education Department Total,HOD
2020,68,T,Social Reforms Department,Social Reforms Department Total,1,1,0,3,3,1,2,0,0,0,0,0,,0,30,,,,0,0,0,0,0,0,0,,1,1,social reforms total,Social Reforms Department Total,HOD
2020,69,T,Social Welfare and Nutritious Meal Programme Department,"Social Welfare and Nutritious Meal Programme Department, Secretariat",0,1,0,172,172,112,57,1,0,0,0,2,,0,780,,,,,0,3,3,3,0,0,,1,1,social welfare,Tamil Nadu Social Welfare Board,Secretariat
2020,69,T,Social Welfare and Nutritious Meal Programme Department,Directorate of Social Welfare,0,33,0,220,220,46,159,0,0,0,0,0,,15,1290,,,,33,0,10,10,10,0,0,,1,1,social welfare,Tamil Nadu Social Welfare Board,HOD
2020,69,T,Social Welfare and Nutritious Meal Programme Department,Commissionerate of Social Defence,0,17,0,60,60,2,58,0,0,0,0,0,,0,897,,,,1,0,0,0,0,0,0,,1,1,social defence,Commissionerate of Social Defence,HOD
2020,69,T,Social Welfare and Nutritious Meal Programme Department,Directorate of Integrated Child Development Services,0,1,0,55,55,11,44,0,0,0,0,0,,0,0,,,,0,0,0,0,0,0,0,,1,1,integrated child development services,Directorate of Integrated Child Development Services,HOD
2020,69,T,Social Welfare and Nutritious Meal Programme Department,Tamil Nadu Social Welfare Board,0,1,0,2,2,0,2,0,0,0,0,0,,0,0,,,,0,0,0,0,0,0,0,,1,1,social welfare,Tamil Nadu Social Welfare Board,Body/Corporation
2020,69,T,Social Welfare and Nutritious Meal Programme Department,Social Welfare and Nutritious Meal Programme Department Total,1,53,0,509,509,171,320,1,0,0,0,2,,15,2967,,,,37,0,13,13,13,0,0,,1,1,social welfare nutritious meal programme total,Social Welfare and Nutritious Meal Programme Department Total,HOD
2020,69,T,Special Programme Implementation Department,Special Programme Implementation Department Total,1,1,0,9,9,4,5,0,0,0,0,0,,0,0,,,,0,0,0,0,0,0,0,,1,1,special programme implementation total,Special Programme Implementation Department Total,HOD
2020,69,T,Tamil Development and Information Department,"Tamil Development and Information Department, Secretariat",0,8,0,56,56,29,27,0,0,0,0,0,,0,340,,,,4,0,4,4,4,0,0,,1,1,development information secretariat,"Tamil Development and Information Department, Secretariat",Secretariat
2020,69,T,Tamil Development and Information Department,Directorate of Tamil Development,0,32,0,39,39,0,39,0,0,0,0,0,,0,506,,,,1,0,0,0,0,0,0,,1,1,backward classes economic development,Tamil Nadu Backward Classes Economic Development Corporation,HOD
2020,69,T,Tamil Development and Information Department,"Tamil University,Thanjavur",0,1,2,70,72,0,70,0,0,0,0,0,,2,2322,,,,1,0,4,4,4,0,0,,1,1,university thanjavur,"Tamil University,Thanjavur",Body/Corporation
2020,69,T,Tamil Development and Information Department,International Institute of Tamil Studies,0,1,0,7,7,0,7,0,0,0,0,0,,0,0,,,,1,0,0,0,0,0,0,,1,1,international institute studies,International Institute of Tamil Studies,Body/Corporation
2020,69,T,Tamil Development and Information Department,"Ulaga Tamil Sangam,Madurai",0,1,0,3,3,0,3,0,0,0,0,0,,0,30,,,,1,0,1,1,1,0,0,,1,1,ulaga sangam madurai,"Ulaga Tamil Sangam,Madurai",HOD
2020,70,T,Tamil Development and Information Department,Directorate of Tamil Etymological Dictionary Project,0,1,0,4,4,0,0,0,0,0,0,0,,4,0,,,,1,0,0,0,0,0,0,,1,1,etymological dictionary project,Directorate of Tamil Etymological Dictionary Project,HOD
2020,70,T,Tamil Development and Information Department,Directorate of Information and Public Relations,0,1,0,258,258,13,235,7,3,0,0,0,,0,2722,,,,1,0,62,62,62,0,0,,1,1,information public relations,Directorate of Information and Public Relations,HOD
2020,70,T,Tamil Development and Information Department,Directorate of Stationery and Printing,0,10,1,136,137,12,107,1,0,5,0,9,,3,1360,,,,10,0,16,16,14,2,0,,1,1,stationery printing,Directorate of Stationery and Printing,HOD
2020,70,T,Tamil Development and Information Department,Tamil Development and Information Department Total,1,55,3,573,576,54,488,8,3,5,0,9,,9,7280,,,,20,0,87,87,85,2,0,,1,1,development information total,Tamil Development and Information Department Total,HOD
2020,70,T,"Tourism, Culture and Religious Endowments Department","Tourism, Culture and Religious Endowments Department, Secretariat.",0,13,0,208,208,135,66,7,0,0,0,0,,0,848,,,,3,0,7,7,7,0,0,,1,1,tourism culture religious endowments secretariat,"Tourism, Culture and Religious Endowments Department, Secretariat.",Secretariat
2020,70,T,"Tourism, Culture and Religious Endowments Department",Directorate of Museum,0,1,0,4,4,0,4,0,0,0,0,0,,0,40,,,,1,0,0,0,0,0,0,,1,1,museum,Directorate of Museum,HOD
2020,70,T,"Tourism, Culture and Religious Endowments Department",Commissionerate of Art and Culture,0,16,2,58,60,4,54,0,0,0,0,0,,2,547,,,,2,0,4,4,4,0,0,,1,1,art culture,Commissionerate of Art and Culture,HOD
2020,70,T,"Tourism, Culture and Religious Endowments Department",Commissionerate of Archaeology,0,19,0,30,30,1,28,0,0,0,0,0,,1,304,,,,5,0,0,0,0,0,0,,1,1,archaeology,Commissionerate of Archaeology,HOD
2020,70,T,"Tourism, Culture and Religious Endowments Department",Commissionerate of Tourism,0,37,0,17,17,0,14,0,0,0,0,0,,3,170,,,,3,0,3,3,3,0,0,,1,1,tourism,Commissionerate of Tourism,HOD
2020,70,T,"Tourism, Culture and Religious Endowments Department",Commissionerate of Hindu Religious and Charitable Endowments,0,88,147,5958,6105,1270,4572,125,0,0,0,0,,138,28941,,,,88,30,920,950,846,82,22,,1,1,hindu religious charitable endowments,Commissionerate of Hindu Religious and Charitable Endowments,HOD
2020,70,T,"Tourism, Culture and Religious Endowments Department",Tamil Nadu Tourism Development Corporation,0,1,2,29,31,10,19,0,0,0,1,0,,1,4330,,,,1,0,1,1,1,0,0,,1,1,tourism development,Tamil Nadu Tourism Development Corporation,Body/Corporation
2020,70,T,"Tourism, Culture and Religious Endowments Department","Tourism, Culture and Religious Endowments Department Total",1,175,151,6304,6455,1420,4757,132,0,0,1,0,,145,35180,,,,103,30,935,965,861,82,22,,1,1,tourism culture religious endowments total,"Tourism, Culture and Religious Endowments Department Total",HOD
2020,71,T,Transport Department,"Transport Department, Secretariat",0,2,0,312,312,246,63,0,0,0,0,3,,0,2464,,,,2,0,37,37,36,1,0,,1,1,transport secretariat,"Transport Department, Secretariat",Secretariat
2020,71,T,Transport Department,"Metropolitan Transport Corporation (Chennai) Ltd.,",0,1,29,410,439,6,358,22,0,0,0,26,,27,4388,,,,1,4,79,83,77,1,5,,1,1,metropolitan transport,"Metropolitan Transport Corporation (Chennai) Ltd.,",Body/Corporation
2020,71,T,Transport Department,"State Express Transport Corporation, Chennai",0,1,32,348,380,5,319,7,0,3,0,20,,26,3890,,,,1,5,72,77,72,0,5,,1,1,state express transport,"State Express Transport Corporation, Chennai",Body/Corporation
2020,71,T,Transport Department,"Tamil Nadu State Transport Corporation (Villupuram) Ltd.,",0,1,49,599,648,6,558,11,0,0,0,27,,46,13156,,,,1,4,147,151,142,2,7,,1,1,state transport villupuram,"Tamil Nadu State Transport Corporation (Villupuram) Ltd.,",Body/Corporation
2020,71,T,Transport Department,"Tamil Nadu State Transport Corporation (Salem), Ltd.,",0,1,92,646,738,0,683,0,0,0,0,0,,55,13150,,,,0,0,0,0,0,0,0,,1,1,state transport salem,"Tamil Nadu State Transport Corporation (Salem), Ltd.,",Body/Corporation
2020,71,T,Transport Department,"Tamil Nadu State Transport Corporation (Coimbatore) Ltd.,",0,1,159,899,1058,3,957,0,0,0,0,0,,98,7715,,,,1,21,123,144,125,0,19,,1,1,state transport coimbatore,"Tamil Nadu State Transport Corporation (Coimbatore) Ltd.,",Body/Corporation
2020,71,T,Transport Department,"Tamil Nadu State Transport Corporation (Kumbakonam) Ltd.,",0,1,132,635,767,3,642,29,0,0,0,24,,69,16047,,,,1,14,70,84,74,5,5,,1,1,state transport kumbakonam,"Tamil Nadu State Transport Corporation (Kumbakonam) Ltd.,",Body/Corporation
2020,71,T,Transport Department,"Tamil Nadu State Transport Corporation (Madurai) Ltd.,",0,1,49,504,553,6,514,5,0,0,0,0,,28,14582,,,,1,17,31,48,33,0,15,,1,1,state transport madurai,"Tamil Nadu State Transport Corporation (Madurai) Ltd.,",Body/Corporation
2020,71,T,Transport Department,"Tamil Nadu State Transport Corporation (Tirunelveli) Ltd.,",0,1,0,594,594,2,577,0,0,0,0,15,,0,16548,,,,1,0,94,94,94,0,0,,1,1,state transport tirunelveli,"Tamil Nadu State Transport Corporation (Tirunelveli) Ltd.,",Body/Corporation
2020,71,T,Transport Department,"Motor Vehicles & Maintenance Department, Chennai",0,21,0,38,38,0,34,0,0,0,0,0,,4,305,,,,1,0,4,4,4,0,0,,1,1,motor vehicles maintenance,"Motor Vehicles & Maintenance Department, Chennai",HOD
2020,71,T,Transport Department,"Institute of Road Transport, Chennai",0,1,0,12,12,0,12,0,0,0,0,0,,0,120,,,,1,0,2,2,2,0,0,,1,1,institute road transport,"Institute of Road Transport, Chennai",Body/Corporation
2020,71,T,Transport Department,"Transport Development Finance Corporation Ltd.,",0,1,0,8,8,0,8,0,0,0,0,0,,0,80,,,,0,0,0,0,0,0,0,,1,1,transport development finance,"Transport Development Finance Corporation Ltd.,",Body/Corporation
2020,72,T,Transport Department,"Pallavan Transport Consultancy Services, Chennai",0,1,0,0,0,0,0,0,0,0,0,0,,0,0,,,,0,0,0,0,0,0,0,,1,1,pallavan transport consultancy services,"Pallavan Transport Consultancy Services, Chennai",HOD
2020,72,T,Transport Department,Transport Department Total,1,34,542,5005,5547,277,4725,74,0,3,0,115,,353,92445,,,,11,65,659,724,659,9,56,,1,1,transport total,Transport Department Total,HOD
2020,72,T,Welfare of Differently Abled Persons Department,"Welfare of Differently Abled Persons Department, Secretariat",0,1,0,62,62,22,40,0,0,0,0,0,,0,0,,,,1,0,5,5,5,0,0,,1,1,welfare differently abled persons secretariat,"Welfare of Differently Abled Persons Department, Secretariat",Secretariat
2020,72,T,Welfare of Differently Abled Persons Department,Commissionerate for the Welfare of Differently Abled,0,41,0,394,394,10,369,0,0,0,0,0,,15,0,,,,2,0,3,3,3,0,0,,1,1,for welfare differently abled,Commissionerate for the Welfare of Differently Abled,HOD
2020,72,T,Welfare of Differently Abled Persons Department,Welfare of Differently Abled Persons Department Total,1,42,0,456,456,32,409,0,0,0,0,0,,15,0,,,,3,0,8,8,8,0,0,,1,1,welfare differently abled persons total,Welfare of Differently Abled Persons Department Total,HOD
2020,72,T,Youth Welfare and Sports Development Department,"Tamil Nadu Vigilance Commission, Secretariat",0,3,0,27,27,9,18,0,0,0,0,0,,0,270,,,,1,0,3,3,2,1,0,,1,1,vigilance commission,Vigilance Commission,Secretariat
2020,72,T,Youth Welfare and Sports Development Department,Youth Welfare and Sports Development Department,0,1,0,15,15,15,0,0,0,0,0,0,,0,150,,,,1,0,0,0,0,0,0,,1,1,youth welfare sports development secretariat,"Youth Welfare and Sports Development, Secretariat",HOD
2020,72,T,Youth Welfare and Sports Development Department,Sports Development Authority of Tamil Nadu,0,39,0,43,43,0,43,0,0,0,0,0,,0,620,,,,1,0,0,0,0,0,0,,1,1,sports development authority,Sports Development Authority of Tamil Nadu,Body/Corporation
2020,72,T,Youth Welfare and Sports Development Department,National Cadet Corps,0,58,0,12,12,0,8,0,0,0,4,0,,0,190,,,,1,0,1,1,0,1,0,,1,1,national cadet corps,National Cadet Corps,HOD
2020,72,T,Youth Welfare and Sports Development Department,National Service Scheme,0,14,0,3,3,0,3,0,0,0,0,0,,0,10,,,,1,0,0,0,0,0,0,,1,1,national service scheme,National Service Scheme,HOD
2020,72,T,Youth Welfare and Sports Development Department,Tamil Nadu Physical Education and Sports University,0,1,3,27,30,0,27,0,0,0,0,0,,3,300,,,,1,0,3,3,3,0,0,,1,1,physical education sports university,Tamil Nadu Physical Education and Sports University,Body/Corporation
2020,72,T,Youth Welfare and Sports Development Department,Youth Welfare and Sports Development Department Total,1,113,3,100,103,15,81,0,0,0,4,0,,3,1270,,,,5,0,4,4,3,1,0,,1,1,youth welfare sports development total,Youth Welfare and Sports Development Department Total,HOD
2020,73,T,Legislative Assembly Secretariat,Legislative Assembly Secretariat Total,1,16,5,148,153,21,103,1,0,0,0,27,,1,3624,,,,2,0,13,13,8,5,0,,1,1,legislative assembly secretariat total,Legislative Assembly Secretariat Total,Secretariat
2020,73,T,Tamil Nadu Information Commission,Tamil Nadu Information Commission Total,1,1,339,1309,1648,239,1091,0,0,0,0,0,,318,0,,,,1,10,0,10,10,0,0,,1,1,information commission total,Tamil Nadu Information Commission Total,Body/Corporation
2020,73,T,Grand,Grand Total,1,13380,12116,301547,313663,61309,229231,2690,187,447,339,5826,,13634,3029991,,,,4454,1655,31117,32772,28592,1392,2788,,1,1,grand total,Grand Total,HOD
2021,35,T,Adi Dravidar and Tribal Welfare Department,"Adi Dravidar and Tribal Welfare Department, Secretariat",0,8,0,306,306,149,146,0,0,0,9,2,,0,0,,,,3,0,6,6,5,1,0,,1,1,adi dravidar tribal welfare secretariat,Directorate of Tribal Welfare,Secretariat
2021,35,T,Adi Dravidar and Tribal Welfare Department,Directorate of Adi Dravidar Welfare,0,2,0,378,378,0,378,0,0,0,0,0,,0,0,,,,2,0,70,70,70,0,0,,1,1,adi dravidar welfare,Directorate of Adi Dravidar Welfare,HOD
2021,35,T,Adi Dravidar and Tribal Welfare Department,Directorate of Tribal Welfare,0,8,0,69,69,8,57,0,0,0,0,0,,4,690,,,,8,0,2,2,2,0,0,,1,1,adi dravidar tribal welfare secretariat,Directorate of Tribal Welfare,HOD
2021,35,T,Adi Dravidar and Tribal Welfare Department,Tamil Nadu Adi Dravidar Housing and Development Corporation (TAHDCO),0,43,0,73,73,10,57,0,0,0,0,6,,0,620,,,,0,0,16,16,16,0,0,,1,1,adi dravidar housing development tahdco,Tamil Nadu Adi Dravidar Housing and Development Corporation (TAHDCO),Body/Corporation
2021,35,T,Adi Dravidar and Tribal Welfare Department,Adi Dravidar and Tribal Welfare Department Total,1,61,0,826,826,167,638,0,0,0,9,8,,4,1310,,,,13,0,94,94,93,1,0,,1,1,adi dravidar tribal welfare total,Adi Dravidar and Tribal Welfare Department Total,HOD
2021,35,T,"Agriculture Department,","Agriculture Department, Secretariat",0,11,0,182,182,150,28,0,4,0,0,0,,0,2537,,,,5,0,7,7,4,3,0,,1,1,agriculture secretariat,"Agriculture Department, Secretariat",Secretariat
2021,35,T,"Agriculture Department,",Directorate of Agriculture,0,93,79,1683,1762,313,1266,13,1,0,0,50,,119,27572,,,,37,18,219,237,200,21,16,,1,1,agriculture secretariat,"Agriculture Department, Secretariat",HOD
2021,35,T,"Agriculture Department,",Directorate of Horticulture and Plantation Crops,0,131,10,492,502,46,430,0,0,0,0,0,,26,1716,,,,39,16,90,106,106,0,0,,1,1,horticulture plantation crops,Directorate of Horticulture and Plantation Crops,HOD
2021,35,T,"Agriculture Department,",Agricultural Marketing and Agri Business,0,190,3,276,279,34,211,5,0,0,0,28,,1,1888,,,,65,1,53,54,52,2,0,,1,1,agricultural marketing agri business,Agricultural Marketing and Agri Business,HOD
2021,35,T,"Agriculture Department,",Tamil Nadu State Agricultural Marketing Board,0,4,0,10,10,0,7,0,0,0,0,0,,3,0,,,,1,0,2,2,2,0,0,,1,1,state agri marketing board,Tamil Nadu State Agri Marketing Board,Body/Corporation
2021,35,T,"Agriculture Department,",Directorate of Seed Certification and Organic Certification,0,1,0,26,26,3,22,0,0,0,0,0,,1,120,,,,1,0,3,3,3,0,0,,1,1,seed certification organic certification,Directorate of Seed Certification and Organic Certification,HOD
2021,35,T,"Agriculture Department,",Agricultural Engineering,0,152,1,416,417,31,375,2,0,0,0,7,,2,1738,,,,143,1,32,33,30,3,0,,1,1,agricultural engineering,Agricultural Engineering,HOD
2021,35,T,"Agriculture Department,",Tamil Nadu Agricultural University,0,2,4,203,207,2,158,16,0,3,0,21,,7,1680,,,,1,1,25,26,26,0,0,,1,1,agricultural university,Tamil Nadu Agricultural University,Body/Corporation
2021,35,T,"Agriculture Department,",Tamil Nadu Watershed Development Agency,0,1,0,17,17,0,17,0,0,0,0,0,,0,100,,,,0,0,0,0,0,0,0,,1,1,watershed development agency,Tamil Nadu Watershed Development Agency,Body/Corporation
2021,35,T,"Agriculture Department,","Agriculture Department, Total",1,585,97,3305,3402,579,2514,36,5,3,0,106,,159,37351,,,,292,37,431,468,423,29,16,,1,1,agriculture total,"Agriculture Department, Total",HOD
2021,35,T,"Animal Husbandry, Dairying Fisheries & Fishermen Welfare Department","Animal Husbandry, Dairying Fisheries & Fishermen Welfare Department, Secretariat",0,6,0,107,107,83,16,0,0,0,0,8,,0,802,,,,4,0,5,5,5,0,0,,1,1,animal husbandry dairying fisheries fishermen welfare secretariat,Commissionerate of Fisheries & Fishermen Welfare,Secretariat
2021,36,T,"Animal Husbandry, Dairying Fisheries & Fishermen Welfare Department",Directorate of Milk Production and Dairy Development,0,30,13,330,343,88,233,0,0,0,0,15,,7,4838,,,,30,1,37,38,35,2,1,,1,1,milk production dairy development,Directorate of Milk Production and Dairy Development,HOD
2021,36,T,"Animal Husbandry, Dairying Fisheries & Fishermen Welfare Department",Tamil Nadu Co-operative Milk Producers Federation,0,11,7,90,97,36,56,3,0,0,0,0,,2,972,,,,11,0,11,11,11,0,0,,1,1,co operative milk producers federation,Tamil Nadu Co-operative Milk Producers Federation,HOD
2021,36,T,"Animal Husbandry, Dairying Fisheries & Fishermen Welfare Department",Tamil Nadu Veterinary and Animal Sciences University,0,1,1,78,79,1,73,0,0,0,0,0,,5,700,,,,1,0,5,5,0,5,0,,1,1,veterinary animal sciences university,Tamil Nadu Veterinary and Animal Sciences University,Body/Corporation
2021,36,T,"Animal Husbandry, Dairying Fisheries & Fishermen Welfare Department",Commissioner of Animal Husbandry and Veterinary Services,0,33,4,660,664,17,634,3,0,0,0,7,,3,6430,,,,1,2,98,100,98,1,1,,1,1,commissioner animal husbandry veterinary services,Commissioner of Animal Husbandry and Veterinary Services,HOD
2021,36,T,"Animal Husbandry, Dairying Fisheries & Fishermen Welfare Department",Tamil Nadu Livestock Development Agency,0,1,0,0,0,0,0,0,0,0,0,0,,0,0,,,,0,0,0,0,0,0,0,,1,1,livestock development agency,Tamil Nadu Livestock Development Agency,Body/Corporation
2021,36,T,"Animal Husbandry, Dairying Fisheries & Fishermen Welfare Department",Commissionerate of Fisheries & Fishermen Welfare,0,51,1,515,516,60,453,3,0,0,0,0,,0,1198,,,,11,0,32,32,31,0,1,,1,1,animal husbandry dairying fisheries fishermen welfare secretariat,Commissionerate of Fisheries & Fishermen Welfare,HOD
2021,36,T,"Animal Husbandry, Dairying Fisheries & Fishermen Welfare Department",Tamil Nadu Dr.J.Jayalalitha Fisheries University,0,1,0,10,10,0,9,0,0,0,0,0,,1,90,,,,1,0,1,1,1,0,0,,1,1,dr j jayalalitha fisheries university,Tamil Nadu Dr.J.Jayalalitha Fisheries University,Body/Corporation
2021,36,T,"Animal Husbandry, Dairying Fisheries & Fishermen Welfare Department",Tamil Nadu Fisheries Development Corporation,0,1,0,5,5,2,3,0,0,0,0,0,,0,20,,,,0,0,0,0,0,0,0,,1,1,fisheries development,Tamil Nadu Fisheries Development Corporation,Body/Corporation
2021,36,T,"Animal Husbandry, Dairying Fisheries & Fishermen Welfare Department",Tamil Nadu State Apex Fisheries Co- operative Federation,0,2,0,2,2,0,2,0,0,0,0,0,,0,20,,,,0,0,0,0,0,0,0,,1,1,state apex fisheries co operative federation,Tamil Nadu State Apex Fisheries Co-operative Federation,HOD
2021,36,T,"Animal Husbandry, Dairying Fisheries & Fishermen Welfare Department","Animal Husbandry, Dairying Fisheries & Fishermen Welfare Department Total",1,137,26,1797,1823,287,1479,9,0,0,0,30,,18,15070,,,,59,3,189,192,181,8,3,,1,1,animal husbandry dairying fisheries fishermen welfare total,"Animal Husbandry, Dairying Fisheries & Fishermen Welfare Department Total",HOD
2021,36,T,"Backward Classes, Most Backward Classes and Minorities Welfare Department","Backward Classes, Most Backward Classes and Minorities Welfare Department, Secretariat",0,5,0,225,225,49,174,0,0,0,0,2,,0,2940,,,,3,0,16,16,14,2,0,,1,1,backward classes most backward classes minorities welfare secretariat,Directorate of Minorities Welfare,Secretariat
2021,36,T,"Backward Classes, Most Backward Classes and Minorities Welfare Department",Directorate of Backward Classes Welfare,0,41,0,492,492,88,404,0,0,0,0,0,,0,1180,,,,41,0,17,17,12,5,0,,1,1,backward classes welfare,Directorate of Backward Classes Welfare,HOD
2021,36,T,"Backward Classes, Most Backward Classes and Minorities Welfare Department",Directorate of Most Backward Classes & Denotified Communities Welfare,0,4,0,120,120,0,120,0,0,0,0,0,,0,672,,,,1,0,3,3,3,0,0,,1,1,most backward classes denotified communities welfare,Most Backward Classes & Denotified Communities Welfare,HOD
2021,36,T,"Backward Classes, Most Backward Classes and Minorities Welfare Department",Directorate of Minorities Welfare,0,1,10,29,39,8,9,0,0,0,0,0,,22,0,,,,1,0,4,4,1,0,3,,1,1,backward classes most backward classes minorities welfare secretariat,Directorate of Minorities Welfare,HOD
2021,37,T,"Backward Classes, Most Backward Classes and Minorities Welfare Department",Tamil Nadu Backward Classes Commission,0,1,0,16,16,4,8,0,0,0,0,4,,0,356,,,,1,0,0,0,0,0,0,,1,1,backward classes commission,Tamil Nadu Backward Classes Commission,Body/Corporation
2021,37,T,"Backward Classes, Most Backward Classes and Minorities Welfare Department",Tamil Nadu State Minorities Commission,0,1,0,10,10,5,5,0,0,0,0,0,,0,100,,,,1,0,0,0,0,0,0,,1,1,state minorities commission,State Minorities Commission,Body/Corporation
2021,37,T,"Backward Classes, Most Backward Classes and Minorities Welfare Department",Tamil Nadu Backward Classes Economic Development Corporation,0,1,0,15,15,0,15,0,0,0,0,0,,0,150,,,,1,0,0,0,0,0,0,,1,1,backward classes economic development,Tamil Nadu Backward Classes Economic Development Corporation,Body/Corporation
2021,37,T,"Backward Classes, Most Backward Classes and Minorities Welfare Department",Tamil Nadu Minorities Economic Development Corporation,0,1,0,7,7,1,6,0,0,0,0,0,,0,40,,,,1,0,0,0,0,0,0,,1,1,minorities economic development,Tamil Nadu Minorities Economic Development Corporation,Body/Corporation
2021,37,T,"Backward Classes, Most Backward Classes and Minorities Welfare Department",Tamil Nadu Wakf Board,0,1,12,1465,1477,11,1349,0,0,0,0,102,,15,1310,,,,1,8,108,116,110,3,3,,1,1,wakf board,Tamil Nadu Wakf Board,Body/Corporation
2021,37,T,"Backward Classes, Most Backward Classes and Minorities Welfare Department",Tamilnadu Vanniyakula Kshatriya public Chartitable Trust and Endowment Board,0,1,0,7,7,0,7,0,0,0,0,0,,0,100,,,,1,0,2,2,2,0,0,,1,1,tamilnaduvanniyakula kshatriya cblic charitable trusts endowments boards,TamilnaduVanniyakula Kshatriya cblic charitable trusts and endowments Boards,Body/Corporation
2021,37,T,"Backward Classes, Most Backward Classes and Minorities Welfare Department",Tamil Nadu State Hajj Committee,0,1,0,1,1,0,1,0,0,0,0,0,,0,0,,,,1,0,0,0,0,0,0,,1,1,state hajj committee,Tamil Nadu State Hajj Committee,HOD
2021,37,T,"Backward Classes, Most Backward Classes and Minorities Welfare Department",Denotified Communities Welfare Board,0,1,0,2,2,1,1,0,0,0,0,0,,0,0,,,,1,0,0,0,0,0,0,,1,1,denotified communities welfare board,Denotified Communities Welfare Board,Body/Corporation
2021,37,T,"Backward Classes, Most Backward Classes and Minorities Welfare Department","Backward Classes, Most Backward Classes and Minorities Welfare Department Total",1,59,22,2389,2411,167,2099,0,0,0,0,108,,37,6848,,,,54,8,150,158,142,10,6,,1,1,backward classes most backward classes minorities welfare total,"Backward Classes, Most Backward Classes and Minorities Welfare Department Total",HOD
2021,37,T,Commercial Taxes and Registration Department,"Commercial Taxes and Registration Department, Secretariat",0,13,1,372,373,215,132,1,0,0,0,18,,7,1026,,,,4,0,38,38,33,2,3,,1,1,commercial taxes,Commissionerate of Commercial Taxes,Secretariat
2021,37,T,Commercial Taxes and Registration Department,Commissionerate of Commercial Taxes,0,451,27,569,596,65,423,49,0,4,0,31,,24,1166,,,,71,3,81,84,62,18,4,,1,1,commercial taxes,Commissionerate of Commercial Taxes,HOD
2021,37,T,Commercial Taxes and Registration Department,Registration,0,719,115,20408,20523,803,19394,50,0,0,3,68,,205,57702,,,,74,18,2240,2258,2198,3,57,,1,1,registration,Registration,HOD
2021,37,T,Commercial Taxes and Registration Department,Tamil Nadu Sales Tax Appellate Tribunal,0,17,0,10,10,0,9,0,0,0,0,0,,1,0,,,,1,0,0,0,0,0,0,,1,1,sales tax appellate tribunal,Tamil Nadu Sales Tax Appellate Tribunal,Body/Corporation
2021,37,T,Commercial Taxes and Registration Department,Commercial Taxes and Registration Department Total,1,1200,143,21359,21502,1083,19958,100,0,4,3,117,,237,59894,,,,150,21,2359,2380,2293,23,64,,1,1,commercial taxes registration total,Commercial Taxes and Registration Department Total,HOD
2021,37,T,"Co-operation, Food and Consumer Protection Department","Co-operation, Food and Consumer Protection Department, Secretariat",0,8,0,382,382,316,66,0,0,0,0,0,,0,52,,,,0,0,17,17,17,0,0,,1,1,co operation food consumer protection secretariat,"Co-operation, Food and Consumer Protection Department, Secretariat",Secretariat
2021,38,T,"Co-operation, Food and Consumer Protection Department",Registrar of Co-operative Societies,0,184,115,4955,5070,1495,3310,10,2,7,0,121,,125,104,,,,36,33,905,938,863,46,29,,1,1,registrar co operative societies,Registrar of Co-operative Societies,HOD
2021,38,T,"Co-operation, Food and Consumer Protection Department",Commissioner of Civil Supplies and Consumer Protection,0,23,1,611,612,163,435,0,0,4,0,10,,0,5528,,,,22,0,68,68,64,4,0,,1,1,commissioner civil supplies consumer protection,Commissioner of Civil Supplies and Consumer Protection,HOD
2021,38,T,"Co-operation, Food and Consumer Protection Department",Tamil Nadu Civil Supplies Corporation,0,49,22,778,800,21,735,5,0,0,0,0,,39,2987,,,,34,0,113,113,106,0,7,,1,1,commissioner civil supplies consumer protection,Commissioner of Civil Supplies and Consumer Protection,Body/Corporation
2021,38,T,"Co-operation, Food and Consumer Protection Department",State Consumer Disputes Redressal Commission,0,32,0,144,144,10,134,0,0,0,0,0,,0,1467,,,,1,0,24,24,24,0,0,,1,1,state consumer disputes redressal commission,State Consumer Disputes Redressal Commission,Body/Corporation
2021,38,T,"Co-operation, Food and Consumer Protection Department",Tamil Nadu Warehousing Corporation,0,1,4,16,20,0,18,0,0,0,0,1,,1,1626,,,,1,2,5,7,7,0,0,,1,1,warehousing,Tamil Nadu Warehousing Corporation,Body/Corporation
2021,38,T,"Co-operation, Food and Consumer Protection Department","Co-operation, Food and Consumer Protection Department Total",1,297,142,6886,7028,2005,4698,15,2,11,0,132,,165,11764,,,,94,35,1132,1167,1081,50,36,,1,1,co operation food consumer protection total,"Co-operation, Food and Consumer Protection Department Total",HOD
2021,38,T,Energy Department,"Energy Department, Secretariat",0,6,0,197,197,183,3,0,0,0,0,11,,0,1970,,,,2,0,19,19,19,0,0,,1,1,energy secretariat,"Energy Department, Secretariat",Secretariat
2021,38,T,Energy Department,Tamil Nadu Generation and Distribution Corporation Limited,0,275,264,7312,7576,1063,6145,28,1,25,52,173,,89,80504,,,,85,45,1135,1180,1055,45,80,,1,1,generation distribution,Tamil Nadu Generation and Distribution Corporation Limited,Body/Corporation
2021,38,T,Energy Department,Tamil Nadu Energy Development Agency,0,1,0,10,10,8,2,0,0,0,0,0,,0,10,,,,0,0,0,0,0,0,0,,1,1,energy development agency,Tamil Nadu Energy Development Agency,Body/Corporation
2021,38,T,Energy Department,Electrical Inspectorate,0,25,0,90,90,0,78,0,0,0,0,0,,12,804,,,,1,0,13,13,12,0,1,,1,1,electrical inspectorate,Electrical Inspectorate,HOD
2021,38,T,Energy Department,Tamil Nadu Electricity Regulatory Commission,0,1,0,110,110,40,70,0,0,0,0,0,,0,250,,,,1,0,8,8,8,0,0,,1,1,electricity regulatory commission,Tamil Nadu Electricity Regulatory Commission,Body/Corporation
2021,38,T,Energy Department,Tamil Nadu Power Finance and Infrastructure Development Corporation Limited,0,0,0,30,30,0,30,0,0,0,0,0,,0,20,,,,0,0,0,0,0,0,0,,1,1,power finance infrastructure development,Tamil Nadu Power Finance and Infrastructure Development Corporation Limited,Body/Corporation
2021,38,T,Energy Department,Energy Department Total,1,308,264,7749,8013,1294,6328,28,1,25,52,184,,101,83558,,,,89,45,1175,1220,1094,45,81,,1,1,energy total,Energy Department Total,HOD
2021,38,T,"Environment, Climate Change & Forest Department","Environment, Climate Change & Forest Department, Secretariat",0,7,0,186,186,121,63,2,0,0,0,0,,0,124,,,,4,0,9,9,8,1,0,,1,1,environment,Directorate of Environment,Secretariat
2021,38,T,"Environment, Climate Change & Forest Department",Tamil Nadu Forests Department,0,1,88,372,460,141,169,0,0,0,0,21,,129,3420,,,,1,0,27,27,15,0,12,,1,1,forests,Tamil Nadu Forests Department,HOD
2021,38,T,"Environment, Climate Change & Forest Department",Tamil Nadu Pollution Control Board,0,62,0,2317,2317,18,2299,0,0,0,0,0,,0,63545,,,,1,0,156,156,156,0,0,,1,1,pollution control board,Tamil Nadu Pollution Control Board,Body/Corporation
2021,38,T,"Environment, Climate Change & Forest Department",Directorate of Environment,0,1,0,67,67,8,59,0,0,0,0,0,,0,1780,,,,2,0,0,0,0,0,0,,1,1,environment,Directorate of Environment,HOD
2021,38,T,"Environment, Climate Change & Forest Department",Tamil Nadu Forest Plantation Corporation Limited,0,7,0,9,9,0,9,0,0,0,0,0,,0,90,,,,7,0,0,0,0,0,0,,1,1,forest plantation,Tamil Nadu Forest Plantation Corporation Limited,Body/Corporation
2021,39,T,"Environment, Climate Change & Forest Department",Arasu Rubber Corporation Limited,0,1,4,29,33,0,27,0,0,0,0,4,,2,270,,,,1,1,4,5,5,0,0,,1,1,arasu rubber,Arasu Rubber Corporation Limited,Body/Corporation
2021,39,T,"Environment, Climate Change & Forest Department",The Tamil Nadu Tea Plantation Corporation Limited,0,1,0,41,41,0,39,0,0,0,0,0,,2,0,,,,1,0,2,2,2,0,0,,1,1,tea plantation,The Tamil Nadu Tea Plantation Corporation Limited,Body/Corporation
2021,39,T,"Environment, Climate Change & Forest Department","Environment, Climate Change & Forest Department Total",1,80,92,3021,3113,288,2665,2,0,0,0,25,,133,69229,,,,17,1,198,199,186,1,12,,1,1,environment climate change forest total,"Environment, Climate Change & Forest Department Total",HOD
2021,39,T,Finance Department,"Finance Department, Secretariat",0,1,1,1058,1059,166,872,2,0,1,0,14,,4,13588,,,,1,1,82,83,83,0,0,,1,1,finance secretariat,"Finance Department, Secretariat",Secretariat
2021,39,T,Finance Department,Commissionerate of Treasuries and Accounts,0,54,41,1654,1695,227,1349,24,0,3,0,63,,29,14516,,,,13,4,186,190,190,0,0,,1,1,treasuries accounts,Commissionerate of Treasuries and Accounts,HOD
2021,39,T,Finance Department,Co-operative Audit Department,0,41,9,163,172,15,130,0,0,0,0,19,,8,16113,,,,8,1,21,22,9,11,2,,1,1,co operative audit,Co-operative Audit Department,HOD
2021,39,T,Finance Department,Commissionerate of Small Savings,0,32,0,6,6,0,6,0,0,0,0,0,,0,40,,,,32,0,1,1,1,0,0,,1,1,small savings,Small Savings,HOD
2021,39,T,Finance Department,Directorate of Local Fund Audit,0,69,17,500,517,4,487,0,0,0,0,0,,26,4869,,,,9,5,69,74,72,0,2,,1,1,local fund audit,Directorate of Local Fund Audit,HOD
2021,39,T,Finance Department,State Government Audit,0,38,0,59,59,0,56,0,0,0,0,0,,3,2242,,,,1,0,9,9,9,0,0,,1,1,state audit,State Government Audit,HOD
2021,39,T,Finance Department,Commissionerate of Government Data Centre,0,1,0,26,26,0,26,0,0,0,0,0,,0,260,,,,1,0,1,1,1,0,0,,1,1,data centre,State Ground Water and Surface Water Resources Data Centre,HOD
2021,39,T,Finance Department,Directorate of Pension,0,1,0,145,145,40,85,0,0,0,0,18,,2,1445,,,,1,0,9,9,5,3,1,,1,1,pension,Directorate of Pension,HOD
2021,39,T,Finance Department,Directorate of Audit for Milk Cooperative,0,6,0,28,28,3,21,0,0,0,0,4,,0,1008,,,,1,0,3,3,3,0,0,,1,1,audit for milk co operatives,Directorate of Audit for Milk Cooperative,HOD
2021,39,T,Finance Department,Hindu Religious and Charitable Endowments(Audit wing),0,28,3,30,33,3,29,0,0,0,0,0,,1,290,,,,1,0,5,5,5,0,0,,1,1,hindu religious charitable endowments,Commissionerate of Hindu Religious and Charitable Endowments,HOD
2021,39,T,Finance Department,Finance Department Total,1,271,71,3669,3740,458,3061,26,0,4,0,118,,73,54371,,,,68,11,386,397,378,14,5,,1,1,finance total,Finance Department Total,HOD
2021,39,T,"Handlooms, Handicrafts, Textiles and Khadi Department","Handlooms, Handicrafts, Textiles and Khadi Department, Secretariat",0,3,0,59,59,39,15,1,0,0,0,4,,0,420,,,,2,0,7,7,6,1,0,,1,1,handlooms handicrafts textiles khadi secretariat,"Handlooms, Handicrafts, Textiles and Khadi Department, Secretariat",Secretariat
2021,39,T,"Handlooms, Handicrafts, Textiles and Khadi Department",Commissioner of Handlooms and Textiles,0,38,2,394,396,78,300,7,0,0,0,11,,0,16120,,,,38,2,91,93,79,14,0,,1,1,handlooms textiles,Directorate of Handlooms and Textiles,HOD
2021,39,T,"Handlooms, Handicrafts, Textiles and Khadi Department",Directorate of Sericulture,0,39,6,64,70,4,60,1,0,0,0,3,,2,1218,,,,34,1,21,22,19,0,3,,1,1,sericulture,Directorate of Sericulture,HOD
2021,39,T,"Handlooms, Handicrafts, Textiles and Khadi Department",Tamil Nadu Handicrafts Development Corporation,0,1,0,1,1,0,1,0,0,0,0,0,,0,0,,,,1,0,0,0,0,0,0,,1,1,handicrafts development,Tamil Nadu Handicrafts Development Corporation,Body/Corporation
2021,39,T,"Handlooms, Handicrafts, Textiles and Khadi Department",Co-optex,0,12,1,83,84,0,84,0,0,0,0,0,,0,528,,,,12,0,5,5,5,0,0,,1,1,co optex,Co-optex,HOD
2021,40,T,"Handlooms, Handicrafts, Textiles and Khadi Department",Tamil Nadu Khadi Village Industries Board,0,8,0,32,32,2,30,0,0,0,0,0,,0,1526,,,,1,0,3,3,3,0,0,,1,1,khadi village industries board,Tamil Nadu Khadi Village Industries Board,Body/Corporation
2021,40,T,"Handlooms, Handicrafts, Textiles and Khadi Department",Tamil Nadu Palm Product Development Board,0,1,0,10,10,3,7,0,0,0,0,0,,0,100,,,,1,0,3,3,3,0,0,,1,1,palm product development board,Tamil Nadu Palm Product Development Board,Body/Corporation
2021,40,T,"Handlooms, Handicrafts, Textiles and Khadi Department","Handlooms, Handicrafts, Textiles and Khadi Department Total",1,102,9,643,652,126,497,9,0,0,0,18,,2,19912,,,,89,3,130,133,115,15,3,,1,1,handlooms handicrafts textiles khadi total,"Handlooms, Handicrafts, Textiles and Khadi Department Total",HOD
2021,40,T,Health and Family Welfare Department,"Health and Family Welfare Department, Secretariat",0,30,4,821,825,562,197,1,0,0,0,65,,0,7536,,,,9,1,27,28,24,3,1,,1,1,family welfare,"Health and Family Welfare Department, Secretariat",Secretariat
2021,40,T,Health and Family Welfare Department,Director of Medical Education,0,88,63,4696,4759,187,4105,183,39,6,7,89,,143,15150,,,,88,3,217,220,199,12,9,,1,1,director medical education,Director of Medical Education,HOD
2021,40,T,Health and Family Welfare Department,Director of Medical and Rural Health Services,0,336,32,3023,3055,987,1799,20,7,4,0,98,,140,17130,,,,129,11,206,217,178,7,32,,1,1,director medical rural health services,Director of Medical and Rural Health Services,HOD
2021,40,T,Health and Family Welfare Department,Director of Public Health and Preventive Medicine,0,43,67,1522,1589,270,1171,10,0,0,0,88,,50,3231,,,,43,7,152,159,127,22,10,,1,1,public health preventive medicine,Public Health and Preventive Medicine,HOD
2021,40,T,Health and Family Welfare Department,Director of Medical and Rural Health Services (ESI),0,237,0,159,159,40,91,7,0,0,0,21,,0,510,,,,12,0,19,19,16,3,0,,1,1,director medical rural health services,Director of Medical and Rural Health Services,HOD
2021,40,T,Health and Family Welfare Department,Directorate of Family Welfare,0,5,0,39,39,20,16,1,0,0,0,2,,0,300,,,,2,0,0,0,0,0,0,,1,1,family welfare,"Health and Family Welfare Department, Secretariat",HOD
2021,40,T,Health and Family Welfare Department,Directorate of Indian Medicine and Homoeopathy,0,32,0,269,269,5,259,2,0,0,0,3,,0,2640,,,,32,0,9,9,9,0,0,,1,1,indian medicine homoeopathy,Directorate of Indian Medicine and Homoeopathy,HOD
2021,40,T,Health and Family Welfare Department,Commissioner of Food Safety and Drug Administration,0,39,28,1189,1217,117,971,0,9,2,1,0,,117,60,,,,1,2,7,9,9,0,0,,1,1,commissioner food safety drug administration,Commissioner of Food Safety and Drug Administration,HOD
2021,40,T,Health and Family Welfare Department,Tamil Nadu Medical Services Corporation Limited,0,1,2,82,84,4,68,5,0,0,0,3,,4,480,,,,1,0,5,5,5,0,0,,1,1,medical services,Tamil Nadu Medical Services Corporation Limited,Body/Corporation
2021,40,T,Health and Family Welfare Department,Tamil Nadu Health Systems Project,0,3,5,74,79,0,79,0,0,0,0,0,,0,590,,,,1,0,0,0,0,0,0,,1,1,health systems project,Tamil Nadu Health Systems Project,HOD
2021,40,T,Health and Family Welfare Department,Tamil Nadu State Health Transport Department,0,8,0,10,10,0,6,1,0,0,0,0,,3,85,,,,1,1,0,1,1,0,0,,1,1,state health transport,Tamil Nadu State Health Transport Department,HOD
2021,40,T,Health and Family Welfare Department,Directorate of Drugs Control,0,27,23,443,466,53,403,0,0,0,0,0,,10,12522,,,,27,0,23,23,23,0,0,,1,1,drugs control,Directorate of Drugs Control,HOD
2021,40,T,Health and Family Welfare Department,Medical Services Recruitment Board (MRB),0,1,0,95,95,18,77,0,0,0,0,0,,0,716,,,,1,0,4,4,4,0,0,,1,1,medical services,Tamil Nadu Medical Services Corporation Limited,Body/Corporation
2021,40,T,Health and Family Welfare Department,National Health Mission,0,1,0,49,49,13,36,0,0,0,0,0,,0,0,,,,1,0,4,4,4,0,0,,1,1,national health mission,National Health Mission,HOD
2021,41,T,Health and Family Welfare Department,Health and Family Welfare Department Total,1,851,224,12471,12695,2276,9278,230,55,12,8,369,,467,60950,,,,348,25,673,698,599,47,52,,1,1,health family welfare total,Health and Family Welfare Department Total,HOD
2021,41,T,Higher Education Department,"Higher Education Department, Secretariat",0,5,0,567,567,271,257,0,0,0,0,39,,0,5784,,,,3,0,65,65,62,3,0,,1,1,higher education secretariat,"Higher Education Department, Secretariat",Secretariat
2021,41,T,Higher Education Department,Commissionerate of Technical Education,0,1,0,606,606,33,566,4,0,3,0,0,,0,628,,,,1,0,61,61,61,0,0,,1,1,state council for technical education,Tamil Nadu State Council for Technical Education,HOD
2021,41,T,Higher Education Department,Directorate of Collegiate Education,0,12,0,1588,1588,48,1539,0,0,0,0,1,,0,9557,,,,10,0,190,190,190,0,0,,1,1,collegiate education,Directorate of Collegiate Education,HOD
2021,41,T,Higher Education Department,Commissionerate of Tamil Nadu Archives and Historical Research,0,9,180,8975,9155,569,8536,0,0,0,0,0,,50,34826,,,,1,0,158,158,158,0,0,,1,1,archives historical research,Tamil Nadu Archives and Historical Research,HOD
2021,41,T,Higher Education Department,Tamil Nadu State Council for Higher Education,0,1,0,146,146,19,127,0,0,0,0,0,,0,0,,,,1,0,6,6,6,0,0,,1,1,state council for higher education,Tamil Nadu State Council for Higher Education,HOD
2021,41,T,Higher Education Department,Tamil Nadu State Council for Technical Education,0,1,0,1,1,1,0,0,0,0,0,0,,0,0,,,,1,0,0,0,0,0,0,,1,1,state council for technical education,Tamil Nadu State Council for Technical Education,HOD
2021,41,T,Higher Education Department,Tamil Nadu Science and Technology Centre,0,4,0,7,7,0,7,0,0,0,0,0,,0,0,,,,1,0,0,0,0,0,0,,1,1,science technology centre,Tamil Nadu Science and Technology Centre,HOD
2021,41,T,Higher Education Department,Tamil Nadu State Council for Science and Technology,0,1,0,5,5,0,5,0,0,0,0,0,,0,0,,,,1,0,0,0,0,0,0,,1,1,state council for science technology,Tamil Nadu State Council for Science and Technology,HOD
2021,41,T,Higher Education Department,Science City,0,1,0,4,4,0,4,0,0,0,0,0,,0,10,,,,1,0,1,1,1,0,0,,1,1,science city,Science City,HOD
2021,41,T,Higher Education Department,University of Madras,0,3,12,459,471,12,427,5,2,4,0,3,,18,3910,,,,1,3,32,35,29,0,6,,1,1,university madras,University of Madras,Body/Corporation
2021,41,T,Higher Education Department,Annamalai University,0,4,0,458,458,6,414,31,0,0,0,0,,7,880,,,,3,0,52,52,48,0,4,,1,1,annamalai university,Annamalai University,Body/Corporation
2021,41,T,Higher Education Department,Madurai Kamaraj University,0,1,2395,564,2959,16,228,2,0,0,0,15,,2698,7040,,,,1,246,103,349,82,0,267,,1,1,madurai kamaraj university,Madurai Kamaraj University,Body/Corporation
2021,41,T,Higher Education Department,Manonmaniam Sundaranar University,0,1,25,322,347,4,281,21,0,0,0,1,,40,3010,,,,1,4,28,32,24,0,8,,1,1,manonmaniam sundaranar university,Manonmaniam Sundaranar University,Body/Corporation
2021,41,T,Higher Education Department,Bharathidasan University,0,1,37,219,256,10,216,0,0,0,0,5,,25,510,,,,1,24,37,61,43,0,18,,1,1,bharathiar university,Bharathiar University,Body/Corporation
2021,41,T,Higher Education Department,Bharathiar University,0,57,39,126,165,39,126,0,0,0,0,0,,0,1260,,,,3,0,3,3,3,0,0,,1,1,bharathiar university,Bharathiar University,Body/Corporation
2021,41,T,Higher Education Department,Alagappa University,0,1,0,174,174,2,160,10,0,0,0,2,,0,62,,,,1,0,17,17,15,2,0,,1,1,alagappa university,Alagappa University,Body/Corporation
2021,41,T,Higher Education Department,Thiruvalluvar University,0,1,21,95,116,2,41,0,0,0,0,0,,73,0,,,,1,0,7,7,0,0,7,,1,1,thiruvalluvar university,Thiruvalluvar University,Body/Corporation
2021,41,T,Higher Education Department,Periyar University,0,1,343,380,723,5,320,34,0,0,0,0,,364,3064,,,,1,57,189,246,211,0,35,,1,1,periyar university,Periyar University,Body/Corporation
2021,41,T,Higher Education Department,Mother Teresa Women's University,0,1,1,80,81,3,74,0,0,0,0,0,,4,800,,,,1,0,2,2,2,0,0,,1,1,mother teresa women s university,Mother Teresa Women's University,Body/Corporation
2021,42,T,Higher Education Department,Tamil Nadu Open University,0,1,0,108,108,0,108,0,0,0,0,0,,0,0,,,,1,0,11,11,11,0,0,,1,1,open university,Tamil Nadu Open University,Body/Corporation
2021,42,T,Higher Education Department,Tamil Nadu Teachers Education University,0,3,0,86,86,3,81,0,0,0,0,2,,0,860,,,,1,0,2,2,2,0,0,,1,1,teachers education university,Tamil Nadu Teachers Education University,Body/Corporation
2021,42,T,Higher Education Department,Anna University,0,1,179,625,804,37,563,0,0,0,0,16,,188,9708,,,,1,74,172,246,168,1,77,,1,1,anna university,Anna University,Body/Corporation
2021,42,T,Higher Education Department,Higher Education Department Total,1,111,3232,15595,18827,1080,14080,107,2,7,0,84,,3467,81909,,,,37,408,1136,1544,1116,6,422,,1,1,higher education total,Higher Education Department Total,HOD
2021,42,T,Highways and Minor Ports Department,"Highways and Minor Ports Department, Secretariat",0,5,0,189,189,155,26,1,0,0,0,7,,0,1291,,,,2,0,19,19,16,3,0,,1,1,highways minor ports secretariat,"Highways and Minor Ports Department, Secretariat",Secretariat
2021,42,T,Highways and Minor Ports Department,Directorate of Highways,0,148,48,3889,3937,715,3075,25,0,0,4,57,,61,31096,,,,30,10,281,291,283,4,4,,1,1,highways minor ports secretariat,"Highways and Minor Ports Department, Secretariat",HOD
2021,42,T,Highways and Minor Ports Department,Tamil Nadu Maritime Board,0,1,1,14,15,1,11,0,0,0,0,3,,0,198,,,,1,0,1,1,1,0,0,,1,1,maritime board,Tamil Nadu Maritime Board,Body/Corporation
2021,42,T,Highways and Minor Ports Department,Poompuhar Shipping Corporation,0,2,0,3,3,0,3,0,0,0,0,0,,0,30,,,,2,0,0,0,0,0,0,,1,1,poompuhar shipping,Poompuhar Shipping Corporation,Body/Corporation
2021,42,T,Highways and Minor Ports Department,Tamil Nadu Road Infrastructure Development Company Ltd.,0,1,3,55,58,8,46,0,0,0,0,1,,3,22,,,,1,0,5,5,5,0,0,,1,1,road infrastructure development,Tamil Nadu Road Infrastructure Development Corporation,Body/Corporation
2021,42,T,Highways and Minor Ports Department,Tamil Nadu Road Infrastructure Development Corporation,0,2,0,16,16,0,16,0,0,0,0,0,,0,0,,,,0,0,0,0,0,0,0,,1,1,road infrastructure development,Tamil Nadu Road Infrastructure Development Corporation,Body/Corporation
2021,42,T,Highways and Minor Ports Department,Highways and Minor Ports Department Total,1,159,52,4166,4218,879,3177,26,0,0,4,68,,64,32637,,,,36,10,306,316,305,7,4,,1,1,highways minor ports total,Highways and Minor Ports Department Total,HOD
2021,42,T,Home Prohibition and Excise Department,"Home, Prohibition and Excise",0,50,2,1448,1450,1086,339,0,0,0,7,17,,1,12184,,,,8,0,140,140,135,5,0,,1,1,prohibition excise,Home Department Prohibition and Excise Wing,HOD
2021,42,T,Home Prohibition and Excise Department,Home Department Prohibition and Excise Wing,0,14,0,58,58,34,24,0,0,0,0,0,,0,244,,,,4,0,0,,0,0,0,,1,1,prohibition excise,Home Department Prohibition and Excise Wing,HOD
2021,42,T,Home Prohibition and Excise Department,Tamil Nadu State Marketing Corporation Limited,0,44,60,1596,1656,16,1578,5,0,0,0,19,,38,12077,,,,6,0,161,161,150,11,0,,1,1,state marketing,Tamil Nadu State Marketing Corporation Limited,Body/Corporation
2021,42,T,Home Prohibition and Excise Department,Commissionerate of Prohibition and Excise,0,5,2,48,50,14,34,0,0,0,0,0,,2,480,,,,2,0,1,1,1,0,0,,1,1,prohibition excise,Home Department Prohibition and Excise Wing,HOD
2021,42,T,Home Prohibition and Excise Department,State Advisory Board,0,1,0,3,3,0,3,0,0,0,0,0,,0,0,,,,0,0,0,0,0,0,0,,1,1,state advisory board,State Advisory Board,Body/Corporation
2021,42,T,Home Prohibition and Excise Department,Police Department,0,132,1280,40977,42257,2405,35415,1262,0,243,279,1000,,1653,448653,,,,89,96,4478,4574,4038,293,243,,1,1,police,Police Department,HOD
2021,42,T,Home Prohibition and Excise Department,Tamil Nadu Police Housing Corporation,0,13,0,41,41,0,34,0,0,0,0,0,,7,0,,,,4,0,5,5,5,0,0,,1,1,police housing,Tamil Nadu Police Housing Corporation,Body/Corporation
2021,42,T,Home Prohibition and Excise Department,Tamil Nadu Uniform Services Recruitment Board,0,1,13,571,584,35,516,10,0,0,0,23,,0,424,,,,1,0,22,22,18,4,0,,1,1,uniformed services recruitment board,Tamil Nadu Uniformed Services Recruitment Board,Body/Corporation
2021,43,T,Home Prohibition and Excise Department,Prisons Department,0,28,38,1279,1317,173,968,11,0,70,0,77,,18,11995,,,,7,0,48,48,46,2,0,,1,1,prisons,Prisons Department,HOD
2021,43,T,Home Prohibition and Excise Department,Transport Commissionerate,0,184,34,5413,5447,523,4754,7,0,3,0,42,,118,53530,,,,184,0,223,223,211,10,2,,1,1,metropolitan transport,"Metropolitan Transport Corporation (Chennai) Ltd.,",HOD
2021,43,T,Home Prohibition and Excise Department,The Principal Seat of High Court of Madras,0,1,196,1454,1650,303,1257,0,0,0,0,0,,90,15091,,,,0,137,546,683,627,0,56,,1,1,high court madras,High Court of Madras,Body/Corporation
2021,43,T,Home Prohibition and Excise Department,"Madurai Bench of Madras High Court, Madurai",0,1,21,479,500,60,440,0,0,0,0,0,,0,3917,,,,,0,0,0,0,0,0,,1,1,madurai bench madras high court madurai,"Madurai Bench of Madras High Court, Madurai",Body/Corporation
2021,43,T,Home Prohibition and Excise Department,Government Litigations,0,14,0,22,22,4,13,0,0,0,0,0,,5,130,,,,2,0,2,2,1,0,1,,1,1,litigations,Government Litigations,HOD
2021,43,T,Home Prohibition and Excise Department,Directorate of Prosecution,0,28,1,120,121,16,105,0,0,0,0,0,,0,315,,,,1,1,4,5,2,3,0,,1,1,prosecution,Directorate of Prosecution,HOD
2021,43,T,Home Prohibition and Excise Department,Fire and Rescue Services Department,0,45,0,723,723,0,708,3,0,1,0,0,,11,6123,,,,45,0,65,65,64,1,0,,1,1,fire rescue services,Fire and Rescue Services Department,HOD
2021,43,T,Home Prohibition and Excise Department,Forensic Sciences Department,0,11,10,94,104,5,86,6,0,0,0,5,,2,770,,,,1,3,17,20,18,0,2,,1,1,forensic sciences,Forensic Sciences Department,HOD
2021,43,T,Home Prohibition and Excise Department,Home Prohibition and Excise Department Total,1,572,1657,54326,55983,4674,46274,1304,0,317,286,1183,,1945,565933,,,,354,237,5712,5949,5316,329,304,,1,1,home prohibition excise total,Home Prohibition and Excise Department Total,HOD
2021,43,T,Housing and Urban Development Department,"Housing and Urban Development Department, Secretariat",0,7,0,347,347,173,172,1,0,0,0,1,,0,3226,,,,5,0,9,9,9,0,0,,1,1,housing urban development secretariat,"Housing and Urban Development Department, Secretariat",Secretariat
2021,43,T,Housing and Urban Development Department,Directorate of Town and Country Planning,0,58,111,2359,2470,345,2043,0,0,0,0,0,,82,71105,,,,51,26,136,162,123,0,39,,1,1,town country planning,Directorate of Town and Country Planning,HOD
2021,43,T,Housing and Urban Development Department,Chennai Metropolitan Development Authority,0,22,37,1727,1764,65,1699,0,0,0,0,0,,0,71656,,,,16,20,171,191,124,0,67,,1,1,metropolitan development authority,Chennai Metropolitan Development Authority,Body/Corporation
2021,43,T,Housing and Urban Development Department,Registrar of Co-operative Societies (Housing),0,12,9,347,356,75,250,13,0,0,0,5,,13,3032,,,,12,0,43,43,40,3,0,,1,1,registrar co operative societies,Registrar of Co-operative Societies,HOD
2021,43,T,Housing and Urban Development Department,Tamil Nadu Urban Habitat Development Board,0,57,0,601,601,11,543,0,0,0,0,0,,47,6744,,,,34,0,97,97,81,0,16,,1,1,urban habitat development board,Tamil Nadu Urban Habitat Development Board,Body/Corporation
2021,43,T,Housing and Urban Development Department,Tamil Nadu Housing Board,0,32,10,1838,1848,47,1748,7,0,0,0,46,,0,12557,,,,32,0,171,171,171,0,0,,1,1,housing board,Tamil Nadu Housing Board,Body/Corporation
2021,43,T,Housing and Urban Development Department,Housing and Urban Development Department Total,1,188,167,7219,7386,716,6455,21,0,0,0,52,,142,168320,,,,150,46,627,673,548,3,122,,1,1,housing urban development total,Housing and Urban Development Department Total,HOD
2021,43,T,Industries Department,"Industries Department, Secretariat",0,5,0,157,157,116,34,2,0,0,0,4,,1,1426,,,,4,0,5,5,3,2,0,,1,1,industries secretariat,"Industries Department, Secretariat",Secretariat
2021,43,T,Industries Department,Directorate of Geology and Mining,0,43,39,1370,1409,102,1159,17,3,5,0,38,,85,24320,,,,1,4,174,178,159,11,8,,1,1,geology mining,Directorate of Geology and Mining,HOD
2021,43,T,Industries Department,Directorate of Sugar,0,1,0,23,23,5,15,0,0,0,0,3,,0,608,,,,1,0,4,4,4,0,0,,1,1,sugar,Tamil Nadu Sugar Corporation,HOD
2021,43,T,Industries Department,State Industries Promotion Corporation,0,1,0,225,225,35,168,0,0,0,0,18,,4,1940,,,,1,2,12,14,14,0,0,,1,1,state industries promotion,State Industries Promotion Corporation of Tamil Nadu,Body/Corporation
2021,44,T,Industries Department,of Tamil Nadu,0,,,,,,,,,,,,,,,,,,,,,,,,,,,,,of Tamil Nadu,HOD
2021,44,T,Industries Department,Tamil Nadu Industrial Development Corporation,0,1,0,62,62,27,34,0,0,0,0,1,,0,450,,,,1,0,3,3,3,0,0,,1,1,industrial development,Tamil Nadu Industrial Development Corporation,Body/Corporation
2021,44,T,Industries Department,"Tamil Nadu Industrial Investment Corporation Ltd.,",0,1,3,65,68,5,53,1,0,0,0,0,,9,276,,,,1,1,9,10,9,1,0,,1,1,industrial investment,"Tamil Nadu Industrial Investment Corporation Ltd.,",Body/Corporation
2021,44,T,Industries Department,"Tamil Nadu Salt Corporation Ltd.,",0,1,0,5,5,0,5,0,0,0,0,0,,0,0,,,,1,0,0,0,0,0,0,,1,1,salt,"Tamil Nadu Salt Corporation Ltd.,",Body/Corporation
2021,44,T,Industries Department,"Tamil Nadu Newsprint and Papers Ltd.,",0,3,2,34,36,0,29,5,0,0,0,0,,2,0,,,,2,0,5,5,1,4,0,,1,1,newsprint papers,"Tamil Nadu Newsprint and Papers Ltd.,",Body/Corporation
2021,44,T,Industries Department,Tamil Nadu Cements Corporation,0,10,0,62,62,0,62,0,0,0,0,0,,0,0,,,,10,0,10,10,0,10,0,,1,1,cements,Tamil Nadu Cements Corporation,Body/Corporation
2021,44,T,Industries Department,Tamil Nadu Magnesite Limited,0,1,1,15,16,0,14,0,0,0,0,2,,0,0,,,,1,0,2,2,2,0,0,,1,1,magnesite,Tamil Nadu Magnesite Limited,Body/Corporation
2021,44,T,Industries Department,"Tamil Nadu Industrial Explosives Ltd.,",0,1,0,3,3,0,3,0,0,0,0,0,,0,0,,,,1,0,1,1,1,0,0,,1,1,industrial explosives,"Tamil Nadu Industrial Explosives Ltd.,",Body/Corporation
2021,44,T,Industries Department,"Tamil Nadu Minerals Ltd.,",0,1,0,6,6,0,6,0,0,0,0,0,,0,0,,,,1,0,1,1,1,0,0,,1,1,minerals,"Tamil Nadu Minerals Ltd.,",Body/Corporation
2021,44,T,Industries Department,Tamil Nadu Sugar Corporation,0,1,0,16,16,14,2,0,0,0,0,0,,0,28,,,,0,0,3,3,3,0,0,,1,1,sugar,Tamil Nadu Sugar Corporation,Body/Corporation
2021,44,T,Industries Department,Industries Department Total,1,70,45,2043,2088,304,1584,25,3,5,0,66,,101,29048,,,,25,7,229,236,200,28,8,,1,1,industries total,Industries Department Total,HOD
2021,44,T,Information Technology Department,"Information Technology Department, Secretariat",0,2,0,48,48,13,34,0,0,0,0,1,,0,360,,,,1,0,3,3,3,0,0,,1,1,information technology secretariat,"Information Technology Department, Secretariat",Secretariat
2021,44,T,Information Technology Department,"Electronics Corporation of Tamil Nadu Ltd.,",0,1,0,45,45,0,41,0,0,0,0,4,,0,410,,,,1,0,3,3,3,0,0,,1,1,electronics,"Electronics Corporation of Tamil Nadu Ltd.,",Body/Corporation
2021,44,T,Information Technology Department,e-Governance,0,1,0,57,57,6,46,5,0,0,0,0,,0,570,,,,1,0,5,5,5,0,0,,1,1,e governance,e-Governance,HOD
2021,44,T,Information Technology Department,Tamil Virtual Academy,0,0,0,0,0,0,0,0,0,0,0,0,,0,0,,,,0,0,0,0,0,0,0,,1,1,virtual academy,Tamil Virtual Academy,HOD
2021,44,T,Information Technology Department,Tamil Nadu Arasu Cable TV Corporation Ltd.,0,34,4,73,77,6,47,1,0,3,0,18,,2,710,,,,1,0,15,15,12,2,1,,1,1,arasu cable tv,Tamil Nadu Arasu Cable TV Corporation Ltd.,Body/Corporation
2021,44,T,Information Technology Department,Tamil Nadu Fibrenet Corporation Ltd.,0,1,0,5,5,0,5,0,0,0,0,0,,0,50,,,,1,0,1,1,1,0,0,,1,1,fibrenet,Tamil Nadu Fibrenet Corporation Ltd.,Body/Corporation
2021,44,T,Information Technology Department,Information Technology Department Total,1,39,4,228,232,25,173,6,0,3,0,23,,2,2100,,,,5,0,27,27,24,2,1,,1,1,information technology total,Information Technology Department Total,HOD
2021,44,T,"Labour Welfare and Skill Development Department, Secretariat","Labour Welfare and Skill Development Department, Secretariat",0,8,1,276,277,153,113,7,0,0,0,4,,0,878,,,,3,0,9,9,8,1,0,,1,1,labour welfare skill development secretariat,"Labour Welfare and Skill Development Department, Secretariat",Secretariat
2021,44,T,"Labour Welfare and Skill Development Department, Secretariat",Commissionerate of Labour,0,493,11,1266,1277,121,1077,63,0,1,0,0,,15,13861,,,,48,4,182,186,175,5,6,,1,1,labour,Labour Department,HOD
2021,45,T,"Labour Welfare and Skill Development Department, Secretariat",Directorate of Industrial Safety and Health,0,62,25,796,821,122,671,4,0,0,0,1,,23,8755,,,,33,2,58,60,56,3,1,,1,1,industrial safety health,Directorate of Industrial Safety and Health,HOD
2021,45,T,"Labour Welfare and Skill Development Department, Secretariat",Commissionerate of Employment and Training (Employment wing),0,55,19,727,746,45,663,2,0,0,0,3,,33,6850,,,,7,3,73,76,73,0,3,,1,1,employment training employment wing,Commissionerate of Employment and Training (Employment wing),HOD
2021,45,T,"Labour Welfare and Skill Development Department, Secretariat",Commissionerate of Employment and Training (Training),0,129,16,178,194,4,175,0,0,0,0,1,,14,2148,,,,37,1,15,16,16,0,0,,1,1,employment training training,Commissionerate of Employment and Training (Training),HOD
2021,45,T,"Labour Welfare and Skill Development Department, Secretariat",Directorate of Medical and Rural Health Services (ESI),0,237,0,159,159,40,91,7,0,0,0,21,,0,510,,,,12,0,19,19,16,3,0,,1,1,medical rural health services esi,Directorate of Medical and Rural Health Services (ESI),HOD
2021,45,T,"Labour Welfare and Skill Development Department, Secretariat","Overseas Manpower Corporation Ltd.,",0,0,0,0,0,0,0,0,0,0,0,0,,0,0,,,,0,0,0,0,0,0,0,,1,1,overseas manpower,"Overseas Manpower Corporation Ltd.,",Body/Corporation
2021,45,T,"Labour Welfare and Skill Development Department, Secretariat",Tamil Nadu Skill Development Corporation,0,1,0,12,12,6,6,0,0,0,0,0,,0,120,,,,0,0,0,0,0,0,0,,1,1,silk development,Tamil Nadu Silk Development Corporation,Body/Corporation
2021,45,T,"Labour Welfare and Skill Development Department, Secretariat","Labour Welfare and Skill Development Department, Secretariat Total",1,985,72,3414,3486,491,2796,83,0,1,0,30,,85,33122,,,,140,10,356,366,344,12,10,,1,1,labour welfare skill development secretariat total,"Labour Welfare and Skill Development Department, Secretariat Total",Secretariat
2021,45,T,Law Department,"Law Department, Secretariat",0,1,0,245,245,125,96,0,0,0,0,24,,0,1960,,,,1,0,24,24,24,0,0,,1,1,law secretariat,"Law Department, Secretariat",Secretariat
2021,45,T,Law Department,Department of Legal Studies,0,15,0,116,116,2,114,0,0,0,0,0,,0,1160,,,,2,0,3,3,3,0,0,,1,1,legal studies,Directorate of Legal Studies,HOD
2021,45,T,Law Department,"Tamil Nadu Dr.Ambedkar Law University, Chennai",0,1,4,111,115,5,93,0,0,0,0,1,,16,1090,,,,1,0,8,8,8,0,0,,1,1,dr ambedkar law university,"The Tamil Nadu Dr.Ambedkar Law University, Chennai",Body/Corporation
2021,45,T,Law Department,Tamil Nadu National Law University Tiruchirappalli,0,1,0,8,8,0,8,0,0,0,0,0,,0,80,,,,1,0,0,0,0,0,0,,1,1,national law university tiruchirappalli,Tamil Nadu National Law University Tiruchirappalli,Body/Corporation
2021,45,T,Law Department,Law Department Total,1,18,4,480,484,132,311,0,0,0,0,25,,16,4290,,,,5,0,35,35,35,0,0,,1,1,law total,Law Department Total,HOD
2021,45,T,"Micro, Small and Medium Enterprises Department","Micro, Small and Medium Enterprises Department, Secretariat",0,3,0,69,69,37,31,1,0,0,0,0,,0,948,,,,3,0,2,2,1,1,0,,1,1,micro small medium enterprises secretariat,"Micro, Small and Medium Enterprises Department, Secretariat",Secretariat
2021,45,T,"Micro, Small and Medium Enterprises Department",Commissionerate of Industries and Commerce,0,50,16,289,305,45,206,10,0,0,0,23,,21,3328,,,,45,0,41,41,24,16,1,,1,1,industries commerce,Commissionerate of Industries and Commerce,HOD
2021,45,T,"Micro, Small and Medium Enterprises Department",Tamil Nadu Small Industries Development Corporation Limited,0,5,4,33,37,0,27,5,0,0,0,0,,5,250,,,,1,0,1,1,1,0,0,,1,1,small industries,Tamil Nadu Small Industries Corporation Limited,Body/Corporation
2021,45,T,"Micro, Small and Medium Enterprises Department",Tamil Nadu Small Industries,0,1,0,5,5,0,5,0,0,0,0,0,,0,30,,,,1,0,1,1,1,0,0,,1,1,small industries,Tamil Nadu Small Industries Corporation Limited,HOD
2021,46,T,"Micro, Small and Medium Enterprises Department",Corporation Limited,0,,,,,,,,,,,,,,,,,,,,,,,,,,,,,Corporation Limited,Body/Corporation
2021,46,T,"Micro, Small and Medium Enterprises Department",Tamil Nadu Entrepreneurship Development and Innovation Institute,0,1,2,5,7,5,2,0,0,0,0,0,,0,40,,,,1,1,0,1,1,0,0,,1,1,entrepreneurship development innovation institute,Tamil Nadu Entrepreneurship Development and Innovation Institute,Body/Corporation
2021,46,T,"Micro, Small and Medium Enterprises Department","Micro, Small and Medium Enterprises Department Total",1,60,22,401,423,87,271,16,0,0,0,23,,26,4596,,,,51,1,45,46,28,17,1,,1,1,micro small medium enterprises total,"Micro, Small and Medium Enterprises Department Total",HOD
2021,46,T,Municipal Administration and Water Supply Department,"Municipal Administration and Water Supply Department, Secretariat",0,8,1,663,664,470,181,2,0,1,0,10,,0,222,,,,4,0,62,62,59,3,0,,1,1,municipal administration water supply secretariat,"Municipal Administration and Water Supply Department, Secretariat",Secretariat
2021,46,T,Municipal Administration and Water Supply Department,Commissionerate of Municipal Administration,0,7,0,383,383,129,254,0,0,0,0,0,,0,0,,,,1,0,194,194,194,0,0,,1,1,municipal administration water supply secretariat,"Municipal Administration and Water Supply Department, Secretariat",HOD
2021,46,T,Municipal Administration and Water Supply Department,Chennai Metropolitan Water Supply and Sewerage Board,0,43,3,690,693,33,646,5,0,1,0,0,,8,23022,,,,21,0,92,92,91,0,1,,1,1,metropolitan water supply sewerage board,Chennai Metropolitan Water Supply and Sewerage Board,Body/Corporation
2021,46,T,Municipal Administration and Water Supply Department,Greater Chennai Corporation,0,93,177,5685,5862,852,4586,22,2,3,0,61,,336,1964,,,,47,89,711,800,723,19,58,,1,1,greater,Greater Chennai Corporation,Body/Corporation
2021,46,T,Municipal Administration and Water Supply Department,Commissionerate of Town Panchayats,0,508,34,11912,11946,688,11156,6,9,0,0,73,,14,3870,,,,18,9,1113,1122,1103,13,6,,1,1,town panchayats,Directorate of Town Panchayats,HOD
2021,46,T,Municipal Administration and Water Supply Department,Tamil Nadu Water Supply and Drainage Board,0,32,13,378,391,4,386,1,0,0,0,0,,0,0,,,,32,0,0,0,0,0,0,,1,1,water supply drainage board,Tamil Nadu Water Supply and Drainage Board,Body/Corporation
2021,46,T,Municipal Administration and Water Supply Department,Municipal Administration and Water Supply Department Total,1,691,228,19711,19939,2176,17209,36,11,5,0,144,,358,29078,,,,123,98,2172,2270,2170,35,65,,1,1,municipal administration water supply total,Municipal Administration and Water Supply Department Total,HOD
2021,46,T,Human Resources Management Department,"Human Resources Management Department, Secretariat",0,16,3,2661,2664,1335,1299,1,0,0,0,22,,7,25092,,,,10,2,163,165,129,35,1,,1,1,human resources management secretariat,"Human Resources Management Department, Secretariat",Secretariat
2021,46,T,Human Resources Management Department,Tamil Nadu Public Service Commission,0,28,12,1676,1688,56,1518,10,0,0,0,104,,0,97800,,,,5,0,51,51,50,1,0,,1,1,public service commission,Tamil Nadu Public Service Commission,Body/Corporation
2021,46,T,Human Resources Management Department,Directorate of Vigilance and Anti Corruption,0,1,31,385,416,7,352,11,0,0,0,9,,37,3959,,,,1,7,63,70,65,0,5,,1,1,vigilance anti corruption,Directorate of Vigilance and Anti Corruption,HOD
2021,46,T,Human Resources Management Department,"Commissioner for Disciplinary Proceedings, Chennai",0,1,0,2,2,0,2,0,0,0,0,0,,0,0,,,,1,0,1,1,1,0,0,,1,1,commissioner for disciplinary proceedings,"Commissioner for Disciplinary Proceedings, Chennai",HOD
2021,46,T,Human Resources Management Department,"Commissioner for Disciplinary Proceedings, Tiruchirappalli",0,1,0,0,0,0,0,0,0,0,0,0,,0,0,,,,1,0,0,0,0,0,0,,1,1,commissioner for disciplinary proceedings,"Commissioner for Disciplinary Proceedings, Chennai",HOD
2021,46,T,Human Resources Management Department,"Commissioner for Disciplinary Proceedings, Madurai",0,1,0,4,4,0,1,3,0,0,0,0,,0,0,,,,1,0,0,0,0,0,0,,1,1,commissioner for disciplinary proceedings,"Commissioner for Disciplinary Proceedings, Chennai",HOD
2021,46,T,Human Resources Management Department,"Commissioner for Disciplinary Proceedings, Coimbatore",0,1,0,2,2,0,0,0,0,0,0,2,,0,0,,,,1,0,0,0,0,0,0,,1,1,commissioner for disciplinary proceedings,"Commissioner for Disciplinary Proceedings, Chennai",HOD
2021,47,T,Human Resources Management Department,"Commissioner for Disciplinary Proceedings, Tirunelveli",0,1,0,0,0,0,0,0,0,0,0,0,,0,0,,,,1,0,0,0,0,0,0,,1,1,commissioner for disciplinary proceedings,"Commissioner for Disciplinary Proceedings, Chennai",HOD
2021,47,T,Human Resources Management Department,"Commissioner for Disciplinary Proceedings, Nagarcoil",0,1,0,1,1,1,0,0,0,0,0,0,,0,0,,,,1,0,0,0,0,0,0,,1,1,commissioner for disciplinary proceedings,"Commissioner for Disciplinary Proceedings, Chennai",HOD
2021,47,T,Human Resources Management Department,Tamil Nadu Lokayukta,0,1,0,7,7,0,7,0,0,0,0,0,,0,40,,,,1,0,1,1,0,1,0,,1,1,lokayukta,Tamil Nadu Lokayukta,HOD
2021,47,T,Human Resources Management Department,Director General of Training,0,1,0,0,0,0,0,0,0,0,0,0,,0,0,,,,1,0,0,0,0,0,0,,1,1,director general training,Director General of Training,HOD
2021,47,T,Human Resources Management Department,A & B wing foundational course Training Institute,0,1,0,0,0,0,0,0,0,0,0,0,,0,0,,,,1,0,0,0,0,0,0,,1,1,a b wing foundational course training institute,A & B wing foundational course Training Institute,Body/Corporation
2021,47,T,Human Resources Management Department,All India Civil Services Coaching Centre,0,1,0,0,0,0,0,0,0,0,0,0,,0,0,,,,1,0,0,0,0,0,0,,1,1,all india civil services coaching centre,All India Civil Services Coaching Centre,HOD
2021,47,T,Human Resources Management Department,"Civil Service Training Institute, Bhavanisagar",0,1,0,16,16,0,16,0,0,0,0,0,,0,160,,,,1,0,0,0,0,0,0,,1,1,civil service training institute,Civil Service Training Institute,Body/Corporation
2021,47,T,Human Resources Management Department,Anna Administrative Staff College,0,1,0,7,7,0,7,0,0,0,0,0,,0,50,,,,1,0,0,0,0,0,0,,1,1,anna administrative staff college,Anna Administrative Staff College,HOD
2021,47,T,Human Resources Management Department,Competitive Exam Coaching Centre,0,1,0,0,0,0,0,0,0,0,0,0,,0,0,,,,1,0,0,0,0,0,0,,1,1,competitive exam coaching centre,Competitive Exam Coaching Centre,HOD
2021,47,T,Human Resources Management Department,Human Resources Management Department Total,1,58,46,4761,4807,1399,3202,25,0,0,0,137,,44,127101,,,,29,9,279,288,245,37,6,,1,1,human resources management total,Human Resources Management Department Total,HOD
2021,47,T,"Planning, Development and Special Initiatives (SI) Department","Planning, Development and Special Initiatives (OP/MC)Department, Secretariat",0,1,0,26,26,16,10,0,0,0,0,0,,0,1550,,,,1,0,0,0,0,0,0,,1,1,planning development special initiatives secretariat,"Planning, Development and Special Initiatives Department, Secretariat",Secretariat
2021,47,T,"Planning, Development and Special Initiatives (SI) Department",State Planning Commission,0,1,0,3,3,2,1,0,0,0,0,0,,0,0,,,,1,0,0,0,0,0,0,,1,1,state planning commission,State Planning Commission,Body/Corporation
2021,47,T,"Planning, Development and Special Initiatives (SI) Department",Department of Economics and Statistics,0,1,0,77,77,18,59,0,0,0,0,0,,0,50,,,,1,0,3,3,2,0,1,,1,1,economics statistics,Economics and Statistics,HOD
2021,47,T,"Planning, Development and Special Initiatives (SI) Department",Directorate of Evaluation and Applied Research,0,1,0,1,1,0,1,0,0,0,0,0,,0,0,,,,1,0,0,0,0,0,0,,1,1,evaluation applied research,Directorate of Evaluation and Applied Research,HOD
2021,47,T,"Planning, Development and Special Initiatives (SI) Department",Special Area Development and Programme,0,1,0,5,5,5,0,0,0,0,0,0,,0,0,,,,1,0,0,0,0,0,0,,1,1,special area development programme,Special Area Development and Programme,HOD
2021,47,T,"Planning, Development and Special Initiatives (SI) Department","Planning, Development and Special Initiatives (SI) Department",0,1,0,0,0,0,0,0,0,0,0,0,,0,0,,,,1,0,0,0,0,0,0,,1,1,planning development special initiatives secretariat,"Planning, Development and Special Initiatives Department, Secretariat",HOD
2021,47,T,"Planning, Development and Special Initiatives (SI) Department",Chennai Metro Rail Ltd.,0,1,0,170,170,5,141,24,0,0,0,0,,0,1850,,,,1,0,13,13,13,0,0,,1,1,metro rail,Chennai Metro Rail Ltd.,Body/Corporation
2021,48,T,"Planning, Development and Special Initiatives (SI) Department","Planning, Development and Special Initiatives (SI) Department Total",1,7,0,282,282,46,212,24,0,0,0,0,,0,3450,,,,7,0,16,16,15,0,1,,1,1,planning development special initiatives si total,"Planning, Development and Special Initiatives (SI) Department Total",HOD
2021,48,T,Public Department,"Public Department, Secretariat",0,18,1,4124,4125,3068,511,23,0,0,9,514,,0,42388,,,,7,0,253,253,238,15,0,,1,1,public secretariat,"Public Department, Secretariat",Secretariat
2021,48,T,Public Department,Governor’s Secretariat,0,1,0,207,207,80,111,16,0,0,0,0,,0,0,,,,3,0,0,0,0,0,0,,1,1,governor s secretariat,Governor’s Secretariat,Secretariat
2021,48,T,Public Department,"Governor’s House Hold Office, Raj Bhavan",0,1,0,1,1,0,1,0,0,0,0,0,,0,0,,,,1,0,0,0,0,0,0,,1,1,governor s house hold raj bhavan,"Governor’s House Hold Office, Raj Bhavan",HOD
2021,48,T,Public Department,State Human Rights Commission,0,1,8,618,626,17,574,0,0,0,0,0,,35,4485,,,,1,0,68,68,64,3,1,,1,1,state human rights commission,State Human Rights Commission,Body/Corporation
2021,48,T,Public Department,"State Guest House, Chepauk",0,1,0,0,0,0,0,0,0,0,0,0,,0,0,,,,1,0,0,0,0,0,0,,1,1,state guest house,State Guest House,HOD
2021,48,T,Public Department,"Tamil Nadu House, New Delhi",0,1,0,1,1,0,1,0,0,0,0,0,,0,0,,,,1,0,0,0,0,0,0,,1,1,house new delhi,"Tamil Nadu House, New Delhi",HOD
2021,48,T,Public Department,"Tamizhagam Guest House, Udhagmandalam",0,1,0,0,0,0,0,0,0,0,0,0,,0,0,,,,0,0,0,0,0,0,0,,1,1,tamizhagam guest house udhagmandalam,"Tamizhagam Guest House, Udhagmandalam",HOD
2021,48,T,Public Department,Tamil Nadu Ex-Servicemen Corporation,0,1,0,19,19,0,19,0,0,0,0,0,,0,160,,,,1,0,1,1,1,0,0,,1,1,ex servicemen,Tamil Nadu Ex-Servicemen Corporation,Body/Corporation
2021,48,T,Public Department,Directorate of Ex-servicemen’s Welfare,0,31,3,109,112,5,97,7,0,0,0,3,,0,520,,,,31,0,10,10,9,1,0,,1,1,ex servicemen,Tamil Nadu Ex-Servicemen Corporation,HOD
2021,48,T,Public Department,Commissionerate of Rehabilitation,0,3,0,16,16,0,16,0,0,0,0,0,,0,176,,,,1,0,0,0,0,0,0,,1,1,rehabilitation,Commissionerate of Rehabilitation,HOD
2021,48,T,Public Department,Overseas Manpower Corporation Ltd.,0,1,0,1,1,0,1,0,0,0,0,0,,0,20,,,,1,0,0,0,0,0,0,,1,1,overseas manpower,"Overseas Manpower Corporation Ltd.,",Body/Corporation
2021,48,T,Public Department,Public Department Total,1,60,12,5096,5108,3170,1331,46,0,0,9,517,,35,47749,,,,48,0,332,332,312,19,1,,1,1,public total,Public Department Total,HOD
2021,48,T,Public Works Department / Water Resources Department,"Public Works Department/ Water Resources Dept., Secretariat",0,25,6,302,308,246,46,14,0,0,0,0,,2,2187,,,,9,0,20,20,15,4,1,,1,1,water resources secretariat,"Water Resources Department, Secretariat",Secretariat
2021,48,T,Public Works Department / Water Resources Department,"Engineer –in- Chief (Buildings) & CE (Buildings), Chennai Region, PWD",0,195,19,1066,1085,190,861,5,0,0,0,5,,24,32969,,,,195,2,51,53,44,2,7,,1,1,buildings,Buildings,HOD
2021,48,T,Public Works Department / Water Resources Department,"Engineer- in-Chief, Water Resources Department",0,2,8,412,420,204,178,1,0,3,0,23,,11,2552,,,,2,0,70,70,66,1,3,,1,1,engineer in chief water resources,"Engineer- in-Chief, Water Resources",HOD
2021,48,T,Public Works Department / Water Resources Department,"Water Resources Department, Chennai Region",0,48,0,617,617,617,0,0,0,0,0,0,,0,6170,,,,4,0,52,52,52,0,0,,1,1,water resources region,"Water Resources Department, Chennai Region",HOD
2021,48,T,Public Works Department / Water Resources Department,"Water Resources Department, Trichy Region",0,26,7,520,527,40,475,1,0,0,0,2,,9,5984,,,,26,2,119,121,120,1,0,,1,1,water resources region,"Water Resources Department, Chennai Region",HOD
2021,48,T,Public Works Department / Water Resources Department,"Water Resources Department,",0,90,9,818,827,96,720,0,0,0,0,0,,11,13030,,,,56,0,65,65,61,3,1,,1,1,water resources coimbatore region,"Water Resources Department, Coimbatore Region",HOD
2021,49,T,Public Works Department / Water Resources Department,Madurai Region,0,,,,,,,,,,,,,,,,,,,,,,,,,,,,water resources madurai region,"Water Resources Department, Madurai Region",HOD
2021,49,T,Public Works Department / Water Resources Department,"Water Resources Department, Coimbatore Region",0,1,0,75,75,2,73,0,0,0,0,0,,0,700,,,,1,0,0,0,0,0,0,,1,1,water resources coimbatore region,"Water Resources Department, Coimbatore Region",HOD
2021,49,T,Public Works Department / Water Resources Department,Design Research and Construction Support Department,0,8,0,54,54,12,42,0,0,0,0,0,,0,56,,,,3,0,0,0,0,0,0,,1,1,design research construction support,Design Research and Construction Support Department,HOD
2021,49,T,Public Works Department / Water Resources Department,Plan Formulation Department,0,16,0,28,28,12,16,0,0,0,0,0,,0,190,,,,15,0,0,0,0,0,0,,1,1,plan formulation,Plan Formulation Department,HOD
2021,49,T,Public Works Department / Water Resources Department,Operation and Maintenance Department,0,5,0,1,1,0,1,0,0,0,0,0,,0,10,,,,5,0,0,0,0,0,0,,1,1,operation maintenance,Operation and Maintenance,HOD
2021,49,T,Public Works Department / Water Resources Department,State Ground Water and Surface Water Resources Data Centre,0,14,4,143,147,33,107,0,0,0,0,1,,6,1955,,,,13,0,6,6,6,0,0,,1,1,data centre,State Ground Water and Surface Water Resources Data Centre,HOD
2021,49,T,Public Works Department / Water Resources Department,Institute for Water Studies,0,1,0,1,1,0,1,0,0,0,0,0,,0,0,,,,1,0,0,0,0,0,0,,1,1,institute for water studies,Institute for Water Studies,Body/Corporation
2021,49,T,Public Works Department / Water Resources Department,Irrigation Management Training Institute,0,1,0,0,0,0,0,0,0,0,0,0,,0,0,,,,1,0,0,0,0,0,0,,1,1,irrigation management training institute,Irrigation Management Training Institute,Body/Corporation
2021,49,T,Public Works Department / Water Resources Department,Cauvery Technical Cell,0,1,0,4,4,0,4,0,0,0,0,0,,0,0,,,,1,0,0,0,0,0,0,,1,1,cauvery technical cell,Cauvery Technical Cell,HOD
2021,49,T,Public Works Department / Water Resources Department,"State Water Resources Management Agency WRD,Taramani,Chennai",0,1,0,0,0,0,0,0,0,0,0,0,,0,0,,,,1,0,0,0,0,0,0,,1,1,state water resources management agency wrd taramani,"State Water Resources Management Agency WRD,Taramani,Chennai",Body/Corporation
2021,49,T,Public Works Department / Water Resources Department,Public Works Department / Water Resources Department Total,1,434,53,4041,4094,1452,2524,21,0,3,0,31,,63,65803,,,,333,4,383,387,364,11,12,,1,1,public works water resources total,Public Works Department / Water Resources Department Total,HOD
2021,49,T,Department,"Revenue and Disaster Management Department, Secretariat",0,10,0,2215,2215,1874,316,0,0,0,0,25,,0,210,,,,7,0,95,95,79,16,0,,1,1,revenue disaster management secretariat,"Revenue and Disaster Management Department, Secretariat",Secretariat
2021,49,T,Department,Commissionerate of Revenue D.M. and Mitigation,0,751,1594,118504,120098,30845,83379,367,70,228,65,1421,,3723,0,,,,611,470,11781,12251,11363,233,655,,1,1,revenue d m mitigation,Commissionerate of Revenue D.M. and Mitigation,HOD
2021,49,T,Department,Commissionerate of Land Administration,0,8,5,827,832,500,319,0,0,0,0,13,,0,9890,,,,4,0,56,56,50,6,0,,1,1,land administration,Commissionerate of Land Administration,HOD
2021,49,T,Department,Commissionerate of Land Reforms,0,3,4,250,254,31,201,0,0,0,0,0,,22,86,,,,1,0,4,4,4,0,0,,1,1,land reforms,Commissionerate of Land Reforms,HOD
2021,49,T,Department,Commissionerate of Survey and Settlement,0,101,173,8302,8475,3155,5140,0,0,0,0,17,,163,81143,,,,35,108,3724,3832,3722,20,90,,1,1,survey settlement,Survey and Settlement,HOD
2021,49,T,Department,Commissionerate of Urban Land Ceiling and Urban Land Tax,0,8,16,348,364,10,337,0,0,0,0,0,,17,5354,,,,1,0,25,25,24,0,1,,1,1,urban land ceiling urban land tax,Commissionerate of Urban Land Ceiling and Urban Land Tax,HOD
2021,49,T,Department,Revenue and Disaster Management,0,881,1792,130446,132238,36415,89692,367,70,228,65,1476,,3925,96683,,,,659,578,15685,16263,15242,275,746,,1,1,revenue disaster management secretariat,"Revenue and Disaster Management Department, Secretariat",HOD
2021,50,T,Department,Department Total,1,,,,,,,,,,,,,,,,,,,,,,,,,,,,total,Department Total,HOD
2021,50,T,Rural Development and Panchayat Raj Department,"Rural Development and Panchayat Raj Department, Secretariat",0,9,0,716,716,620,80,6,0,0,0,10,,0,6820,,,,4,0,30,30,28,2,0,,1,1,rural development panchayat raj secretariat,"Rural Development and Panchayat Raj Department, Secretariat",Secretariat
2021,50,T,Rural Development and Panchayat Raj Department,Directorate of Rural Development & Panchayat Raj,0,1214,2850,29188,32038,4031,25189,65,2,0,0,143,,2608,448923,,,,1019,738,3252,3990,3361,45,584,,1,1,rural development panchayat raj secretariat,"Rural Development and Panchayat Raj Department, Secretariat",HOD
2021,50,T,Rural Development and Panchayat Raj Department,Tamil Nadu Corporation for Development of Women,0,39,16,310,326,16,295,0,0,1,0,2,,12,514,,,,39,2,35,37,35,0,2,,1,1,for development women,Tamil Nadu Corporation for Development of Women,Body/Corporation
2021,50,T,Rural Development and Panchayat Raj Department,Tamil Nadu Rural Transformation Project,0,1,0,2,2,0,2,0,0,0,0,0,,0,0,,,,1,0,1,1,1,0,0,,1,1,rural transformation project,Tamil Nadu Rural Transformation Project,HOD
2021,50,T,Rural Development and Panchayat Raj Department,Tamil Nadu Coastal sustainable Livelihood Socity,0,1,0,1,1,0,1,0,0,0,0,0,,0,0,,,,1,0,0,0,0,0,0,,1,1,coastal sustainable livelihood society,Tamil Nadu Coastal Sustainable Livelihood Society,HOD
2021,50,T,Rural Development and Panchayat Raj Department,Tamil Nadu State Election Commission,0,1,0,349,349,241,108,0,0,0,0,0,,0,3348,,,,15,0,15,15,15,0,0,,1,1,state election commission,Tamil Nadu State Election Commission,Body/Corporation
2021,50,T,Rural Development and Panchayat Raj Department,State Institute of Rural Development,0,1,0,5,5,0,5,0,0,0,0,0,,0,0,,,,0,0,0,0,0,0,0,,1,1,state institute rural development,State Institute of Rural Development,Body/Corporation
2021,50,T,Rural Development and Panchayat Raj Department,Rural Development and Panchayat Raj Department Total,1,1266,2866,30571,33437,4908,25680,71,2,1,0,155,,2620,459605,,,,1079,740,3333,4073,3440,47,586,,1,1,rural development panchayat raj total,Rural Development and Panchayat Raj Department Total,HOD
2021,50,T,School Education Department,"School Education Department, Secretariat",0,6,0,909,909,695,137,0,0,0,0,77,,0,9060,,,,4,0,52,52,50,2,0,,1,1,school education,Directorate of School Education,Secretariat
2021,50,T,School Education Department,Directorate of School Education,0,1,0,2270,2270,520,1746,0,0,0,0,4,,0,22700,,,,1,0,122,122,122,0,0,,1,1,school education,Directorate of School Education,HOD
2021,50,T,School Education Department,Directorate of Elementary Education,0,1,0,761,761,483,278,0,0,0,0,0,,0,7610,,,,1,0,7,7,7,0,0,,1,1,elementary education,Directorate of Elementary Education,HOD
2021,50,T,School Education Department,Directorate of Matriculation Schools,0,1,0,202,202,117,85,0,0,0,0,0,,0,2020,,,,1,0,4,4,4,0,0,,1,1,matriculation schools,Matriculation Schools,HOD
2021,50,T,School Education Department,Directorate of Nonformal & Adult Education,0,1,0,8,8,0,8,0,0,0,0,0,,0,80,,,,1,0,0,0,0,0,0,,1,1,nonformal adult education,Nonformal & Adult Education,HOD
2021,50,T,School Education Department,Directorate of State Council of Education Research and Training,0,33,0,112,112,6,85,0,0,0,0,21,,0,260,,,,33,0,11,11,9,2,0,,1,1,state council education research training,Directorate of State Council of Education Research and Training,HOD
2021,50,T,School Education Department,Directorate of Government Examinations,0,9,0,412,412,26,386,0,0,0,0,0,,0,6996,,,,2,0,30,30,30,0,0,,1,1,examinations,Directorate of Government Examinations,HOD
2021,50,T,School Education Department,Directorate of Public Libraries,0,35,0,664,664,1,663,0,0,0,0,0,,0,8009,,,,35,0,58,58,58,0,0,,1,1,public libraries,Directorate of Public Libraries,HOD
2021,51,T,School Education Department,Tamil Nadu Text Book and Educational Services Corporation,0,23,0,21,21,6,15,0,0,0,0,0,,0,260,,,,1,0,11,11,11,0,0,,1,1,text book educational services,Tamil Nadu Text Book and Educational Services Corporation,Body/Corporation
2021,51,T,School Education Department,Teachers Recruitment Board,0,1,389,805,1194,22,772,0,0,0,0,0,,400,8050,,,,1,35,100,135,64,0,71,,1,1,teachers recruitment board,Teachers Recruitment Board,Body/Corporation
2021,51,T,School Education Department,State Project Directorate of Samagra Shiksha Abhiyan,0,33,7,214,221,8,205,0,0,0,0,0,,8,2140,,,,33,2,11,13,13,0,0,,1,1,state project samagra shiksha abhiyan,State Project Directorate of Samagra Shiksha Abhiyan,HOD
2021,51,T,School Education Department,School Education Department Total,1,144,396,6378,6774,1884,4380,0,0,0,0,102,,408,67185,,,,113,37,406,443,368,4,71,,1,1,school education total,School Education Department Total,HOD
2021,51,T,Social Reforms Department,Social Reforms Department Total,1,2,0,2,2,0,2,0,0,0,0,0,,0,0,,,,1,0,0,0,0,0,0,,1,1,social reforms total,Social Reforms Department Total,HOD
2021,51,T,Social Welfare and Women Empowerment Department,"Social Welfare and Women Empowerment Department, Secretariat",0,3,0,203,203,155,43,0,0,0,0,5,,0,280,,,,2,0,10,10,8,1,1,,1,1,social welfare,Tamil Nadu Social Welfare Board,Secretariat
2021,51,T,Social Welfare and Women Empowerment Department,Directorate of Social Welfare,0,39,15,259,274,17,245,0,0,0,0,0,,12,1600,,,,39,0,15,15,15,0,0,,1,1,social welfare,Tamil Nadu Social Welfare Board,HOD
2021,51,T,Social Welfare and Women Empowerment Department,Commissionerate of Social Defence,0,17,0,37,37,0,34,0,0,0,0,2,,1,918,,,,17,0,0,0,0,0,0,,1,1,social defence,Commissionerate of Social Defence,HOD
2021,51,T,Social Welfare and Women Empowerment Department,Directorate of Integrated Child Development Services,0,1,0,61,61,27,34,0,0,0,0,0,,0,0,,,,1,0,0,0,0,0,0,,1,1,integrated child development services,Directorate of Integrated Child Development Services,HOD
2021,51,T,Social Welfare and Women Empowerment Department,Tamil Nadu Social Welfare Board,0,1,0,5,5,1,4,0,0,0,0,0,,0,0,,,,0,0,0,0,0,0,0,,1,1,social welfare,Tamil Nadu Social Welfare Board,Body/Corporation
2021,51,T,Social Welfare and Women Empowerment Department,Social Welfare and Women Empowerment Department Total,1,61,15,565,580,200,360,0,0,0,0,7,,13,2798,,,,59,0,25,25,23,1,1,,1,1,social welfare women empowerment total,Social Welfare and Women Empowerment Department Total,HOD
2021,51,T,Special Programme Implementation Department,Special Programme Implementation Department Total,1,1,0,1,1,0,1,0,0,0,0,0,,0,10,,,,1,0,0,0,0,0,0,,1,1,special programme implementation total,Special Programme Implementation Department Total,HOD
2021,51,T,Tamil Development and Information Department,"Tamil Development and Information Department, Secretariat",0,7,0,59,59,29,28,0,0,0,0,2,,0,400,,,,3,0,6,6,5,1,0,,1,1,development information secretariat,"Tamil Development and Information Department, Secretariat",Secretariat
2021,51,T,Tamil Development and Information Department,Directorate of Tamil Development,0,36,0,103,103,0,103,0,0,0,0,0,,0,1238,,,,1,0,0,0,0,0,0,,1,1,backward classes economic development,Tamil Nadu Backward Classes Economic Development Corporation,HOD
2021,51,T,Tamil Development and Information Department,"Tamil University,Thanjavur",0,1,2,99,101,0,99,0,0,0,0,0,,2,1010,,,,1,0,5,5,5,0,0,,1,1,university thanjavur,"Tamil University,Thanjavur",Body/Corporation
2021,51,T,Tamil Development and Information Department,International Institute of Tamil Studies,0,1,0,15,15,0,15,0,0,0,0,0,,0,150,,,,1,0,0,0,0,0,0,,1,1,international institute studies,International Institute of Tamil Studies,Body/Corporation
2021,51,T,Tamil Development and Information Department,"Ulaga Tamil Sangam,Madurai",0,1,0,3,3,0,3,0,0,0,0,0,,0,30,,,,1,0,1,1,1,0,0,,1,1,ulaga sangam madurai,"Ulaga Tamil Sangam,Madurai",HOD
2021,51,T,Tamil Development and Information Department,Directorate of Tamil Etymological Dictionary Project,0,1,0,32,32,0,32,0,0,0,0,0,,0,320,,,,1,0,0,0,0,0,0,,1,1,etymological dictionary project,Directorate of Tamil Etymological Dictionary Project,HOD
2021,51,T,Tamil Development and Information Department,Directorate of Information and Public,0,1,0,154,154,18,130,0,0,0,0,0,,6,3510,,,,1,0,14,14,8,0,6,,1,1,information public relations,Directorate of Information and Public Relations,HOD
2021,52,T,Tamil Development and Information Department,Relations,0,,,,,,,,,,,,,,,,,,,,,,,,,,,,information public relations,Directorate of Information and Public Relations,HOD
2021,52,T,Tamil Development and Information Department,Directorate of Stationery and Printing,0,10,3,160,163,21,118,1,0,0,0,20,,3,1412,,,,10,0,17,17,17,0,0,,1,1,stationery printing,Directorate of Stationery and Printing,HOD
2021,52,T,Tamil Development and Information Department,Tamil Development and Information Department Total,1,58,5,625,630,68,528,1,0,0,0,22,,11,8070,,,,19,0,43,43,36,1,6,,1,1,development information total,Tamil Development and Information Department Total,HOD
2021,52,T,"Tourism, Culture and Religious Endowments Department","Tourism, Culture and Religious Endowments Department, Secretariat.",0,6,0,238,238,177,61,0,0,0,0,0,,0,2300,,,,3,0,18,18,18,0,0,,1,1,tourism culture religious endowments secretariat,"Tourism, Culture and Religious Endowments Department, Secretariat.",Secretariat
2021,52,T,"Tourism, Culture and Religious Endowments Department",Directorate of Museum,0,1,0,3,3,0,3,0,0,0,0,0,,0,30,,,,1,0,0,0,0,0,0,,1,1,museum,Directorate of Museum,HOD
2021,52,T,"Tourism, Culture and Religious Endowments Department",Commissionerate of Art and Culture,0,16,2,91,93,6,86,0,0,1,0,0,,0,1392,,,,2,0,4,4,4,0,0,,1,1,art culture,Commissionerate of Art and Culture,HOD
2021,52,T,"Tourism, Culture and Religious Endowments Department",Commissionerate of Archaeology,0,19,0,31,31,1,30,0,0,0,0,0,,0,390,,,,5,0,1,1,1,0,0,,1,1,archaeology,Commissionerate of Archaeology,HOD
2021,52,T,"Tourism, Culture and Religious Endowments Department",Commissionerate of Tourism,0,38,3,35,38,1,29,6,0,0,0,0,,2,270,,,,2,0,2,2,1,0,1,,1,1,tourism,Commissionerate of Tourism,HOD
2021,52,T,"Tourism, Culture and Religious Endowments Department",Commissionerate of Hindu Religious and Charitable Endowments,0,106,138,5797,5935,0,5837,0,0,0,0,0,,98,53490,,,,106,0,378,378,360,0,18,,1,1,hindu religious charitable endowments,Commissionerate of Hindu Religious and Charitable Endowments,HOD
2021,52,T,"Tourism, Culture and Religious Endowments Department",Tamil Nadu Tourism Development Corporation,0,5,1,33,34,4,26,0,0,0,0,2,,2,450,,,,1,0,2,2,2,0,0,,1,1,tourism development,Tamil Nadu Tourism Development Corporation,Body/Corporation
2021,52,T,"Tourism, Culture and Religious Endowments Department","Tourism, Culture and Religious Endowments Department Total",1,191,144,6228,6372,189,6072,6,0,1,0,2,,102,58322,,,,120,0,405,405,386,0,19,,1,1,tourism culture religious endowments total,"Tourism, Culture and Religious Endowments Department Total",HOD
2021,52,T,Transport Department,"Transport Department, Secretariat",0,4,0,411,411,336,68,0,0,0,0,7,,0,4084,,,,2,0,44,44,39,5,0,,1,1,transport secretariat,"Transport Department, Secretariat",Secretariat
2021,52,T,Transport Department,"Metropolitan Transport Corporation (Chennai) Ltd.,",0,1,22,477,499,7,436,33,0,0,0,20,,3,8130,,,,1,5,109,114,114,0,0,,1,1,metropolitan transport,"Metropolitan Transport Corporation (Chennai) Ltd.,",Body/Corporation
2021,52,T,Transport Department,"State Express Transport Corporation, Chennai",0,1,26,453,479,11,416,10,0,2,0,21,,19,5706,,,,1,5,63,68,65,0,3,,1,1,state express transport,"State Express Transport Corporation, Chennai",Body/Corporation
2021,52,T,Transport Department,"Tamil Nadu State Transport Corporation (Villupuram) Ltd.,",0,1,46,654,700,8,547,8,0,0,0,0,,137,22679,,,,1,7,139,146,115,0,31,,1,1,state transport villupuram,"Tamil Nadu State Transport Corporation (Villupuram) Ltd.,",Body/Corporation
2021,52,T,Transport Department,"Tamil Nadu State Transport Corporation (Salem), Ltd.,",0,1,55,870,925,0,844,0,0,0,0,0,,81,25653,,,,1,0,0,0,0,0,0,,1,1,state transport salem,"Tamil Nadu State Transport Corporation (Salem), Ltd.,",Body/Corporation
2021,52,T,Transport Department,"Tamil Nadu State Transport Corporation (Coimbatore) Ltd.,",0,1,98,1423,1521,3,1439,0,0,0,0,0,,79,18756,,,,1,19,140,159,138,0,21,,1,1,state transport coimbatore,"Tamil Nadu State Transport Corporation (Coimbatore) Ltd.,",Body/Corporation
2021,53,T,Transport Department,"Tamil Nadu State Transport Corporation (Kumbakonam) Ltd.,",0,1,69,817,886,5,773,30,0,0,0,37,,41,32595,,,,1,5,95,100,86,11,3,,1,1,state transport kumbakonam,"Tamil Nadu State Transport Corporation (Kumbakonam) Ltd.,",Body/Corporation
2021,53,T,Transport Department,"Tamil Nadu State Transport Corporation (Madurai) Ltd.,",0,1,28,727,755,5,687,15,0,0,0,0,,48,17383,,,,1,15,40,55,41,0,14,,1,1,state transport madurai,"Tamil Nadu State Transport Corporation (Madurai) Ltd.,",Body/Corporation
2021,53,T,Transport Department,"Tamil Nadu State Transport Corporation (Tirunelveli) Ltd.,",0,1,0,756,756,3,728,0,0,0,0,10,,15,9042,,,,1,0,82,82,82,0,0,,1,1,state transport tirunelveli,"Tamil Nadu State Transport Corporation (Tirunelveli) Ltd.,",Body/Corporation
2021,53,T,Transport Department,"Motor Vehicles & Maintenance Department, Chennai",0,1,0,38,38,1,37,0,0,0,0,0,,0,380,,,,1,0,2,2,2,0,0,,1,1,motor vehicles maintenance,"Motor Vehicles & Maintenance Department, Chennai",HOD
2021,53,T,Transport Department,"Institute of Road Transport, Chennai",0,21,0,19,19,9,10,0,0,0,0,0,,0,100,,,,1,0,2,2,2,0,0,,1,1,institute road transport,"Institute of Road Transport, Chennai",Body/Corporation
2021,53,T,Transport Department,"Transport Development Finance Corporation Ltd.,",0,1,0,0,0,0,0,0,0,0,0,0,,0,0,,,,1,0,0,0,0,0,0,,1,1,transport development finance,"Transport Development Finance Corporation Ltd.,",Body/Corporation
2021,53,T,Transport Department,"Pallavan Transport Consultancy Services, Chennai",0,2,0,14,14,1,13,0,0,0,0,0,,0,220,,,,1,0,0,0,0,0,0,,1,1,pallavan transport consultancy services,"Pallavan Transport Consultancy Services, Chennai",HOD
2021,53,T,Transport Department,Transport Department Total,1,37,344,6659,7003,389,5998,96,0,2,0,95,,423,144728,,,,14,56,716,772,684,16,72,,1,1,transport total,Transport Department Total,HOD
2021,53,T,Welfare of Differently Abled Persons Department,"Welfare of Differently Abled Persons Department, Secretariat",0,1,0,56,56,35,15,0,0,0,0,6,,0,0,,,,1,0,2,2,2,0,0,,1,1,welfare differently abled persons secretariat,"Welfare of Differently Abled Persons Department, Secretariat",Secretariat
2021,53,T,Welfare of Differently Abled Persons Department,Commissionerate for the Welfare of Differently Abled,0,45,15,465,480,10,451,0,0,0,0,0,,19,0,,,,2,0,11,11,11,0,0,,1,1,for welfare differently abled,Commissionerate for the Welfare of Differently Abled,HOD
2021,53,T,Welfare of Differently Abled Persons Department,Welfare of Differently Abled Persons Department Total,1,46,15,521,536,45,466,0,0,0,0,6,,19,0,,,,3,0,13,13,13,0,0,,1,1,welfare differently abled persons total,Welfare of Differently Abled Persons Department Total,HOD
2021,53,T,Youth Welfare and Sports Development Department,"Tamil Nadu Vigilance Commission, Secretariat",0,2,0,16,16,10,6,0,0,0,0,0,,0,78,,,,1,1,3,4,4,0,0,,1,1,vigilance commission,Vigilance Commission,Secretariat
2021,53,T,Youth Welfare and Sports Development Department,Youth Welfare and Sports Development Department,0,1,0,43,43,19,24,0,0,0,0,0,,0,200,,,,1,0,1,1,1,0,0,,1,1,youth welfare sports development secretariat,"Youth Welfare and Sports Development, Secretariat",HOD
2021,53,T,Youth Welfare and Sports Development Department,Sports Development Authority of Tamil Nadu,0,39,0,78,78,0,78,0,0,0,0,0,,0,780,,,,1,0,0,0,0,0,0,,1,1,sports development authority,Sports Development Authority of Tamil Nadu,Body/Corporation
2021,53,T,Youth Welfare and Sports Development Department,National Cadet Corps,0,58,0,8,8,0,8,0,0,0,0,0,,0,80,,,,1,0,0,0,0,0,0,,1,1,national cadet corps,National Cadet Corps,HOD
2021,53,T,Youth Welfare and Sports Development Department,National Service Scheme,0,1,0,3,3,0,3,0,0,0,0,0,,0,30,,,,1,0,0,0,0,0,0,,1,1,national service scheme,National Service Scheme,HOD
2021,53,T,Youth Welfare and Sports Development Department,Tamil Nadu Physical Education and Sports University,0,1,3,60,63,0,55,0,0,0,0,0,,8,550,,,,1,3,2,5,5,0,0,,1,1,physical education sports university,Tamil Nadu Physical Education and Sports University,Body/Corporation
2021,54,T,Youth Welfare and Sports Development Department,Youth Welfare and Sports Development Department Total,1,100,3,192,195,19,168,0,0,0,0,0,,8,1640,,,,5,3,3,6,6,0,0,,1,1,youth welfare sports development total,Youth Welfare and Sports Development Department Total,HOD
2021,54,T,Legislative Assembly Secretariat,Legislative Assembly Secretariat Total,1,15,1,115,116,31,72,6,0,0,0,7,,0,1086,,,,2,0,13,13,7,6,0,,1,1,legislative assembly secretariat total,Legislative Assembly Secretariat Total,Secretariat
2021,54,T,Grand,Tamil Nadu Information Commission,0,1,318,1139,1457,112,1237,0,0,0,0,0,,108,0,,,,1,0,78,78,78,0,0,,1,1,information commission,Tamil Nadu Information Commission,Body/Corporation
2021,54,T,Grand,Grand Total,1,10208,12583,369336,381919,69631,287476,2742,151,632,436,5470,,15381,2455598,,,,4693,2434,39295,41729,37894,1099,2736,,1,1,grand total,Grand Total,HOD
2022,39,T,,"Adi Dravidar and Tribal Welfare Department, Secretariat",0,8,0,451,451,296,154,0,0,0,0,1,,0,0,,,,6,0,18,18,18,0,0,,1,1,adi dravidar tribal welfare secretariat,Directorate of Tribal Welfare,Secretariat
2022,39,T,,Directorate of Adi Dravidar Welfare,0,4,0,472,472,0,472,0,0,0,0,0,,0,0,,,,2,0,82,82,82,0,0,,1,1,adi dravidar welfare,Directorate of Adi Dravidar Welfare,HOD
2022,39,T,,Directorate of Tribal Welfare,0,8,0,122,122,17,105,0,0,0,0,0,,0,0,,,,1,0,2,2,2,0,0,,1,1,adi dravidar tribal welfare secretariat,Directorate of Tribal Welfare,HOD
2022,39,T,,Tamil Nadu Adi Dravidar Housing and Development Corporation (TAHDCO),0,48,0,84,84,14,68,0,0,0,0,2,,0,0,,,,48,0,7,7,7,0,0,,1,1,adi dravidar housing development tahdco,Tamil Nadu Adi Dravidar Housing and Development Corporation (TAHDCO),Body/Corporation
2022,39,T,,Tamil Nadu State Commission for SC / ST,0,1,0,12,12,0,12,0,0,0,0,0,,0,0,,,,1,0,0,0,0,0,0,,1,1,state commission for sc st,Tamil Nadu State Commission for SC / ST,Body/Corporation
2022,39,T,,Total,1,69,0,1141,1141,327,811,0,0,0,0,3,,0,0,,,,58,0,109,109,109,0,0,,1,1,total,Total,HOD
2022,39,T,,"Agriculture and Farmers Welfare Department, Secretariat",0,11,0,205,205,173,26,1,0,0,0,5,,0,2662,,,,5,0,13,13,8,5,0,,1,1,agriculture farmers welfare secretariat,"Agriculture and Farmers Welfare Department, Secretariat",Secretariat
2022,39,T,,Directorate of Agriculture,0,26,113,1836,1949,348,1472,1,0,0,0,28,,100,19240,,,,37,16,272,288,252,10,26,,1,1,agriculture secretariat,"Agriculture Department, Secretariat",HOD
2022,39,T,,Directorate of Horticulture and Plantation Crops,0,41,22,591,613,50,526,3,0,0,0,19,,15,15761,,,,39,10,85,95,84,4,7,,1,1,horticulture plantation crops,Directorate of Horticulture and Plantation Crops,HOD
2022,39,T,,Agricultural Marketing and Agri Business,0,262,1,407,408,25,352,5,0,0,0,21,,5,1050,,,,95,0,71,71,64,5,2,,1,1,agricultural marketing agri business,Agricultural Marketing and Agri Business,HOD
2022,39,T,,Tamil Nadu State Agri Marketing Board,0,4,0,16,16,3,13,0,0,0,0,0,,0,70,,,,1,0,3,3,3,0,0,,1,1,state agri marketing board,Tamil Nadu State Agri Marketing Board,Body/Corporation
2022,40,T,,Directorate of Seed Certification and Organic Certification,0,1,0,13,13,0,13,0,0,0,0,0,,0,80,,,,1,0,0,0,0,0,0,,1,1,seed certification organic certification,Directorate of Seed Certification and Organic Certification,HOD
2022,40,T,,Agricultural Engineering,0,152,13,324,337,22,297,10,0,0,0,0,,8,2650,,,,143,0,29,29,29,0,0,,1,1,agricultural engineering,Agricultural Engineering,HOD
2022,40,T,,Tamil Nadu Agricultural University,0,2,7,133,140,2,70,13,0,2,0,41,,12,1000,,,,1,0,21,21,19,1,1,,1,1,agricultural university,Tamil Nadu Agricultural University,Body/Corporation
2022,40,T,,Tamil Nadu Watershed Development Agency,0,1,0,10,10,0,10,0,0,0,0,0,,0,100,,,,0,0,0,0,0,0,0,,1,1,watershed development agency,Tamil Nadu Watershed Development Agency,Body/Corporation
2022,40,T,,Commissioner of Sugar,0,1,0,44,44,6,30,0,0,0,0,8,,0,1038,,,,1,0,2,2,2,0,0,,1,1,commissioner sugar,Commissioner of Sugar,HOD
2022,40,T,,Total,1,501,156,3579,3735,629,2809,33,0,2,0,122,,140,43651,,,,323,26,496,522,461,25,36,,1,1,total,Total,HOD
2022,40,T,,"Animal Husbandry, Dairying, Fisheries & Fishermen Welfare Department, Secretariat",0,6,0,199,199,160,33,0,0,0,0,6,,0,2240,,,,4,0,21,21,19,2,0,,1,1,animal husbandry dairying fisheries fishermen welfare secretariat,Commissionerate of Fisheries & Fishermen Welfare,Secretariat
2022,40,T,,Directorate of Milk Production and Dairy Development,0,30,7,335,342,45,268,9,0,1,0,18,,1,2150,,,,30,2,41,43,32,3,8,,1,1,milk production dairy development,Directorate of Milk Production and Dairy Development,HOD
2022,40,T,,Tamil Nadu Co-operative Milk Producers Federation,0,11,0,104,104,32,32,2,0,0,0,0,,38,792,,,,11,0,19,19,19,0,0,,1,1,co operative milk producers federation,Tamil Nadu Co-operative Milk Producers Federation,HOD
2022,40,T,,Tamil Nadu Veterinary and Animal Sciences University,0,1,5,104,109,1,94,1,0,0,0,0,,13,940,,,,1,0,3,3,3,0,0,,1,1,veterinary animal sciences university,Tamil Nadu Veterinary and Animal Sciences University,Body/Corporation
2022,40,T,,Director of Animal Husbandry and Veterinary Services,0,33,0,590,590,38,516,36,0,0,0,0,,0,2133,,,,1,0,31,31,31,0,0,,1,1,director animal husbandry veterinary services,Director of Animal Husbandry and Veterinary Services,HOD
2022,40,T,,Tamil Nadu Livestock Development Agency,0,1,0,3,3,0,3,0,0,0,0,0,,0,0,,,,0,0,0,0,0,0,0,,1,1,livestock development agency,Tamil Nadu Livestock Development Agency,Body/Corporation
2022,41,T,,Commissionerate of Fisheries & Fishermen Welfare,0,56,0,671,671,140,519,4,0,1,0,7,,0,35459,,,,12,0,56,56,56,0,0,,1,1,animal husbandry dairying fisheries fishermen welfare secretariat,Commissionerate of Fisheries & Fishermen Welfare,HOD
2022,41,T,,Tamil Nadu Dr.J.Jayalalitha Fisheries University,0,1,0,36,36,0,36,0,0,0,0,0,,0,360,,,,1,0,2,2,2,0,0,,1,1,dr j jayalalitha fisheries university,Tamil Nadu Dr.J.Jayalalitha Fisheries University,Body/Corporation
2022,41,T,,Tamil Nadu Fisheries Development Corporation,0,1,0,12,12,2,9,0,0,0,0,1,,0,90,,,,0,0,0,0,0,0,0,,1,1,fisheries development,Tamil Nadu Fisheries Development Corporation,Body/Corporation
2022,41,T,,Tamil Nadu State Apex Fisheries Co-operative Federation,0,1,0,11,11,0,11,0,0,0,0,0,,0,110,,,,0,0,0,0,0,0,0,,1,1,state apex fisheries co operative federation,Tamil Nadu State Apex Fisheries Co-operative Federation,HOD
2022,41,T,,Total,1,141,12,2065,2077,418,1521,52,0,2,0,32,,52,44274,,,,60,2,173,175,162,5,8,,1,1,total,Total,HOD
2022,41,T,,"Backward Classes, Most Backward Classes and Minorities Welfare Department, Secretariat",0,5,0,419,419,212,207,0,0,0,0,0,,0,764,,,,1,0,19,19,17,2,0,,1,1,backward classes most backward classes minorities welfare secretariat,Directorate of Minorities Welfare,Secretariat
2022,41,T,,Directorate of Backward Classes Welfare,0,39,0,699,699,59,636,0,0,0,0,4,,0,460,,,,39,0,42,42,35,7,0,,1,1,backward classes welfare,Directorate of Backward Classes Welfare,HOD
2022,41,T,,Directorate of Most Backward Classes & Denotified Communities,0,2,0,114,114,0,114,0,0,0,0,0,,0,0,,,,1,0,0,0,0,0,0,,1,1,most backward classes denotified communities welfare,Most Backward Classes & Denotified Communities Welfare,HOD
2022,41,T,,Directorate of Minorities Welfare,0,1,22,51,73,15,58,0,0,0,0,0,,0,0,,,,1,0,3,3,2,1,0,,1,1,backward classes most backward classes minorities welfare secretariat,Directorate of Minorities Welfare,HOD
2022,41,T,,Tamil Nadu Backward Classes Commission,0,1,0,111,111,12,93,0,0,0,0,6,,0,260,,,,1,0,3,3,0,3,0,,1,1,backward classes commission,Tamil Nadu Backward Classes Commission,Body/Corporation
2022,42,T,,Tamil Nadu State Minorities Commission,0,1,0,14,14,14,0,0,0,0,0,0,,0,0,,,,1,0,0,0,0,0,0,,1,1,state minorities commission,State Minorities Commission,Body/Corporation
2022,42,T,,Tamil Nadu Backward Classes Economic Development Corporation,0,1,0,28,28,0,28,0,0,0,0,0,,0,150,,,,1,0,4,4,4,0,0,,1,1,backward classes economic development,Tamil Nadu Backward Classes Economic Development Corporation,Body/Corporation
2022,42,T,,Tamil Nadu Minorities Economic Development Corporation,0,1,0,6,6,0,6,0,0,0,0,0,,0,0,,,,1,0,0,0,0,0,0,,1,1,minorities economic development,Tamil Nadu Minorities Economic Development Corporation,Body/Corporation
2022,42,T,,Tamil Nadu Waqf Board,0,1,15,1534,1549,126,1382,7,0,0,0,34,,0,2542,,,,1,3,198,201,192,0,9,,1,1,wakf board,Tamil Nadu Wakf Board,Body/Corporation
2022,42,T,,Tamilnadu Vanniyakula Kshatriya Charitable Trust and Endowments Board,0,1,0,21,21,21,0,0,0,0,0,0,,0,0,,,,1,0,2,2,2,0,0,,1,1,tamilnaduvanniyakula kshatriya cblic charitable trusts endowments boards,TamilnaduVanniyakula Kshatriya cblic charitable trusts and endowments Boards,Body/Corporation
2022,42,T,,Tamil Nadu State Hajj Committee,0,1,0,3,3,0,3,0,0,0,0,0,,0,0,,,,1,0,0,0,0,0,0,,1,1,state hajj committee,Tamil Nadu State Hajj Committee,HOD
2022,42,T,,Denotified Communities Welfare Board,0,1,0,4,4,0,4,0,0,0,0,0,,0,0,,,,0,0,0,0,0,0,0,,1,1,denotified communities welfare board,Denotified Communities Welfare Board,Body/Corporation
2022,42,T,,Total,1,55,37,3004,3041,459,2531,7,0,0,0,44,,0,4176,,,,49,3,271,274,252,13,9,,1,1,total,Total,HOD
2022,42,T,,"Commercial Taxes and Registration Department, Secretariat",0,13,7,1054,1061,908,124,3,0,0,0,12,,14,10952,,,,4,3,267,270,265,2,3,,1,1,commercial taxes,Commissionerate of Commercial Taxes,Secretariat
2022,42,T,,Commissionerate of Commercial Taxes,0,448,24,625,649,80,467,31,0,4,0,40,,27,10183,,,,74,4,102,106,92,7,7,,1,1,commercial taxes,Commissionerate of Commercial Taxes,HOD
2022,42,T,,Registration Department,0,732,202,26417,26619,3248,23063,12,0,0,5,17,,274,384572,,,,78,19,3234,3253,3212,5,36,,1,1,registration,Registration,HOD
2022,43,T,,Tamil Nadu Sales Tax Appellate Tribunal,0,17,0,17,17,0,17,0,0,0,0,0,,0,170,,,,2,0,0,0,0,0,0,,1,1,sales tax appellate tribunal,Tamil Nadu Sales Tax Appellate Tribunal,Body/Corporation
2022,43,T,,Total,1,1210,233,28113,28346,4236,23671,46,0,4,5,69,,315,405877,,,,158,26,3603,3629,3569,14,46,,1,1,total,Total,HOD
2022,43,T,,"Co-operation, Food and Consumer Protection Department, Secretariat",0,8,0,727,727,632,87,1,0,0,0,7,,0,96,,,,3,0,61,61,53,8,0,,1,1,co operation food consumer protection secretariat,"Co-operation, Food and Consumer Protection Department, Secretariat",Secretariat
2022,43,T,,Registrar of Co-operative Societies,0,633,125,7069,7194,2474,4467,23,0,3,2,87,,138,2580,,,,64,29,1084,1113,1061,8,44,,1,1,registrar co operative societies,Registrar of Co-operative Societies,HOD
2022,43,T,,Commissioner of Civil Supplies and Consumer Protection,0,23,0,605,605,267,329,1,0,0,1,7,,0,2135,,,,22,0,86,86,86,0,0,,1,1,commissioner civil supplies consumer protection,Commissioner of Civil Supplies and Consumer Protection,HOD
2022,43,T,,Tamil Nadu Civil Supplies Corporation,0,55,39,1099,1138,96,877,31,0,7,0,21,,106,2808,,,,40,7,132,139,118,1,20,,1,1,commissioner civil supplies consumer protection,Commissioner of Civil Supplies and Consumer Protection,Body/Corporation
2022,43,T,,Tamil Nadu Warehousing Corporation,0,1,1,18,19,0,18,0,0,0,0,1,,0,0,,,,1,0,1,1,1,0,0,,1,1,warehousing,Tamil Nadu Warehousing Corporation,Body/Corporation
2022,43,T,,State Consumer Disputes Redressal Commission,0,32,0,206,206,11,195,0,0,0,0,0,,0,0,,,,1,0,24,24,24,0,0,,1,1,state consumer disputes redressal commission,State Consumer Disputes Redressal Commission,Body/Corporation
2022,43,T,,Tamil Nadu State Cooperative Socities Election Commission,0,1,0,14,14,4,10,0,0,0,0,0,,0,0,,,,1,0,1,1,1,0,0,,1,1,state cooperative socities election commission,Tamil Nadu State Cooperative Socities Election Commission,Body/Corporation
2022,43,T,,Total,1,753,165,9738,9903,3484,5983,56,0,10,3,123,,244,7619,,,,132,36,1389,1425,1344,17,64,,1,1,total,Total,HOD
2022,43,T,,"Energy Department, Secretariat",0,6,0,518,518,483,34,0,0,0,0,1,,0,5180,,,,3,0,97,97,97,0,0,,1,1,energy secretariat,"Energy Department, Secretariat",Secretariat
2022,44,T,,Tamil Nadu Generation and Distribution Corporation Limited,0,275,89,7118,7207,508,6490,18,0,6,11,66,,108,59621,,,,85,80,1202,1282,1107,57,118,,1,1,generation distribution,Tamil Nadu Generation and Distribution Corporation Limited,Body/Corporation
2022,44,T,,Tamil Nadu Energy Development Agency,0,1,0,46,46,22,24,0,0,0,0,0,,0,120,,,,1,0,0,0,0,0,0,,1,1,energy development agency,Tamil Nadu Energy Development Agency,Body/Corporation
2022,44,T,,Electrical Inspectorate,0,25,12,132,144,0,137,0,0,0,0,0,,7,1340,,,,1,1,18,19,18,1,0,,1,1,electrical inspectorate,Electrical Inspectorate,HOD
2022,44,T,,Tamil Nadu Electricity Regulatory Commission,0,1,0,146,146,27,119,0,0,0,0,0,,0,1286,,,,1,0,12,12,12,0,0,,1,1,electricity regulatory commission,Tamil Nadu Electricity Regulatory Commission,Body/Corporation
2022,44,T,,Tamil Nadu Power Finance and Infrastructure Development Corporation Limited,0,1,0,25,25,0,25,0,0,0,0,0,,0,0,,,,0,0,0,0,0,0,0,,1,1,power finance infrastructure development,Tamil Nadu Power Finance and Infrastructure Development Corporation Limited,Body/Corporation
2022,44,T,,Total,1,309,101,7985,8086,1040,6829,18,0,6,11,67,,115,67547,,,,91,81,1329,1410,1234,58,118,,1,1,total,Total,HOD
2022,44,T,,"Environment , Forest and Climate Change, Secretariat",0,7,0,320,320,269,38,4,0,0,0,9,,0,230,,,,4,0,36,36,36,0,0,,1,1,environment,Directorate of Environment,Secretariat
2022,44,T,,Tamil Nadu Forest Department,0,1,129,373,502,151,237,0,0,0,0,16,,98,3570,,,,1,12,71,83,77,0,6,,1,1,forests,Tamil Nadu Forests Department,HOD
2022,44,T,,Tamil Nadu Pollution Control Board,0,74,0,2621,2621,10,2607,0,0,0,0,0,,4,108404,,,,1,0,338,338,338,0,0,,1,1,pollution control board,Tamil Nadu Pollution Control Board,Body/Corporation
2022,44,T,,Directorate of Environment and Climate Change,0,1,0,68,68,0,66,0,0,0,0,0,,2,7826,,,,1,0,3,3,3,0,0,,1,1,environment,Directorate of Environment,HOD
2022,44,T,,Tamil Nadu Forest Plantation Corporation Limited,0,7,0,31,31,20,11,0,0,0,0,0,,0,310,,,,7,0,0,0,0,0,0,,1,1,forest plantation,Tamil Nadu Forest Plantation Corporation Limited,Body/Corporation
2022,45,T,,Arasu Rubber Corporation Limited,0,1,2,34,36,0,35,0,0,0,0,0,,1,290,,,,1,0,8,8,7,0,1,,1,1,arasu rubber,Arasu Rubber Corporation Limited,Body/Corporation
2022,45,T,,The Tamil Nadu Tea Plantation Corporation Ltd,0,1,0,52,52,1,50,0,0,0,0,0,,1,674,,,,1,0,4,4,4,0,0,,1,1,tea plantation,The Tamil Nadu Tea Plantation Corporation Limited,Body/Corporation
2022,45,T,,Tamil Nadu Bio-Diversity Board,0,1,0,8,8,0,8,0,0,0,0,0,,0,100,,,,1,0,0,0,0,0,0,,1,1,bio diversity board,Tamil Nadu Bio-Diversity Board,Body/Corporation
2022,45,T,,Total,1,93,131,3507,3638,451,3052,4,0,0,0,25,,106,121404,,,,17,12,460,472,465,0,7,,1,1,total,Total,HOD
2022,45,T,,"Finance Department, Secretariat",0,1,3,1392,1395,424,947,0,0,0,0,22,,2,20022,,,,1,0,116,116,114,2,0,,1,1,finance secretariat,"Finance Department, Secretariat",Secretariat
2022,45,T,,Commissionerate of Treasuries and Accounts,0,54,29,1832,1861,175,1593,0,0,0,0,27,,66,18320,,,,13,0,204,204,170,19,15,,1,1,treasuries accounts,Commissionerate of Treasuries and Accounts,HOD
2022,45,T,,Co-operative Audit Department,0,41,8,136,144,8,125,0,0,0,0,4,,7,4556,,,,8,0,18,18,10,7,1,,1,1,co operative audit,Co-operative Audit Department,HOD
2022,45,T,,Commissionerate of Small Savings,0,16,0,5,5,0,5,0,0,0,0,0,,0,0,,,,16,0,0,0,0,0,0,,1,1,small savings,Small Savings,HOD
2022,45,T,,Directorate of Local Fund Audit,0,69,28,516,544,6,482,0,0,0,0,0,,56,4640,,,,9,2,51,53,52,0,1,,1,1,local fund audit,Directorate of Local Fund Audit,HOD
2022,45,T,,State Government Audit,0,38,3,26,29,1,26,0,0,0,0,1,,1,296,,,,1,0,10,10,9,0,1,,1,1,state audit,State Government Audit,HOD
2022,45,T,,Commissionerate of Government Data Centre,0,1,0,59,59,6,50,0,0,0,0,0,,3,590,,,,1,0,2,2,2,0,0,,1,1,data centre,State Ground Water and Surface Water Resources Data Centre,HOD
2022,45,T,,Directorate of Pension,0,1,0,131,131,48,62,0,0,0,0,21,,0,1992,,,,1,0,19,19,13,6,0,,1,1,pension,Directorate of Pension,HOD
2022,45,T,,Directorate of Audit for Milk Cooperative,0,6,0,14,14,2,11,0,0,0,0,1,,0,1458,,,,1,0,2,2,2,0,0,,1,1,audit for milk co operatives,Directorate of Audit for Milk Cooperative,HOD
2022,46,T,,Hindu Religious Institutions Audit Department,0,30,2,35,37,7,27,0,1,0,0,0,,2,10,,,,1,0,4,4,4,0,0,,1,1,hindu religious institutions audit,Hindu Religious Institutions Audit Department,HOD
2022,46,T,,Total,1,257,73,4146,4219,677,3328,0,1,0,0,76,,137,51884,,,,52,2,426,428,376,34,18,,1,1,total,Total,HOD
2022,46,T,,"Handlooms, Handicrafts, Textiles and Khadi Department, Secretariat",0,3,0,74,74,63,9,0,0,1,0,1,,0,700,,,,1,0,8,8,4,4,0,,1,1,handlooms handicrafts textiles khadi secretariat,"Handlooms, Handicrafts, Textiles and Khadi Department, Secretariat",Secretariat
2022,46,T,,Commissioner of Handlooms,0,30,2,367,369,62,288,5,0,0,0,4,,10,2971,,,,30,0,66,66,49,9,8,,1,1,commissioner handlooms,Commissioner of Handlooms,HOD
2022,46,T,,Commissioner of Textiles,0,13,1,135,136,10,111,0,0,0,0,12,,3,870,,,,13,0,24,24,24,0,0,,1,1,commissioner textiles,Commissioner of Textiles,HOD
2022,46,T,,Directorate of Sericulture,0,40,2,82,84,3,73,3,1,1,0,3,,0,2402,,,,34,3,22,25,23,1,1,,1,1,sericulture,Directorate of Sericulture,HOD
2022,46,T,,Tamil Nadu Handicrafts Development Corporation,0,1,0,13,13,0,13,0,0,0,0,0,,0,0,,,,1,0,0,0,0,0,0,,1,1,handicrafts development,Tamil Nadu Handicrafts Development Corporation,Body/Corporation
2022,46,T,,Co-optex,0,12,0,66,66,0,66,0,0,0,0,0,,0,0,,,,12,0,2,2,2,0,0,,1,1,co optex,Co-optex,HOD
2022,46,T,,Tamil Nadu Khadi Village Industries Board,0,8,0,38,38,0,38,0,0,0,0,0,,0,108,,,,1,0,0,0,0,0,0,,1,1,khadi village industries board,Tamil Nadu Khadi Village Industries Board,Body/Corporation
2022,46,T,,Tamil Nadu Palm Product Development Board,0,1,0,13,13,4,9,0,0,0,0,0,,0,100,,,,1,0,4,4,4,0,0,,1,1,palm product development board,Tamil Nadu Palm Product Development Board,Body/Corporation
2022,46,T,,Total,1,108,5,788,793,142,607,8,1,2,0,20,,13,7151,,,,93,3,126,129,106,14,9,,1,1,total,Total,HOD
2022,46,T,,"Health and Family Welfare Department, Secretariat",0,31,0,1467,1467,1185,240,21,0,0,0,21,,0,2016,,,,7,0,131,131,123,8,0,,1,1,family welfare,"Health and Family Welfare Department, Secretariat",Secretariat
2022,46,T,,Directorate of Medical Education,0,80,115,3847,3962,174,3249,156,40,14,0,122,,207,16266,,,,92,6,228,234,176,58,0,,1,1,director medical education,Director of Medical Education,HOD
2022,47,T,,Directorate of Medical and Rural Health Services,0,336,140,4058,4198,1359,2529,25,15,13,0,172,,85,18020,,,,129,32,311,343,293,8,42,,1,1,medical rural health services esi,Directorate of Medical and Rural Health Services (ESI),HOD
2022,47,T,,Directorate of Public Health and Preventive Medicine,0,46,50,2395,2445,621,1464,25,2,2,0,8,,323,730,,,,46,10,105,115,93,4,18,,1,1,public health preventive medicine,Public Health and Preventive Medicine,HOD
2022,47,T,,Directorate of Medical and Rural Health Services (ESI),0,237,0,119,119,19,93,7,0,0,0,0,,0,810,,,,7,0,7,7,7,0,0,,1,1,medical rural health services esi,Directorate of Medical and Rural Health Services (ESI),HOD
2022,47,T,,Directorate of Family Welfare,0,5,0,29,29,14,15,0,0,0,0,0,,0,110,,,,2,0,4,4,4,0,0,,1,1,family welfare,"Health and Family Welfare Department, Secretariat",HOD
2022,47,T,,Directorate of Indian Medicine and Homeopathy,0,32,0,291,291,14,271,6,0,0,0,0,,0,2910,,,,32,0,27,27,27,0,0,,1,1,indian medicine homoeopathy,Directorate of Indian Medicine and Homoeopathy,HOD
2022,47,T,,Commissionerate of Food Safety and Drug Administration,0,39,30,995,1025,131,851,12,9,2,1,0,,19,0,,,,1,0,27,27,26,0,1,,1,1,commissioner food safety drug administration,Commissioner of Food Safety and Drug Administration,HOD
2022,47,T,,Tamil Nadu Medical Services Corporation Limited,0,1,4,99,103,3,97,3,0,0,0,0,,0,0,,,,1,0,3,3,3,0,0,,1,1,medical services,Tamil Nadu Medical Services Corporation Limited,Body/Corporation
2022,47,T,,Tamil Nadu Health Systems Project,0,3,0,85,85,84,1,0,0,0,0,0,,0,530,,,,1,0,16,16,16,0,0,,1,1,health systems project,Tamil Nadu Health Systems Project,HOD
2022,47,T,,Tamil Nadu State Health Transport Department,0,8,2,15,17,0,17,0,0,0,0,0,,0,296,,,,1,0,6,6,6,0,0,,1,1,state health transport,Tamil Nadu State Health Transport Department,HOD
2022,47,T,,Directorate of Drugs Control,0,28,10,372,382,44,334,0,0,0,0,0,,4,2340,,,,28,0,19,19,19,0,0,,1,1,drugs control,Directorate of Drugs Control,HOD
2022,47,T,,Medical Service Recruitment Board (MRB),0,1,0,160,160,18,142,0,0,0,0,0,,0,1265,,,,1,0,17,17,17,0,0,,1,1,medical service recruitment board mrb,Medical Service Recruitment Board (MRB),Body/Corporation
2022,47,T,,National Health Mission,0,1,0,72,72,29,43,0,0,0,0,0,,0,0,,,,1,0,3,3,3,0,0,,1,1,national health mission,National Health Mission,HOD
2022,48,T,,Tamil Nadu AIDS Control Society,0,1,0,37,37,0,37,0,0,0,0,0,,0,370,,,,1,0,0,0,0,0,0,,1,1,aids control society,Tamil Nadu AIDS Control Society,Body/Corporation
2022,48,T,,Tamil Nadu State Blindness Control Society,0,1,0,18,18,0,18,0,0,0,0,0,,0,134,,,,1,0,5,5,5,0,0,,1,1,state blindness control society,Tamil Nadu State Blindness Control Society,Body/Corporation
2022,48,T,,Tamil Nadu Medical Plant Corporation Limited,0,1,0,10,10,0,10,0,0,0,0,0,,0,0,,,,0,0,0,0,0,0,0,,1,1,medical plant,Tamil Nadu Medical Plant Corporation Limited,Body/Corporation
2022,48,T,,Total,1,851,351,14069,14420,3695,9411,255,66,31,1,323,,638,45797,,,,351,48,909,957,818,78,61,,1,1,total,Total,HOD
2022,48,T,,"Higher Education Department, Secretariat",0,5,0,881,881,567,287,0,0,0,0,27,,0,11278,,,,3,0,86,86,83,3,0,,1,1,higher education secretariat,"Higher Education Department, Secretariat",Secretariat
2022,48,T,,Directorate of Technical Education,0,1,0,639,639,52,540,3,0,0,0,42,,2,6252,,,,1,0,126,126,126,0,0,,1,1,state council for technical education,Tamil Nadu State Council for Technical Education,HOD
2022,48,T,,Directorate of Collegiate Education,0,179,0,1632,1632,28,1582,0,0,0,0,12,,10,8265,,,,10,0,21,21,21,0,0,,1,1,collegiate education,Directorate of Collegiate Education,HOD
2022,48,T,,Tamil Nadu Archives and Historical Research,0,11,0,13535,13535,1848,11687,0,0,0,0,0,,0,45756,,,,1,4,409,413,409,0,4,,1,1,archives historical research,Tamil Nadu Archives and Historical Research,HOD
2022,48,T,,Tamil Nadu Science and Technology Centre,0,4,0,7,7,0,7,0,0,0,0,0,,0,0,,,,1,0,0,0,0,0,0,,1,1,science technology centre,Tamil Nadu Science and Technology Centre,HOD
2022,48,T,,Science City,0,1,0,4,4,0,4,0,0,0,0,0,,0,10,,,,1,0,1,1,1,0,0,,1,1,science city,Science City,HOD
2022,48,T,,Tamil Nadu State Council for Science and Technology,0,1,0,2,2,0,2,0,0,0,0,0,,0,0,,,,1,0,0,0,0,0,0,,1,1,state council for science technology,Tamil Nadu State Council for Science and Technology,HOD
2022,48,T,,Tamil Nadu State Council for Higher Education,0,1,0,124,124,7,117,0,0,0,0,0,,0,0,,,,1,0,1,1,1,0,0,,1,1,state council for higher education,Tamil Nadu State Council for Higher Education,HOD
2022,49,T,,Tamil Nadu State Council for Technical Education,0,1,0,0,0,0,0,0,0,0,0,0,,0,0,,,,1,0,0,0,0,0,0,,1,1,state council for technical education,Tamil Nadu State Council for Technical Education,HOD
2022,49,T,,University of Madras,0,3,18,572,590,11,546,7,0,1,0,4,,21,4117,,,,1,6,49,55,50,0,5,,1,1,university madras,University of Madras,Body/Corporation
2022,49,T,,Madurai Kamaraj University,0,1,2698,673,3371,20,318,0,0,0,0,14,,3019,8960,,,,1,267,128,395,86,0,309,,1,1,madurai kamaraj university,Madurai Kamaraj University,Body/Corporation
2022,49,T,,Bharathiar University,0,57,0,210,210,78,132,0,0,0,0,0,,0,1320,,,,4,0,4,4,4,0,0,,1,1,bharathiar university,Bharathiar University,Body/Corporation
2022,49,T,,Bharathidasan University,0,1,25,226,251,6,205,0,0,0,0,2,,38,1932,,,,1,18,30,48,27,0,21,,1,1,bharathiar university,Bharathiar University,Body/Corporation
2022,49,T,,Manonmaniam Sundaranar University,0,1,32,350,382,0,318,0,0,0,0,21,,43,3500,,,,1,4,39,43,35,0,8,,1,1,manonmaniam sundaranar university,Manonmaniam Sundaranar University,Body/Corporation
2022,49,T,,Periyar University,0,1,364,443,807,13,462,31,0,0,0,0,,301,2680,,,,1,35,166,201,181,13,7,,1,1,periyar university,Periyar University,Body/Corporation
2022,49,T,,Thiruvalluvar University,0,1,37,76,113,0,39,0,0,0,0,0,,74,0,,,,4,0,4,4,0,0,4,,1,1,thiruvalluvar university,Thiruvalluvar University,Body/Corporation
2022,49,T,,Mother Teresa Women's University,0,1,6,111,117,0,113,0,0,0,0,0,,4,0,,,,1,2,2,4,4,0,0,,1,1,mother teresa women s university,Mother Teresa Women's University,Body/Corporation
2022,49,T,,Tamil Nadu Open University,0,1,0,116,116,0,116,0,0,0,0,0,,0,1160,,,,1,0,4,4,4,0,0,,1,1,open university,Tamil Nadu Open University,Body/Corporation
2022,49,T,,Anna University,0,1,188,630,818,30,495,2,0,0,0,58,,233,16821,,,,1,77,115,192,94,0,98,,1,1,anna university,Anna University,Body/Corporation
2022,49,T,,Tamil Nadu Teachers Education University,0,3,0,70,70,1,69,0,0,0,0,0,,0,700,,,,1,0,4,4,3,1,0,,1,1,teachers education university,Tamil Nadu Teachers Education University,Body/Corporation
2022,49,T,,Annamalai University,0,3,0,617,617,7,568,35,0,0,0,0,,7,1610,,,,3,0,46,46,46,0,0,,1,1,annamalai university,Annamalai University,Body/Corporation
2022,49,T,,Alagappa University,0,1,0,164,164,0,155,6,0,0,0,3,,0,1120,,,,1,0,17,17,15,2,0,,1,1,alagappa university,Alagappa University,Body/Corporation
2022,49,T,,Total,1,279,3368,21082,24450,2668,17762,84,0,1,0,183,,3752,115481,,,,41,413,1252,1665,1190,19,456,,1,1,total,Total,HOD
2022,50,T,,"Highways and Minor Ports Department, Secretariat",0,5,0,493,493,418,63,1,1,0,0,10,,0,2658,,,,2,0,57,57,57,0,0,,1,1,highways minor ports secretariat,"Highways and Minor Ports Department, Secretariat",Secretariat
2022,50,T,,Directorate of Highways,0,160,65,5168,5233,1215,3893,36,3,3,0,22,,61,43938,,,,50,4,371,375,354,12,9,,1,1,highways minor ports secretariat,"Highways and Minor Ports Department, Secretariat",HOD
2022,50,T,,Tamil Nadu Maritime Board,0,1,0,12,12,4,8,0,0,0,0,0,,0,80,,,,1,0,0,0,0,0,0,,1,1,maritime board,Tamil Nadu Maritime Board,Body/Corporation
2022,50,T,,Poompuhar Shipping Corporation,0,2,0,3,3,0,3,0,0,0,0,0,,0,20,,,,2,0,0,0,0,0,0,,1,1,poompuhar shipping,Poompuhar Shipping Corporation,Body/Corporation
2022,50,T,,Tamil Nadu Road Development CompanyLtd.,0,1,3,57,60,10,44,1,0,0,0,0,,5,0,,,,1,0,5,5,5,0,0,,1,1,road development company,Tamil Nadu Road Development Company Ltd.,Body/Corporation
2022,50,T,,Tamil Nadu Road Infrastructure Development Corporation,0,2,0,13,13,0,13,0,0,0,0,0,,0,0,,,,0,0,0,0,0,0,0,,1,1,road infrastructure development,Tamil Nadu Road Infrastructure Development Corporation,Body/Corporation
2022,50,T,,Total,1,171,68,5746,5814,1647,4024,38,4,3,0,32,,66,46696,,,,56,4,433,437,416,12,9,,1,1,total,Total,HOD
2022,50,T,,"Home Prohibition and Excise Department, Secretariat",0,50,0,1661,1661,1321,317,5,0,0,6,12,,0,17138,,,,50,0,175,175,172,3,0,,1,1,prohibition excise,Home Department Prohibition and Excise Wing,Secretariat
2022,50,T,,Home Department Prohibition and Excise Wing,0,14,0,134,134,109,25,0,0,0,0,0,,0,1340,,,,4,0,24,24,24,0,0,,1,1,prohibition excise,Home Department Prohibition and Excise Wing,HOD
2022,50,T,,Tamil Nadu State Marketing Corporation,0,44,38,2388,2426,16,2225,4,0,0,0,8,,173,17841,,,,6,0,416,416,404,8,4,,1,1,state marketing,Tamil Nadu State Marketing Corporation Limited,Body/Corporation
2022,50,T,,Commissionerate of Prohibition and Excise,0,5,0,74,74,29,45,0,0,0,0,0,,0,390,,,,5,0,5,5,5,0,0,,1,1,prohibition excise,Home Department Prohibition and Excise Wing,HOD
2022,50,T,,State Advisory Board,0,1,0,5,5,0,5,0,0,0,0,0,,0,0,,,,0,0,0,0,0,0,0,,1,1,state advisory board,State Advisory Board,Body/Corporation
2022,50,T,,Police Department,0,149,1543,48412,49955,2952,41557,1294,6,253,516,1160,,2217,512714,,,,97,290,5890,6180,5237,746,197,,1,1,police,Police Department,HOD
2022,51,T,,Tamil Nadu Police Housing Corporation,0,9,7,34,41,0,38,0,0,0,0,0,,3,0,,,,4,0,4,4,4,0,0,,1,1,police housing,Tamil Nadu Police Housing Corporation,Body/Corporation
2022,51,T,,Tamil Nadu Uniform Services Recruitment Board,0,1,8,357,365,47,292,9,0,0,0,14,,3,452,,,,1,0,29,29,29,0,0,,1,1,uniformed services recruitment board,Tamil Nadu Uniformed Services Recruitment Board,Body/Corporation
2022,51,T,,Prisons Department,0,28,18,1900,1918,568,1201,76,6,16,9,9,,33,16728,,,,7,0,89,89,88,1,0,,1,1,prisons,Prisons Department,HOD
2022,51,T,,Transport Commissionerate,0,159,49,6877,6926,556,6215,32,0,5,0,6,,112,37554,,,,159,1,298,299,251,4,44,,1,1,metropolitan transport,"Metropolitan Transport Corporation (Chennai) Ltd.,",HOD
2022,51,T,,"Principal Seat of High Court of Madras Madurai Bench of Madras High Court, Madurai",0,2,90,2243,2333,522,1733,0,0,0,0,0,,78,19849,,,,1,56,709,765,706,0,59,,1,1,madurai bench madras high court madurai,"Madurai Bench of Madras High Court, Madurai",Body/Corporation
2022,51,T,,Government Litigations,0,14,4,23,27,3,13,0,0,0,0,0,,11,160,,,,1,0,0,0,0,0,0,,1,1,litigations,Government Litigations,HOD
2022,51,T,,Directorate of Prosecution,0,28,1,93,94,9,83,0,0,0,0,0,,2,630,,,,1,0,15,15,12,0,3,,1,1,prosecution,Directorate of Prosecution,HOD
2022,51,T,,Fire and Rescue Services Department,0,45,68,1037,1105,64,567,0,0,0,0,0,,474,7147,,,,40,4,53,57,57,0,0,,1,1,fire rescue services,Fire and Rescue Services Department,HOD
2022,51,T,,Forensic Sciences Department,0,11,2,93,95,0,83,0,0,0,0,12,,0,655,,,,1,2,13,15,15,0,0,,1,1,forensic sciences,Forensic Sciences Department,HOD
2022,51,T,,Total,1,560,1828,65331,67159,6196,54399,1420,12,274,531,1221,,3106,632598,,,,377,353,7720,8073,7004,762,307,,1,1,total,Total,HOD
2022,51,T,,"Human Resources Management Department, Secretariat",0,16,8,1733,1741,457,1241,1,0,0,0,42,,0,12491,,,,8,0,142,142,141,1,0,,1,1,human resources management secretariat,"Human Resources Management Department, Secretariat",Secretariat
2022,51,T,,Tamil Nadu Public Service Commission,0,28,0,2228,2228,81,2125,10,0,0,0,12,,0,74521,,,,6,0,123,123,109,14,0,,1,1,public service commission,Tamil Nadu Public Service Commission,Body/Corporation
2022,52,T,,Directorate of Vigilance and Anti-Corruption,0,1,36,516,552,12,472,43,0,0,0,0,,25,4953,,,,1,5,88,93,79,7,7,,1,1,vigilance anti corruption,Directorate of Vigilance and Anti Corruption,HOD
2022,52,T,,"Commissioner for Disciplinary Proceedings, Chennai",0,1,0,0,0,0,0,0,0,0,0,0,,0,0,,,,1,0,0,0,0,0,0,,1,1,commissioner for disciplinary proceedings,"Commissioner for Disciplinary Proceedings, Chennai",HOD
2022,52,T,,"Commissioner for Disciplinary Proceedings, Tiruchirappalli",0,1,0,0,0,0,0,0,0,0,0,0,,0,0,,,,1,0,0,0,0,0,0,,1,1,commissioner for disciplinary proceedings,"Commissioner for Disciplinary Proceedings, Chennai",HOD
2022,52,T,,"Commissioner for Disciplinary Proceedings, Madurai",0,1,0,0,0,0,0,0,0,0,0,0,,0,0,,,,1,0,0,0,0,0,0,,1,1,commissioner for disciplinary proceedings,"Commissioner for Disciplinary Proceedings, Chennai",HOD
2022,52,T,,"Commissioner for Disciplinary Proceedings, Coimbatore",0,1,0,0,0,0,0,0,0,0,0,0,,0,0,,,,1,0,0,0,0,0,0,,1,1,commissioner for disciplinary proceedings,"Commissioner for Disciplinary Proceedings, Chennai",HOD
2022,52,T,,"Commissioner for Disciplinary Proceedings, Tirunelveli",0,1,0,0,0,0,0,0,0,0,0,0,,0,0,,,,1,0,0,0,0,0,0,,1,1,commissioner for disciplinary proceedings,"Commissioner for Disciplinary Proceedings, Chennai",HOD
2022,52,T,,"Commissioner for Disciplinary Proceedings, Nagarcoil",0,1,0,0,0,0,0,0,0,0,0,0,,0,0,,,,1,0,0,0,0,0,0,,1,1,commissioner for disciplinary proceedings,"Commissioner for Disciplinary Proceedings, Chennai",HOD
2022,52,T,,Tamil Nadu Lokayukta,0,1,0,9,9,0,9,0,0,0,0,0,,0,50,,,,1,0,0,0,0,0,0,,1,1,lokayukta,Tamil Nadu Lokayukta,HOD
2022,52,T,,Director General of Training,0,1,0,5,5,0,3,0,0,0,0,0,,2,20,,,,1,0,1,1,1,0,0,,1,1,director general training,Director General of Training,HOD
2022,52,T,,A & B wing foundational course Training Institute,0,1,0,0,0,0,0,0,0,0,0,0,,0,0,,,,1,0,0,0,0,0,0,,1,1,a b wing foundational course training institute,A & B wing foundational course Training Institute,Body/Corporation
2022,52,T,,All India Civil Services Coaching Centre,0,1,0,4,4,0,3,1,0,0,0,0,,0,0,,,,1,0,1,1,1,0,0,,1,1,all india civil services coaching centre,All India Civil Services Coaching Centre,HOD
2022,52,T,,"Civil Service Training Institute, Bhavanisagar",0,1,0,18,18,0,18,0,0,0,0,0,,0,180,,,,1,0,1,1,1,0,0,,1,1,civil service training institute,Civil Service Training Institute,Body/Corporation
2022,52,T,,Anna Administrative Staff College,0,1,0,7,7,0,7,0,0,0,0,0,,0,10,,,,1,0,2,2,1,1,0,,1,1,anna administrative staff college,Anna Administrative Staff College,HOD
2022,53,T,,Competitive Examination Coaching Centre,0,1,0,0,0,0,0,0,0,0,0,0,,0,0,,,,1,0,0,0,0,0,0,,1,1,competitive exam coaching centre,Competitive Exam Coaching Centre,HOD
2022,53,T,,Total,1,58,44,4520,4564,550,3878,55,0,0,0,54,,27,92225,,,,28,5,358,363,333,23,7,,1,1,total,Total,HOD
2022,53,T,,"Housing and Urban Development Department, Secretariat",0,7,0,502,502,370,132,0,0,0,0,0,,0,4781,,,,5,0,20,20,20,0,0,,1,1,housing urban development secretariat,"Housing and Urban Development Department, Secretariat",Secretariat
2022,53,T,,Directorate of Town and Country Planning,0,49,50,3071,3121,335,2786,0,0,0,0,0,,0,73838,,,,49,19,274,293,288,0,5,,1,1,town country planning,Directorate of Town and Country Planning,HOD
2022,53,T,,Chennai Metropolitan Development Authority,0,22,65,1972,2037,59,1978,0,0,0,0,0,,0,57520,,,,0,4,249,253,248,0,5,,1,1,metropolitan development authority,Chennai Metropolitan Development Authority,Body/Corporation
2022,53,T,,Registrar of Co-operative Societies (Housing),0,12,7,405,412,153,236,13,0,1,0,2,,7,4154,,,,12,0,51,51,48,3,0,,1,1,registrar co operative societies,Registrar of Co-operative Societies,HOD
2022,53,T,,Tamil Nadu Urban Habitat Development Board,0,57,20,747,767,16,557,0,0,0,0,0,,194,7430,,,,34,9,140,149,70,0,79,,1,1,urban habitat development board,Tamil Nadu Urban Habitat Development Board,Body/Corporation
2022,53,T,,Tamil Nadu Housing Board,0,32,10,2169,2179,36,1919,38,0,0,0,0,,186,7652,,,,32,8,309,317,317,0,0,,1,1,housing board,Tamil Nadu Housing Board,Body/Corporation
2022,53,T,,Total,1,179,152,8866,9018,969,7608,51,0,1,0,2,,387,155375,,,,132,40,1043,1083,991,3,89,,1,1,total,Total,HOD
2022,53,T,,"Industries, Investment Promotion and Commerce Department, Secretariat",0,12,0,201,201,141,49,7,0,0,0,4,,0,40,,,,14,0,13,13,10,3,0,,1,1,industries investment promotion commerce secretariat,"Industries, Investment Promotion and Commerce Department, Secretariat",Secretariat
2022,53,T,,State Industries Promotion Corporation of Tamil Nadu,0,1,4,572,576,41,503,0,0,0,0,22,,10,5500,,,,1,0,17,17,16,0,1,,1,1,state industries promotion,State Industries Promotion Corporation of Tamil Nadu,Body/Corporation
2022,53,T,,Tamil Nadu Industrial Development Corporation,0,2,0,50,50,2,41,7,0,0,0,0,,0,606,,,,1,0,1,1,1,0,0,,1,1,industrial development,Tamil Nadu Industrial Development Corporation,Body/Corporation
2022,54,T,,"Tamil Nadu Industrial Investment Corporation Ltd.,",0,1,9,89,98,1,93,0,0,0,0,0,,4,202,,,,1,0,12,12,12,0,0,,1,1,industrial investment,"Tamil Nadu Industrial Investment Corporation Ltd.,",Body/Corporation
2022,54,T,,"Tamil Nadu Salt Corporation Ltd.,",0,1,0,7,7,0,6,1,0,0,0,0,,0,0,,,,1,0,3,3,3,0,0,,1,1,salt,"Tamil Nadu Salt Corporation Ltd.,",Body/Corporation
2022,54,T,,"Tamil Nadu Newsprint and Papers Ltd.,",0,3,2,34,36,0,30,1,0,0,0,4,,1,210,,,,3,0,2,2,2,0,0,,1,1,newsprint papers,"Tamil Nadu Newsprint and Papers Ltd.,",Body/Corporation
2022,54,T,,"Tamil Nadu Cements Corporation, Ltd.,",0,10,0,50,50,0,50,0,0,0,0,0,,0,0,,,,8,0,8,8,0,8,0,,1,1,cements,Tamil Nadu Cements Corporation,Body/Corporation
2022,54,T,,"Tamil Nadu Industrial Explosives Ltd.,",0,1,0,1,1,0,1,0,0,0,0,0,,0,0,,,,1,0,1,1,1,0,0,,1,1,industrial explosives,"Tamil Nadu Industrial Explosives Ltd.,",Body/Corporation
2022,54,T,,Tamil Nadu Magnesite Limited,0,1,0,10,10,0,10,0,0,0,0,0,,0,0,,,,0,0,0,0,0,0,0,,1,1,magnesite,Tamil Nadu Magnesite Limited,Body/Corporation
2022,54,T,,"Tamil Nadu Minerals Ltd.,",0,1,0,13,13,0,13,0,0,0,0,0,,0,100,,,,1,0,1,1,1,0,0,,1,1,minerals,"Tamil Nadu Minerals Ltd.,",Body/Corporation
2022,54,T,,Directorate of Geology and Mining,0,47,71,1670,1741,105,1428,15,11,6,0,26,,150,209872,,,,1,5,216,221,164,44,13,,1,1,geology mining,Directorate of Geology and Mining,HOD
2022,54,T,,Total,1,80,86,2697,2783,290,2224,31,11,6,0,56,,165,216530,,,,32,5,274,279,210,55,14,,1,1,total,Total,HOD
2022,54,T,,"Information Technology and Digital Services Department, Secretariat",0,2,0,94,94,55,33,1,0,0,0,5,,0,768,,,,1,0,10,10,9,1,0,,1,1,information technology digital services secretariat,"Information Technology and Digital Services Department, Secretariat",Secretariat
2022,54,T,,"Electronics Corporation of Tamil Nadu Ltd.,",0,1,0,61,61,3,56,0,2,0,0,0,,0,610,,,,2,0,2,2,2,0,0,,1,1,electronics,"Electronics Corporation of Tamil Nadu Ltd.,",Body/Corporation
2022,54,T,,e-Governance,0,1,0,78,78,19,59,0,0,0,0,0,,0,780,,,,1,0,5,5,5,0,0,,1,1,e governance,e-Governance,HOD
2022,54,T,,Tamil Virtual Academy,0,1,0,1,1,0,1,0,0,0,0,0,,0,0,,,,1,0,0,0,0,0,0,,1,1,virtual academy,Tamil Virtual Academy,HOD
2022,55,T,,Tamil Nadu Arasu Cable TV Corporation Ltd.,0,34,1,69,70,5,44,1,0,1,0,16,,3,734,,,,1,1,12,13,13,0,0,,1,1,arasu cable tv,Tamil Nadu Arasu Cable TV Corporation Ltd.,Body/Corporation
2022,55,T,,Tamil Nadu Fibrenet Corporation Ltd.,0,1,0,2,2,2,0,0,0,0,0,0,,0,0,,,,1,0,0,0,0,0,0,,1,1,fibrenet,Tamil Nadu Fibrenet Corporation Ltd.,Body/Corporation
2022,55,T,,Total,1,40,1,305,306,84,193,2,2,1,0,21,,3,2892,,,,7,1,29,30,29,1,0,,1,1,total,Total,HOD
2022,55,T,,"Labour Welfare and Skill Development Department, Secretariat",0,8,0,537,537,303,225,3,0,1,0,5,,0,956,,,,3,0,21,21,21,0,0,,1,1,labour welfare skill development secretariat,"Labour Welfare and Skill Development Department, Secretariat",Secretariat
2022,55,T,,Commissioner of Labour,0,493,15,1451,1466,105,1320,0,0,2,0,20,,19,20542,,,,48,6,131,137,132,2,3,,1,1,commissionarate labour,Commissionarate of Labour,HOD
2022,55,T,,Directorate of Industrial Safety and Health,0,64,23,822,845,95,726,0,0,0,0,0,,24,5148,,,,35,1,58,59,58,0,1,,1,1,industrial safety health,Directorate of Industrial Safety and Health,HOD
2022,55,T,,Commissionerate of Employment and Training (Employment wing),0,55,33,711,744,62,669,1,0,0,0,0,,12,6574,,,,7,3,38,41,41,0,0,,1,1,employment training employment wing,Commissionerate of Employment and Training (Employment wing),HOD
2022,55,T,,Commissionerate of Employment and Training (Training),0,144,14,240,254,7,239,1,0,3,0,3,,1,3208,,,,45,0,32,32,32,0,0,,1,1,employment training training,Commissionerate of Employment and Training (Training),HOD
2022,55,T,,Directorate of Medical and Rural Health Services (ESI),0,237,0,133,133,19,100,7,0,0,0,7,,0,950,,,,7,0,7,7,7,0,0,,1,1,medical rural health services esi,Directorate of Medical and Rural Health Services (ESI),HOD
2022,55,T,,Total,1,1001,85,3894,3979,591,3279,12,0,6,0,35,,56,37378,,,,145,10,287,297,291,2,4,,1,1,total,Total,HOD
2022,55,T,,"Law Department, Secretariat",0,1,0,504,504,340,97,0,0,0,0,67,,0,1970,,,,1,0,78,78,75,3,0,,1,1,law secretariat,"Law Department, Secretariat",Secretariat
2022,55,T,,Directorate of Legal Studies,0,16,0,153,153,6,147,0,0,0,0,0,,0,1530,,,,2,0,11,11,11,0,0,,1,1,legal studies,Directorate of Legal Studies,HOD
2022,56,T,,"Tamil Nadu Dr.Ambedkar Law University, Chennai",0,1,16,163,179,10,152,0,0,0,0,0,,17,1640,,,,1,0,18,18,17,0,1,,1,1,dr ambedkar law university,"The Tamil Nadu Dr.Ambedkar Law University, Chennai",Body/Corporation
2022,56,T,,"Tamil Nadu National Law School, Tiruchirappalli",0,1,0,22,22,0,10,0,0,0,0,12,,0,90,,,,1,0,1,1,1,0,0,,1,1,national law school tiruchirappalli,"The Tamil Nadu National Law School, Tiruchirappalli.",HOD
2022,56,T,,State Law Commission,0,1,0,0,0,0,0,0,0,0,0,0,,0,0,,,,0,0,0,0,0,0,0,,1,1,state law commission,State Law Commission,Body/Corporation
2022,56,T,,State Official Language (Legislative) Commission,0,1,0,1,1,0,0,0,0,0,0,1,,0,10,,,,1,0,1,1,0,1,0,,1,1,state official language legislative commission,State Official Language (Legislative) Commission,Body/Corporation
2022,56,T,,Total,1,21,16,843,859,356,406,0,0,0,0,80,,17,5240,,,,6,0,109,109,104,4,1,,1,1,total,Total,HOD
2022,56,T,,"Micro, Small and Medium Enterprises Department, Secretariat",0,3,0,75,75,40,34,0,0,1,0,0,,0,748,,,,2,0,7,7,7,0,0,,1,1,micro small medium enterprises secretariat,"Micro, Small and Medium Enterprises Department, Secretariat",Secretariat
2022,56,T,,Commissionerate of Industries and Commerce,0,51,21,323,344,46,248,9,0,0,0,28,,13,4744,,,,48,1,68,69,47,21,1,,1,1,industries commerce,Commissionerate of Industries and Commerce,HOD
2022,56,T,,Tamil Nadu Small Industries Development Corporation Limited,0,5,0,128,128,0,124,1,0,0,0,2,,1,1302,,,,1,0,5,5,5,0,0,,1,1,small industries,Tamil Nadu Small Industries Corporation Limited,Body/Corporation
2022,56,T,,Tamil Nadu Small Industries Corporation Limited,0,1,0,7,7,0,7,0,0,0,0,0,,0,50,,,,1,0,0,0,0,0,0,,1,1,small industries,Tamil Nadu Small Industries Corporation Limited,Body/Corporation
2022,56,T,,Tamil Nadu Entrepreneurship Development and Innovation Institute,0,1,0,6,6,2,4,0,0,0,0,0,,0,60,,,,1,0,0,0,0,0,0,,1,1,entrepreneurship development innovation institute,Tamil Nadu Entrepreneurship Development and Innovation Institute,Body/Corporation
2022,56,T,,Total,1,61,21,539,560,88,417,10,0,1,0,30,,14,6904,,,,53,1,80,81,59,21,1,,1,1,total,Total,HOD
2022,57,T,,"Municipal Administration and Water Supply Department, Secretariat",0,8,1,1337,1338,1220,108,8,0,1,0,1,,0,7000,,,,9,0,125,125,124,0,1,,1,1,municipal administration water supply secretariat,"Municipal Administration and Water Supply Department, Secretariat",Secretariat
2022,57,T,,Greater Chennai Corporation,0,93,336,6340,6676,1135,5112,19,1,2,0,52,,355,5710,,,,47,58,911,969,864,13,92,,1,1,greater,Greater Chennai Corporation,Body/Corporation
2022,57,T,,Directorate of Municipal Administration,0,7,0,1384,1384,1226,158,0,0,0,0,0,,0,5150,,,,1,0,144,144,144,0,0,,1,1,municipal administration water supply secretariat,"Municipal Administration and Water Supply Department, Secretariat",HOD
2022,57,T,,Directorate of Town Panchayats,0,508,14,15529,15543,1132,14383,14,0,1,0,2,,11,7485,,,,18,6,1418,1424,1409,10,5,,1,1,town panchayats,Directorate of Town Panchayats,HOD
2022,57,T,,Tamil Nadu Water Supply and Drainage Board,0,32,0,365,365,3,362,0,0,0,0,0,,0,3184,,,,32,0,13,13,13,0,0,,1,1,water supply drainage board,Tamil Nadu Water Supply and Drainage Board,Body/Corporation
2022,57,T,,Chennai Metropolitan Water Supply and Sewerage Board,0,43,8,878,886,34,839,4,0,0,0,4,,5,9028,,,,21,1,120,121,121,0,0,,1,1,metropolitan water supply sewerage board,Chennai Metropolitan Water Supply and Sewerage Board,Body/Corporation
2022,57,T,,Total,1,691,359,25833,26192,4750,20962,45,1,4,0,59,,371,37557,,,,128,65,2731,2796,2675,23,98,,1,1,total,Total,HOD
2022,57,T,,"Planning, Development and Special Initiatives Department, Secretariat",0,1,0,86,86,75,11,0,0,0,0,0,,0,110,,,,1,0,3,3,3,0,0,,1,1,planning development special initiatives secretariat,"Planning, Development and Special Initiatives Department, Secretariat",Secretariat
2022,57,T,,State Planning Commission,0,1,0,4,4,1,3,0,0,0,0,0,,0,30,,,,1,0,0,0,0,0,0,,1,1,state planning commission,State Planning Commission,Body/Corporation
2022,57,T,,Department of Economics and Statistics,0,1,0,79,79,12,64,2,0,0,0,0,,1,660,,,,1,0,1,1,1,0,0,,1,1,economics statistics,Economics and Statistics,HOD
2022,57,T,,Directorate of Evaluation and Applied Research,0,1,0,1,1,0,1,0,0,0,0,0,,0,10,,,,0,0,0,0,0,0,0,,1,1,evaluation applied research,Directorate of Evaluation and Applied Research,HOD
2022,57,T,,Special Area Development and Programme,0,1,0,2,2,2,0,0,0,0,0,0,,0,0,,,,1,0,0,0,0,0,0,,1,1,special area development programme,Special Area Development and Programme,HOD
2022,58,T,,"Planning, Development and Special Initiatives (SI) Department",0,1,0,11,11,8,3,0,0,0,0,0,,0,442,,,,1,0,0,0,0,0,0,,1,1,planning development special initiatives secretariat,"Planning, Development and Special Initiatives Department, Secretariat",HOD
2022,58,T,,Chennai Metro Rail Ltd.,0,1,0,190,190,11,146,33,0,0,0,0,,0,2044,,,,1,0,16,16,16,0,0,,1,1,metro rail,Chennai Metro Rail Ltd.,Body/Corporation
2022,58,T,,Total,1,7,0,373,373,109,228,35,0,0,0,0,,1,3296,,,,6,0,20,20,20,0,0,,1,1,total,Total,HOD
2022,58,T,,"Public Department, Secretariat",0,17,0,5238,5238,3936,662,0,11,0,10,618,,1,37766,,,,9,0,469,469,452,17,0,,1,1,public secretariat,"Public Department, Secretariat",Secretariat
2022,58,T,,Governor’s Secretariat,0,1,0,316,316,120,196,0,0,0,0,0,,0,0,,,,3,0,58,58,58,0,0,,1,1,governor s secretariat,Governor’s Secretariat,Secretariat
2022,58,T,,Governor’s House Hold Office,0,1,0,36,36,0,35,0,0,0,0,0,,1,2580,,,,1,0,3,3,3,0,0,,1,1,governor s house hold raj bhavan,"Governor’s House Hold Office, Raj Bhavan",HOD
2022,58,T,,State Human Rights Commission,0,1,0,691,691,23,638,0,0,0,0,0,,30,4221,,,,1,0,110,110,108,0,2,,1,1,state human rights commission,State Human Rights Commission,Body/Corporation
2022,58,T,,"State Guest House, Chepauk",0,1,0,0,0,0,0,0,0,0,0,0,,0,0,,,,1,0,0,0,0,0,0,,1,1,state guest house,State Guest House,HOD
2022,58,T,,"Tamil Nadu House, New Delhi",0,1,0,7,7,0,7,0,0,0,0,0,,0,0,,,,1,0,0,0,0,0,0,,1,1,house new delhi,"Tamil Nadu House, New Delhi",HOD
2022,58,T,,"Tamizhagam Guest House, Udhagmandalam",0,1,0,3,3,0,3,0,0,0,0,0,,0,0,,,,1,0,0,0,0,0,0,,1,1,tamizhagam guest house udhagmandalam,"Tamizhagam Guest House, Udhagmandalam",HOD
2022,58,T,,Tamil Nadu Ex-Servicemen Corporation,0,1,0,31,31,0,31,0,0,0,0,0,,0,300,,,,4,0,4,4,4,0,0,,1,1,ex servicemen,Tamil Nadu Ex-Servicemen Corporation,Body/Corporation
2022,58,T,,Directorate of Ex-servicemen’s Welfare,0,31,1,183,184,13,170,0,0,0,0,0,,1,3160,,,,31,0,21,21,21,0,0,,1,1,ex servicemen,Tamil Nadu Ex-Servicemen Corporation,HOD
2022,59,T,,Commissionerate of Rehabilitation,0,3,0,35,35,0,35,0,0,0,0,0,,0,350,,,,1,0,3,3,3,0,0,,1,1,rehabilitation,Commissionerate of Rehabilitation,HOD
2022,59,T,,Overseas Manpower Corporation Limited,0,1,0,2,2,0,2,0,0,0,0,0,,0,20,,,,1,0,0,0,0,0,0,,1,1,overseas manpower,"Overseas Manpower Corporation Ltd.,",Body/Corporation
2022,59,T,,Total,1,59,1,6542,6543,4092,1779,0,11,0,10,618,,33,48397,,,,54,0,668,668,649,17,2,,1,1,total,Total,HOD
2022,59,T,,"Public Works Department, Secretariat",0,7,0,69,69,45,21,3,0,0,0,0,,0,690,,,,2,0,10,10,10,0,0,,1,1,public works secretariat,"Public Works Department, Secretariat",Secretariat
2022,59,T,,Engineer- in-Chief & Chief Engineer (General),0,1,6,217,223,85,112,1,0,0,0,1,,24,1330,,,,1,0,24,24,24,0,0,,1,1,engineer in chief chief engineer general,Engineer- in-Chief & Chief Engineer (General),HOD
2022,59,T,,"Chief Engineer, PWD, Chennai Region",0,40,8,304,312,11,278,0,0,0,0,0,,23,3575,,,,7,0,15,15,9,0,6,,1,1,chief engineer pwd madurai region,"Chief Engineer, PWD, Madurai Region",HOD
2022,59,T,,"Chief Engineer, PWD,Trichy Region",0,15,0,135,135,13,121,0,0,0,0,1,,0,880,,,,11,0,4,4,4,0,0,,1,1,chief engineer pwd madurai region,"Chief Engineer, PWD, Madurai Region",HOD
2022,59,T,,"Chief Engineer, PWD, Coimbatore Region",0,14,6,146,152,14,135,1,0,0,0,0,,2,430,,,,11,0,4,4,4,0,0,,1,1,chief engineer pwd coimbatore region,"Chief Engineer, PWD, Coimbatore Region",HOD
2022,59,T,,"Chief Engineer, PWD, Madurai Region",0,39,2,289,291,45,239,1,0,0,0,0,,6,4302,,,,21,0,20,20,20,0,0,,1,1,chief engineer pwd madurai region,"Chief Engineer, PWD, Madurai Region",HOD
2022,59,T,,"SE (P&D) Circle, PWD",0,4,0,20,20,6,14,0,0,0,0,0,,0,0,,,,1,0,0,0,0,0,0,,1,1,se p d circle pwd,"SE (P&D) Circle, PWD",HOD
2022,59,T,,"Architect, PWD",0,1,0,2,2,0,2,0,0,0,0,0,,0,0,,,,1,0,0,0,0,0,0,,1,1,architect pwd,"Architect, PWD",HOD
2022,59,T,,"Quality Control, PWD",0,3,0,2,2,0,2,0,0,0,0,0,,0,0,,,,0,0,0,0,0,0,0,,1,1,quality control pwd,"Quality Control, PWD",HOD
2022,59,T,,"Directorate of Boilers, PWD",0,10,0,10,10,0,10,0,0,0,0,0,,0,60,,,,1,0,1,1,1,0,0,,1,1,boilers pwd,"Directorate of Boilers, PWD",HOD
2022,59,T,,Total,1,134,22,1194,1216,219,934,6,0,0,0,2,,55,11267,,,,56,0,78,78,72,0,6,,1,1,total,Total,HOD
2022,60,T,,"Revenue and Disaster Management Department, Secretariat",0,13,0,3274,3274,2940,302,0,0,0,0,32,,0,353,,,,7,0,396,396,380,16,0,,1,1,revenue disaster management secretariat,"Revenue and Disaster Management Department, Secretariat",Secretariat
2022,60,T,,"Commissionerate of Revenue Administration, Disaster Management and Mitigation",0,777,3723,144543,148266,45973,95596,581,66,157,61,1781,,4051,1359391,,,,460,419,15147,15566,13810,250,1506,,1,1,revenue administration disaster management mitigation,Revenue Administration Disaster Management and Mitigation,HOD
2022,60,T,,Commissionerate of Land Administration,0,8,5,1100,1105,773,314,1,0,0,0,17,,0,16564,,,,5,0,67,67,62,5,0,,1,1,land administration,Commissionerate of Land Administration,HOD
2022,60,T,,Commissionerate of Land Reforms,0,2,18,394,412,65,321,0,0,0,0,26,,0,0,,,,1,0,20,20,20,0,0,,1,1,land reforms,Commissionerate of Land Reforms,HOD
2022,60,T,,Commissionerate of Survey and Settlement,0,119,154,9453,9607,5158,4247,0,0,0,0,37,,165,374565,,,,45,76,1455,1531,1425,28,78,,1,1,survey settlement,Survey and Settlement,HOD
2022,60,T,,Commissionerate of Urban Land Ceiling and Urban Land Tax,0,8,9,410,419,38,372,0,0,0,0,3,,6,7352,,,,1,1,35,36,36,0,0,,1,1,urban land ceiling urban land tax,Commissionerate of Urban Land Ceiling and Urban Land Tax,HOD
2022,60,T,,Total,1,927,3909,159174,163083,54947,101152,582,66,157,61,1896,,4222,1758225,,,,519,496,17120,17616,15733,299,1584,,1,1,total,Total,HOD
2022,60,T,,"Rural Development and Panchayat Raj Department, Secretariat",0,9,0,1975,1975,1841,115,2,0,0,0,17,,0,16350,,,,4,0,365,365,355,10,0,,1,1,rural development panchayat raj secretariat,"Rural Development and Panchayat Raj Department, Secretariat",Secretariat
2022,60,T,,Directorate of Rural Development and Panchayat Raj,0,1136,3293,42640,45933,5691,32142,65,4,2,0,108,,7921,648124,,,,1020,430,3940,4370,3386,166,818,,1,1,rural development panchayat raj secretariat,"Rural Development and Panchayat Raj Department, Secretariat",HOD
2022,60,T,,Tamil Nadu Corporation for,0,39,13,475,488,82,389,3,3,0,0,0,,11,1848,,,,39,0,78,78,74,2,2,,1,1,for,Tamil Nadu Corporation for,Body/Corporation
2022,61,T,,"Development of Women Ltd.,",0,,,,,,,,,,,,,,,,,,,,,,,,,,,,for development women,Tamil Nadu Corporation for Development of Women,Body/Corporation
2022,61,T,,Tamil Nadu Vaazhndhu Kattuvoom Project,0,1,0,4,4,0,4,0,0,0,0,0,,0,0,,,,1,0,1,1,1,0,0,,1,1,vaazhndhu kattuvoom project,Tamil Nadu Vaazhndhu Kattuvoom Project,HOD
2022,61,T,,Tamil Nadu Coastal Sustainable Livelihood Society,0,0,0,0,0,0,0,0,0,0,0,0,,0,0,,,,0,0,0,0,0,0,0,,1,1,coastal sustainable livelihood society,Tamil Nadu Coastal Sustainable Livelihood Society,Body/Corporation
2022,61,T,,Tamil Nadu State Election Commission,0,1,0,357,357,218,139,0,0,0,0,0,,0,3786,,,,1,0,26,26,26,0,0,,1,1,state election commission,Tamil Nadu State Election Commission,Body/Corporation
2022,61,T,,State Institute of Rural Development,0,1,0,3,3,1,2,0,0,0,0,0,,0,0,,,,0,0,0,0,0,0,0,,1,1,state institute rural development,State Institute of Rural Development,Body/Corporation
2022,61,T,,Total,1,1187,3306,45454,48760,7833,32791,70,7,2,0,125,,7932,670108,,,,1065,430,4410,4840,3842,178,820,,1,1,total,Total,HOD
2022,61,T,,"School Education Department, Secretariat",0,6,0,1716,1716,1312,330,0,0,0,42,32,,0,17562,,,,4,0,201,201,201,0,0,,1,1,school education,Directorate of School Education,Secretariat
2022,61,T,,Commissionerate of School Education,0,1,0,2934,2934,720,2210,4,0,0,0,0,,0,29340,,,,1,0,89,89,89,0,0,,1,1,school education,Directorate of School Education,HOD
2022,61,T,,Directorate of Elementary Education,0,1,0,1063,1063,393,670,0,0,0,0,0,,0,10630,,,,1,0,0,0,0,0,0,,1,1,elementary education,Directorate of Elementary Education,HOD
2022,61,T,,Directorate of Private Schools,0,1,0,304,304,139,165,0,0,0,0,0,,0,3040,,,,1,0,9,9,9,0,0,,1,1,private schools,Directorate of Private Schools,HOD
2022,61,T,,Directorate of Non formal & Adult Education,0,1,0,7,7,0,7,0,0,0,0,0,,0,0,,,,1,0,0,0,0,0,0,,1,1,nonformal adult education,Nonformal & Adult Education,HOD
2022,61,T,,State Council of Educational Research and Training,0,33,0,123,123,24,83,3,0,0,7,6,,0,0,,,,33,0,7,7,7,0,0,,1,1,state council education research training,Directorate of State Council of Education Research and Training,HOD
2022,61,T,,Directorate of Government Examinations,0,9,0,385,385,21,364,0,0,0,0,0,,0,5814,,,,2,0,47,47,47,0,0,,1,1,examinations,Directorate of Government Examinations,HOD
2022,62,T,,Directorate of Public Libraries,0,35,0,833,833,0,833,0,0,0,0,0,,0,9794,,,,35,0,69,69,69,0,0,,1,1,public libraries,Directorate of Public Libraries,HOD
2022,62,T,,Tamil Nadu Text Book and Educational Services Corporation,0,1,0,13,13,0,13,0,0,0,0,0,,0,0,,,,0,0,0,0,0,0,0,,1,1,text book educational services,Tamil Nadu Text Book and Educational Services Corporation,Body/Corporation
2022,62,T,,Teachers Recruitment Board,0,11,400,993,1393,22,711,0,0,0,0,0,,660,9130,,,,4,71,52,123,54,0,69,,1,1,teachers recruitment board,Teachers Recruitment Board,Body/Corporation
2022,62,T,,State Project Directorate of Samagra Shiksha Abhiyan,0,38,8,162,170,14,140,0,0,0,0,0,,16,0,,,,38,0,20,20,20,0,0,,1,1,state project samagra shiksha abhiyan,State Project Directorate of Samagra Shiksha Abhiyan,HOD
2022,62,T,,Total,1,137,408,8533,8941,2645,5526,7,0,0,49,38,,676,85310,,,,120,71,494,565,496,0,69,,1,1,total,Total,HOD
2022,62,T,,"Social Reforms Department, Secretariat",0,2,0,4,4,1,3,0,0,0,0,0,,0,0,,,,1,0,1,1,1,0,0,,1,1,social reforms secretariat,"Social Reforms Department, Secretariat",Secretariat
2022,62,T,,Social Justice Monitoring Committee,0,1,0,5,5,0,5,0,0,0,0,0,,0,0,,,,1,0,1,1,1,0,0,,1,1,social justice monitoring committee,Social Justice Monitoring Committee,HOD
2022,62,T,,Total,1,3,0,9,9,1,8,0,0,0,0,0,,0,0,,,,2,0,2,2,2,0,0,,1,1,total,Total,HOD
2022,62,T,,"Social Welfare and Women Empowerment Department, Secretariat",0,3,0,405,405,324,80,0,0,0,0,1,,0,2054,,,,2,1,21,22,22,0,0,,1,1,social welfare,Tamil Nadu Social Welfare Board,Secretariat
2022,62,T,,Directorate of Social Welfare,0,39,12,392,404,48,334,0,2,0,0,0,,20,1520,,,,38,0,17,17,17,0,0,,1,1,social welfare,Tamil Nadu Social Welfare Board,HOD
2022,62,T,,Directorate of Social Defence,0,17,0,40,40,0,40,0,0,0,0,0,,0,630,,,,17,0,0,0,0,0,0,,1,1,social defence,Commissionerate of Social Defence,HOD
2022,62,T,,Directorate of Integrated Child Development Services,0,1,0,136,136,5,131,0,0,0,0,0,,0,0,,,,1,0,0,0,0,0,0,,1,1,integrated child development services,Directorate of Integrated Child Development Services,HOD
2022,62,T,,Total,1,60,12,973,985,377,585,0,2,0,0,1,,20,4254,,,,58,1,38,39,39,0,0,,1,1,total,Total,HOD
2022,63,T,"Special Programme Implementation Department, Secretariat,","Special Programme Implementation Department, Secretariat, Total",1,1,0,19,19,10,9,0,0,0,0,0,,0,70,,,,1,0,1,1,1,0,0,,1,1,special programme implementation secretariat total,"Special Programme Implementation Department, Secretariat, Total",Secretariat
2022,63,T,,"Tamil Development and Information Department, Secretariat",0,4,0,52,52,45,7,0,0,0,0,0,,0,340,,,,3,0,0,0,0,0,0,,1,1,development information secretariat,"Tamil Development and Information Department, Secretariat",Secretariat
2022,63,T,,Directorate of Tamil Development,0,36,0,44,44,0,44,0,0,0,0,0,,0,780,,,,1,0,0,0,0,0,0,,1,1,backward classes economic development,Tamil Nadu Backward Classes Economic Development Corporation,HOD
2022,63,T,,"Tamil University,Thanjavur",0,1,2,64,66,1,58,4,0,0,0,0,,3,470,,,,1,0,6,6,4,2,0,,1,1,university thanjavur,"Tamil University,Thanjavur",Body/Corporation
2022,63,T,,International Institute of Tamil Studies Taramani.,0,1,0,10,10,1,9,0,0,0,0,0,,0,100,,,,1,0,2,2,2,0,0,,1,1,international institute studies,International Institute of Tamil Studies,Body/Corporation
2022,63,T,,"Ulaga Tamil Sangam,Madurai",0,1,0,1,1,0,1,0,0,0,0,0,,0,10,,,,1,0,0,0,0,0,0,,1,1,ulaga sangam madurai,"Ulaga Tamil Sangam,Madurai",HOD
2022,63,T,,Directorate of Tamil Etymological Dictionary Project,0,1,0,5,5,0,5,0,0,0,0,0,,0,320,,,,1,0,0,0,0,0,0,,1,1,etymological dictionary project,Directorate of Tamil Etymological Dictionary Project,HOD
2022,63,T,,Directorate of Information and Public Relations,0,1,1,154,155,6,116,4,0,0,0,21,,8,1714,,,,1,3,15,18,15,0,3,,1,1,information public relations,Directorate of Information and Public Relations,HOD
2022,63,T,,Directorate of Stationery and Printing,0,9,3,201,204,31,154,7,0,1,0,1,,10,2020,,,,9,0,14,14,14,0,0,,1,1,stationery printing,Directorate of Stationery and Printing,HOD
2022,63,T,,Total,1,54,6,531,537,84,394,15,0,1,0,22,,21,5754,,,,18,3,37,40,35,2,3,,1,1,total,Total,HOD
2022,63,T,,"Tourism, Culture and Religious Endowments Department, Secretariat",0,6,0,432,432,372,58,1,1,0,0,0,,0,4079,,,,3,0,52,52,52,0,0,,1,1,tourism culture religious endowments secretariat,"Tourism, Culture and Religious Endowments Department, Secretariat.",Secretariat
2022,64,T,,Directorate of Museums,0,1,0,6,6,0,6,0,0,0,0,0,,0,30,,,,1,0,0,0,0,0,0,,1,1,museum,Directorate of Museum,HOD
2022,64,T,,Commissionerate of Art and Culture,0,16,0,96,96,9,85,0,0,0,0,0,,2,90,,,,1,0,2,2,2,0,0,,1,1,art culture,Commissionerate of Art and Culture,HOD
2022,64,T,,Commissionerate of Archaeology,0,19,0,47,47,3,44,0,0,0,0,0,,0,610,,,,5,0,0,0,0,0,0,,1,1,archaeology,Commissionerate of Archaeology,HOD
2022,64,T,,Commissionerate of Tourism,0,30,0,32,32,0,30,2,0,0,0,0,,0,316,,,,4,0,4,4,4,0,0,,1,1,tourism,Commissionerate of Tourism,HOD
2022,64,T,,Commissionerate of Hindu Religious and Charitable Endowments,0,106,98,6540,6638,1060,5316,46,0,0,0,14,,202,11371,,,,66,19,963,982,853,58,71,,1,1,hindu religious charitable endowments,Commissionerate of Hindu Religious and Charitable Endowments,HOD
2022,64,T,,Tamil Nadu Tourism Development Corporation,0,5,2,36,38,9,22,0,0,0,0,2,,5,2450,,,,1,0,0,0,0,0,0,,1,1,tourism development,Tamil Nadu Tourism Development Corporation,Body/Corporation
2022,64,T,,Total,1,183,100,7189,7289,1453,5561,49,1,0,0,16,,209,18946,,,,81,19,1021,1040,911,58,71,,1,1,total,Total,HOD
2022,64,T,,"Transport Department, Secretariat",0,4,0,485,485,398,68,2,1,0,0,16,,0,3790,,,,2,0,68,68,68,0,0,,1,1,transport secretariat,"Transport Department, Secretariat",Secretariat
2022,64,T,,"Metropolitan Transport Corporation (Chennai) Ltd.,",0,1,3,658,661,5,597,15,0,6,0,23,,15,10600,,,,1,0,126,126,115,0,11,,1,1,metropolitan transport,"Metropolitan Transport Corporation (Chennai) Ltd.,",Body/Corporation
2022,64,T,,"State Express Transport Corporation, Chennai",0,1,19,766,785,6,705,12,0,3,0,27,,32,7525,,,,1,3,123,126,114,0,12,,1,1,state express transport,"State Express Transport Corporation, Chennai",Body/Corporation
2022,64,T,,"Tamil Nadu State Transport Corporation (Villupuram) Ltd.,",0,1,137,1013,1150,10,1083,0,0,0,0,0,,57,2354,,,,1,31,148,179,171,0,8,,1,1,state transport villupuram,"Tamil Nadu State Transport Corporation (Villupuram) Ltd.,",Body/Corporation
2022,64,T,,"Tamil Nadu State Transport Corporation (Salem), Ltd.,",0,1,81,914,995,0,810,66,0,0,0,25,,94,22560,,,,1,0,93,89,89,0,4,,1,1,state transport salem,"Tamil Nadu State Transport Corporation (Salem), Ltd.,",Body/Corporation
2022,64,T,,"Tamil Nadu State Transport Corporation (Coimbatore) Ltd.,",0,1,79,1401,1480,3,1289,0,0,0,0,0,,188,11839,,,,1,21,197,218,180,0,38,,1,1,state transport coimbatore,"Tamil Nadu State Transport Corporation (Coimbatore) Ltd.,",Body/Corporation
2022,65,T,,"Tamil Nadu State Transport Corporation (Kumbakonam) Ltd.,",0,1,41,948,989,2,843,40,0,0,0,44,,60,22291,,,,1,3,111,114,95,8,11,,1,1,state transport kumbakonam,"Tamil Nadu State Transport Corporation (Kumbakonam) Ltd.,",Body/Corporation
2022,65,T,,"Tamil Nadu State Transport Corporation (Madurai) Ltd.,",0,1,48,984,1032,4,960,0,0,0,0,29,,39,30761,,,,1,14,50,64,52,0,12,,1,1,state transport madurai,"Tamil Nadu State Transport Corporation (Madurai) Ltd.,",Body/Corporation
2022,65,T,,"Tamil Nadu State Transport Corporation (Tirunelveli) Ltd.,",0,1,15,937,952,5,935,0,0,0,0,12,,0,1817,,,,1,0,132,132,132,0,0,,1,1,state transport tirunelveli,"Tamil Nadu State Transport Corporation (Tirunelveli) Ltd.,",Body/Corporation
2022,65,T,,"Motor Vehicles & Maintenance Department, Chennai",0,1,0,28,28,1,27,0,0,0,0,0,,0,280,,,,1,0,8,8,8,0,0,,1,1,motor vehicles maintenance,"Motor Vehicles & Maintenance Department, Chennai",HOD
2022,65,T,,"Institute of Road Transport, Chennai",0,1,0,33,33,15,18,0,0,0,0,0,,0,0,,,,1,0,6,6,6,0,0,,1,1,institute road transport,"Institute of Road Transport, Chennai",Body/Corporation
2022,65,T,,"Transport Development Finance Corporation Ltd.,",0,0,0,0,0,0,0,0,0,0,0,0,,0,0,,,,0,0,0,0,0,0,0,,1,1,transport development finance,"Transport Development Finance Corporation Ltd.,",Body/Corporation
2022,65,T,,"Pallavan Transport Consultancy Services, Chennai",0,1,0,11,11,0,11,0,0,0,0,0,,0,100,,,,1,0,0,0,0,0,0,,1,1,pallavan transport consultancy services,"Pallavan Transport Consultancy Services, Chennai",HOD
2022,65,T,,Total,1,15,423,8178,8601,449,7346,135,1,9,0,176,,485,113917,,,,13,72,1062,1130,1030,8,96,,1,1,total,Total,HOD
2022,65,T,,"Water Resources Department, Secretariat",0,20,0,251,251,211,32,1,0,0,0,5,,2,2448,,,,8,0,46,46,42,4,0,,1,1,water resources secretariat,"Water Resources Department, Secretariat",Secretariat
2022,65,T,,"Engineer–in-chief & Chief Engineer (General), WRD",0,5,16,495,511,292,185,0,0,4,0,22,,8,522,,,,5,0,57,57,52,3,2,,1,1,engineer in chief chief engineer general,Engineer- in-Chief & Chief Engineer (General),HOD
2022,65,T,,"Water Resources Department, Chennai Region",0,49,0,1190,1190,165,995,29,0,0,0,1,,0,10250,,,,5,0,74,74,74,0,0,,1,1,water resources region,"Water Resources Department, Chennai Region",HOD
2022,66,T,,"Water Resources Department, Trichy Region",0,26,9,930,939,78,836,4,0,0,0,9,,12,4452,,,,26,0,137,137,125,11,1,,1,1,water resources region,"Water Resources Department, Chennai Region",HOD
2022,66,T,,"Water Resources Department, Madurai Region",0,28,22,982,1004,113,844,2,0,0,1,8,,36,610,,,,28,1,97,98,89,5,4,,1,1,water resources madurai region,"Water Resources Department, Madurai Region",HOD
2022,66,T,,"Water Resources Department, Coimbatore Region",0,12,32,827,859,114,711,0,0,0,0,4,,30,2646,,,,10,1,65,66,63,1,2,,1,1,water resources coimbatore region,"Water Resources Department, Coimbatore Region",HOD
2022,66,T,,Design Research and Construction Support,0,8,0,24,24,1,23,0,0,0,0,0,,0,0,,,,3,0,0,0,0,0,0,,1,1,design research construction support,Design Research and Construction Support Department,HOD
2022,66,T,,Plan Formulation,0,14,0,35,35,11,24,0,0,0,0,0,,0,230,,,,14,0,1,1,1,0,0,,1,1,plan formulation,Plan Formulation Department,HOD
2022,66,T,,Operation and Maintenance,0,5,0,10,10,0,10,0,0,0,0,0,,0,100,,,,5,0,0,0,0,0,0,,1,1,operation maintenance,Operation and Maintenance,HOD
2022,66,T,,State Ground Water and Surface Water Resources Data Centre,0,14,6,163,169,19,145,1,0,0,0,1,,3,727,,,,14,0,11,11,11,0,0,,1,1,data centre,State Ground Water and Surface Water Resources Data Centre,HOD
2022,66,T,,Institute for Water Studies,0,12,0,11,11,3,8,0,0,0,0,0,,0,0,,,,2,0,0,0,0,0,0,,1,1,institute for water studies,Institute for Water Studies,Body/Corporation
2022,66,T,,Irrigation Management Training Institute,0,1,0,13,13,5,8,0,0,0,0,0,,0,250,,,,1,0,4,4,3,1,0,,1,1,irrigation management training institute,Irrigation Management Training Institute,Body/Corporation
2022,66,T,,Cauvery Technical Cell,0,1,0,10,10,10,0,0,0,0,0,0,,0,0,,,,1,0,0,0,0,0,0,,1,1,cauvery technical cell,Cauvery Technical Cell,HOD
2022,66,T,,State Water resources Management Agency,0,0,0,0,0,0,0,0,0,0,0,0,,0,0,,,,0,0,0,0,0,0,0,,1,1,state water resources management agency wrd taramani,"State Water Resources Management Agency WRD,Taramani,Chennai",Body/Corporation
2022,66,T,,Total,1,195,85,4941,5026,1022,3821,37,0,4,1,50,,91,22235,,,,122,2,492,494,460,25,9,,1,1,total,Total,HOD
2022,66,T,,"Welfare of Differently Abled Persons Department, Secretariat",0,1,0,89,89,59,30,0,0,0,0,0,,0,0,,,,1,0,2,2,2,0,0,,1,1,welfare differently abled persons secretariat,"Welfare of Differently Abled Persons Department, Secretariat",Secretariat
2022,67,T,,Commissionerate for the Welfare of Differently Abled,0,45,19,632,651,17,634,0,0,0,0,0,,0,0,,,,2,0,16,16,16,0,0,,1,1,for welfare differently abled,Commissionerate for the Welfare of Differently Abled,HOD
2022,67,T,,Total,1,46,19,721,740,76,664,0,0,0,0,0,,0,0,,,,3,0,18,18,18,0,0,,1,1,total,Total,HOD
2022,67,T,,Tamil Nadu Vigilance Commission,0,2,0,37,37,23,14,0,0,0,0,0,,0,210,,,,0,0,3,3,3,0,0,,1,1,vigilance commission,Vigilance Commission,Body/Corporation
2022,67,T,,Youth Welfare and Sports Development Department,0,1,0,35,35,35,0,0,0,0,0,0,,0,350,,,,1,0,0,0,0,0,0,,1,1,youth welfare sports development secretariat,"Youth Welfare and Sports Development, Secretariat",HOD
2022,67,T,,Sports Development Authority of Tamil Nadu,0,39,0,90,90,2,88,0,0,0,0,0,,0,900,,,,7,0,3,3,3,0,0,,1,1,sports development authority,Sports Development Authority of Tamil Nadu,Body/Corporation
2022,67,T,,National Cadet Corps,0,58,0,7,7,0,7,0,0,0,0,0,,0,70,,,,1,0,2,2,0,2,0,,1,1,national cadet corps,National Cadet Corps,HOD
2022,67,T,,National Service Scheme,0,1,0,1,1,0,1,0,0,0,0,0,,0,10,,,,1,0,0,0,0,0,0,,1,1,national service scheme,National Service Scheme,HOD
2022,67,T,,Tamil Nadu Physical Education and Sports University,0,1,8,48,56,0,44,0,0,0,0,0,,12,480,,,,1,2,2,4,4,0,0,,1,1,physical education sports university,Tamil Nadu Physical Education and Sports University,Body/Corporation
2022,67,T,,Total,1,100,8,181,189,37,140,0,0,0,0,0,,12,1810,,,,11,2,7,9,7,2,0,,1,1,total,Total,HOD
2022,67,T,Legislative Assembly Secretariat,Legislative Assembly Secretariat Total,1,18,0,137,137,40,77,13,0,0,0,7,,0,2982,,,,2,0,25,25,21,4,0,,1,1,legislative assembly secretariat total,Legislative Assembly Secretariat Total,Secretariat
2022,67,T,Tamil Nadu Information Commission,Tamil Nadu Information Commission Total,1,1,108,1634,1742,154,1476,0,0,0,0,0,,112,0,,,,1,0,78,78,74,0,4,,1,1,information commission total,Tamil Nadu Information Commission Total,Body/Corporation
2022,67,T,Grand,Grand Total,1,10617,15699,463611,479310,107318,338210,3176,186,527,672,5628,,23593,4895037,,,,4521,2232,49181,51413,45611,1776,4026,,1,1,grand total,Grand Total,HOD
2023,45,C,Adi Dravidar and Tribal Welfare Department,"Adi Dravidar and Tribal Welfare Department, Secretariat",0,,0,353,353,197,152,,,,,,4,,455,3510,0,,,,42,,42,,,0,1,1,adi dravidar tribal welfare secretariat,Directorate of Tribal Welfare,Secretariat
2023,45,C,Adi Dravidar and Tribal Welfare Department,Directorate of Adi Dravidar Welfare,0,,0,372,372,0,372,,,,,,0,,0,4206,0,,,,52,,42,,,0,1,1,adi dravidar welfare,Directorate of Adi Dravidar Welfare,HOD
2023,45,C,Adi Dravidar and Tribal Welfare Department,Directorate of Tribal Welfare,0,,0,72,72,7,65,,,,,,0,,0,720,0,,,,3,,3,,,0,1,1,adi dravidar tribal welfare secretariat,Directorate of Tribal Welfare,HOD
2023,45,C,Adi Dravidar and Tribal Welfare Department,Tamil Nadu Adi Dravidar Housing and Development (TAHDCO),0,,0,98,98,0,98,,,,,,0,,0,920,0,,,,0,,0,,,0,1,1,adi dravidar housing development tahdco,Tamil Nadu Adi Dravidar Housing and Development Corporation (TAHDCO),HOD
2023,45,C,Adi Dravidar and Tribal Welfare Department,Tamil Nadu State Commission for SC / ST,0,,0,34,34,4,30,,,,,,0,,0,340,0,,,,2,,2,,,0,1,1,state commission for sc st,Tamil Nadu State Commission for SC / ST,Body/Corporation
2023,46,C,Agriculture and Farmers Welfare Department,"Agriculture and Farmers Welfare Department, Secretariat",0,,0,360,360,313,46,,,,,,1,,0,868,0,,,,46,,45,,,0,1,1,agriculture farmers welfare secretariat,"Agriculture and Farmers Welfare Department, Secretariat",Secretariat
2023,46,C,Agriculture and Farmers Welfare Department,Commissioner of Sugar,0,,0,39,39,4,35,,,,,,0,,470,230,0,,,,2,,2,,,0,1,1,commissioner sugar,Commissioner of Sugar,HOD
2023,46,C,Agriculture and Farmers Welfare Department,"Commissioner, Agricultural Marketing and Agri Business",0,,1,388,389,34,312,,,,,,41,,802,2720,0,,,,62,,60,,,0,1,0,agricultural marketing agri business,Agricultural Marketing and Agri Business,HOD
2023,46,C,Agriculture and Farmers Welfare Department,Director of Agriculture,0,,107,1957,2064,260,1542,,,,,,94,,3360,17425,0,,,,304,,252,,,0,1,0,director agriculture,Director of Agriculture,HOD
2023,46,C,Agriculture and Farmers Welfare Department,Director of Horticulture and Plantation Crops,0,,6,352,358,49,266,,,,,,34,,1284,3140,0,,,,25,,24,,,0,1,0,horticulture plantation crops,Directorate of Horticulture and Plantation Crops,HOD
2023,46,C,Agriculture and Farmers Welfare Department,"Executive Director, Tamil Nadu Watershed Development Agency.",0,,7,2,9,0,9,,,,,,0,,0,90,0,,,,0,,0,,,0,1,1,watershed development agency,Tamil Nadu Watershed Development Agency,Body/Corporation
2023,46,C,Agriculture and Farmers Welfare Department,The Chief Engineer (Agricultural Engineering),0,,2,404,406,15,341,,,,,,15,,1104,1920,0,,,,37,,37,,,0,1,0,agricultural engineering,Agricultural Engineering,HOD
2023,46,C,Agriculture and Farmers Welfare Department,The Director of Seed Certification and Organic Certification,0,,0,8,8,1,7,,,,,,0,,0,0,0,,,,0,,0,,,0,1,1,seed certification organic certification,Directorate of Seed Certification and Organic Certification,HOD
2023,46,C,Agriculture and Farmers Welfare Department,"The Registrar, Tamil Nadu Agricultural University, Coimbatore.",0,,12,171,183,13,105,,,,,,58,,988,1651,0,,,,13,,12,,,0,1,0,agricultural university,Tamil Nadu Agricultural University,Body/Corporation
2023,47,C,"Animal Husbandry, Dairying, Fisheries & Fishermen Welfare Department","Animal Husbandry, Dairying, Fisheries & Fishermen Welfare Department, Secretariat",0,,0,190,190,154,29,,,,,,5,,0,300,0,,,,26,,26,,,0,1,0,animal husbandry dairying fisheries fishermen welfare secretariat,Commissionerate of Fisheries & Fishermen Welfare,Secretariat
2023,47,C,"Animal Husbandry, Dairying, Fisheries & Fishermen Welfare Department",Directorate of Milk Production and Dairy Development,0,,0,258,258,0,213,,,,,,0,,1372,1360,0,,,,35,,35,,,0,1,0,milk production dairy development,Directorate of Milk Production and Dairy Development,HOD
2023,47,C,"Animal Husbandry, Dairying, Fisheries & Fishermen Welfare Department",TN Co-operative Milk Producers Federation,0,,0,111,111,0,111,,,,,,0,,0,640,0,,,,19,,19,,,0,1,1,co operative milk producers federation,Tamil Nadu Co-operative Milk Producers Federation,HOD
2023,47,C,"Animal Husbandry, Dairying, Fisheries & Fishermen Welfare Department",TN Veterinary and Animal Sciences University,0,,10,108,118,3,101,,,,,,1,,250,1020,0,,,,12,,12,,,0,1,0,veterinary animal sciences university,Tamil Nadu Veterinary and Animal Sciences University,Body/Corporation
2023,47,C,"Animal Husbandry, Dairying, Fisheries & Fishermen Welfare Department",Director of Animal Husbandry & Veterinary Services,0,,0,459,459,51,385,,,,,,0,,0,1602,0,,,,25,,25,,,0,1,0,director animal husbandry veterinary services,Director of Animal Husbandry and Veterinary Services,HOD
2023,47,C,"Animal Husbandry, Dairying, Fisheries & Fishermen Welfare Department",TN Livestock Development Agency,0,,0,5,5,0,5,,,,,,0,,0,0,0,,,,5,,5,,,0,1,1,livestock development agency,Tamil Nadu Livestock Development Agency,Body/Corporation
2023,47,C,"Animal Husbandry, Dairying, Fisheries & Fishermen Welfare Department",Commissionerate of Fisheries & Fishermen Welfare,0,,1,598,599,74,58,,,,,,0,,482,582,0,,,,34,,34,,,0,1,0,animal husbandry dairying fisheries fishermen welfare secretariat,Commissionerate of Fisheries & Fishermen Welfare,HOD
2023,47,C,"Animal Husbandry, Dairying, Fisheries & Fishermen Welfare Department",TN Dr.J.Jayalalitha Fisheries University,0,,0,29,29,0,25,,,,,,4,,776,250,0,,,,2,,2,,,0,1,1,dr j jayalalitha fisheries university,Tamil Nadu Dr.J.Jayalalitha Fisheries University,Body/Corporation
2023,47,C,"Animal Husbandry, Dairying, Fisheries & Fishermen Welfare Department",TN Fisheries Development Corporation,0,,0,16,16,1,15,,,,,,0,,0,90,0,,,,1,,1,,,0,1,1,fisheries development,Tamil Nadu Fisheries Development Corporation,Body/Corporation
2023,47,C,"Animal Husbandry, Dairying, Fisheries & Fishermen Welfare Department",TN State Apex Fisheries Co-operative Federation,0,,0,39,39,0,39,,,,,,0,,380,0,0,,,,0,,0,,,0,1,1,state apex fisheries co operative federation,Tamil Nadu State Apex Fisheries Co-operative Federation,HOD
2023,48,C,"Backward Classes, Most Backward Classes and Minorities Welfare Department,","Backward Classes, Most Backward Classes and Minorities Welfare Department,, Secretariat",0,,0,264,264,137,120,,,,,,7,,1214,2450,0,,,,28,,28,,,0,1,1,backward classes most backward classes minorities welfare secretariat,Directorate of Minorities Welfare,Secretariat
2023,48,C,"Backward Classes, Most Backward Classes and Minorities Welfare Department,",Directorate of Backward Classes Welfare,0,,0,636,636,84,552,,,,,,0,,0,801,0,,,,24,,24,,,0,1,1,backward classes welfare,Directorate of Backward Classes Welfare,HOD
2023,48,C,"Backward Classes, Most Backward Classes and Minorities Welfare Department,",Directorate of Most Backward Classes & De notified Communities Welfare,0,,0,54,54,0,54,,,,,,0,,0,0,0,,,,2,,2,,,0,1,1,most backward classes denotified communities welfare,Most Backward Classes & Denotified Communities Welfare,HOD
2023,48,C,"Backward Classes, Most Backward Classes and Minorities Welfare Department,",Directorate of Minorities,0,,0,55,55,6,49,,,,,,0,,0,200,0,,,,4,,3,,,0,1,1,backward classes most backward classes minorities welfare secretariat,Directorate of Minorities Welfare,HOD
2023,48,C,"Backward Classes, Most Backward Classes and Minorities Welfare Department,",Tamil Nadu Backward Classes Commission,0,,0,20,20,11,8,,,,,,1,,140,180,0,,,,1,,0,,,0,1,1,backward classes commission,Tamil Nadu Backward Classes Commission,Body/Corporation
2023,48,C,"Backward Classes, Most Backward Classes and Minorities Welfare Department,",Tamil Nadu Backward Classes Economic Development Corporation,0,,0,19,19,0,19,,,,,,0,,0,190,0,,,,2,,2,,,0,1,1,backward classes economic development,Tamil Nadu Backward Classes Economic Development Corporation,Body/Corporation
2023,48,C,"Backward Classes, Most Backward Classes and Minorities Welfare Department,",Tamil Nadu State Minorities Commission,0,,0,16,16,0,0,,,,,,0,,0,120,0,,,,0,,0,,,0,1,0,state minorities commission,State Minorities Commission,Body/Corporation
2023,48,C,"Backward Classes, Most Backward Classes and Minorities Welfare Department,",Tamil Nadu Waqf Board,0,,0,935,935,6,516,,,,,,70,,0,1751,0,,,,268,,123,,,0,1,0,wakf board,Tamil Nadu Wakf Board,Body/Corporation
2023,48,C,"Backward Classes, Most Backward Classes and Minorities Welfare Department,",Tamil Nadu State Hajj Committee,0,,0,1,1,0,1,,,,,,0,,0,0,0,,,,0,,0,,,0,1,1,state hajj committee,Tamil Nadu State Hajj Committee,HOD
2023,48,C,"Backward Classes, Most Backward Classes and Minorities Welfare Department,",Tamilnadu Vanniyakula Kshatriya Public Charitable Trust and Endowments Board,0,,0,17,17,0,17,,,,,,0,,0,0,0,,,,1,,1,,,0,1,1,tamilnaduvanniyakula kshatriya cblic charitable trusts endowments boards,TamilnaduVanniyakula Kshatriya cblic charitable trusts and endowments Boards,Body/Corporation
2023,48,C,"Backward Classes, Most Backward Classes and Minorities Welfare Department,",Denotified Communities Welfare Board,0,,0,10,10,0,10,,,,,,0,,0,20,0,,,,2,,2,,,0,1,1,denotified communities welfare board,Denotified Communities Welfare Board,Body/Corporation
2023,48,C,"Backward Classes, Most Backward Classes and Minorities Welfare Department,",Tamil Nadu Minorities Economic Development Corporation,0,,0,6,6,0,6,,,,,,0,,0,10,0,,,,0,,0,,,0,1,1,minorities economic development,Tamil Nadu Minorities Economic Development Corporation,Body/Corporation
2023,48,C,"Backward Classes, Most Backward Classes and Minorities Welfare Department,",Tamil Nadu Liguistic Minorities Social and Economic development Corporation,0,,0,1,1,1,0,,,,,,0,,0,0,0,,,,0,,0,,,0,1,1,liguistic minorities social economic development,Tamil Nadu Liguistic Minorities Social and Economic development Corporation,Body/Corporation
2023,49,C,Commercial Taxes and Registration Department,"Commercial Taxes and Registration Department, Secretariat",0,,14,816,830,654,167,,,,,,3,,714,8160,0,,,,178,,163,,,0,1,0,commercial taxes,Commissionerate of Commercial Taxes,Secretariat
2023,49,C,Commercial Taxes and Registration Department,Commissionerate of Commercial Taxes,0,,27,674,701,67,516,,,,,,92,,720,5544,0,,,,101,,99,,,0,1,0,commercial taxes,Commissionerate of Commercial Taxes,HOD
2023,49,C,Commercial Taxes and Registration Department,Registration Department,0,,274,31543,31817,3012,28277,,,,,,17,,61908,315430,0,,,,3571,,3547,,,0,1,0,registration,Registration,HOD
2023,49,C,Commercial Taxes and Registration Department,Tamil Nadu Sales Tax Appellate Tribunal,0,,0,1,1,0,0,,,,,,0,,0,10,0,,,,1,,1,,,0,1,0,sales tax appellate tribunal,Tamil Nadu Sales Tax Appellate Tribunal,Body/Corporation
2023,50,C,"Co-operation, Food and Consumer Protection Department","Co-operation, Food and Consumer Protection Department, Secretariat",0,,0,554,554,503,51,,,,,,0,,198,5540,0,,,,68,,68,,,0,1,1,co operation food consumer protection secretariat,"Co-operation, Food and Consumer Protection Department, Secretariat",Secretariat
2023,50,C,"Co-operation, Food and Consumer Protection Department",Registrar of Co- operative Societies,0,,139,7088,7227,2651,4427,,,,,,102,,4946,43773,15000,,,,1075,,1049,,,0,1,0,registrar co operative societies,Registrar of Co-operative Societies,HOD
2023,50,C,"Co-operation, Food and Consumer Protection Department",Commissioner of Civil Supplies and Consumer Protection,0,,0,594,594,283,309,,,,,,2,,1746,5940,0,,,,65,,65,,,0,1,1,commissioner civil supplies consumer protection,Commissioner of Civil Supplies and Consumer Protection,HOD
2023,50,C,"Co-operation, Food and Consumer Protection Department",Tamil Nadu Civil Supplies Corporation,0,,106,1054,1160,50,1037,,,,,,9,,10716,0,0,,,,166,,148,,,0,1,0,commissioner civil supplies consumer protection,Commissioner of Civil Supplies and Consumer Protection,Body/Corporation
2023,50,C,"Co-operation, Food and Consumer Protection Department",Tamil Nadu Warehousing Corporation,0,,0,14,14,0,14,,,,,,0,,50,120,0,,,,2,,2,,,0,1,1,warehousing,Tamil Nadu Warehousing Corporation,Body/Corporation
2023,50,C,"Co-operation, Food and Consumer Protection Department",State Consumer Disputes Redressal Commission,0,,0,321,321,0,321,,,,,,0,,0,2247,0,,,,46,,46,,,0,1,1,state consumer disputes redressal commission,State Consumer Disputes Redressal Commission,Body/Corporation
2023,51,C,Energy Department,"Energy Department, Secretariat",0,,0,614,614,559,54,,,,,,1,,0,6140,0,,,,195,,195,,,0,1,1,energy secretariat,"Energy Department, Secretariat",Secretariat
2023,51,C,Energy Department,Tamil Nadu Generation and Distribution Corporation Limited,0,,696,11568,12264,1131,9872,,,,,,356,,28766,84597,75000,,,,1805,,1805,,,0,1,0,generation distribution,Tamil Nadu Generation and Distribution Corporation Limited,Body/Corporation
2023,51,C,Energy Department,Tamil Nadu Energy Development Agency,0,,0,11,11,5,6,,,,,,0,,0,40,0,,,,0,,0,,,0,1,1,energy development agency,Tamil Nadu Energy Development Agency,Body/Corporation
2023,51,C,Energy Department,Electrical Inspectorate,0,,7,90,97,0,97,,,,,,0,,0,880,0,,,,20,,20,,,0,1,1,electrical inspectorate,Electrical Inspectorate,HOD
2023,51,C,Energy Department,Tamil Nadu Electricity Regulatory Commission,0,,0,125,125,30,95,,,,,,0,,592,20,0,,,,16,,16,,,0,1,1,electricity regulatory commission,Tamil Nadu Electricity Regulatory Commission,Body/Corporation
2023,51,C,Energy Department,Tamil Nadu Power Finance and Infrastructure Development Corporation Limited,0,,0,31,31,0,31,,,,,,0,,0,0,0,,,,0,,0,,,0,1,1,power finance infrastructure development,Tamil Nadu Power Finance and Infrastructure Development Corporation Limited,Body/Corporation
2023,52,C,"Environment, Climate Change and Forest Department","Environment, Climate Change and Forest Department, Secretariat",0,,3,327,330,292,34,,,,,,3,,0,80,0,,,,28,,25,,,0,1,0,environment,Directorate of Environment,Secretariat
2023,52,C,"Environment, Climate Change and Forest Department",Tamil Nadu Forest Department,0,,98,405,503,227,122,,,,,,8,,0,3990,0,,,,51,,28,,,0,1,0,forests,Tamil Nadu Forests Department,HOD
2023,52,C,"Environment, Climate Change and Forest Department",Tamil Nadu State Wetland Authority,0,,0,2,2,0,2,,,,,,0,,0,20,0,,,,1,,1,,,0,1,1,state wetland authority,Tamil Nadu State Wetland Authority,Body/Corporation
2023,52,C,"Environment, Climate Change and Forest Department",Tamil Nadu Pollution Control Board,0,,0,3480,3480,9,3471,,,,,,0,,72931,34800,0,,,,155,,155,,,0,1,1,pollution control board,Tamil Nadu Pollution Control Board,Body/Corporation
2023,52,C,"Environment, Climate Change and Forest Department",Directorate of Environment and Climate Change,0,,2,77,79,2,68,,,,,,0,,558,790,0,,,,1,,1,,,0,1,0,environment,Directorate of Environment,HOD
2023,52,C,"Environment, Climate Change and Forest Department",Tamil Nadu Forest Plantation Corporation Limited,0,,5,50,55,2,53,,,,,,0,,0,500,0,,,,1,,1,,,0,1,1,forest plantation,Tamil Nadu Forest Plantation Corporation Limited,Body/Corporation
2023,52,C,"Environment, Climate Change and Forest Department",Arasu Rubber Corporation Limited,0,,1,27,28,0,24,,,,,,3,,0,270,0,,,,8,,7,,,0,1,0,arasu rubber,Arasu Rubber Corporation Limited,Body/Corporation
2023,52,C,"Environment, Climate Change and Forest Department",Tamil Nadu Tea Plantation Corporation Ltd,0,,0,64,64,0,64,,,,,,0,,0,640,0,,,,9,,9,,,0,1,1,tea plantation,The Tamil Nadu Tea Plantation Corporation Limited,Body/Corporation
2023,52,C,"Environment, Climate Change and Forest Department",Tamil Nadu Bio- Diversity Board,0,,0,2,2,0,1,,,,,,0,,80,20,0,,,,0,,0,,,0,1,0,bio diversity board,Tamil Nadu Bio-Diversity Board,Body/Corporation
2023,53,C,Finance Department,"Finance Department, Secretariat",0,,2,1157,1159,310,840,,,,,,8,,0,10209,0,,,,106,,106,,,0,1,0,finance secretariat,"Finance Department, Secretariat",Secretariat
2023,53,C,Finance Department,Commissionerate of Treasuries and Accounts,0,,66,1763,1829,197,1494,,,,,,84,,0,17630,0,,,,292,,277,,,0,1,0,treasuries accounts,Commissionerate of Treasuries and Accounts,HOD
2023,53,C,Finance Department,Co-operative Audit Department,0,,7,171,178,21,139,,,,,,11,,8616,1490,0,,,,29,,28,,,0,1,0,co operative audit,Co-operative Audit Department,HOD
2023,53,C,Finance Department,Commissionerate of Small Savings,0,,0,5,5,1,4,,,,,,0,,0,0,0,,,,1,,1,,,0,1,1,small savings,Small Savings,HOD
2023,53,C,Finance Department,Directorate of Local Fund Audit,0,,55,501,556,6,528,,,,,,0,,0,5036,0,,,,44,,44,,,0,1,0,local fund audit,Directorate of Local Fund Audit,HOD
2023,53,C,Finance Department,State Government Audit,0,,1,50,51,1,46,,,,,,1,,470,500,0,,,,4,,3,,,0,1,0,state audit,State Government Audit,HOD
2023,53,C,Finance Department,Commissionerate of Government Data Centre,0,,3,47,50,6,40,,,,,,1,,0,460,0,,,,2,,2,,,0,1,0,data centre,State Ground Water and Surface Water Resources Data Centre,HOD
2023,53,C,Finance Department,Directorate of Pension,0,,0,117,117,36,73,,,,,,8,,60,1290,0,,,,11,,11,,,0,1,1,pension,Directorate of Pension,HOD
2023,53,C,Finance Department,Directorate of Audit for Milk Cooperative,0,,0,14,14,0,14,,,,,,0,,0,130,0,,,,2,,2,,,0,1,1,audit for milk co operatives,Directorate of Audit for Milk Cooperative,HOD
2023,53,C,Finance Department,Hindu Religious Institutions Audit Department,0,,2,69,71,1,69,,,,,,0,,0,212,0,,,,12,,12,,,0,1,0,hindu religious institutions audit,Hindu Religious Institutions Audit Department,HOD
2023,54,C,"Handlooms, Handicrafts, Textiles and Khadi Department","Handlooms, Handicrafts, Textiles and Khadi Department, Secretariat",0,,0,41,41,29,11,,,,,,1,,0,390,0,,,,4,,4,,,0,1,1,handlooms handicrafts textiles khadi secretariat,"Handlooms, Handicrafts, Textiles and Khadi Department, Secretariat",Secretariat
2023,54,C,"Handlooms, Handicrafts, Textiles and Khadi Department",Commissioner of Handlooms,0,,10,380,390,84,295,,,,,,9,,1316,2140,0,,,,112,,111,,,0,1,0,commissioner handlooms,Commissioner of Handlooms,HOD
2023,54,C,"Handlooms, Handicrafts, Textiles and Khadi Department",Commissioner of Textiles,0,,1,58,59,6,52,,,,,,1,,492,270,0,,,,10,,9,,,0,1,1,commissioner textiles,Commissioner of Textiles,HOD
2023,54,C,"Handlooms, Handicrafts, Textiles and Khadi Department",Directorate of Sericulture,0,,1,84,85,4,74,,,,,,7,,2732,780,0,,,,14,,14,,,0,1,1,sericulture,Directorate of Sericulture,HOD
2023,54,C,"Handlooms, Handicrafts, Textiles and Khadi Department",Tamil Nadu Handicrafts Development Corporation,0,,0,4,4,0,4,,,,,,0,,0,40,0,,,,4,,4,,,0,1,1,handicrafts development,Tamil Nadu Handicrafts Development Corporation,Body/Corporation
2023,54,C,"Handlooms, Handicrafts, Textiles and Khadi Department",Tamil Nadu Handloom Weavers Co-Operative Society Ltd (Co- Optex),0,,1,9,10,0,9,,,,,,1,,0,0,0,,,,7,,7,,,0,1,1,co optex,Co-optex,Body/Corporation
2023,54,C,"Handlooms, Handicrafts, Textiles and Khadi Department",Tamil Nadu Khadi Village Industries Board,0,,0,32,32,0,32,,,,,,0,,0,1030,0,,,,32,,32,,,0,1,1,khadi village industries board,Tamil Nadu Khadi Village Industries Board,Body/Corporation
2023,54,C,"Handlooms, Handicrafts, Textiles and Khadi Department",Tamil Nadu Palm Product Development Board,0,,0,4,4,1,3,,,,,,0,,0,0,0,,,,1,,1,,,0,1,1,palm product development board,Tamil Nadu Palm Product Development Board,Body/Corporation
2023,55,C,"Health and Family Welfare Department,","Health and Family Welfare Department,, Secretariat",0,,0,1155,1155,839,286,,,,,,0,,0,0,0,,,,124,,124,,,0,1,0,family welfare,"Health and Family Welfare Department, Secretariat",Secretariat
2023,55,C,"Health and Family Welfare Department,",Directorate of Medical Education and Research,0,,111,3501,3612,171,3205,,,,,,236,,6813,7440,0,,,,171,,171,,,0,1,1,medical education research,Directorate of Medical Education and Research,HOD
2023,55,C,"Health and Family Welfare Department,",Directorate of Medical Research and Health Services,0,,85,3588,3673,679,2897,,,,,,97,,0,14550,0,,,,247,,247,,,0,1,1,medical research health services,Directorate of Medical Research and Health Services,HOD
2023,55,C,"Health and Family Welfare Department,",Directorate of Public Health and Preventive Medicine,0,,323,3548,3871,453,3362,,,,,,56,,3246,688,0,,,,482,,482,,,0,1,1,public health preventive medicine,Public Health and Preventive Medicine,HOD
2023,55,C,"Health and Family Welfare Department,",Directorate of Medical Research and Health Services (ESI),0,,0,152,152,12,135,,,,,,5,,484,1190,0,,,,16,,16,,,0,1,1,medical research health services,Directorate of Medical Research and Health Services,HOD
2023,55,C,"Health and Family Welfare Department,",Directorate of Indian Medicine and Homeopathy,0,,0,293,293,6,277,,,,,,10,,0,2930,0,,,,12,,12,,,0,1,1,indian medicine homoeopathy,Directorate of Indian Medicine and Homoeopathy,HOD
2023,55,C,"Health and Family Welfare Department,",Directorate of Family Welfare,0,,0,32,32,17,15,,,,,,0,,0,130,0,,,,5,,2,,,0,1,1,family welfare,"Health and Family Welfare Department, Secretariat",HOD
2023,55,C,"Health and Family Welfare Department,","Tamil Nadu Food Safety Drugs Admn. Dept.,",0,,10,509,519,65,444,,,,,,10,,0,278,0,,,,21,,21,,,0,1,1,food safety drugs admn,"Tamil Nadu Food Safety Drugs Admn. Dept.,",HOD
2023,55,C,"Health and Family Welfare Department,",TN State Health Transport Department,0,,0,9,9,1,8,,,,,,0,,84,65,0,,,,2,,2,,,0,1,1,state health transport,Tamil Nadu State Health Transport Department,HOD
2023,55,C,"Health and Family Welfare Department,",Directorate of Drugs Control,0,,4,310,314,40,273,,,,,,1,,26,1406,0,,,,29,,29,,,0,1,1,drugs control,Directorate of Drugs Control,HOD
2023,55,C,"Health and Family Welfare Department,",Medical Service Recruitment Board (MRB),0,,0,193,193,20,159,,,,,,14,,50,1240,0,,,,19,,19,,,0,1,1,medical service recruitment board mrb,Medical Service Recruitment Board (MRB),Body/Corporation
2023,55,C,"Health and Family Welfare Department,",TN Medical Services Corporation Lmtd,0,,7,91,98,6,83,,,,,,9,,0,531,0,,,,6,,6,,,0,1,1,medical services,Tamil Nadu Medical Services Corporation Limited,Body/Corporation
2023,55,C,"Health and Family Welfare Department,",TN Health Systems Project,0,,0,579,579,1,578,,,,,,0,,0,5220,0,,,,8,,8,,,0,1,1,health systems project,Tamil Nadu Health Systems Project,HOD
2023,55,C,"Health and Family Welfare Department,",TN State Blindness Control Society,0,,0,2,2,0,2,,,,,,0,,0,0,0,,,,0,,0,,,0,1,1,state blindness control society,Tamil Nadu State Blindness Control Society,Body/Corporation
2023,55,C,"Health and Family Welfare Department,",National Health Mission,0,,0,113,113,47,66,,,,,,0,,0,0,0,,,,4,,4,,,0,1,1,national health mission,National Health Mission,HOD
2023,55,C,"Health and Family Welfare Department,",TN AIDS Control Society,0,,0,45,45,0,45,,,,,,0,,0,450,0,,,,11,,11,,,0,1,1,aids control society,Tamil Nadu AIDS Control Society,Body/Corporation
2023,55,C,"Health and Family Welfare Department,","TN Medical Plant Farms and Herbal Medical Corporation Ltd.,",0,,0,2,2,0,1,,,,,,1,,0,0,0,,,,0,,0,,,0,1,1,medical plant,Tamil Nadu Medical Plant Corporation Limited,Body/Corporation
2023,56,C,Higher Education Department,"Higher Education Department, Secretariat",0,,0,753,753,563,158,,,,,,32,,6,6948,0,,,,113,,113,,,0,1,1,higher education secretariat,"Higher Education Department, Secretariat",Secretariat
2023,56,C,Higher Education Department,Directorate of Technical Education,0,,2,578,580,66,461,,,,,,53,,176,4877,0,,,,91,,91,,,0,1,1,state council for technical education,Tamil Nadu State Council for Technical Education,HOD
2023,56,C,Higher Education Department,Directorate of Collegiate Education,0,,0,1459,1459,65,1394,,,,,,0,,0,5498,0,,,,132,,132,,,0,1,1,collegiate education,Directorate of Collegiate Education,HOD
2023,56,C,Higher Education Department,Tamil Nadu Archives And Historical Research,0,,0,14431,14431,1838,12492,,,,,,0,,0,139320,0,,,,460,,460,,,0,1,0,archives historical research,Tamil Nadu Archives and Historical Research,HOD
2023,56,C,Higher Education Department,Tamil Nadu State Council for Higher Education,0,,0,108,108,1,107,,,,,,0,,0,0,0,,,,0,,0,,,0,1,1,state council for higher education,Tamil Nadu State Council for Higher Education,HOD
2023,56,C,Higher Education Department,Tamil Nadu State Council for Technical Education,0,,0,1,1,1,0,,,,,,0,,0,0,0,,,,0,,0,,,0,1,1,state council for technical education,Tamil Nadu State Council for Technical Education,HOD
2023,56,C,Higher Education Department,Tamil Nadu Science and Technology Centre,0,,0,5,5,0,4,,,,,,1,,0,132,0,,,,0,,0,,,0,1,1,science technology centre,Tamil Nadu Science and Technology Centre,HOD
2023,56,C,Higher Education Department,Tamil Nadu State Council for Science and Technology,0,,0,0,0,0,0,,,,,,0,,0,0,0,,,,0,,0,,,0,1,1,state council for science technology,Tamil Nadu State Council for Science and Technology,HOD
2023,56,C,Higher Education Department,Science City,0,,0,0,0,0,0,,,,,,0,,0,0,0,,,,0,,0,,,0,1,1,science city,Science City,HOD
2023,56,C,Higher Education Department,University of Madras,0,,21,474,495,8,459,,,,,,10,,0,3715,0,,,,61,,54,,,0,1,0,university madras,University of Madras,Body/Corporation
2023,56,C,Higher Education Department,Annamalai University,0,,0,505,505,43,416,,,,,,42,,0,1330,0,,,,48,,48,,,0,1,0,annamalai university,Annamalai University,Body/Corporation
2023,56,C,Higher Education Department,Madurai Kamaraj University,0,,3019,470,3489,8,316,,,,,,11,,0,5270,0,,,,374,,81,,,0,1,0,madurai kamaraj university,Madurai Kamaraj University,Body/Corporation
2023,56,C,Higher Education Department,Manonmaniam Sundaranar University,0,,26,308,334,0,288,,,,,,17,,0,2910,0,,,,58,,50,,,0,1,0,manonmaniam sundaranar university,Manonmaniam Sundaranar University,Body/Corporation
2023,56,C,Higher Education Department,Bharathidasan University,0,,38,184,222,10,163,,,,,,6,,0,1500,0,,,,44,,32,,,0,1,0,bharathiar university,Bharathiar University,Body/Corporation
2023,56,C,Higher Education Department,Bharathiar University,0,,0,193,193,51,142,,,,,,0,,0,1420,0,,,,4,,0,,,0,1,1,bharathiar university,Bharathiar University,Body/Corporation
2023,56,C,Higher Education Department,Alagappa University,0,,155,186,341,0,177,,,,,,9,,0,1300,0,,,,14,,14,,,0,1,0,alagappa university,Alagappa University,Body/Corporation
2023,56,C,Higher Education Department,Thiruvalluvar University,0,,27,79,106,1,43,,,,,,0,,0,0,0,,,,1,,1,,,0,1,0,thiruvalluvar university,Thiruvalluvar University,Body/Corporation
2023,56,C,Higher Education Department,Periyar University,0,,301,277,578,9,267,,,,,,24,,0,1704,0,,,,72,,66,,,0,1,0,periyar university,Periyar University,Body/Corporation
2023,56,C,Higher Education Department,Mother Tersa Women's University,0,,0,70,70,4,65,,,,,,1,,0,0,0,,,,0,,0,,,0,1,1,mother teresa women s university,Mother Teresa Women's University,Body/Corporation
2023,56,C,Higher Education Department,Tamil Nadu Open University,0,,0,101,101,0,101,,,,,,0,,0,0,0,,,,2,,2,,,0,1,1,open university,Tamil Nadu Open University,Body/Corporation
2023,56,C,Higher Education Department,Tamil Nadu Teachers Education University,0,,0,67,67,1,66,,,,,,0,,0,670,0,,,,2,,3,,,0,1,1,teachers education university,Tamil Nadu Teachers Education University,Body/Corporation
2023,56,C,Higher Education Department,Anna University,0,,233,636,869,21,651,,,,,,41,,0,5745,0,,,,186,,140,,,0,1,0,anna university,Anna University,Body/Corporation
2023,57,C,Highways and Minor Ports Department,"Highways and Minor Ports Department, Secretariat",0,,0,366,366,285,78,,,,,,3,,265,2380,0,,,,59,,59,,,0,1,1,highways minor ports secretariat,"Highways and Minor Ports Department, Secretariat",Secretariat
2023,57,C,Highways and Minor Ports Department,Highways Department,0,,71,7138,7209,1422,5640,,,,,,67,,5229,38639,0,,,,515,,487,,,0,1,0,highways minor ports secretariat,"Highways and Minor Ports Department, Secretariat",HOD
2023,57,C,Highways and Minor Ports Department,Tamil Nadu Maritime Board,0,,0,30,30,3,24,,,,,,3,,58,230,0,,,,3,,3,,,0,1,1,maritime board,Tamil Nadu Maritime Board,Body/Corporation
2023,57,C,Highways and Minor Ports Department,Poompuhar Shipping Corporation,0,,0,10,10,0,10,,,,,,0,,0,100,0,,,,0,,0,,,0,1,1,poompuhar shipping,Poompuhar Shipping Corporation,Body/Corporation
2023,57,C,Highways and Minor Ports Department,Tamil Nadu Road Development Company Ltd.,0,,5,40,45,9,36,,,,,,0,,0,320,0,,,,2,,2,,,0,1,1,road development company,Tamil Nadu Road Development Company Ltd.,Body/Corporation
2023,57,C,Highways and Minor Ports Department,Tamil Nadu Road Infrastructure Development Corporation,0,,0,17,17,0,17,,,,,,0,,0,0,0,,,,0,,0,,,0,1,1,road infrastructure development,Tamil Nadu Road Infrastructure Development Corporation,Body/Corporation
2023,58,C,Home Prohibition and Excise Department,"Home Prohibition and Excise Department, Secretariat",0,,0,1627,1627,1342,247,,,,,,38,,1438,2794,0,,,,208,,179,,,0,1,1,prohibition excise,Home Department Prohibition and Excise Wing,Secretariat
2023,58,C,Home Prohibition and Excise Department,Home Department Prohibition and Excise Wing,0,,0,141,141,113,28,,,,,,0,,0,280,0,,,,11,,7,,,0,1,1,prohibition excise,Home Department Prohibition and Excise Wing,HOD
2023,58,C,Home Prohibition and Excise Department,Tamil Nadu State Marketing Corporation and Excise,0,,173,1913,2086,16,1994,,,,,,27,,0,11103,0,,,,384,,384,,,0,1,0,state marketing,Tamil Nadu State Marketing Corporation Limited,Body/Corporation
2023,58,C,Home Prohibition and Excise Department,Commissionerate of Prohibition and Excise,0,,3,80,83,46,37,,,,,,0,,0,380,0,,,,7,,7,,,0,1,1,prohibition excise,Home Department Prohibition and Excise Wing,HOD
2023,58,C,Home Prohibition and Excise Department,State Advisory Board,0,,0,2,2,0,1,,,,,,1,,0,0,0,,,,0,,0,,,0,1,1,state advisory board,State Advisory Board,Body/Corporation
2023,58,C,Home Prohibition and Excise Department,Police Department,0,,2228,51022,53250,3064,45800,,,,,,2878,,142248,410286,0,,,,5312,,5310,,,0,1,0,police,Police Department,HOD
2023,58,C,Home Prohibition and Excise Department,Tamil Nadu Police Housing Corporation,0,,0,26,26,0,26,,,,,,0,,0,0,0,,,,0,,0,,,0,1,1,police housing,Tamil Nadu Police Housing Corporation,Body/Corporation
2023,58,C,Home Prohibition and Excise Department,Tamil Nadu Uniform Services Recruitment Board,0,,3,455,458,26,428,,,,,,4,,0,772,0,,,,19,,19,,,0,1,1,uniformed services recruitment board,Tamil Nadu Uniformed Services Recruitment Board,Body/Corporation
2023,58,C,Home Prohibition and Excise Department,Prisons Department,0,,33,2262,2295,630,1554,,,,,,102,,120,19599,0,,,,152,,148,,,0,1,0,prisons,Prisons Department,HOD
2023,58,C,Home Prohibition and Excise Department,Transport Commissionerate,0,,67,8489,8556,708,7692,,,,,,58,,2755,65500,0,,,,551,,520,,,0,1,0,metropolitan transport,"Metropolitan Transport Corporation (Chennai) Ltd.,",HOD
2023,58,C,Home Prohibition and Excise Department,"Principal Seat of High Court of Madras Madurai Bench of Madras High Court, Madurai",0,,78,2333,2411,485,1796,,,,,,0,,0,24526,0,,,,847,,775,,,0,1,0,madurai bench madras high court madurai,"Madurai Bench of Madras High Court, Madurai",Body/Corporation
2023,58,C,Home Prohibition and Excise Department,Government Litigations,0,,4,38,42,6,10,,,,,,11,,0,200,0,,,,2,,1,,,0,1,0,litigations,Government Litigations,HOD
2023,58,C,Home Prohibition and Excise Department,Directorate of Prosecution,0,,2,62,64,7,49,,,,,,1,,374,430,0,,,,11,,10,,,0,1,0,prosecution,Directorate of Prosecution,HOD
2023,58,C,Home Prohibition and Excise Department,Fire and Rescue Services Department,0,,1,926,927,14,868,,,,,,0,,3336,1850,0,,,,34,,34,,,0,1,0,fire rescue services,Fire and Rescue Services Department,HOD
2023,58,C,Home Prohibition and Excise Department,Forensic Sciences Department,0,,0,117,117,2,100,,,,,,13,,0,940,0,,,,15,,15,,,0,1,0,forensic sciences,Forensic Sciences Department,HOD
2023,59,C,Human Resources Management Department,"Human Resources Management Department, Secretariat",0,,1,1581,1582,353,1229,,,,,,0,,3716,11055,0,,,,109,,109,,,0,1,1,human resources management secretariat,"Human Resources Management Department, Secretariat",Secretariat
2023,59,C,Human Resources Management Department,Tamil Nadu Public Service Commission,0,,0,2312,2312,57,1916,,,,,,339,,110251,20215,0,,,,48,,48,,,0,1,1,public service commission,Tamil Nadu Public Service Commission,Body/Corporation
2023,59,C,Human Resources Management Department,Directorate of Vigilance and Anti- Corruption,0,,25,426,451,51,343,,,,,,31,,0,4370,0,,,,85,,69,,,0,1,0,vigilance anti corruption,Directorate of Vigilance and Anti Corruption,HOD
2023,59,C,Human Resources Management Department,"Commissioner for Disciplinary Proceedings, Chennai",0,,0,2,2,0,1,,,,,,1,,0,0,0,,,,2,,2,,,0,1,1,commissioner for disciplinary proceedings,"Commissioner for Disciplinary Proceedings, Chennai",HOD
2023,59,C,Human Resources Management Department,"Commissioner for Disciplinary Proceedings, Tiruchirappalli",0,,0,0,0,0,0,,,,,,0,,0,0,0,,,,0,,0,,,0,1,1,commissioner for disciplinary proceedings,"Commissioner for Disciplinary Proceedings, Chennai",HOD
2023,59,C,Human Resources Management Department,"Commissioner for Disciplinary Proceedings, Madurai",0,,0,0,0,0,0,,,,,,0,,0,0,0,,,,0,,0,,,0,1,1,commissioner for disciplinary proceedings,"Commissioner for Disciplinary Proceedings, Chennai",HOD
2023,59,C,Human Resources Management Department,"Commissioner for Disciplinary Proceedings, Coimbatore",0,,0,0,0,0,0,,,,,,0,,0,0,0,,,,0,,0,,,0,1,1,commissioner for disciplinary proceedings,"Commissioner for Disciplinary Proceedings, Chennai",HOD
2023,59,C,Human Resources Management Department,"Commissioner for Disciplinary Proceedings, Tirunelveli",0,,0,2,2,0,2,,,,,,0,,0,0,0,,,,1,,1,,,0,1,1,commissioner for disciplinary proceedings,"Commissioner for Disciplinary Proceedings, Chennai",HOD
2023,59,C,Human Resources Management Department,"Commissioner for Disciplinary Proceedings, Nagarcoil",0,,0,0,0,0,0,,,,,,0,,0,0,0,,,,0,,0,,,0,1,1,commissioner for disciplinary proceedings,"Commissioner for Disciplinary Proceedings, Chennai",HOD
2023,59,C,Human Resources Management Department,Tamil Nadu Lokayukta,0,,0,7,7,0,7,,,,,,0,,80,60,0,,,,3,,3,,,0,1,1,lokayukta,Tamil Nadu Lokayukta,HOD
2023,59,C,Human Resources Management Department,Director General of Training,0,,2,41,43,0,43,,,,,,0,,0,410,0,,,,5,,5,,,0,1,1,director general training,Director General of Training,HOD
2023,60,C,Housing and Urban Development Department,"Housing and Urban Development Department, Secretariat",0,,0,667,667,472,194,,,,,,1,,24,4830,0,,,,53,,53,,,0,1,1,housing urban development secretariat,"Housing and Urban Development Department, Secretariat",Secretariat
2023,60,C,Housing and Urban Development Department,Directorate of Town and Country Planning,0,,34,3280,3314,291,2978,,,,,,0,,60726,30508,20000,,,,330,,330,,,0,1,0,town country planning,Directorate of Town and Country Planning,HOD
2023,60,C,Housing and Urban Development Department,Chennai Metropolitan Development Authority,0,,10,2028,2038,166,1600,,,,,,0,,56018,18150,0,,,,272,,205,,,0,1,0,metropolitan development authority,Chennai Metropolitan Development Authority,Body/Corporation
2023,60,C,Housing and Urban Development Department,Registrar of Co- operative Societies (Housing),0,,7,545,552,164,371,,,,,,9,,0,5360,0,,,,42,,41,,,0,1,0,registrar co operative societies,Registrar of Co-operative Societies,HOD
2023,60,C,Housing and Urban Development Department,Tamil Nadu Urban Habitat Development Board,0,,65,645,710,8,576,,,,,,0,,8,6370,0,,,,137,,114,,,0,1,0,urban habitat development board,Tamil Nadu Urban Habitat Development Board,Body/Corporation
2023,60,C,Housing and Urban Development Department,Tamil Nadu Housing Board,0,,7,1925,1932,40,1844,,,,,,48,,4099,19250,0,,,,190,,190,,,0,1,1,housing board,Tamil Nadu Housing Board,Body/Corporation
2023,61,C,"Industries, Investment Promotion and Commerce Department","Industries, Investment Promotion and Commerce Department, Secretariat",0,,0,127,127,96,29,,,,,,2,,18,40,0,,,,7,,7,,,0,1,1,industries investment promotion commerce secretariat,"Industries, Investment Promotion and Commerce Department, Secretariat",Secretariat
2023,61,C,"Industries, Investment Promotion and Commerce Department",State Industries Promotion Corporation of Tamil Nadu,0,,10,239,249,39,192,,,,,,14,,0,730,0,,,,22,,22,,,0,1,0,state industries promotion,State Industries Promotion Corporation of Tamil Nadu,Body/Corporation
2023,61,C,"Industries, Investment Promotion and Commerce Department",Tamil Nadu Industrial Development Corporation,0,,0,33,33,3,29,,,,,,1,,1488,260,0,,,,1,,1,,,0,1,1,industrial development,Tamil Nadu Industrial Development Corporation,Body/Corporation
2023,61,C,"Industries, Investment Promotion and Commerce Department","Tamil Nadu Industrial Investment Corporation Ltd.,",0,,4,51,55,1,52,,,,,,0,,322,0,0,,,,10,,10,,,0,1,0,industrial investment,"Tamil Nadu Industrial Investment Corporation Ltd.,",Body/Corporation
2023,61,C,"Industries, Investment Promotion and Commerce Department","Tamil Nadu Salt Corporation Ltd.,",0,,0,3,3,0,2,,,,,,1,,0,0,0,,,,1,,1,,,0,1,1,salt,"Tamil Nadu Salt Corporation Ltd.,",Body/Corporation
2023,61,C,"Industries, Investment Promotion and Commerce Department","Tamil Nadu Newsprint and Papers Ltd.,",0,,2,35,37,0,33,,,,,,3,,0,170,0,,,,2,,2,,,0,1,0,newsprint papers,"Tamil Nadu Newsprint and Papers Ltd.,",Body/Corporation
2023,61,C,"Industries, Investment Promotion and Commerce Department","Tamil Nadu Cements Corporation, Ltd.,",0,,0,33,33,6,27,,,,,,0,,0,0,0,,,,8,,8,,,0,1,1,cements,Tamil Nadu Cements Corporation,Body/Corporation
2023,61,C,"Industries, Investment Promotion and Commerce Department","Tamil Nadu Industrial Explosives Ltd.,",0,,0,1,1,0,1,,,,,,0,,0,0,0,,,,0,,0,,,0,1,1,industrial explosives,"Tamil Nadu Industrial Explosives Ltd.,",Body/Corporation
2023,61,C,"Industries, Investment Promotion and Commerce Department","TIDEL Park Ltd..,",0,,0,2,2,0,2,,,,,,0,,0,0,0,,,,0,,0,,,0,1,1,tidel park,"TIDEL Park Ltd..,",Body/Corporation
2023,61,C,"Industries, Investment Promotion and Commerce Department","Industries, Investment Promotion and Commerce Department, Guidance",0,,0,17,17,6,10,,,,,,0,,0,110,0,,,,0,,0,,,0,1,0,industries investment promotion commerce guidance,"Industries, Investment Promotion and Commerce Department, Guidance",HOD
2023,62,C,Information Technology and Digital Services Department,"Information Technology and Digital Services Department, Secretariat",0,,0,83,83,54,26,,,,,,3,,0,790,0,,,,14,,14,,,0,1,1,information technology digital services secretariat,"Information Technology and Digital Services Department, Secretariat",Secretariat
2023,62,C,Information Technology and Digital Services Department,"Electronics Corporation of Tamil Nadu Ltd.,",0,,10,66,76,2,74,,,,,,0,,0,630,0,,,,2,,2,,,0,1,1,electronics,"Electronics Corporation of Tamil Nadu Ltd.,",Body/Corporation
2023,62,C,Information Technology and Digital Services Department,Tamil Nadu e-Governance,0,,0,57,57,7,50,,,,,,0,,0,220,0,,,,4,,4,,,0,1,1,e governance,e-Governance,HOD
2023,62,C,Information Technology and Digital Services Department,Tamil Virtual Academy,0,,0,6,6,2,4,,,,,,0,,0,0,0,,,,0,,0,,,0,1,1,virtual academy,Tamil Virtual Academy,HOD
2023,62,C,Information Technology and Digital Services Department,Tamil Nadu Arasu Cable TV Corporation Ltd.,0,,1,45,46,4,35,,,,,,4,,2356,450,0,,,,4,,4,,,0,1,0,arasu cable tv,Tamil Nadu Arasu Cable TV Corporation Ltd.,Body/Corporation
2023,62,C,Information Technology and Digital Services Department,Tamil Nadu Fibre net Corporation Ltd.,0,,0,6,6,0,6,,,,,,0,,0,20,0,,,,0,,0,,,0,1,1,fibrenet,Tamil Nadu Fibrenet Corporation Ltd.,Body/Corporation
2023,63,C,Labour Welfare and Skill Development Department,"Labour Welfare and Skill Development Department, Secretariat",0,,0,484,484,324,155,,,,,,3,,0,220,0,,,,10,,10,,,0,1,0,labour welfare skill development secretariat,"Labour Welfare and Skill Development Department, Secretariat",Secretariat
2023,63,C,Labour Welfare and Skill Development Department,Commissioner of Labour,0,,19,1600,1619,220,1349,,,,,,27,,5630,10341,0,,,,176,,176,,,0,1,0,commissionarate labour,Commissionarate of Labour,HOD
2023,63,C,Labour Welfare and Skill Development Department,Directorate of Industrial Safety and Health,0,,25,1070,1095,132,936,,,,,,7,,3302,5700,0,,,,107,,103,,,0,1,0,industrial safety health,Directorate of Industrial Safety and Health,HOD
2023,63,C,Labour Welfare and Skill Development Department,Commissionerate of Employment and Training (Employment wing),0,,12,590,602,44,550,,,,,,2,,744,5150,0,,,,43,,40,,,0,1,0,employment training employment wing,Commissionerate of Employment and Training (Employment wing),HOD
2023,63,C,Labour Welfare and Skill Development Department,Commissionerate of Employment and Training (Training),0,,1,230,231,9,218,,,,,,2,,2430,2174,0,,,,47,,46,,,0,1,0,employment training training,Commissionerate of Employment and Training (Training),HOD
2023,63,C,Labour Welfare and Skill Development Department,Directorate of Medical and Rural Health Services (ESI),0,,0,152,152,12,140,,,,,,0,,484,1190,0,,,,16,,16,,,0,1,1,medical rural health services esi,Directorate of Medical and Rural Health Services (ESI),HOD
2023,64,C,Law Department,"Law Department, Secretariat",0,,0,563,563,401,148,,,,,,14,,0,1512,0,,,,98,,98,,,0,1,1,law secretariat,"Law Department, Secretariat",Secretariat
2023,64,C,Law Department,Directorate of Legal Studies,0,,0,133,133,6,127,,,,,,0,,0,1330,0,,,,12,,12,,,0,1,1,legal studies,Directorate of Legal Studies,HOD
2023,64,C,Law Department,"Tamil Nadu Dr.Ambedkar Law University, Chennai",0,,27,207,234,15,215,,,,,,0,,0,2140,0,,,,34,,34,,,0,1,0,dr ambedkar law university,"The Tamil Nadu Dr.Ambedkar Law University, Chennai",Body/Corporation
2023,64,C,Law Department,"Tamil Nadu National Law School, Tiruchirappalli",0,,0,23,23,0,11,,,,,,0,,0,100,0,,,,1,,1,,,0,1,0,national law school tiruchirappalli,"The Tamil Nadu National Law School, Tiruchirappalli.",HOD
2023,64,C,Law Department,State Law Commission,0,,0,4,4,0,2,,,,,,2,,0,0,0,,,,0,,0,,,0,1,1,state law commission,State Law Commission,Body/Corporation
2023,64,C,Law Department,State Official Language (Legislative) Commission,0,,1,4,5,2,3,,,,,,0,,0,40,0,,,,0,,0,,,0,1,1,state official language legislative commission,State Official Language (Legislative) Commission,Body/Corporation
2023,65,C,"Micro, Small and Medium Enterprises Department, Secretariat","Micro, Small and Medium Enterprises Department, Secretariat, Secretariat",0,,0,89,89,10,79,,,,,,0,,0,750,0,,,,4,,4,,,0,1,1,micro small medium enterprises secretariat,"Micro, Small and Medium Enterprises Department, Secretariat",Secretariat
2023,65,C,"Micro, Small and Medium Enterprises Department, Secretariat",Commissionerate of Industries and Commerce,0,,13,310,323,47,220,,,,,,11,,0,1960,0,,,,68,,37,,,0,1,0,industries commerce,Commissionerate of Industries and Commerce,HOD
2023,65,C,"Micro, Small and Medium Enterprises Department, Secretariat",Tamil Nadu Small Industries Development Corporation Limited,0,,1,153,154,0,150,,,,,,1,,0,1542,0,,,,9,,9,,,0,1,0,small industries,Tamil Nadu Small Industries Corporation Limited,Body/Corporation
2023,65,C,"Micro, Small and Medium Enterprises Department, Secretariat",Tamil Nadu Small Industries Corporation Limited,0,,0,1,1,0,1,,,,,,0,,0,10,0,,,,0,,0,,,0,1,1,small industries,Tamil Nadu Small Industries Corporation Limited,Body/Corporation
2023,65,C,"Micro, Small and Medium Enterprises Department, Secretariat",Tamil Nadu Entrepreneurship Development and Innovation Institute,0,,0,5,5,0,5,,,,,,0,,0,50,0,,,,0,,0,,,0,1,1,entrepreneurship development innovation institute,Tamil Nadu Entrepreneurship Development and Innovation Institute,Body/Corporation
2023,65,C,"Micro, Small and Medium Enterprises Department, Secretariat",Tamil Nadu Startup and Innovation Mission (TANSIM),0,,0,3,3,0,3,,,,,,0,,0,0,0,,,,0,,0,,,0,1,1,startup innovation mission tansim,Tamil Nadu Startup and Innovation Mission (TANSIM),HOD
2023,66,C,Municipal Administration and Water Supply Department,"Municipal Administration and Water Supply Department, Secretariat",0,,1,711,712,558,152,,,,,,2,,0,4574,0,,,,73,,73,,,0,1,1,municipal administration water supply secretariat,"Municipal Administration and Water Supply Department, Secretariat",Secretariat
2023,66,C,Municipal Administration and Water Supply Department,Greater Chennai Corporation,0,,355,6168,6523,1043,4853,,,,,,129,,0,610,0,,,,871,,871,,,0,1,0,greater,Greater Chennai Corporation,Body/Corporation
2023,66,C,Municipal Administration and Water Supply Department,Directorate of Municipal Administration,0,,0,1623,1623,526,1097,,,,,,0,,0,16230,0,,,,174,,174,,,0,1,1,municipal administration water supply secretariat,"Municipal Administration and Water Supply Department, Secretariat",HOD
2023,66,C,Municipal Administration and Water Supply Department,Directorate of Town Panchayats,0,,11,13342,13353,764,12551,,,,,,27,,0,11072,0,,,,1496,,1485,,,0,1,0,town panchayats,Directorate of Town Panchayats,HOD
2023,66,C,Municipal Administration and Water Supply Department,Chennai Metropolitan Water Supply and Sewerage Board,0,,5,934,939,44,871,,,,,,12,,142,8900,0,,,,112,,110,,,0,1,0,metropolitan water supply sewerage board,Chennai Metropolitan Water Supply and Sewerage Board,Body/Corporation
2023,66,C,Municipal Administration and Water Supply Department,Tamil Nadu Water Supply and Drainage Board,0,,0,370,370,0,370,,,,,,0,,0,1084,0,,,,9,,7,,,0,1,1,water supply drainage board,Tamil Nadu Water Supply and Drainage Board,Body/Corporation
2023,67,C,Natural Resources Department,"Natural Resources Department, Secretariat",0,,0,75,75,38,36,,,,,,1,,0,40,0,,,,12,,9,,,0,1,1,water resources secretariat,"Water Resources Department, Secretariat",Secretariat
2023,67,C,Natural Resources Department,Department of Geology and Mining,0,,40,1657,1697,110,1390,,,,,,34,,4662,15390,0,,,,251,,154,,,0,1,0,geology mining,Directorate of Geology and Mining,HOD
2023,68,C,"Planning, Development and Special Initiatives Department","Planning, Development and Special Initiatives Department, Secretariat",0,,0,67,67,54,12,,,,,,1,,0,120,0,,,,2,,2,,,0,1,1,planning development special initiatives secretariat,"Planning, Development and Special Initiatives Department, Secretariat",Secretariat
2023,68,C,"Planning, Development and Special Initiatives Department",State Planning Commission,0,,0,3,3,0,3,,,,,,0,,0,30,0,,,,0,,0,,,0,1,1,state planning commission,State Planning Commission,Body/Corporation
2023,68,C,"Planning, Development and Special Initiatives Department",Economics and Statistics,0,,1,137,138,29,108,,,,,,1,,0,1080,0,,,,4,,4,,,0,1,1,economics statistics,Economics and Statistics,HOD
2023,68,C,"Planning, Development and Special Initiatives Department",Evaluation and Applied Research,0,,0,1,1,0,1,,,,,,0,,0,10,0,,,,0,,0,,,0,1,1,evaluation applied research,Directorate of Evaluation and Applied Research,HOD
2023,68,C,"Planning, Development and Special Initiatives Department",Special Area Development and Programme,0,,0,6,6,1,5,,,,,,0,,0,50,0,,,,0,,0,,,0,1,1,special area development programme,Special Area Development and Programme,HOD
2023,68,C,"Planning, Development and Special Initiatives Department",Chennai Metro Rail Ltd.,0,,0,267,267,10,250,,,,,,7,,452,2570,0,,,,33,,33,,,0,1,1,metro rail,Chennai Metro Rail Ltd.,Body/Corporation
2023,69,C,Public Department,"Public Department, Secretariat",0,,2,4712,4714,3757,536,,,,,,421,,916,33870,0,,,,310,,310,,,0,1,1,public secretariat,"Public Department, Secretariat",Secretariat
2023,69,C,Public Department,Governor’ s Secretariat,0,,0,373,373,178,195,,,,,,0,,0,3730,0,,,,58,,58,,,0,1,1,governor s secretariat,Governor’s Secretariat,Secretariat
2023,69,C,Public Department,"Governor’ s House Hold Office, Raj Bhavan",0,,1,47,48,10,38,,,,,,0,,1402,470,0,,,,3,,3,,,0,1,1,governor s house hold raj bhavan,"Governor’s House Hold Office, Raj Bhavan",HOD
2023,69,C,Public Department,State Human Rights Commission,0,,0,721,721,22,674,,,,,,0,,78,4013,0,,,,108,,108,,,0,1,0,state human rights commission,State Human Rights Commission,Body/Corporation
2023,69,C,Public Department,"State Guest House, Chepauk",0,,0,3,3,0,3,,,,,,0,,0,0,0,,,,0,,0,,,0,1,1,state guest house,State Guest House,HOD
2023,69,C,Public Department,"Tamil Nadu House, New Delhi",0,,0,6,6,1,3,,,,,,2,,0,0,0,,,,1,,1,,,0,1,1,house new delhi,"Tamil Nadu House, New Delhi",HOD
2023,69,C,Public Department,"Tamizhagam Guest House, Udhagmandalam",0,,0,0,0,0,0,,,,,,0,,0,0,0,,,,0,,0,,,0,1,1,tamizhagam guest house udhagmandalam,"Tamizhagam Guest House, Udhagmandalam",HOD
2023,69,C,Public Department,Tamil Nadu Ex- Servicemen Corporation,0,,0,19,19,0,19,,,,,,0,,0,125,0,,,,4,,4,,,0,1,1,ex servicemen,Tamil Nadu Ex-Servicemen Corporation,Body/Corporation
2023,69,C,Public Department,Directorate of Ex- servicemen Welfare,0,,1,137,138,11,126,,,,,,0,,920,1330,0,,,,18,,18,,,0,1,0,ex servicemen,Tamil Nadu Ex-Servicemen Corporation,HOD
2023,69,C,Public Department,Commissionerate of Rehabilitation,0,,0,25,25,0,25,,,,,,0,,25,250,0,,,,0,,0,,,0,1,1,rehabilitation,Commissionerate of Rehabilitation,HOD
2023,69,C,Public Department,Overseas Manpower Corporation Limited,0,,0,2,2,0,2,,,,,,0,,0,20,0,,,,0,,0,,,0,1,1,overseas manpower,"Overseas Manpower Corporation Ltd.,",Body/Corporation
2023,70,C,Public Works Department,"Public Works Department, Secretariat",0,,0,107,107,72,31,,,,,,4,,86,1060,0,,,,14,,14,,,0,1,1,public works secretariat,"Public Works Department, Secretariat",Secretariat
2023,70,C,Public Works Department,Engineer- in-Chief & Chief Engineer (General),0,,24,115,139,55,75,,,,,,5,,0,1170,0,,,,4,,4,,,0,1,0,engineer in chief chief engineer general,Engineer- in-Chief & Chief Engineer (General),HOD
2023,70,C,Public Works Department,"Chief Engineer, PWD, Chennai Region",0,,23,245,268,15,178,,,,,,0,,898,430,0,,,,12,,8,,,0,1,0,chief engineer pwd madurai region,"Chief Engineer, PWD, Madurai Region",HOD
2023,70,C,Public Works Department,"Chief Engineer, PWD,Trichy Region",0,,0,213,213,16,193,,,,,,0,,2148,1838,0,,,,6,,6,,,0,1,0,chief engineer pwd madurai region,"Chief Engineer, PWD, Madurai Region",HOD
2023,70,C,Public Works Department,"Chief Engineer, PWD, Coimbatore Region",0,,2,150,152,3,145,,,,,,0,,21432,1390,0,,,,20,,20,,,0,1,0,chief engineer pwd coimbatore region,"Chief Engineer, PWD, Coimbatore Region",HOD
2023,70,C,Public Works Department,"Chief Engineer, PWD, Madurai Region",0,,6,310,316,55,253,,,,,,2,,340,1710,0,,,,15,,15,,,0,1,0,chief engineer pwd madurai region,"Chief Engineer, PWD, Madurai Region",HOD
2023,70,C,Public Works Department,Super intending E (P&D) Circle,0,,0,11,11,2,9,,,,,,0,,0,0,0,,,,0,,0,,,0,1,1,super intending e p d circle,Super intending E (P&D) Circle,HOD
2023,70,C,Public Works Department,Chief Architect,0,,0,0,0,0,0,,,,,,0,,0,0,0,,,,0,,0,,,0,1,1,chief architect,Chief Architect,HOD
2023,70,C,Public Works Department,"Executive Engineer, Quality Control",0,,0,1,1,0,1,,,,,,0,,0,10,0,,,,0,,0,,,0,1,1,executive engineer quality control,"Executive Engineer, Quality Control",HOD
2023,70,C,Public Works Department,Directorate of Boilers,0,,0,6,6,0,6,,,,,,0,,0,30,0,,,,0,,0,,,0,1,1,boilers,Directorate of Boilers,HOD
2023,71,C,Revenue and Disaster Management Department,"Revenue and Disaster Management Department, Secretariat",0,,6,1363,1369,1011,343,,,,,,15,,126,0,0,,,,176,,176,,,0,1,1,revenue disaster management secretariat,"Revenue and Disaster Management Department, Secretariat",Secretariat
2023,71,C,Revenue and Disaster Management Department,"Commissionerate of Revenue Administration, Disaster Management and Mitigation",0,,4389,135296,139685,45748,89379,,,,,,1474,,451498,820201,160000,,,,14514,,14396,,,0,1,0,revenue administration disaster management mitigation,Revenue Administration Disaster Management and Mitigation,HOD
2023,71,C,Revenue and Disaster Management Department,Commissionerate of Land Administration,0,,0,1748,1748,1118,624,,,,,,6,,3956,17480,0,,,,156,,156,,,0,1,1,land administration,Commissionerate of Land Administration,HOD
2023,71,C,Revenue and Disaster Management Department,Commissionerate of Land Reforms,0,,7,376,383,18,359,,,,,,6,,3307,2850,0,,,,26,,26,,,0,1,1,land reforms,Commissionerate of Land Reforms,HOD
2023,71,C,Revenue and Disaster Management Department,Commissionerate of Urban Land Ceiling and Urban Land Tax,0,,1,401,402,88,301,,,,,,8,,2420,3449,0,,,,31,,27,,,0,1,0,urban land ceiling urban land tax,Commissionerate of Urban Land Ceiling and Urban Land Tax,HOD
2023,71,C,Revenue and Disaster Management Department,"Revenue and Disaster Management Department, DOSS",0,,154,13490,13644,6175,6979,,,,,,43,,322509,120160,0,,,,980,,965,,,0,1,0,revenue disaster management doss,"Revenue and Disaster Management Department, DOSS",HOD
2023,72,C,"Rural Development and Panchayat Raj Department,","Rural Development and Panchayat Raj Department,, Secretariat",0,,0,1225,1225,1126,98,,,,,,1,,0,11920,0,,,,232,,232,,,0,1,1,rural development panchayat raj secretariat,"Rural Development and Panchayat Raj Department, Secretariat",Secretariat
2023,72,C,"Rural Development and Panchayat Raj Department,",Directorate of Rural Development and Panchayat Raj,0,,3372,38018,41390,5354,31356,,,,,,204,,32375,168789,0,,,,4323,,3540,,,0,1,0,rural development panchayat raj secretariat,"Rural Development and Panchayat Raj Department, Secretariat",HOD
2023,72,C,"Rural Development and Panchayat Raj Department,","Tamil Nadu Corporation for Development of Women Ltd.,",0,,10,707,717,124,572,,,,,,2,,1324,150,40,,,,106,,106,,,0,1,0,for development women,Tamil Nadu Corporation for Development of Women,Body/Corporation
2023,72,C,"Rural Development and Panchayat Raj Department,",Tamil Nadu Vaazhndhu Kattuvoom Project,0,,0,6,6,6,0,,,,,,0,,0,0,0,,,,1,,1,,,0,1,1,vaazhndhu kattuvoom project,Tamil Nadu Vaazhndhu Kattuvoom Project,HOD
2023,72,C,"Rural Development and Panchayat Raj Department,",Tamil Nadu Coastal Sustainable Livelihood Society,0,,0,1,1,0,1,,,,,,0,,0,0,0,,,,0,,0,,,0,1,1,coastal sustainable livelihood society,Tamil Nadu Coastal Sustainable Livelihood Society,Body/Corporation
2023,72,C,"Rural Development and Panchayat Raj Department,",Tamil Nadu State Election Commission,0,,0,236,236,173,63,,,,,,0,,0,2339,0,,,,23,,23,,,0,1,1,state election commission,Tamil Nadu State Election Commission,Body/Corporation
2023,72,C,"Rural Development and Panchayat Raj Department,",State Institute of Rural Development,0,,0,6,6,2,4,,,,,,0,,0,0,0,,,,1,,1,,,0,1,1,state institute rural development,State Institute of Rural Development,Body/Corporation
2023,73,C,School Education Department,"School Education Department, Secretariat",0,,0,1206,1206,1020,169,,,,,,17,,150,12000,0,,,,124,,123,,,0,1,1,school education,Directorate of School Education,Secretariat
2023,73,C,School Education Department,Directorate of School Education,0,,0,3625,3625,789,2830,,,,,,6,,0,36250,0,,,,90,,90,,,0,1,1,school education,Directorate of School Education,HOD
2023,73,C,School Education Department,Directorate of Elementary Education,0,,0,1071,1071,454,617,,,,,,0,,0,10710,0,,,,0,,0,,,0,1,1,elementary education,Directorate of Elementary Education,HOD
2023,73,C,School Education Department,Directorate of Private Schools,0,,0,374,374,167,207,,,,,,0,,0,3740,0,,,,16,,16,,,0,1,1,private schools,Directorate of Private Schools,HOD
2023,73,C,School Education Department,Directorate of Non formal & Adult Education,0,,0,4,4,0,4,,,,,,0,,0,0,0,,,,0,,0,,,0,1,1,nonformal adult education,Nonformal & Adult Education,HOD
2023,73,C,School Education Department,State Council of Educational Research and Training,0,,0,151,151,18,124,,,,,,9,,0,0,0,,,,12,,12,,,0,1,1,state council education research training,Directorate of State Council of Education Research and Training,HOD
2023,73,C,School Education Department,Directorate of Government Examinations,0,,0,330,330,42,288,,,,,,0,,9292,3298,0,,,,16,,16,,,0,1,1,examinations,Directorate of Government Examinations,HOD
2023,73,C,School Education Department,Directorate of Public Libraries,0,,0,782,782,0,782,,,,,,0,,0,0,0,,,,128,,128,,,0,1,1,public libraries,Directorate of Public Libraries,HOD
2023,73,C,School Education Department,Tamil Nadu Text Book and Educational Services Corporation,0,,0,25,25,5,20,,,,,,0,,0,0,0,,,,0,,0,,,0,1,1,text book educational services,Tamil Nadu Text Book and Educational Services Corporation,Body/Corporation
2023,73,C,School Education Department,Teachers Recruitment Board,0,,660,811,1471,25,1185,,,,,,0,,0,7440,0,,,,125,,108,,,0,1,0,teachers recruitment board,Teachers Recruitment Board,Body/Corporation
2023,73,C,School Education Department,State Project Directorate of Samagra Shiksha Abhiyan,0,,16,168,184,17,167,,,,,,0,,0,0,0,,,,18,,18,,,0,1,1,state project samagra shiksha abhiyan,State Project Directorate of Samagra Shiksha Abhiyan,HOD
2023,74,C,Social Reforms Department,"Social Reforms Department, Secretariat",0,,0,2,2,0,2,,,,,,0,,0,20,0,,,,0,,0,,,0,1,1,social reforms secretariat,"Social Reforms Department, Secretariat",Secretariat
2023,74,C,Social Reforms Department,Social Justice Monitoring Committee,0,,0,2,2,0,2,,,,,,0,,0,20,0,,,,1,,1,,,0,1,1,social justice monitoring committee,Social Justice Monitoring Committee,HOD
2023,75,C,Social Welfare and Women Empowerment Department,"Social Welfare and Women Empowerment Department, Secretariat",0,,0,344,344,247,97,,,,,,0,,0,3440,0,,,,27,,27,,,0,1,1,social welfare,Tamil Nadu Social Welfare Board,Secretariat
2023,75,C,Social Welfare and Women Empowerment Department,Commissionerate of Social Welfare,0,,20,348,368,40,328,,,,,,2,,0,1400,0,,,,30,,30,,,0,1,0,social welfare,Tamil Nadu Social Welfare Board,HOD
2023,75,C,Social Welfare and Women Empowerment Department,Directorate of Children Welfare and Special Service,0,,0,57,57,0,0,,,,,,0,,0,810,0,,,,0,,0,,,0,1,0,children welfare special service,Directorate of Children Welfare and Special Service,HOD
2023,75,C,Social Welfare and Women Empowerment Department,Directorate of Integrated Child Development Services,0,,16,376,392,42,340,,,,,,10,,0,176,0,,,,35,,35,,,0,1,1,integrated child development services,Directorate of Integrated Child Development Services,HOD
2023,76,C,Special Programme Implementation Department,"Special Programme Implementation Department, Secretariat",0,,0,43,43,33,10,,,,,,0,,0,100,0,,,,2,,2,,,0,1,1,special programme implementation secretariat,"Special Programme Implementation Department, Secretariat",Secretariat
2023,76,C,Special Programme Implementation Department,Tamil Nadu Skill Development Corporation,0,,0,31,31,0,31,,,,,,0,,0,310,0,,,,3,,3,,,0,1,1,silk development,Tamil Nadu Silk Development Corporation,Body/Corporation
2023,77,C,Tamil Development and Information Department,"Tamil Development and Information Department, Secretariat",0,,1,59,60,45,15,,,,,,0,,0,590,0,,,,4,,4,,,0,1,1,development information secretariat,"Tamil Development and Information Department, Secretariat",Secretariat
2023,77,C,Tamil Development and Information Department,Tamil Development Department,0,,0,55,55,0,55,,,,,,0,,60,550,0,,,,3,,3,,,0,1,1,backward classes economic development,Tamil Nadu Backward Classes Economic Development Corporation,HOD
2023,77,C,Tamil Development and Information Department,"Tamil University, Thanjavur",0,,2,56,58,0,58,,,,,,0,,0,560,0,,,,4,,4,,,0,1,1,university thanjavur,"Tamil University,Thanjavur",Body/Corporation
2023,77,C,Tamil Development and Information Department,International Institute of Tamil Studies Taramani.,0,,0,10,10,0,10,,,,,,0,,308,100,0,,,,3,,3,,,0,1,1,international institute studies,International Institute of Tamil Studies,Body/Corporation
2023,77,C,Tamil Development and Information Department,"Ulaga Tamil Sangam,Madurai",0,,0,0,0,0,0,,,,,,0,,0,0,0,,,,0,,0,,,0,1,1,ulaga sangam madurai,"Ulaga Tamil Sangam,Madurai",HOD
2023,77,C,Tamil Development and Information Department,Directorate of Tamil Etymological Dictionary Project,0,,0,0,0,0,0,,,,,,0,,0,0,0,,,,0,,0,,,0,1,1,etymological dictionary project,Directorate of Tamil Etymological Dictionary Project,HOD
2023,77,C,Tamil Development and Information Department,Directorate of Information and Public Relations Department,0,,8,214,222,11,169,,,,,,30,,96,2140,0,,,,32,,29,,,0,1,0,information public relations,Directorate of Information and Public Relations,HOD
2023,77,C,Tamil Development and Information Department,Directorate of Stationery and Printing,0,,10,160,170,35,119,,,,,,11,,0,1600,0,,,,19,,19,,,0,1,0,stationery printing,Directorate of Stationery and Printing,HOD
2023,78,C,"Tourism, Culture and Religious Endowments Department","Tourism, Culture and Religious Endowments Department, Secretariat",0,,0,376,376,303,66,,,,,,3,,164,3200,0,,,,27,,27,,,0,1,0,tourism culture religious endowments secretariat,"Tourism, Culture and Religious Endowments Department, Secretariat.",Secretariat
2023,78,C,"Tourism, Culture and Religious Endowments Department",Directorate of Museums,0,,0,8,8,1,7,,,,,,0,,0,70,0,,,,0,,0,,,0,1,1,museum,Directorate of Museum,HOD
2023,78,C,"Tourism, Culture and Religious Endowments Department",Commissionerate of Art and Culture,0,,2,114,116,8,104,,,,,,0,,0,210,0,,,,18,,15,,,0,1,0,art culture,Commissionerate of Art and Culture,HOD
2023,78,C,"Tourism, Culture and Religious Endowments Department",Commissionerate of Archaeology,0,,0,21,21,3,18,,,,,,0,,0,226,0,,,,0,,0,,,0,1,1,archaeology,Commissionerate of Archaeology,HOD
2023,78,C,"Tourism, Culture and Religious Endowments Department",Commissionerate of Tourism,0,,0,59,59,4,55,,,,,,0,,0,615,0,,,,9,,9,,,0,1,1,tourism,Commissionerate of Tourism,HOD
2023,78,C,"Tourism, Culture and Religious Endowments Department",Commissionerate of Hindu Religious and Charitable Endowments,0,,202,11001,11203,2728,7055,,,,,,135,,1120,18287,0,,,,1716,,1471,,,0,1,0,hindu religious charitable endowments,Commissionerate of Hindu Religious and Charitable Endowments,HOD
2023,78,C,"Tourism, Culture and Religious Endowments Department",Tamil Nadu Tourism Development Corporation,0,,5,34,39,11,24,,,,,,3,,2000,430,0,,,,2,,1,,,0,1,0,tourism development,Tamil Nadu Tourism Development Corporation,Body/Corporation
2023,79,C,Transport Department,"Transport Department, Secretariat",0,,0,541,541,489,45,,,,,,7,,0,3880,0,,,,48,,48,,,0,1,1,transport secretariat,"Transport Department, Secretariat",Secretariat
2023,79,C,Transport Department,"Metropolitan Transport Corporation (Chennai) Ltd.,",0,,15,785,800,7,722,,,,,,48,,7252,6550,0,,,,135,,132,,,0,1,0,metropolitan transport,"Metropolitan Transport Corporation (Chennai) Ltd.,",Body/Corporation
2023,79,C,Transport Department,"State Express Transport Corporation, Ch.",0,,32,817,849,16,764,,,,,,43,,4676,8662,0,,,,147,,145,,,0,1,0,state express transport,"State Express Transport Corporation, Chennai",Body/Corporation
2023,79,C,Transport Department,"TN State Transport Corporation (Villupuram) Ltd.,",0,,57,1317,1374,3,1341,,,,,,0,,32939,11700,0,,,,163,,151,,,0,1,0,state transport villupuram,"Tamil Nadu State Transport Corporation (Villupuram) Ltd.,",Body/Corporation
2023,79,C,Transport Department,"TN State Transport Corporation (Salem), Ltd.,",0,,94,1655,1749,7,1625,,,,,,77,,33474,16120,0,,,,553,,547,,,0,1,0,state transport salem,"Tamil Nadu State Transport Corporation (Salem), Ltd.,",Body/Corporation
2023,79,C,Transport Department,"TN State Transport Corporation (Coimbatore) Ltd.,",0,,188,1235,1423,3,1404,,,,,,16,,0,15691,0,,,,158,,153,,,0,1,1,state transport coimbatore,"Tamil Nadu State Transport Corporation (Coimbatore) Ltd.,",Body/Corporation
2023,79,C,Transport Department,"TN State Transport Corporation (Kumbakonam) Ltd.,",0,,62,887,949,1,829,,,,,,86,,12724,8740,0,,,,90,,90,,,0,1,0,state transport kumbakonam,"Tamil Nadu State Transport Corporation (Kumbakonam) Ltd.,",Body/Corporation
2023,79,C,Transport Department,"TN State Transport Corporation (Madurai) Ltd.,",0,,39,1097,1136,13,1051,,,,,,28,,13702,10560,0,,,,53,,46,,,0,1,0,state transport madurai,"Tamil Nadu State Transport Corporation (Madurai) Ltd.,",Body/Corporation
2023,79,C,Transport Department,"TN State Transport Corporation (Tirunelveli) Ltd.,",0,,0,982,982,3,974,,,,,,5,,3348,4460,0,,,,167,,167,,,0,1,1,state transport tirunelveli,"Tamil Nadu State Transport Corporation (Tirunelveli) Ltd.,",Body/Corporation
2023,79,C,Transport Department,"Motor Vehicles & Maintenance Department, Ch.",0,,0,25,25,3,22,,,,,,0,,0,210,0,,,,6,,6,,,0,1,1,motor vehicles maintenance,"Motor Vehicles & Maintenance Department, Chennai",HOD
2023,79,C,Transport Department,"Institute of Road Transport, Chennai",0,,0,26,26,5,20,,,,,,1,,0,0,0,,,,2,,2,,,0,1,1,institute road transport,"Institute of Road Transport, Chennai",Body/Corporation
2023,79,C,Transport Department,"Transport Development Finance Corporation Ltd.,",0,,0,6,6,0,6,,,,,,0,,0,60,0,,,,0,,0,,,0,1,1,transport development finance,"Transport Development Finance Corporation Ltd.,",Body/Corporation
2023,79,C,Transport Department,"Pallavan Transport Consultancy Services, Chennai",0,,0,0,0,0,0,,,,,,0,,0,0,0,,,,0,,0,,,0,1,1,pallavan transport consultancy services,"Pallavan Transport Consultancy Services, Chennai",HOD
2023,80,C,Water Resources Department,"Water Resources Department, Secretariat",0,,1,274,275,220,51,,,,,,4,,208,1360,0,,,,37,,37,,,0,1,1,water resources secretariat,"Water Resources Department, Secretariat",Secretariat
2023,80,C,Water Resources Department,Engineer–in-chief & Chief Engineer (General),0,,4,480,484,292,166,,,,,,26,,0,544,0,,,,34,,34,,,0,1,1,engineer in chief chief engineer general,Engineer- in-Chief & Chief Engineer (General),HOD
2023,80,C,Water Resources Department,Chief Engineer Chennai Region,0,,0,1073,1073,288,743,,,,,,42,,0,7850,0,,,,89,,85,,,0,1,1,chief engineer region,Chief Engineer Chennai Region,HOD
2023,80,C,Water Resources Department,Chief Engineer Trichy Region,0,,12,1001,1013,74,930,,,,,,9,,0,4784,0,,,,56,,56,,,0,1,1,chief engineer trichy region,Chief Engineer Trichy Region,HOD
2023,80,C,Water Resources Department,Chief Engineer Madurai Region,0,,36,965,1001,127,868,,,,,,6,,0,792,0,,,,114,,108,,,0,1,1,chief engineer pwd madurai region,"Chief Engineer, PWD, Madurai Region",HOD
2023,80,C,Water Resources Department,Chief Engineer Coimbatore Region,0,,51,856,907,74,824,,,,,,9,,0,10438,0,,,,114,,109,,,0,1,1,chief engineer pwd coimbatore region,"Chief Engineer, PWD, Coimbatore Region",HOD
2023,80,C,Water Resources Department,Chief Engineer Design Research and Construction Support (DRCS),0,,0,20,20,0,20,,,,,,0,,0,0,0,,,,2,,2,,,0,1,1,design research construction support,Design Research and Construction Support Department,HOD
2023,80,C,Water Resources Department,CE Operation and Maintenance,0,,0,13,13,0,13,,,,,,0,,0,140,0,,,,0,,0,,,0,1,1,operation maintenance,Operation and Maintenance,HOD
2023,80,C,Water Resources Department,"CE, Plan Formulation",0,,0,48,48,20,28,,,,,,0,,0,210,0,,,,2,,2,,,0,1,1,plan formulation,Plan Formulation Department,HOD
2023,80,C,Water Resources Department,"CE, Ground Water",0,,3,136,139,32,104,,,,,,3,,0,404,0,,,,8,,8,,,0,1,1,ce ground water,"CE, Ground Water",HOD
2023,80,C,Water Resources Department,"CE, Institute for Water Studies",0,,0,16,16,5,11,,,,,,0,,0,748,0,,,,0,,0,,,0,1,1,institute for water studies,Institute for Water Studies,Body/Corporation
2023,80,C,Water Resources Department,"CE, Irrigation Management Training Institute",0,,0,2,2,1,1,,,,,,0,,0,20,0,,,,0,,0,,,0,1,1,irrigation management training institute,Irrigation Management Training Institute,Body/Corporation
2023,80,C,Water Resources Department,"CE, State Water Resources Management Agency, Taramani",0,,0,0,0,0,0,,,,,,0,,0,0,0,,,,0,,0,,,0,1,1,state water resources management agency wrd taramani,"State Water Resources Management Agency WRD,Taramani,Chennai",Body/Corporation
2023,80,C,Water Resources Department,Cauvery Technical Cell,0,,0,7,7,0,7,,,,,,0,,0,0,0,,,,0,,0,,,0,1,1,cauvery technical cell,Cauvery Technical Cell,HOD
2023,81,C,Welfare of Differently Abled Persons Department,"Welfare of Differently Abled Persons Department, Secretariat",0,,0,54,54,29,25,,,,,,0,,0,0,0,,,,3,,3,,,0,1,1,welfare differently abled persons secretariat,"Welfare of Differently Abled Persons Department, Secretariat",Secretariat
2023,81,C,Welfare of Differently Abled Persons Department,Directorate of the Welfare of Differently Abled,0,,3,497,500,22,466,,,,,,0,,0,0,0,,,,35,,33,,,0,1,0,for welfare differently abled,Commissionerate for the Welfare of Differently Abled,HOD
2023,82,C,Youth Welfare and Sports Development Department,"Youth Welfare and Sports Development Department, Secretariat",0,,0,148,148,123,14,,,,,,11,,0,1320,0,,,,13,,13,,,0,1,1,youth welfare sports development secretariat,"Youth Welfare and Sports Development, Secretariat",Secretariat
2023,82,C,Youth Welfare and Sports Development Department,Sports Development Authority of Tamil Nadu,0,,0,211,211,6,205,,,,,,0,,0,3310,0,,,,29,,29,,,0,1,1,sports development authority,Sports Development Authority of Tamil Nadu,Body/Corporation
2023,82,C,Youth Welfare and Sports Development Department,National Cadet Corps,0,,1,26,27,0,21,,,,,,5,,0,90,0,,,,1,,1,,,0,1,0,national cadet corps,National Cadet Corps,HOD
2023,82,C,Youth Welfare and Sports Development Department,National Service Scheme,0,,0,2,2,1,1,,,,,,0,,0,20,0,,,,0,,0,,,0,1,1,national service scheme,National Service Scheme,HOD
2023,82,C,Youth Welfare and Sports Development Department,Tamil Nadu Physical Education and Sports University,0,,12,46,58,0,58,,,,,,0,,0,460,0,,,,4,,4,,,0,1,1,physical education sports university,Tamil Nadu Physical Education and Sports University,Body/Corporation
2023,83,C,Tamil Nadu Legislative Assembly,"Tamil Nadu Legislative Assembly, Secretariat",0,,0,157,157,29,94,,,,,,34,,820,1220,0,,,,44,,44,,,0,1,1,legislative assembly secretariat,Legislative Assembly Secretariat.,Secretariat
2023,84,C,Tamil Nadu Vigilance Commission,Tamil Nadu Vigilance Commission,0,,0,15,15,8,7,,,,,,0,,0,80,0,,,,2,,1,,,0,1,1,vigilance commission,Vigilance Commission,Body/Corporation
2023,85,C,Tamil Nadu Information Commission,Tamil Nadu Information Commission,0,,112,1331,1443,0,1280,,,,,,0,,0,0,0,,,,32,,32,,,0,1,0,information commission,Tamil Nadu Information Commission,Body/Corporation
