application_id,batch_id,authority_id,state,department,topic,language,channel,template_version,treatment,assigned_ra,randomization_stratum,filing_outcome,not_filed_reason,filing_date,registration_number,fee_paid_inr,payment_mode,payment_reference,evidence_url,screen_recording_url,due_date,filed_by,notes,source_row_id,office_name,tree_department,node_id,parent_id,level,tier,path,portal
TN-026,b2026q3_02,TN-59b5ded32dbc7e5e,Tamil Nadu,ADI DRAVIDAR AND TRIBAL WELFARE DEPARTMENT,rti_meta,en,portal,wave1-rti-information-v1,legal_salience,RA1,ADI DRAVIDAR AND TRIBAL WELFARE DEPARTMENT | Department,,,,,,,,,,,,,,ADI DRAVIDAR AND TRIBAL WELFARE DEPARTMENT,ADI DRAVIDAR AND TRIBAL WELFARE DEPARTMENT,59b5ded32dbc7e5e,displayPa,1,Department,ADI DRAVIDAR AND TRIBAL WELFARE DEPARTMENT,rti_tamil_nadu
TN-027,b2026q3_02,TN-539a9b40c157b20c,Tamil Nadu,DIRECTORATE OF ADIDRAVIDAR WELFARE,rti_meta,en,portal,wave1-rti-information-v1,plain,RA2,ADI DRAVIDAR AND TRIBAL WELFARE DEPARTMENT | Head of Department,,,,,,,,,,,,,,DIRECTORATE OF ADIDRAVIDAR WELFARE,ADI DRAVIDAR AND TRIBAL WELFARE DEPARTMENT,539a9b40c157b20c,59b5ded32dbc7e5e,2,Head of Department,ADI DRAVIDAR AND TRIBAL WELFARE DEPARTMENT > DIRECTORATE OF ADIDRAVIDAR WELFARE,rti_tamil_nadu
TN-028,b2026q3_02,TN-ad34f76513e3d6e5,Tamil Nadu,"DIRECTORATE OF TRIBAL WELFARE, CHENNAI",rti_meta,en,portal,wave1-rti-information-v1,legal_salience,RA2,ADI DRAVIDAR AND TRIBAL WELFARE DEPARTMENT | Head of Department,,,,,,,,,,,,,,"DIRECTORATE OF TRIBAL WELFARE, CHENNAI",ADI DRAVIDAR AND TRIBAL WELFARE DEPARTMENT,ad34f76513e3d6e5,59b5ded32dbc7e5e,2,Head of Department,"ADI DRAVIDAR AND TRIBAL WELFARE DEPARTMENT > DIRECTORATE OF TRIBAL WELFARE, CHENNAI",rti_tamil_nadu
TN-029,b2026q3_02,TN-b342d253e974c4fc,Tamil Nadu,"TAMIL NADU ADI DRAVIDAR HOUSING AND DEVELOPMENT CORPORATION (TAHDCO) HEAD OFFICE, CHENNAI",rti_meta,en,portal,wave1-rti-information-v1,plain,RA1,ADI DRAVIDAR AND TRIBAL WELFARE DEPARTMENT | Head of Department,,,,,,,,,,,,,,"TAMIL NADU ADI DRAVIDAR HOUSING AND DEVELOPMENT CORPORATION (TAHDCO) HEAD OFFICE, CHENNAI",ADI DRAVIDAR AND TRIBAL WELFARE DEPARTMENT,b342d253e974c4fc,59b5ded32dbc7e5e,2,Head of Department,"ADI DRAVIDAR AND TRIBAL WELFARE DEPARTMENT > TAMIL NADU ADI DRAVIDAR HOUSING AND DEVELOPMENT CORPORATION (TAHDCO) HEAD OFFICE, CHENNAI",rti_tamil_nadu
TN-030,b2026q3_02,TN-044d53dc75a8de3f,Tamil Nadu,"ADW GOVERNMENT HIGH SCHOOL, OGALUR",rti_meta,en,portal,wave1-rti-information-v1,plain,RA1,ADI DRAVIDAR AND TRIBAL WELFARE DEPARTMENT | Sub Office,,,,,,,,,,,,,,"ADW GOVERNMENT HIGH SCHOOL, OGALUR",ADI DRAVIDAR AND TRIBAL WELFARE DEPARTMENT,044d53dc75a8de3f,539a9b40c157b20c,3,Sub Office,"ADI DRAVIDAR AND TRIBAL WELFARE DEPARTMENT > DIRECTORATE OF ADIDRAVIDAR WELFARE > ADW GOVERNMENT HIGH SCHOOL, OGALUR",rti_tamil_nadu
TN-031,b2026q3_02,TN-01262a3524c0d78d,Tamil Nadu,"ADW GOVERNMENT HIGH SCHOOL, VETTIYAKADU",rti_meta,en,portal,wave1-rti-information-v1,plain,RA4,ADI DRAVIDAR AND TRIBAL WELFARE DEPARTMENT | Sub Office,,,,,,,,,,,,,,"ADW GOVERNMENT HIGH SCHOOL, VETTIYAKADU",ADI DRAVIDAR AND TRIBAL WELFARE DEPARTMENT,01262a3524c0d78d,539a9b40c157b20c,3,Sub Office,"ADI DRAVIDAR AND TRIBAL WELFARE DEPARTMENT > DIRECTORATE OF ADIDRAVIDAR WELFARE > ADW GOVERNMENT HIGH SCHOOL, VETTIYAKADU",rti_tamil_nadu
TN-032,b2026q3_02,TN-d608850350a07a57,Tamil Nadu,"ADW HIGH SCHOOL, KAPPUR",rti_meta,en,portal,wave1-rti-information-v1,plain,RA1,ADI DRAVIDAR AND TRIBAL WELFARE DEPARTMENT | Sub Office,,,,,,,,,,,,,,"ADW HIGH SCHOOL, KAPPUR",ADI DRAVIDAR AND TRIBAL WELFARE DEPARTMENT,d608850350a07a57,539a9b40c157b20c,3,Sub Office,"ADI DRAVIDAR AND TRIBAL WELFARE DEPARTMENT > DIRECTORATE OF ADIDRAVIDAR WELFARE > ADW HIGH SCHOOL, KAPPUR",rti_tamil_nadu
TN-033,b2026q3_02,TN-2cf2b45528d09052,Tamil Nadu,"DISTRICT ADIDRAVIDAR AND TRIBAL WELFARE OFFICE, DINDIGUL",rti_meta,en,portal,wave1-rti-information-v1,plain,RA4,ADI DRAVIDAR AND TRIBAL WELFARE DEPARTMENT | Sub Office,,,,,,,,,,,,,,"DISTRICT ADIDRAVIDAR AND TRIBAL WELFARE OFFICE, DINDIGUL",ADI DRAVIDAR AND TRIBAL WELFARE DEPARTMENT,2cf2b45528d09052,539a9b40c157b20c,3,Sub Office,"ADI DRAVIDAR AND TRIBAL WELFARE DEPARTMENT > DIRECTORATE OF ADIDRAVIDAR WELFARE > DISTRICT ADIDRAVIDAR AND TRIBAL WELFARE OFFICE, DINDIGUL",rti_tamil_nadu
TN-034,b2026q3_02,TN-a0819ead21ccd014,Tamil Nadu,"DISTRICT ADIDRAVIDAR AND TRIBAL WELFARE OFFICE, KALLAKURICHI",rti_meta,en,portal,wave1-rti-information-v1,plain,RA3,ADI DRAVIDAR AND TRIBAL WELFARE DEPARTMENT | Sub Office,,,,,,,,,,,,,,"DISTRICT ADIDRAVIDAR AND TRIBAL WELFARE OFFICE, KALLAKURICHI",ADI DRAVIDAR AND TRIBAL WELFARE DEPARTMENT,a0819ead21ccd014,539a9b40c157b20c,3,Sub Office,"ADI DRAVIDAR AND TRIBAL WELFARE DEPARTMENT > DIRECTORATE OF ADIDRAVIDAR WELFARE > DISTRICT ADIDRAVIDAR AND TRIBAL WELFARE OFFICE, KALLAKURICHI",rti_tamil_nadu
TN-035,b2026q3_02,TN-75fa8a449bed786d,Tamil Nadu,"DISTRICT ADIDRAVIDAR AND TRIBAL WELFARE OFFICE, KANNIYAKUMARI",rti_meta,en,portal,wave1-rti-information-v1,plain,RA2,ADI DRAVIDAR AND TRIBAL WELFARE DEPARTMENT | Sub Office,,,,,,,,,,,,,,"DISTRICT ADIDRAVIDAR AND TRIBAL WELFARE OFFICE, KANNIYAKUMARI",ADI DRAVIDAR AND TRIBAL WELFARE DEPARTMENT,75fa8a449bed786d,539a9b40c157b20c,3,Sub Office,"ADI DRAVIDAR AND TRIBAL WELFARE DEPARTMENT > DIRECTORATE OF ADIDRAVIDAR WELFARE > DISTRICT ADIDRAVIDAR AND TRIBAL WELFARE OFFICE, KANNIYAKUMARI",rti_tamil_nadu
TN-036,b2026q3_02,TN-cbd07c8629093926,Tamil Nadu,"DISTRICT ADIDRAVIDAR AND TRIBAL WELFARE OFFICE, MAYILADUTHURAI",rti_meta,en,portal,wave1-rti-information-v1,plain,RA3,ADI DRAVIDAR AND TRIBAL WELFARE DEPARTMENT | Sub Office,,,,,,,,,,,,,,"DISTRICT ADIDRAVIDAR AND TRIBAL WELFARE OFFICE, MAYILADUTHURAI",ADI DRAVIDAR AND TRIBAL WELFARE DEPARTMENT,cbd07c8629093926,539a9b40c157b20c,3,Sub Office,"ADI DRAVIDAR AND TRIBAL WELFARE DEPARTMENT > DIRECTORATE OF ADIDRAVIDAR WELFARE > DISTRICT ADIDRAVIDAR AND TRIBAL WELFARE OFFICE, MAYILADUTHURAI",rti_tamil_nadu
TN-037,b2026q3_02,TN-c519a7e505e3b092,Tamil Nadu,"DISTRICT ADIDRAVIDAR AND TRIBAL WELFARE OFFICE, TENKASI",rti_meta,en,portal,wave1-rti-information-v1,plain,RA3,ADI DRAVIDAR AND TRIBAL WELFARE DEPARTMENT | Sub Office,,,,,,,,,,,,,,"DISTRICT ADIDRAVIDAR AND TRIBAL WELFARE OFFICE, TENKASI",ADI DRAVIDAR AND TRIBAL WELFARE DEPARTMENT,c519a7e505e3b092,539a9b40c157b20c,3,Sub Office,"ADI DRAVIDAR AND TRIBAL WELFARE DEPARTMENT > DIRECTORATE OF ADIDRAVIDAR WELFARE > DISTRICT ADIDRAVIDAR AND TRIBAL WELFARE OFFICE, TENKASI",rti_tamil_nadu
TN-038,b2026q3_02,TN-e76d2db6f1401fd7,Tamil Nadu,G(B)ADWHIGHER SECONDARY SCHOOL ARAKKONAM,rti_meta,en,portal,wave1-rti-information-v1,plain,RA2,ADI DRAVIDAR AND TRIBAL WELFARE DEPARTMENT | Sub Office,,,,,,,,,,,,,,G(B)ADWHIGHER SECONDARY SCHOOL ARAKKONAM,ADI DRAVIDAR AND TRIBAL WELFARE DEPARTMENT,e76d2db6f1401fd7,539a9b40c157b20c,3,Sub Office,ADI DRAVIDAR AND TRIBAL WELFARE DEPARTMENT > DIRECTORATE OF ADIDRAVIDAR WELFARE > G(B)ADWHIGHER SECONDARY SCHOOL ARAKKONAM,rti_tamil_nadu
TN-039,b2026q3_02,TN-261f3a8eca669ed8,Tamil Nadu,"GOVERNMENT ADW HIGH SCHOOL., MINJUR 601203",rti_meta,en,portal,wave1-rti-information-v1,legal_salience,RA4,ADI DRAVIDAR AND TRIBAL WELFARE DEPARTMENT | Sub Office,,,,,,,,,,,,,,"GOVERNMENT ADW HIGH SCHOOL., MINJUR 601203",ADI DRAVIDAR AND TRIBAL WELFARE DEPARTMENT,261f3a8eca669ed8,539a9b40c157b20c,3,Sub Office,"ADI DRAVIDAR AND TRIBAL WELFARE DEPARTMENT > DIRECTORATE OF ADIDRAVIDAR WELFARE > GOVERNMENT ADW HIGH SCHOOL., MINJUR 601203",rti_tamil_nadu
TN-040,b2026q3_02,TN-2ed07f10b6b0a71f,Tamil Nadu,"SPECIAL TAHSILDAR (ADIDRAVIDAR WELFARE), HARUR TALUK",rti_meta,en,portal,wave1-rti-information-v1,plain,RA1,ADI DRAVIDAR AND TRIBAL WELFARE DEPARTMENT | Sub Office,,,,,,,,,,,,,,"SPECIAL TAHSILDAR (ADIDRAVIDAR WELFARE), HARUR TALUK",ADI DRAVIDAR AND TRIBAL WELFARE DEPARTMENT,2ed07f10b6b0a71f,539a9b40c157b20c,3,Sub Office,"ADI DRAVIDAR AND TRIBAL WELFARE DEPARTMENT > DIRECTORATE OF ADIDRAVIDAR WELFARE > SPECIAL TAHSILDAR (ADIDRAVIDAR WELFARE), HARUR TALUK",rti_tamil_nadu
TN-041,b2026q3_02,TN-c524c5258a23c7b4,Tamil Nadu,"SPECIAL TAHSILDAR (ADIDRAVIDAR WELFARE), KANCHEEPURAM TALUK",rti_meta,en,portal,wave1-rti-information-v1,legal_salience,RA3,ADI DRAVIDAR AND TRIBAL WELFARE DEPARTMENT | Sub Office,,,,,,,,,,,,,,"SPECIAL TAHSILDAR (ADIDRAVIDAR WELFARE), KANCHEEPURAM TALUK",ADI DRAVIDAR AND TRIBAL WELFARE DEPARTMENT,c524c5258a23c7b4,539a9b40c157b20c,3,Sub Office,"ADI DRAVIDAR AND TRIBAL WELFARE DEPARTMENT > DIRECTORATE OF ADIDRAVIDAR WELFARE > SPECIAL TAHSILDAR (ADIDRAVIDAR WELFARE), KANCHEEPURAM TALUK",rti_tamil_nadu
TN-042,b2026q3_02,TN-07ddde80d624525d,Tamil Nadu,"SPECIAL TAHSILDAR (ADIDRAVIDAR WELFARE), MADURAI NORTH TALUK (UNIT-2)",rti_meta,en,portal,wave1-rti-information-v1,plain,RA1,ADI DRAVIDAR AND TRIBAL WELFARE DEPARTMENT | Sub Office,,,,,,,,,,,,,,"SPECIAL TAHSILDAR (ADIDRAVIDAR WELFARE), MADURAI NORTH TALUK (UNIT-2)",ADI DRAVIDAR AND TRIBAL WELFARE DEPARTMENT,07ddde80d624525d,539a9b40c157b20c,3,Sub Office,"ADI DRAVIDAR AND TRIBAL WELFARE DEPARTMENT > DIRECTORATE OF ADIDRAVIDAR WELFARE > SPECIAL TAHSILDAR (ADIDRAVIDAR WELFARE), MADURAI NORTH TALUK (UNIT-2)",rti_tamil_nadu
TN-043,b2026q3_02,TN-0f38e6c797efa085,Tamil Nadu,"SPECIAL TAHSILDAR (ADIDRAVIDAR WELFARE), RAMANATHAPURAM TALUK",rti_meta,en,portal,wave1-rti-information-v1,legal_salience,RA4,ADI DRAVIDAR AND TRIBAL WELFARE DEPARTMENT | Sub Office,,,,,,,,,,,,,,"SPECIAL TAHSILDAR (ADIDRAVIDAR WELFARE), RAMANATHAPURAM TALUK",ADI DRAVIDAR AND TRIBAL WELFARE DEPARTMENT,0f38e6c797efa085,539a9b40c157b20c,3,Sub Office,"ADI DRAVIDAR AND TRIBAL WELFARE DEPARTMENT > DIRECTORATE OF ADIDRAVIDAR WELFARE > SPECIAL TAHSILDAR (ADIDRAVIDAR WELFARE), RAMANATHAPURAM TALUK",rti_tamil_nadu
TN-044,b2026q3_02,TN-39fc5971ef6b69e4,Tamil Nadu,"SPECIAL TAHSILDAR (ADIDRAVIDAR WELFARE), SANKARANKOIL TALUK",rti_meta,en,portal,wave1-rti-information-v1,legal_salience,RA1,ADI DRAVIDAR AND TRIBAL WELFARE DEPARTMENT | Sub Office,,,,,,,,,,,,,,"SPECIAL TAHSILDAR (ADIDRAVIDAR WELFARE), SANKARANKOIL TALUK",ADI DRAVIDAR AND TRIBAL WELFARE DEPARTMENT,39fc5971ef6b69e4,539a9b40c157b20c,3,Sub Office,"ADI DRAVIDAR AND TRIBAL WELFARE DEPARTMENT > DIRECTORATE OF ADIDRAVIDAR WELFARE > SPECIAL TAHSILDAR (ADIDRAVIDAR WELFARE), SANKARANKOIL TALUK",rti_tamil_nadu
TN-045,b2026q3_02,TN-6d20520a8700e4c2,Tamil Nadu,"SPECIAL TAHSILDAR (ADIDRAVIDAR WELFARE), THIRUVAIYARU TALUK",rti_meta,en,portal,wave1-rti-information-v1,plain,RA4,ADI DRAVIDAR AND TRIBAL WELFARE DEPARTMENT | Sub Office,,,,,,,,,,,,,,"SPECIAL TAHSILDAR (ADIDRAVIDAR WELFARE), THIRUVAIYARU TALUK",ADI DRAVIDAR AND TRIBAL WELFARE DEPARTMENT,6d20520a8700e4c2,539a9b40c157b20c,3,Sub Office,"ADI DRAVIDAR AND TRIBAL WELFARE DEPARTMENT > DIRECTORATE OF ADIDRAVIDAR WELFARE > SPECIAL TAHSILDAR (ADIDRAVIDAR WELFARE), THIRUVAIYARU TALUK",rti_tamil_nadu
TN-046,b2026q3_02,TN-a06dcced95da70a3,Tamil Nadu,"SPECIAL TAHSILDAR (ADIDRAVIDAR WELFARE), TINDIVANAM TALUK",rti_meta,en,portal,wave1-rti-information-v1,plain,RA4,ADI DRAVIDAR AND TRIBAL WELFARE DEPARTMENT | Sub Office,,,,,,,,,,,,,,"SPECIAL TAHSILDAR (ADIDRAVIDAR WELFARE), TINDIVANAM TALUK",ADI DRAVIDAR AND TRIBAL WELFARE DEPARTMENT,a06dcced95da70a3,539a9b40c157b20c,3,Sub Office,"ADI DRAVIDAR AND TRIBAL WELFARE DEPARTMENT > DIRECTORATE OF ADIDRAVIDAR WELFARE > SPECIAL TAHSILDAR (ADIDRAVIDAR WELFARE), TINDIVANAM TALUK",rti_tamil_nadu
TN-047,b2026q3_02,TN-7ab6e4233dad29d9,Tamil Nadu,"SPECIAL TAHSILDAR (ADIDRAVIDAR WELFARE), VELLORE TALUK",rti_meta,en,portal,wave1-rti-information-v1,plain,RA2,ADI DRAVIDAR AND TRIBAL WELFARE DEPARTMENT | Sub Office,,,,,,,,,,,,,,"SPECIAL TAHSILDAR (ADIDRAVIDAR WELFARE), VELLORE TALUK",ADI DRAVIDAR AND TRIBAL WELFARE DEPARTMENT,7ab6e4233dad29d9,539a9b40c157b20c,3,Sub Office,"ADI DRAVIDAR AND TRIBAL WELFARE DEPARTMENT > DIRECTORATE OF ADIDRAVIDAR WELFARE > SPECIAL TAHSILDAR (ADIDRAVIDAR WELFARE), VELLORE TALUK",rti_tamil_nadu
TN-048,b2026q3_02,TN-72f614268b65682f,Tamil Nadu,TAMIL NADU ADI DRAVIDAR HOUSING AND DEVELOPMENT CORPORATION (TAHDCO),rti_meta,en,portal,wave1-rti-information-v1,legal_salience,RA1,ADI DRAVIDAR AND TRIBAL WELFARE DEPARTMENT | Sub Office,,,,,,,,,,,,,,TAMIL NADU ADI DRAVIDAR HOUSING AND DEVELOPMENT CORPORATION (TAHDCO),ADI DRAVIDAR AND TRIBAL WELFARE DEPARTMENT,72f614268b65682f,b342d253e974c4fc,3,Sub Office,"ADI DRAVIDAR AND TRIBAL WELFARE DEPARTMENT > TAMIL NADU ADI DRAVIDAR HOUSING AND DEVELOPMENT CORPORATION (TAHDCO) HEAD OFFICE, CHENNAI > TAMIL NADU ADI DRAVIDAR HOUSING AND DEVELOPMENT CORPORATION (TAHDCO)",rti_tamil_nadu
TN-049,b2026q3_02,TN-8dc27eea0ea9b25b,Tamil Nadu,"TAMIL NADU ADI DRAVIDAR HOUSING AND DEVELOPMENT CORPORATION (TAHDCO) DISTRICT OFFICE, COIMBATORE",rti_meta,en,portal,wave1-rti-information-v1,plain,RA3,ADI DRAVIDAR AND TRIBAL WELFARE DEPARTMENT | Sub Office,,,,,,,,,,,,,,"TAMIL NADU ADI DRAVIDAR HOUSING AND DEVELOPMENT CORPORATION (TAHDCO) DISTRICT OFFICE, COIMBATORE",ADI DRAVIDAR AND TRIBAL WELFARE DEPARTMENT,8dc27eea0ea9b25b,b342d253e974c4fc,3,Sub Office,"ADI DRAVIDAR AND TRIBAL WELFARE DEPARTMENT > TAMIL NADU ADI DRAVIDAR HOUSING AND DEVELOPMENT CORPORATION (TAHDCO) HEAD OFFICE, CHENNAI > TAMIL NADU ADI DRAVIDAR HOUSING AND DEVELOPMENT CORPORATION (TAHDCO) DISTRICT OFFICE, COIMBATORE",rti_tamil_nadu
TN-050,b2026q3_02,TN-50d0b5d28355058b,Tamil Nadu,"TAMIL NADU ADI DRAVIDAR HOUSING AND DEVELOPMENT CORPORATION (TAHDCO) DISTRICT OFFICE,RANIPET",rti_meta,en,portal,wave1-rti-information-v1,legal_salience,RA3,ADI DRAVIDAR AND TRIBAL WELFARE DEPARTMENT | Sub Office,,,,,,,,,,,,,,"TAMIL NADU ADI DRAVIDAR HOUSING AND DEVELOPMENT CORPORATION (TAHDCO) DISTRICT OFFICE,RANIPET",ADI DRAVIDAR AND TRIBAL WELFARE DEPARTMENT,50d0b5d28355058b,b342d253e974c4fc,3,Sub Office,"ADI DRAVIDAR AND TRIBAL WELFARE DEPARTMENT > TAMIL NADU ADI DRAVIDAR HOUSING AND DEVELOPMENT CORPORATION (TAHDCO) HEAD OFFICE, CHENNAI > TAMIL NADU ADI DRAVIDAR HOUSING AND DEVELOPMENT CORPORATION (TAHDCO) DISTRICT OFFICE,RANIPET",rti_tamil_nadu
TN-051,b2026q3_02,TN-45cdf7510fcb8649,Tamil Nadu,"TAMIL NADU ADI DRAVIDAR HOUSING AND DEVELOPMENT CORPORATION (TAHDCO) DISTRICT OFFICE,VELLORE",rti_meta,en,portal,wave1-rti-information-v1,legal_salience,RA2,ADI DRAVIDAR AND TRIBAL WELFARE DEPARTMENT | Sub Office,,,,,,,,,,,,,,"TAMIL NADU ADI DRAVIDAR HOUSING AND DEVELOPMENT CORPORATION (TAHDCO) DISTRICT OFFICE,VELLORE",ADI DRAVIDAR AND TRIBAL WELFARE DEPARTMENT,45cdf7510fcb8649,b342d253e974c4fc,3,Sub Office,"ADI DRAVIDAR AND TRIBAL WELFARE DEPARTMENT > TAMIL NADU ADI DRAVIDAR HOUSING AND DEVELOPMENT CORPORATION (TAHDCO) HEAD OFFICE, CHENNAI > TAMIL NADU ADI DRAVIDAR HOUSING AND DEVELOPMENT CORPORATION (TAHDCO) DISTRICT OFFICE,VELLORE",rti_tamil_nadu
TN-052,b2026q3_02,TN-2c72d0d0c716c14c,Tamil Nadu,AGRICULTURE AND FARMERS WELFARE DEPARTMENT,rti_meta,en,portal,wave1-rti-information-v1,legal_salience,RA2,AGRICULTURE AND FARMERS WELFARE DEPARTMENT | Department,,,,,,,,,,,,,,AGRICULTURE AND FARMERS WELFARE DEPARTMENT,AGRICULTURE AND FARMERS WELFARE DEPARTMENT,2c72d0d0c716c14c,displayPa,1,Department,AGRICULTURE AND FARMERS WELFARE DEPARTMENT,rti_tamil_nadu
TN-053,b2026q3_02,TN-b99f5dd2dd29b646,Tamil Nadu,"AGRICULTURAL ENGINEERING DEPARTMENT, CHENNAI",rti_meta,en,portal,wave1-rti-information-v1,plain,RA3,AGRICULTURE AND FARMERS WELFARE DEPARTMENT | Head of Department,,,,,,,,,,,,,,"AGRICULTURAL ENGINEERING DEPARTMENT, CHENNAI",AGRICULTURE AND FARMERS WELFARE DEPARTMENT,b99f5dd2dd29b646,2c72d0d0c716c14c,2,Head of Department,"AGRICULTURE AND FARMERS WELFARE DEPARTMENT > AGRICULTURAL ENGINEERING DEPARTMENT, CHENNAI",rti_tamil_nadu
TN-054,b2026q3_02,TN-1df7fe47b9914580,Tamil Nadu,DIRECTOR OF SUGAR,rti_meta,en,portal,wave1-rti-information-v1,plain,RA4,AGRICULTURE AND FARMERS WELFARE DEPARTMENT | Head of Department,,,,,,,,,,,,,,DIRECTOR OF SUGAR,AGRICULTURE AND FARMERS WELFARE DEPARTMENT,1df7fe47b9914580,2c72d0d0c716c14c,2,Head of Department,AGRICULTURE AND FARMERS WELFARE DEPARTMENT > DIRECTOR OF SUGAR,rti_tamil_nadu
TN-055,b2026q3_02,TN-90cf2773dda75034,Tamil Nadu,DIRECTORATE OF AGRICULTURE,rti_meta,en,portal,wave1-rti-information-v1,plain,RA2,AGRICULTURE AND FARMERS WELFARE DEPARTMENT | Head of Department,,,,,,,,,,,,,,DIRECTORATE OF AGRICULTURE,AGRICULTURE AND FARMERS WELFARE DEPARTMENT,90cf2773dda75034,2c72d0d0c716c14c,2,Head of Department,AGRICULTURE AND FARMERS WELFARE DEPARTMENT > DIRECTORATE OF AGRICULTURE,rti_tamil_nadu
TN-056,b2026q3_02,TN-1a9cf30ce67dc9e5,Tamil Nadu,"TAMILNADU AGRICULTURAL UNIVERSITY, COIMBATORE",rti_meta,en,portal,wave1-rti-information-v1,legal_salience,RA3,AGRICULTURE AND FARMERS WELFARE DEPARTMENT | Head of Department,,,,,,,,,,,,,,"TAMILNADU AGRICULTURAL UNIVERSITY, COIMBATORE",AGRICULTURE AND FARMERS WELFARE DEPARTMENT,1a9cf30ce67dc9e5,2c72d0d0c716c14c,2,Head of Department,"AGRICULTURE AND FARMERS WELFARE DEPARTMENT > TAMILNADU AGRICULTURAL UNIVERSITY, COIMBATORE",rti_tamil_nadu
TN-057,b2026q3_02,TN-9c71673cf568a2ee,Tamil Nadu,"ASSISTANT DIRECTOR OF SEED CERTIFICATION AND ORGANIC CERTIFICATION, DHARMAPURI",rti_meta,en,portal,wave1-rti-information-v1,legal_salience,RA1,AGRICULTURE AND FARMERS WELFARE DEPARTMENT | Sub Office,,,,,,,,,,,,,,"ASSISTANT DIRECTOR OF SEED CERTIFICATION AND ORGANIC CERTIFICATION, DHARMAPURI",AGRICULTURE AND FARMERS WELFARE DEPARTMENT,9c71673cf568a2ee,a05076c30b83acff,3,Sub Office,"AGRICULTURE AND FARMERS WELFARE DEPARTMENT > DIRECTROATE OF SEED CERTIFICATION AND ORGANIC CERTIFICATION > ASSISTANT DIRECTOR OF SEED CERTIFICATION AND ORGANIC CERTIFICATION, DHARMAPURI",rti_tamil_nadu
TN-058,b2026q3_02,TN-7d438df5a6f97537,Tamil Nadu,"ASSISTANT DIRECTOR OF SEED CERTIFICATION AND ORGANIC CERTIFICATION, THOOTHUKUDI",rti_meta,en,portal,wave1-rti-information-v1,legal_salience,RA4,AGRICULTURE AND FARMERS WELFARE DEPARTMENT | Sub Office,,,,,,,,,,,,,,"ASSISTANT DIRECTOR OF SEED CERTIFICATION AND ORGANIC CERTIFICATION, THOOTHUKUDI",AGRICULTURE AND FARMERS WELFARE DEPARTMENT,7d438df5a6f97537,a05076c30b83acff,3,Sub Office,"AGRICULTURE AND FARMERS WELFARE DEPARTMENT > DIRECTROATE OF SEED CERTIFICATION AND ORGANIC CERTIFICATION > ASSISTANT DIRECTOR OF SEED CERTIFICATION AND ORGANIC CERTIFICATION, THOOTHUKUDI",rti_tamil_nadu
TN-059,b2026q3_02,TN-98d6b6145161c47b,Tamil Nadu,DEPUTY DIRECTOR OF AGRICULTURE (AGRI BUSINESS) TIRUVALLUR,rti_meta,en,portal,wave1-rti-information-v1,legal_salience,RA3,AGRICULTURE AND FARMERS WELFARE DEPARTMENT | Sub Office,,,,,,,,,,,,,,DEPUTY DIRECTOR OF AGRICULTURE (AGRI BUSINESS) TIRUVALLUR,AGRICULTURE AND FARMERS WELFARE DEPARTMENT,98d6b6145161c47b,26cbb0bc3ffd210f,3,Sub Office,"AGRICULTURE AND FARMERS WELFARE DEPARTMENT > COMMISSIONER OF AGRICULTURAL MARKETING AND AGRI BUSINESS, CHENNAI > DEPUTY DIRECTOR OF AGRICULTURE (AGRI BUSINESS) TIRUVALLUR",rti_tamil_nadu
TN-060,b2026q3_02,TN-907ca53a7d1f579b,Tamil Nadu,"DEPUTY DIRECTOR OF AGRICULTURE (AGRI BUSINESS), DINDIGUL",rti_meta,en,portal,wave1-rti-information-v1,legal_salience,RA2,AGRICULTURE AND FARMERS WELFARE DEPARTMENT | Sub Office,,,,,,,,,,,,,,"DEPUTY DIRECTOR OF AGRICULTURE (AGRI BUSINESS), DINDIGUL",AGRICULTURE AND FARMERS WELFARE DEPARTMENT,907ca53a7d1f579b,26cbb0bc3ffd210f,3,Sub Office,"AGRICULTURE AND FARMERS WELFARE DEPARTMENT > COMMISSIONER OF AGRICULTURAL MARKETING AND AGRI BUSINESS, CHENNAI > DEPUTY DIRECTOR OF AGRICULTURE (AGRI BUSINESS), DINDIGUL",rti_tamil_nadu
TN-061,b2026q3_02,TN-46e495bd4650113f,Tamil Nadu,"DEPUTY DIRECTOR OF AGRICULTURE (AGRI BUSINESS), KANCHEEPURAM",rti_meta,en,portal,wave1-rti-information-v1,plain,RA4,AGRICULTURE AND FARMERS WELFARE DEPARTMENT | Sub Office,,,,,,,,,,,,,,"DEPUTY DIRECTOR OF AGRICULTURE (AGRI BUSINESS), KANCHEEPURAM",AGRICULTURE AND FARMERS WELFARE DEPARTMENT,46e495bd4650113f,26cbb0bc3ffd210f,3,Sub Office,"AGRICULTURE AND FARMERS WELFARE DEPARTMENT > COMMISSIONER OF AGRICULTURAL MARKETING AND AGRI BUSINESS, CHENNAI > DEPUTY DIRECTOR OF AGRICULTURE (AGRI BUSINESS), KANCHEEPURAM",rti_tamil_nadu
TN-062,b2026q3_02,TN-82b7a91ec7a84144,Tamil Nadu,"DEPUTY DIRECTOR OF AGRICULTURE (AGRI BUSINESS), MAYILADUTHURAI",rti_meta,en,portal,wave1-rti-information-v1,legal_salience,RA3,AGRICULTURE AND FARMERS WELFARE DEPARTMENT | Sub Office,,,,,,,,,,,,,,"DEPUTY DIRECTOR OF AGRICULTURE (AGRI BUSINESS), MAYILADUTHURAI",AGRICULTURE AND FARMERS WELFARE DEPARTMENT,82b7a91ec7a84144,26cbb0bc3ffd210f,3,Sub Office,"AGRICULTURE AND FARMERS WELFARE DEPARTMENT > COMMISSIONER OF AGRICULTURAL MARKETING AND AGRI BUSINESS, CHENNAI > DEPUTY DIRECTOR OF AGRICULTURE (AGRI BUSINESS), MAYILADUTHURAI",rti_tamil_nadu
TN-063,b2026q3_02,TN-9e8485eb4e1bf89f,Tamil Nadu,"DEPUTY DIRECTOR OF AGRICULTURE (AGRI BUSINESS), PERAMBALUR",rti_meta,en,portal,wave1-rti-information-v1,plain,RA3,AGRICULTURE AND FARMERS WELFARE DEPARTMENT | Sub Office,,,,,,,,,,,,,,"DEPUTY DIRECTOR OF AGRICULTURE (AGRI BUSINESS), PERAMBALUR",AGRICULTURE AND FARMERS WELFARE DEPARTMENT,9e8485eb4e1bf89f,26cbb0bc3ffd210f,3,Sub Office,"AGRICULTURE AND FARMERS WELFARE DEPARTMENT > COMMISSIONER OF AGRICULTURAL MARKETING AND AGRI BUSINESS, CHENNAI > DEPUTY DIRECTOR OF AGRICULTURE (AGRI BUSINESS), PERAMBALUR",rti_tamil_nadu
TN-064,b2026q3_02,TN-238e28ff90fc5b2c,Tamil Nadu,"DEPUTY DIRECTOR OF AGRICULTURE (AGRI BUSINESS), THOOTHUKUDI",rti_meta,en,portal,wave1-rti-information-v1,plain,RA1,AGRICULTURE AND FARMERS WELFARE DEPARTMENT | Sub Office,,,,,,,,,,,,,,"DEPUTY DIRECTOR OF AGRICULTURE (AGRI BUSINESS), THOOTHUKUDI",AGRICULTURE AND FARMERS WELFARE DEPARTMENT,238e28ff90fc5b2c,26cbb0bc3ffd210f,3,Sub Office,"AGRICULTURE AND FARMERS WELFARE DEPARTMENT > COMMISSIONER OF AGRICULTURAL MARKETING AND AGRI BUSINESS, CHENNAI > DEPUTY DIRECTOR OF AGRICULTURE (AGRI BUSINESS), THOOTHUKUDI",rti_tamil_nadu
TN-065,b2026q3_02,TN-a9c391fd625b93cb,Tamil Nadu,"DEPUTY DIRECTOR OF AGRICULTURE (AGRI BUSINESS), VILLUPURAM",rti_meta,en,portal,wave1-rti-information-v1,plain,RA2,AGRICULTURE AND FARMERS WELFARE DEPARTMENT | Sub Office,,,,,,,,,,,,,,"DEPUTY DIRECTOR OF AGRICULTURE (AGRI BUSINESS), VILLUPURAM",AGRICULTURE AND FARMERS WELFARE DEPARTMENT,a9c391fd625b93cb,26cbb0bc3ffd210f,3,Sub Office,"AGRICULTURE AND FARMERS WELFARE DEPARTMENT > COMMISSIONER OF AGRICULTURAL MARKETING AND AGRI BUSINESS, CHENNAI > DEPUTY DIRECTOR OF AGRICULTURE (AGRI BUSINESS), VILLUPURAM",rti_tamil_nadu
TN-066,b2026q3_02,TN-a6581f3d230e4018,Tamil Nadu,"DEPUTY DIRECTOR OF SEED INSPECTION,ERODE",rti_meta,en,portal,wave1-rti-information-v1,plain,RA1,AGRICULTURE AND FARMERS WELFARE DEPARTMENT | Sub Office,,,,,,,,,,,,,,"DEPUTY DIRECTOR OF SEED INSPECTION,ERODE",AGRICULTURE AND FARMERS WELFARE DEPARTMENT,a6581f3d230e4018,a05076c30b83acff,3,Sub Office,"AGRICULTURE AND FARMERS WELFARE DEPARTMENT > DIRECTROATE OF SEED CERTIFICATION AND ORGANIC CERTIFICATION > DEPUTY DIRECTOR OF SEED INSPECTION,ERODE",rti_tamil_nadu
TN-067,b2026q3_02,TN-45324521b5f94ebd,Tamil Nadu,"JOINT DIRECTOR OF AGRICULTURE, ERODE",rti_meta,en,portal,wave1-rti-information-v1,plain,RA4,AGRICULTURE AND FARMERS WELFARE DEPARTMENT | Sub Office,,,,,,,,,,,,,,"JOINT DIRECTOR OF AGRICULTURE, ERODE",AGRICULTURE AND FARMERS WELFARE DEPARTMENT,45324521b5f94ebd,90cf2773dda75034,3,Sub Office,"AGRICULTURE AND FARMERS WELFARE DEPARTMENT > DIRECTORATE OF AGRICULTURE > JOINT DIRECTOR OF AGRICULTURE, ERODE",rti_tamil_nadu
TN-068,b2026q3_02,TN-8d6c9946b0163454,Tamil Nadu,"JOINT DIRECTOR OF AGRICULTURE, THIRUPATHUR",rti_meta,en,portal,wave1-rti-information-v1,plain,RA4,AGRICULTURE AND FARMERS WELFARE DEPARTMENT | Sub Office,,,,,,,,,,,,,,"JOINT DIRECTOR OF AGRICULTURE, THIRUPATHUR",AGRICULTURE AND FARMERS WELFARE DEPARTMENT,8d6c9946b0163454,90cf2773dda75034,3,Sub Office,"AGRICULTURE AND FARMERS WELFARE DEPARTMENT > DIRECTORATE OF AGRICULTURE > JOINT DIRECTOR OF AGRICULTURE, THIRUPATHUR",rti_tamil_nadu
TN-069,b2026q3_02,TN-b02b251d55a7a9a3,Tamil Nadu,"JOINT DIRECTOR OF AGRICULTURE, THIRUVANNAMALAI",rti_meta,en,portal,wave1-rti-information-v1,plain,RA2,AGRICULTURE AND FARMERS WELFARE DEPARTMENT | Sub Office,,,,,,,,,,,,,,"JOINT DIRECTOR OF AGRICULTURE, THIRUVANNAMALAI",AGRICULTURE AND FARMERS WELFARE DEPARTMENT,b02b251d55a7a9a3,90cf2773dda75034,3,Sub Office,"AGRICULTURE AND FARMERS WELFARE DEPARTMENT > DIRECTORATE OF AGRICULTURE > JOINT DIRECTOR OF AGRICULTURE, THIRUVANNAMALAI",rti_tamil_nadu
TN-070,b2026q3_02,TN-b4238b972e0415c1,Tamil Nadu,TIRUPPUR MARKET COMMITTEE,rti_meta,en,portal,wave1-rti-information-v1,legal_salience,RA1,AGRICULTURE AND FARMERS WELFARE DEPARTMENT | Sub Office,,,,,,,,,,,,,,TIRUPPUR MARKET COMMITTEE,AGRICULTURE AND FARMERS WELFARE DEPARTMENT,b4238b972e0415c1,d0558c0b9caabc54,4,Sub Office,"AGRICULTURE AND FARMERS WELFARE DEPARTMENT > COMMISSIONER OF AGRICULTURAL MARKETING AND AGRI BUSINESS, CHENNAI > DEPUTY DIRECTOR OF AGRICULTURE (AGRI BUSINESS), TIRUPPUR > TIRUPPUR MARKET COMMITTEE",rti_tamil_nadu
TN-071,b2026q3_02,TN-11ca68aebffd37fe,Tamil Nadu,VIRUDHUNAGAR MARKET COMMITTEE,rti_meta,en,portal,wave1-rti-information-v1,plain,RA3,AGRICULTURE AND FARMERS WELFARE DEPARTMENT | Sub Office,,,,,,,,,,,,,,VIRUDHUNAGAR MARKET COMMITTEE,AGRICULTURE AND FARMERS WELFARE DEPARTMENT,11ca68aebffd37fe,70ab2da0e593880d,4,Sub Office,"AGRICULTURE AND FARMERS WELFARE DEPARTMENT > COMMISSIONER OF AGRICULTURAL MARKETING AND AGRI BUSINESS, CHENNAI > DEPUTY DIRECTOR OF AGRICULTURE (AGRI BUSINESS), VIRUDHUNAGAR > VIRUDHUNAGAR MARKET COMMITTEE",rti_tamil_nadu
TN-072,b2026q3_02,TN-012877aaf7e39f8c,Tamil Nadu,"ASSISTANT EXECUTIVE ENGINEER, AGRICULTURAL ENGINEERING, CHIDAMBARAM",rti_meta,en,portal,wave1-rti-information-v1,legal_salience,RA4,AGRICULTURE AND FARMERS WELFARE DEPARTMENT | Sub Office,,,,,,,,,,,,,,"ASSISTANT EXECUTIVE ENGINEER, AGRICULTURAL ENGINEERING, CHIDAMBARAM",AGRICULTURE AND FARMERS WELFARE DEPARTMENT,012877aaf7e39f8c,7446d29dba0072e6,5,Sub Office,"AGRICULTURE AND FARMERS WELFARE DEPARTMENT > AGRICULTURAL ENGINEERING DEPARTMENT, CHENNAI > SUPERINTENDING ENGINEER, AGRICULTURAL ENGINEERING, VILLUPURAM. > AGRICULTURAL ENGINEERING OFFICE CUDDALORE > ASSISTANT EXECUTIVE ENGINEER, AGRICULTURAL ENGINEERING, CHIDAMBARAM",rti_tamil_nadu
TN-073,b2026q3_02,TN-918dbb1c4ca3c537,Tamil Nadu,"ASSISTANT EXECUTIVE ENGINEER, AGRICULTURAL ENGINEERING, SALEM",rti_meta,en,portal,wave1-rti-information-v1,plain,RA2,AGRICULTURE AND FARMERS WELFARE DEPARTMENT | Sub Office,,,,,,,,,,,,,,"ASSISTANT EXECUTIVE ENGINEER, AGRICULTURAL ENGINEERING, SALEM",AGRICULTURE AND FARMERS WELFARE DEPARTMENT,918dbb1c4ca3c537,0fc1b10c117b7a88,5,Sub Office,"AGRICULTURE AND FARMERS WELFARE DEPARTMENT > AGRICULTURAL ENGINEERING DEPARTMENT, CHENNAI > SUPERINTENDING ENGINEER, AGRICULTURAL ENGINEERING, SALEM > EXECUTIVE ENGINEER, AGRICULTURAL ENGINEERING, SALEM > ASSISTANT EXECUTIVE ENGINEER, AGRICULTURAL ENGINEERING, SALEM",rti_tamil_nadu
TN-074,b2026q3_02,TN-4ac3a37b0b83d7b6,Tamil Nadu,"ASSISTANT EXECUTIVE ENGINEER, AGRICULTURAL ENGINEERING, UTHAMAPALAYAM",rti_meta,en,portal,wave1-rti-information-v1,plain,RA4,AGRICULTURE AND FARMERS WELFARE DEPARTMENT | Sub Office,,,,,,,,,,,,,,"ASSISTANT EXECUTIVE ENGINEER, AGRICULTURAL ENGINEERING, UTHAMAPALAYAM",AGRICULTURE AND FARMERS WELFARE DEPARTMENT,4ac3a37b0b83d7b6,f55771d163e70f78,5,Sub Office,"AGRICULTURE AND FARMERS WELFARE DEPARTMENT > AGRICULTURAL ENGINEERING DEPARTMENT, CHENNAI > SUPERINTENDING ENGINEER, MADURAI REGION, AGRICULTURAL ENGINEERING, MADURAI. > EXECUTIVE ENGINEER, AGRICULTURAL ENGINEERING, THENI > ASSISTANT EXECUTIVE ENGINEER, AGRICULTURAL ENGINEERING, UTHAMAPALAYAM",rti_tamil_nadu
TN-075,b2026q3_02,TN-7092460312d96e6d,Tamil Nadu,REGULATED MARKET MANNACHANALLUR,rti_meta,en,portal,wave1-rti-information-v1,plain,RA1,AGRICULTURE AND FARMERS WELFARE DEPARTMENT | Sub Office,,,,,,,,,,,,,,REGULATED MARKET MANNACHANALLUR,AGRICULTURE AND FARMERS WELFARE DEPARTMENT,7092460312d96e6d,ccb71fd4d7707cdb,5,Sub Office,"AGRICULTURE AND FARMERS WELFARE DEPARTMENT > COMMISSIONER OF AGRICULTURAL MARKETING AND AGRI BUSINESS, CHENNAI > DEPUTY DIRECTOR (AGRI.BUSINESS) TRICHY > TIRUCHIRAPPALLI MARKET COMMITTEE > REGULATED MARKET MANNACHANALLUR",rti_tamil_nadu
TN-076,b2026q3_02,TN-baea40f65a4eabdc,Tamil Nadu,"REGULATED MARKET, AVUDAIYARKOVIL",rti_meta,en,portal,wave1-rti-information-v1,plain,RA3,AGRICULTURE AND FARMERS WELFARE DEPARTMENT | Sub Office,,,,,,,,,,,,,,"REGULATED MARKET, AVUDAIYARKOVIL",AGRICULTURE AND FARMERS WELFARE DEPARTMENT,baea40f65a4eabdc,d9f717910bba1f2f,5,Sub Office,"AGRICULTURE AND FARMERS WELFARE DEPARTMENT > COMMISSIONER OF AGRICULTURAL MARKETING AND AGRI BUSINESS, CHENNAI > DEPUTY DIRECTOR OF AGRICULTURE (AGRI BUSINESS), PUDUKKOTTAI > PUDUKKOTTAI MARKET COMMITTEE > REGULATED MARKET, AVUDAIYARKOVIL",rti_tamil_nadu
TN-077,b2026q3_02,TN-ea4e51f519e5d048,Tamil Nadu,"REGULATED MARKET, ERODE",rti_meta,en,portal,wave1-rti-information-v1,plain,RA2,AGRICULTURE AND FARMERS WELFARE DEPARTMENT | Sub Office,,,,,,,,,,,,,,"REGULATED MARKET, ERODE",AGRICULTURE AND FARMERS WELFARE DEPARTMENT,ea4e51f519e5d048,c380e693e050d11c,5,Sub Office,"AGRICULTURE AND FARMERS WELFARE DEPARTMENT > COMMISSIONER OF AGRICULTURAL MARKETING AND AGRI BUSINESS, CHENNAI > DEPUTY DIRECTOR OF AGRICULTURE (AGRI BUSINESS), ERODE > ERODE MARKET COMMITTEE > REGULATED MARKET, ERODE",rti_tamil_nadu
TN-078,b2026q3_02,TN-ca6905a90edc35f9,Tamil Nadu,"REGULATED MARKET, PATTUKKOTTAI",rti_meta,en,portal,wave1-rti-information-v1,legal_salience,RA2,AGRICULTURE AND FARMERS WELFARE DEPARTMENT | Sub Office,,,,,,,,,,,,,,"REGULATED MARKET, PATTUKKOTTAI",AGRICULTURE AND FARMERS WELFARE DEPARTMENT,ca6905a90edc35f9,0530138944a66d8e,5,Sub Office,"AGRICULTURE AND FARMERS WELFARE DEPARTMENT > COMMISSIONER OF AGRICULTURAL MARKETING AND AGRI BUSINESS, CHENNAI > DEPUTY DIRECTOR OF AGRICULTURE(AGRI BUSINESS) THANJAVUR > THANJAVUR MARKET COMMITTEE > REGULATED MARKET, PATTUKKOTTAI",rti_tamil_nadu
TN-079,b2026q3_02,TN-3711ef1cfb972802,Tamil Nadu,"REGULATED MARKET, PERAVURANI",rti_meta,en,portal,wave1-rti-information-v1,plain,RA3,AGRICULTURE AND FARMERS WELFARE DEPARTMENT | Sub Office,,,,,,,,,,,,,,"REGULATED MARKET, PERAVURANI",AGRICULTURE AND FARMERS WELFARE DEPARTMENT,3711ef1cfb972802,0530138944a66d8e,5,Sub Office,"AGRICULTURE AND FARMERS WELFARE DEPARTMENT > COMMISSIONER OF AGRICULTURAL MARKETING AND AGRI BUSINESS, CHENNAI > DEPUTY DIRECTOR OF AGRICULTURE(AGRI BUSINESS) THANJAVUR > THANJAVUR MARKET COMMITTEE > REGULATED MARKET, PERAVURANI",rti_tamil_nadu
TN-080,b2026q3_02,TN-3f9e750225db2eae,Tamil Nadu,"REGULATED MARKET, REDHILLS",rti_meta,en,portal,wave1-rti-information-v1,plain,RA2,AGRICULTURE AND FARMERS WELFARE DEPARTMENT | Sub Office,,,,,,,,,,,,,,"REGULATED MARKET, REDHILLS",AGRICULTURE AND FARMERS WELFARE DEPARTMENT,3f9e750225db2eae,b0786b16c4d50539,5,Sub Office,"AGRICULTURE AND FARMERS WELFARE DEPARTMENT > COMMISSIONER OF AGRICULTURAL MARKETING AND AGRI BUSINESS, CHENNAI > DEPUTY DIRECTOR OF AGRICULTURE (AGRI BUSINESS), KANCHEEPURAM > KANCHEEPURAM MARKET COMMITTEE > REGULATED MARKET, REDHILLS",rti_tamil_nadu
TN-081,b2026q3_02,TN-58a7fcd21077e545,Tamil Nadu,"REGULATED MARKET, T.KALLUPATTI",rti_meta,en,portal,wave1-rti-information-v1,plain,RA1,AGRICULTURE AND FARMERS WELFARE DEPARTMENT | Sub Office,,,,,,,,,,,,,,"REGULATED MARKET, T.KALLUPATTI",AGRICULTURE AND FARMERS WELFARE DEPARTMENT,58a7fcd21077e545,43e5430b6c3f43e0,5,Sub Office,"AGRICULTURE AND FARMERS WELFARE DEPARTMENT > COMMISSIONER OF AGRICULTURAL MARKETING AND AGRI BUSINESS, CHENNAI > DEPUTY DIRECTOR OF AGRICULTURE (AGRI BUSINESS), MADURAI. > MADURAI MARKET COMMITTEE > REGULATED MARKET, T.KALLUPATTI",rti_tamil_nadu
TN-082,b2026q3_02,TN-091671d300841dcd,Tamil Nadu,"REGULATED MARKET, TIRUVARUR",rti_meta,en,portal,wave1-rti-information-v1,plain,RA1,AGRICULTURE AND FARMERS WELFARE DEPARTMENT | Sub Office,,,,,,,,,,,,,,"REGULATED MARKET, TIRUVARUR",AGRICULTURE AND FARMERS WELFARE DEPARTMENT,091671d300841dcd,1e6a7f3c987e014c,5,Sub Office,"AGRICULTURE AND FARMERS WELFARE DEPARTMENT > COMMISSIONER OF AGRICULTURAL MARKETING AND AGRI BUSINESS, CHENNAI > DEPUTY DIRECTOR OF AGRICULTURE (AGRI BUSINESS), THIRUVARUR > TIRUVARUR MARKET COMMITTEE > REGULATED MARKET, TIRUVARUR",rti_tamil_nadu
TN-083,b2026q3_02,TN-9e4ccfba214e0f8c,Tamil Nadu,"ANIMAL HUSBANDRY, DAIRYING, FISHERIES AND FISHERMEN WELFARE DEPARTMENT",rti_meta,en,portal,wave1-rti-information-v1,legal_salience,RA4,"ANIMAL HUSBANDRY, DAIRYING, FISHERIES AND FISHERMEN WELFARE DEPARTMENT | Department",,,,,,,,,,,,,,"ANIMAL HUSBANDRY, DAIRYING, FISHERIES AND FISHERMEN WELFARE DEPARTMENT","ANIMAL HUSBANDRY, DAIRYING, FISHERIES AND FISHERMEN WELFARE DEPARTMENT",9e4ccfba214e0f8c,displayPa,1,Department,"ANIMAL HUSBANDRY, DAIRYING, FISHERIES AND FISHERMEN WELFARE DEPARTMENT",rti_tamil_nadu
TN-084,b2026q3_02,TN-4f56733cf5ad052e,Tamil Nadu,"COMMISSIONERATE OF FISHERIES AND FISHERMEN WELFARE, CHENNAI",rti_meta,en,portal,wave1-rti-information-v1,plain,RA1,"ANIMAL HUSBANDRY, DAIRYING, FISHERIES AND FISHERMEN WELFARE DEPARTMENT | Head of Department",,,,,,,,,,,,,,"COMMISSIONERATE OF FISHERIES AND FISHERMEN WELFARE, CHENNAI","ANIMAL HUSBANDRY, DAIRYING, FISHERIES AND FISHERMEN WELFARE DEPARTMENT",4f56733cf5ad052e,9e4ccfba214e0f8c,2,Head of Department,"ANIMAL HUSBANDRY, DAIRYING, FISHERIES AND FISHERMEN WELFARE DEPARTMENT > COMMISSIONERATE OF FISHERIES AND FISHERMEN WELFARE, CHENNAI",rti_tamil_nadu
TN-085,b2026q3_02,TN-9e91844d4f1cc8cf,Tamil Nadu,"COMMISSIONERATE OF MILK PRODUCTION AND DAIRY DEVELOPMENT, CHENNAI",rti_meta,en,portal,wave1-rti-information-v1,plain,RA4,"ANIMAL HUSBANDRY, DAIRYING, FISHERIES AND FISHERMEN WELFARE DEPARTMENT | Head of Department",,,,,,,,,,,,,,"COMMISSIONERATE OF MILK PRODUCTION AND DAIRY DEVELOPMENT, CHENNAI","ANIMAL HUSBANDRY, DAIRYING, FISHERIES AND FISHERMEN WELFARE DEPARTMENT",9e91844d4f1cc8cf,9e4ccfba214e0f8c,2,Head of Department,"ANIMAL HUSBANDRY, DAIRYING, FISHERIES AND FISHERMEN WELFARE DEPARTMENT > COMMISSIONERATE OF MILK PRODUCTION AND DAIRY DEVELOPMENT, CHENNAI",rti_tamil_nadu
TN-086,b2026q3_02,TN-4f813cfb9edad637,Tamil Nadu,DIRECTORATE OF ANIMAL HUSBANDRY AND VETERINARY SERVICES,rti_meta,en,portal,wave1-rti-information-v1,plain,RA3,"ANIMAL HUSBANDRY, DAIRYING, FISHERIES AND FISHERMEN WELFARE DEPARTMENT | Head of Department",,,,,,,,,,,,,,DIRECTORATE OF ANIMAL HUSBANDRY AND VETERINARY SERVICES,"ANIMAL HUSBANDRY, DAIRYING, FISHERIES AND FISHERMEN WELFARE DEPARTMENT",4f813cfb9edad637,9e4ccfba214e0f8c,2,Head of Department,"ANIMAL HUSBANDRY, DAIRYING, FISHERIES AND FISHERMEN WELFARE DEPARTMENT > DIRECTORATE OF ANIMAL HUSBANDRY AND VETERINARY SERVICES",rti_tamil_nadu
TN-087,b2026q3_02,TN-b3bf2a364e3a10f7,Tamil Nadu,TAMIL NADU FISHERIES DEVELOPMENT CORPORATION,rti_meta,en,portal,wave1-rti-information-v1,legal_salience,RA1,"ANIMAL HUSBANDRY, DAIRYING, FISHERIES AND FISHERMEN WELFARE DEPARTMENT | Head of Department",,,,,,,,,,,,,,TAMIL NADU FISHERIES DEVELOPMENT CORPORATION,"ANIMAL HUSBANDRY, DAIRYING, FISHERIES AND FISHERMEN WELFARE DEPARTMENT",b3bf2a364e3a10f7,9e4ccfba214e0f8c,2,Head of Department,"ANIMAL HUSBANDRY, DAIRYING, FISHERIES AND FISHERMEN WELFARE DEPARTMENT > TAMIL NADU FISHERIES DEVELOPMENT CORPORATION",rti_tamil_nadu
TN-088,b2026q3_02,TN-52faac7e253e239c,Tamil Nadu,"ASSISTANT DIRECTOR OF FISHERIES AND FISHERMEN WELFARE, ARIYALUR",rti_meta,en,portal,wave1-rti-information-v1,plain,RA3,"ANIMAL HUSBANDRY, DAIRYING, FISHERIES AND FISHERMEN WELFARE DEPARTMENT | Sub Office",,,,,,,,,,,,,,"ASSISTANT DIRECTOR OF FISHERIES AND FISHERMEN WELFARE, ARIYALUR","ANIMAL HUSBANDRY, DAIRYING, FISHERIES AND FISHERMEN WELFARE DEPARTMENT",52faac7e253e239c,4f56733cf5ad052e,3,Sub Office,"ANIMAL HUSBANDRY, DAIRYING, FISHERIES AND FISHERMEN WELFARE DEPARTMENT > COMMISSIONERATE OF FISHERIES AND FISHERMEN WELFARE, CHENNAI > ASSISTANT DIRECTOR OF FISHERIES AND FISHERMEN WELFARE, ARIYALUR",rti_tamil_nadu
TN-089,b2026q3_02,TN-c7df1850e8355720,Tamil Nadu,"ASSISTANT DIRECTOR OF FISHERIES AND FISHERMEN WELFARE, MAILADUTHURAI",rti_meta,en,portal,wave1-rti-information-v1,plain,RA2,"ANIMAL HUSBANDRY, DAIRYING, FISHERIES AND FISHERMEN WELFARE DEPARTMENT | Sub Office",,,,,,,,,,,,,,"ASSISTANT DIRECTOR OF FISHERIES AND FISHERMEN WELFARE, MAILADUTHURAI","ANIMAL HUSBANDRY, DAIRYING, FISHERIES AND FISHERMEN WELFARE DEPARTMENT",c7df1850e8355720,4f56733cf5ad052e,3,Sub Office,"ANIMAL HUSBANDRY, DAIRYING, FISHERIES AND FISHERMEN WELFARE DEPARTMENT > COMMISSIONERATE OF FISHERIES AND FISHERMEN WELFARE, CHENNAI > ASSISTANT DIRECTOR OF FISHERIES AND FISHERMEN WELFARE, MAILADUTHURAI",rti_tamil_nadu
TN-090,b2026q3_02,TN-0d9993d81f324377,Tamil Nadu,"ASSISTANT DIRECTOR OF FISHERIES AND FISHERMEN WELFARE, NAGERCOIL, COLACHEL, KANNIYAKUMARI",rti_meta,en,portal,wave1-rti-information-v1,legal_salience,RA4,"ANIMAL HUSBANDRY, DAIRYING, FISHERIES AND FISHERMEN WELFARE DEPARTMENT | Sub Office",,,,,,,,,,,,,,"ASSISTANT DIRECTOR OF FISHERIES AND FISHERMEN WELFARE, NAGERCOIL, COLACHEL, KANNIYAKUMARI","ANIMAL HUSBANDRY, DAIRYING, FISHERIES AND FISHERMEN WELFARE DEPARTMENT",0d9993d81f324377,4f56733cf5ad052e,3,Sub Office,"ANIMAL HUSBANDRY, DAIRYING, FISHERIES AND FISHERMEN WELFARE DEPARTMENT > COMMISSIONERATE OF FISHERIES AND FISHERMEN WELFARE, CHENNAI > ASSISTANT DIRECTOR OF FISHERIES AND FISHERMEN WELFARE, NAGERCOIL, COLACHEL, KANNIYAKUMARI",rti_tamil_nadu
TN-091,b2026q3_02,TN-01686f4a9a73c923,Tamil Nadu,"ASSISTANT DIRECTOR OF FISHERIES AND FISHERMEN WELFARE, PARANGIPETTAI, CUDDALORE",rti_meta,en,portal,wave1-rti-information-v1,legal_salience,RA3,"ANIMAL HUSBANDRY, DAIRYING, FISHERIES AND FISHERMEN WELFARE DEPARTMENT | Sub Office",,,,,,,,,,,,,,"ASSISTANT DIRECTOR OF FISHERIES AND FISHERMEN WELFARE, PARANGIPETTAI, CUDDALORE","ANIMAL HUSBANDRY, DAIRYING, FISHERIES AND FISHERMEN WELFARE DEPARTMENT",01686f4a9a73c923,4f56733cf5ad052e,3,Sub Office,"ANIMAL HUSBANDRY, DAIRYING, FISHERIES AND FISHERMEN WELFARE DEPARTMENT > COMMISSIONERATE OF FISHERIES AND FISHERMEN WELFARE, CHENNAI > ASSISTANT DIRECTOR OF FISHERIES AND FISHERMEN WELFARE, PARANGIPETTAI, CUDDALORE",rti_tamil_nadu
TN-092,b2026q3_02,TN-84dc4970027a7152,Tamil Nadu,"ASSISTANT DIRECTOR OF FISHERIES AND FISHERMEN WELFARE, RADHAPURAM, TIRUNELVELI",rti_meta,en,portal,wave1-rti-information-v1,legal_salience,RA1,"ANIMAL HUSBANDRY, DAIRYING, FISHERIES AND FISHERMEN WELFARE DEPARTMENT | Sub Office",,,,,,,,,,,,,,"ASSISTANT DIRECTOR OF FISHERIES AND FISHERMEN WELFARE, RADHAPURAM, TIRUNELVELI","ANIMAL HUSBANDRY, DAIRYING, FISHERIES AND FISHERMEN WELFARE DEPARTMENT",84dc4970027a7152,4f56733cf5ad052e,3,Sub Office,"ANIMAL HUSBANDRY, DAIRYING, FISHERIES AND FISHERMEN WELFARE DEPARTMENT > COMMISSIONERATE OF FISHERIES AND FISHERMEN WELFARE, CHENNAI > ASSISTANT DIRECTOR OF FISHERIES AND FISHERMEN WELFARE, RADHAPURAM, TIRUNELVELI",rti_tamil_nadu
TN-093,b2026q3_02,TN-581354f2be0e0e38,Tamil Nadu,"ASSISTANT DIRECTOR OF FISHERIES AND FISHERMEN WELFARE, RAMESWARAM",rti_meta,en,portal,wave1-rti-information-v1,plain,RA2,"ANIMAL HUSBANDRY, DAIRYING, FISHERIES AND FISHERMEN WELFARE DEPARTMENT | Sub Office",,,,,,,,,,,,,,"ASSISTANT DIRECTOR OF FISHERIES AND FISHERMEN WELFARE, RAMESWARAM","ANIMAL HUSBANDRY, DAIRYING, FISHERIES AND FISHERMEN WELFARE DEPARTMENT",581354f2be0e0e38,4f56733cf5ad052e,3,Sub Office,"ANIMAL HUSBANDRY, DAIRYING, FISHERIES AND FISHERMEN WELFARE DEPARTMENT > COMMISSIONERATE OF FISHERIES AND FISHERMEN WELFARE, CHENNAI > ASSISTANT DIRECTOR OF FISHERIES AND FISHERMEN WELFARE, RAMESWARAM",rti_tamil_nadu
TN-094,b2026q3_02,TN-e2d1b55add0a0173,Tamil Nadu,"ASSISTANT DIRECTOR OF FISHERIES AND FISHERMEN WELFARE, SIVAKANGAI",rti_meta,en,portal,wave1-rti-information-v1,legal_salience,RA2,"ANIMAL HUSBANDRY, DAIRYING, FISHERIES AND FISHERMEN WELFARE DEPARTMENT | Sub Office",,,,,,,,,,,,,,"ASSISTANT DIRECTOR OF FISHERIES AND FISHERMEN WELFARE, SIVAKANGAI","ANIMAL HUSBANDRY, DAIRYING, FISHERIES AND FISHERMEN WELFARE DEPARTMENT",e2d1b55add0a0173,4f56733cf5ad052e,3,Sub Office,"ANIMAL HUSBANDRY, DAIRYING, FISHERIES AND FISHERMEN WELFARE DEPARTMENT > COMMISSIONERATE OF FISHERIES AND FISHERMEN WELFARE, CHENNAI > ASSISTANT DIRECTOR OF FISHERIES AND FISHERMEN WELFARE, SIVAKANGAI",rti_tamil_nadu
TN-095,b2026q3_02,TN-89d60b9d0aac7bb6,Tamil Nadu,"ASSISTANT DIRECTOR OF FISHERIES AND FISHERMEN WELFARE, TANJAVUR",rti_meta,en,portal,wave1-rti-information-v1,plain,RA4,"ANIMAL HUSBANDRY, DAIRYING, FISHERIES AND FISHERMEN WELFARE DEPARTMENT | Sub Office",,,,,,,,,,,,,,"ASSISTANT DIRECTOR OF FISHERIES AND FISHERMEN WELFARE, TANJAVUR","ANIMAL HUSBANDRY, DAIRYING, FISHERIES AND FISHERMEN WELFARE DEPARTMENT",89d60b9d0aac7bb6,4f56733cf5ad052e,3,Sub Office,"ANIMAL HUSBANDRY, DAIRYING, FISHERIES AND FISHERMEN WELFARE DEPARTMENT > COMMISSIONERATE OF FISHERIES AND FISHERMEN WELFARE, CHENNAI > ASSISTANT DIRECTOR OF FISHERIES AND FISHERMEN WELFARE, TANJAVUR",rti_tamil_nadu
TN-096,b2026q3_02,TN-0de1c04821a9a7b8,Tamil Nadu,"ASSISTANT DIRECTOR OF FISHERIES AND FISHERMEN WELFARE,MADURAI",rti_meta,en,portal,wave1-rti-information-v1,plain,RA3,"ANIMAL HUSBANDRY, DAIRYING, FISHERIES AND FISHERMEN WELFARE DEPARTMENT | Sub Office",,,,,,,,,,,,,,"ASSISTANT DIRECTOR OF FISHERIES AND FISHERMEN WELFARE,MADURAI","ANIMAL HUSBANDRY, DAIRYING, FISHERIES AND FISHERMEN WELFARE DEPARTMENT",0de1c04821a9a7b8,4f56733cf5ad052e,3,Sub Office,"ANIMAL HUSBANDRY, DAIRYING, FISHERIES AND FISHERMEN WELFARE DEPARTMENT > COMMISSIONERATE OF FISHERIES AND FISHERMEN WELFARE, CHENNAI > ASSISTANT DIRECTOR OF FISHERIES AND FISHERMEN WELFARE,MADURAI",rti_tamil_nadu
TN-097,b2026q3_02,TN-16b424f0df2f1c3e,Tamil Nadu,"CHIEF ENGINEER, CHENNAI",rti_meta,en,portal,wave1-rti-information-v1,plain,RA4,"ANIMAL HUSBANDRY, DAIRYING, FISHERIES AND FISHERMEN WELFARE DEPARTMENT | Sub Office",,,,,,,,,,,,,,"CHIEF ENGINEER, CHENNAI","ANIMAL HUSBANDRY, DAIRYING, FISHERIES AND FISHERMEN WELFARE DEPARTMENT",16b424f0df2f1c3e,4f56733cf5ad052e,3,Sub Office,"ANIMAL HUSBANDRY, DAIRYING, FISHERIES AND FISHERMEN WELFARE DEPARTMENT > COMMISSIONERATE OF FISHERIES AND FISHERMEN WELFARE, CHENNAI > CHIEF ENGINEER, CHENNAI",rti_tamil_nadu
TN-098,b2026q3_02,TN-630c3f0fd3ce9228,Tamil Nadu,"DEPUTY REGISTRAR(DAIRYING), ARIYALUR.",rti_meta,en,portal,wave1-rti-information-v1,legal_salience,RA3,"ANIMAL HUSBANDRY, DAIRYING, FISHERIES AND FISHERMEN WELFARE DEPARTMENT | Sub Office",,,,,,,,,,,,,,"DEPUTY REGISTRAR(DAIRYING), ARIYALUR.","ANIMAL HUSBANDRY, DAIRYING, FISHERIES AND FISHERMEN WELFARE DEPARTMENT",630c3f0fd3ce9228,9e91844d4f1cc8cf,3,Sub Office,"ANIMAL HUSBANDRY, DAIRYING, FISHERIES AND FISHERMEN WELFARE DEPARTMENT > COMMISSIONERATE OF MILK PRODUCTION AND DAIRY DEVELOPMENT, CHENNAI > DEPUTY REGISTRAR(DAIRYING), ARIYALUR.",rti_tamil_nadu
TN-099,b2026q3_02,TN-78246989696c6615,Tamil Nadu,"DEPUTY REGISTRAR(DAIRYING), DHARMAPURI.",rti_meta,en,portal,wave1-rti-information-v1,legal_salience,RA2,"ANIMAL HUSBANDRY, DAIRYING, FISHERIES AND FISHERMEN WELFARE DEPARTMENT | Sub Office",,,,,,,,,,,,,,"DEPUTY REGISTRAR(DAIRYING), DHARMAPURI.","ANIMAL HUSBANDRY, DAIRYING, FISHERIES AND FISHERMEN WELFARE DEPARTMENT",78246989696c6615,9e91844d4f1cc8cf,3,Sub Office,"ANIMAL HUSBANDRY, DAIRYING, FISHERIES AND FISHERMEN WELFARE DEPARTMENT > COMMISSIONERATE OF MILK PRODUCTION AND DAIRY DEVELOPMENT, CHENNAI > DEPUTY REGISTRAR(DAIRYING), DHARMAPURI.",rti_tamil_nadu
TN-100,b2026q3_02,TN-c7d3bb61b5476efd,Tamil Nadu,"DEPUTY REGISTRAR(DAIRYING), KARUR.",rti_meta,en,portal,wave1-rti-information-v1,plain,RA2,"ANIMAL HUSBANDRY, DAIRYING, FISHERIES AND FISHERMEN WELFARE DEPARTMENT | Sub Office",,,,,,,,,,,,,,"DEPUTY REGISTRAR(DAIRYING), KARUR.","ANIMAL HUSBANDRY, DAIRYING, FISHERIES AND FISHERMEN WELFARE DEPARTMENT",c7d3bb61b5476efd,9e91844d4f1cc8cf,3,Sub Office,"ANIMAL HUSBANDRY, DAIRYING, FISHERIES AND FISHERMEN WELFARE DEPARTMENT > COMMISSIONERATE OF MILK PRODUCTION AND DAIRY DEVELOPMENT, CHENNAI > DEPUTY REGISTRAR(DAIRYING), KARUR.",rti_tamil_nadu
TN-101,b2026q3_02,TN-7bc4af3bcb8e24fb,Tamil Nadu,"DEPUTY REGISTRAR(DAIRYING), KRISHNAGIRI.",rti_meta,en,portal,wave1-rti-information-v1,plain,RA3,"ANIMAL HUSBANDRY, DAIRYING, FISHERIES AND FISHERMEN WELFARE DEPARTMENT | Sub Office",,,,,,,,,,,,,,"DEPUTY REGISTRAR(DAIRYING), KRISHNAGIRI.","ANIMAL HUSBANDRY, DAIRYING, FISHERIES AND FISHERMEN WELFARE DEPARTMENT",7bc4af3bcb8e24fb,9e91844d4f1cc8cf,3,Sub Office,"ANIMAL HUSBANDRY, DAIRYING, FISHERIES AND FISHERMEN WELFARE DEPARTMENT > COMMISSIONERATE OF MILK PRODUCTION AND DAIRY DEVELOPMENT, CHENNAI > DEPUTY REGISTRAR(DAIRYING), KRISHNAGIRI.",rti_tamil_nadu
TN-102,b2026q3_02,TN-cfea41a7074bd3bc,Tamil Nadu,"DEPUTY REGISTRAR(DAIRYING), PERAMBALUR.",rti_meta,en,portal,wave1-rti-information-v1,plain,RA2,"ANIMAL HUSBANDRY, DAIRYING, FISHERIES AND FISHERMEN WELFARE DEPARTMENT | Sub Office",,,,,,,,,,,,,,"DEPUTY REGISTRAR(DAIRYING), PERAMBALUR.","ANIMAL HUSBANDRY, DAIRYING, FISHERIES AND FISHERMEN WELFARE DEPARTMENT",cfea41a7074bd3bc,9e91844d4f1cc8cf,3,Sub Office,"ANIMAL HUSBANDRY, DAIRYING, FISHERIES AND FISHERMEN WELFARE DEPARTMENT > COMMISSIONERATE OF MILK PRODUCTION AND DAIRY DEVELOPMENT, CHENNAI > DEPUTY REGISTRAR(DAIRYING), PERAMBALUR.",rti_tamil_nadu
TN-103,b2026q3_02,TN-b08f2a27f0237805,Tamil Nadu,"DEPUTY REGISTRAR(DAIRYING), THENI.",rti_meta,en,portal,wave1-rti-information-v1,plain,RA1,"ANIMAL HUSBANDRY, DAIRYING, FISHERIES AND FISHERMEN WELFARE DEPARTMENT | Sub Office",,,,,,,,,,,,,,"DEPUTY REGISTRAR(DAIRYING), THENI.","ANIMAL HUSBANDRY, DAIRYING, FISHERIES AND FISHERMEN WELFARE DEPARTMENT",b08f2a27f0237805,9e91844d4f1cc8cf,3,Sub Office,"ANIMAL HUSBANDRY, DAIRYING, FISHERIES AND FISHERMEN WELFARE DEPARTMENT > COMMISSIONERATE OF MILK PRODUCTION AND DAIRY DEVELOPMENT, CHENNAI > DEPUTY REGISTRAR(DAIRYING), THENI.",rti_tamil_nadu
TN-104,b2026q3_02,TN-dcc763cb7d96acc7,Tamil Nadu,"DEPUTY REGISTRAR(DAIRYING), THIRUVALLUR.",rti_meta,en,portal,wave1-rti-information-v1,plain,RA4,"ANIMAL HUSBANDRY, DAIRYING, FISHERIES AND FISHERMEN WELFARE DEPARTMENT | Sub Office",,,,,,,,,,,,,,"DEPUTY REGISTRAR(DAIRYING), THIRUVALLUR.","ANIMAL HUSBANDRY, DAIRYING, FISHERIES AND FISHERMEN WELFARE DEPARTMENT",dcc763cb7d96acc7,9e91844d4f1cc8cf,3,Sub Office,"ANIMAL HUSBANDRY, DAIRYING, FISHERIES AND FISHERMEN WELFARE DEPARTMENT > COMMISSIONERATE OF MILK PRODUCTION AND DAIRY DEVELOPMENT, CHENNAI > DEPUTY REGISTRAR(DAIRYING), THIRUVALLUR.",rti_tamil_nadu
TN-105,b2026q3_02,TN-71a15a6945a48024,Tamil Nadu,"DEPUTY REGISTRAR(DAIRYING), TIRUCHIRAPPALLI",rti_meta,en,portal,wave1-rti-information-v1,plain,RA3,"ANIMAL HUSBANDRY, DAIRYING, FISHERIES AND FISHERMEN WELFARE DEPARTMENT | Sub Office",,,,,,,,,,,,,,"DEPUTY REGISTRAR(DAIRYING), TIRUCHIRAPPALLI","ANIMAL HUSBANDRY, DAIRYING, FISHERIES AND FISHERMEN WELFARE DEPARTMENT",71a15a6945a48024,9e91844d4f1cc8cf,3,Sub Office,"ANIMAL HUSBANDRY, DAIRYING, FISHERIES AND FISHERMEN WELFARE DEPARTMENT > COMMISSIONERATE OF MILK PRODUCTION AND DAIRY DEVELOPMENT, CHENNAI > DEPUTY REGISTRAR(DAIRYING), TIRUCHIRAPPALLI",rti_tamil_nadu
TN-106,b2026q3_02,TN-35282ef9fbec3c1c,Tamil Nadu,"DEPUTY REGISTRAR(DAIRYING), TIRUPPUR.",rti_meta,en,portal,wave1-rti-information-v1,plain,RA1,"ANIMAL HUSBANDRY, DAIRYING, FISHERIES AND FISHERMEN WELFARE DEPARTMENT | Sub Office",,,,,,,,,,,,,,"DEPUTY REGISTRAR(DAIRYING), TIRUPPUR.","ANIMAL HUSBANDRY, DAIRYING, FISHERIES AND FISHERMEN WELFARE DEPARTMENT",35282ef9fbec3c1c,9e91844d4f1cc8cf,3,Sub Office,"ANIMAL HUSBANDRY, DAIRYING, FISHERIES AND FISHERMEN WELFARE DEPARTMENT > COMMISSIONERATE OF MILK PRODUCTION AND DAIRY DEVELOPMENT, CHENNAI > DEPUTY REGISTRAR(DAIRYING), TIRUPPUR.",rti_tamil_nadu
TN-107,b2026q3_02,TN-2f048080f7b535d5,Tamil Nadu,"DEPUTY REGISTRAR(DAIRYING), VILLUPURAM.",rti_meta,en,portal,wave1-rti-information-v1,legal_salience,RA4,"ANIMAL HUSBANDRY, DAIRYING, FISHERIES AND FISHERMEN WELFARE DEPARTMENT | Sub Office",,,,,,,,,,,,,,"DEPUTY REGISTRAR(DAIRYING), VILLUPURAM.","ANIMAL HUSBANDRY, DAIRYING, FISHERIES AND FISHERMEN WELFARE DEPARTMENT",2f048080f7b535d5,9e91844d4f1cc8cf,3,Sub Office,"ANIMAL HUSBANDRY, DAIRYING, FISHERIES AND FISHERMEN WELFARE DEPARTMENT > COMMISSIONERATE OF MILK PRODUCTION AND DAIRY DEVELOPMENT, CHENNAI > DEPUTY REGISTRAR(DAIRYING), VILLUPURAM.",rti_tamil_nadu
TN-108,b2026q3_02,TN-528d645f468a7441,Tamil Nadu,"EXECUTIVE ENGINEER, CHENNAI",rti_meta,en,portal,wave1-rti-information-v1,plain,RA1,"ANIMAL HUSBANDRY, DAIRYING, FISHERIES AND FISHERMEN WELFARE DEPARTMENT | Sub Office",,,,,,,,,,,,,,"EXECUTIVE ENGINEER, CHENNAI","ANIMAL HUSBANDRY, DAIRYING, FISHERIES AND FISHERMEN WELFARE DEPARTMENT",528d645f468a7441,4f56733cf5ad052e,3,Sub Office,"ANIMAL HUSBANDRY, DAIRYING, FISHERIES AND FISHERMEN WELFARE DEPARTMENT > COMMISSIONERATE OF FISHERIES AND FISHERMEN WELFARE, CHENNAI > EXECUTIVE ENGINEER, CHENNAI",rti_tamil_nadu
TN-109,b2026q3_02,TN-016e5f14a5e9cf57,Tamil Nadu,"INSPECTOR OF FISHERIES AND FISHERMEN WELFARE, KRISHNAGIRI",rti_meta,en,portal,wave1-rti-information-v1,plain,RA4,"ANIMAL HUSBANDRY, DAIRYING, FISHERIES AND FISHERMEN WELFARE DEPARTMENT | Sub Office",,,,,,,,,,,,,,"INSPECTOR OF FISHERIES AND FISHERMEN WELFARE, KRISHNAGIRI","ANIMAL HUSBANDRY, DAIRYING, FISHERIES AND FISHERMEN WELFARE DEPARTMENT",016e5f14a5e9cf57,4f56733cf5ad052e,3,Sub Office,"ANIMAL HUSBANDRY, DAIRYING, FISHERIES AND FISHERMEN WELFARE DEPARTMENT > COMMISSIONERATE OF FISHERIES AND FISHERMEN WELFARE, CHENNAI > INSPECTOR OF FISHERIES AND FISHERMEN WELFARE, KRISHNAGIRI",rti_tamil_nadu
TN-110,b2026q3_02,TN-70d2dc378cc47454,Tamil Nadu,"BACKWARD CLASSES, MOST BACKWARD CLASSES AND MINORITIES WELFARE DEPART",rti_meta,en,portal,wave1-rti-information-v1,legal_salience,RA1,"BACKWARD CLASSES, MOST BACKWARD CLASSES AND MINORITIES WELFARE DEPART | Department",,,,,,,,,,,,,,"BACKWARD CLASSES, MOST BACKWARD CLASSES AND MINORITIES WELFARE DEPART","BACKWARD CLASSES, MOST BACKWARD CLASSES AND MINORITIES WELFARE DEPART",70d2dc378cc47454,displayPa,1,Department,"BACKWARD CLASSES, MOST BACKWARD CLASSES AND MINORITIES WELFARE DEPART",rti_tamil_nadu
TN-111,b2026q3_02,TN-bd1f1b80f0dbb367,Tamil Nadu,DIRECTORATE OF MOST BACKWARD CLASSES AND DENOTIFIED COMMUNITIES WELFAR,rti_meta,en,portal,wave1-rti-information-v1,plain,RA2,"BACKWARD CLASSES, MOST BACKWARD CLASSES AND MINORITIES WELFARE DEPART | Head of Department",,,,,,,,,,,,,,DIRECTORATE OF MOST BACKWARD CLASSES AND DENOTIFIED COMMUNITIES WELFAR,"BACKWARD CLASSES, MOST BACKWARD CLASSES AND MINORITIES WELFARE DEPART",bd1f1b80f0dbb367,70d2dc378cc47454,2,Head of Department,"BACKWARD CLASSES, MOST BACKWARD CLASSES AND MINORITIES WELFARE DEPART > DIRECTORATE OF MOST BACKWARD CLASSES AND DENOTIFIED COMMUNITIES WELFAR",rti_tamil_nadu
TN-112,b2026q3_02,TN-0010aa2e0ae20ecc,Tamil Nadu,TAMIL NADU DENOTIFIED COMMUNITIES WELFARE BOARD,rti_meta,en,portal,wave1-rti-information-v1,plain,RA1,"BACKWARD CLASSES, MOST BACKWARD CLASSES AND MINORITIES WELFARE DEPART | Head of Department",,,,,,,,,,,,,,TAMIL NADU DENOTIFIED COMMUNITIES WELFARE BOARD,"BACKWARD CLASSES, MOST BACKWARD CLASSES AND MINORITIES WELFARE DEPART",0010aa2e0ae20ecc,70d2dc378cc47454,2,Head of Department,"BACKWARD CLASSES, MOST BACKWARD CLASSES AND MINORITIES WELFARE DEPART > TAMIL NADU DENOTIFIED COMMUNITIES WELFARE BOARD",rti_tamil_nadu
TN-113,b2026q3_02,TN-72c2c9f1b8a9b078,Tamil Nadu,TAMIL NADU LINGUISTIC MINORITIES SOCIAL AND ECONOMIC DEVELOPMENT CORPO,rti_meta,en,portal,wave1-rti-information-v1,legal_salience,RA2,"BACKWARD CLASSES, MOST BACKWARD CLASSES AND MINORITIES WELFARE DEPART | Head of Department",,,,,,,,,,,,,,TAMIL NADU LINGUISTIC MINORITIES SOCIAL AND ECONOMIC DEVELOPMENT CORPO,"BACKWARD CLASSES, MOST BACKWARD CLASSES AND MINORITIES WELFARE DEPART",72c2c9f1b8a9b078,70d2dc378cc47454,2,Head of Department,"BACKWARD CLASSES, MOST BACKWARD CLASSES AND MINORITIES WELFARE DEPART > TAMIL NADU LINGUISTIC MINORITIES SOCIAL AND ECONOMIC DEVELOPMENT CORPO",rti_tamil_nadu
TN-114,b2026q3_02,TN-7343c79af029c5cd,Tamil Nadu,TAMIL NADU STATE MINORITIES COMMISSION,rti_meta,en,portal,wave1-rti-information-v1,plain,RA3,"BACKWARD CLASSES, MOST BACKWARD CLASSES AND MINORITIES WELFARE DEPART | Head of Department",,,,,,,,,,,,,,TAMIL NADU STATE MINORITIES COMMISSION,"BACKWARD CLASSES, MOST BACKWARD CLASSES AND MINORITIES WELFARE DEPART",7343c79af029c5cd,70d2dc378cc47454,2,Head of Department,"BACKWARD CLASSES, MOST BACKWARD CLASSES AND MINORITIES WELFARE DEPART > TAMIL NADU STATE MINORITIES COMMISSION",rti_tamil_nadu
TN-115,b2026q3_02,TN-55ae8eee008519ed,Tamil Nadu,"DISTRICT BACKWARD CLASSES AND MINORITIES WELFARE OFFICER, ARIYALUR",rti_meta,en,portal,wave1-rti-information-v1,legal_salience,RA2,"BACKWARD CLASSES, MOST BACKWARD CLASSES AND MINORITIES WELFARE DEPART | Sub Office",,,,,,,,,,,,,,"DISTRICT BACKWARD CLASSES AND MINORITIES WELFARE OFFICER, ARIYALUR","BACKWARD CLASSES, MOST BACKWARD CLASSES AND MINORITIES WELFARE DEPART",55ae8eee008519ed,4f2a7bd0ad47c606,3,Sub Office,"BACKWARD CLASSES, MOST BACKWARD CLASSES AND MINORITIES WELFARE DEPART > DIRECTORATE OF BACKWARD CLASSES WELFARE > DISTRICT BACKWARD CLASSES AND MINORITIES WELFARE OFFICER, ARIYALUR",rti_tamil_nadu
TN-116,b2026q3_02,TN-d34328d8fd528a23,Tamil Nadu,"DISTRICT BACKWARD CLASSES AND MINORITIES WELFARE OFFICER, CHENNAI",rti_meta,en,portal,wave1-rti-information-v1,plain,RA1,"BACKWARD CLASSES, MOST BACKWARD CLASSES AND MINORITIES WELFARE DEPART | Sub Office",,,,,,,,,,,,,,"DISTRICT BACKWARD CLASSES AND MINORITIES WELFARE OFFICER, CHENNAI","BACKWARD CLASSES, MOST BACKWARD CLASSES AND MINORITIES WELFARE DEPART",d34328d8fd528a23,4f2a7bd0ad47c606,3,Sub Office,"BACKWARD CLASSES, MOST BACKWARD CLASSES AND MINORITIES WELFARE DEPART > DIRECTORATE OF BACKWARD CLASSES WELFARE > DISTRICT BACKWARD CLASSES AND MINORITIES WELFARE OFFICER, CHENNAI",rti_tamil_nadu
TN-117,b2026q3_02,TN-edc8d6f986d7a600,Tamil Nadu,"DISTRICT BACKWARD CLASSES AND MINORITIES WELFARE OFFICER, DHARMAPURI",rti_meta,en,portal,wave1-rti-information-v1,plain,RA4,"BACKWARD CLASSES, MOST BACKWARD CLASSES AND MINORITIES WELFARE DEPART | Sub Office",,,,,,,,,,,,,,"DISTRICT BACKWARD CLASSES AND MINORITIES WELFARE OFFICER, DHARMAPURI","BACKWARD CLASSES, MOST BACKWARD CLASSES AND MINORITIES WELFARE DEPART",edc8d6f986d7a600,4f2a7bd0ad47c606,3,Sub Office,"BACKWARD CLASSES, MOST BACKWARD CLASSES AND MINORITIES WELFARE DEPART > DIRECTORATE OF BACKWARD CLASSES WELFARE > DISTRICT BACKWARD CLASSES AND MINORITIES WELFARE OFFICER, DHARMAPURI",rti_tamil_nadu
TN-118,b2026q3_02,TN-9a8c88838c1cf24f,Tamil Nadu,"DISTRICT BACKWARD CLASSES AND MINORITIES WELFARE OFFICER, KANCHIPURAM",rti_meta,en,portal,wave1-rti-information-v1,plain,RA3,"BACKWARD CLASSES, MOST BACKWARD CLASSES AND MINORITIES WELFARE DEPART | Sub Office",,,,,,,,,,,,,,"DISTRICT BACKWARD CLASSES AND MINORITIES WELFARE OFFICER, KANCHIPURAM","BACKWARD CLASSES, MOST BACKWARD CLASSES AND MINORITIES WELFARE DEPART",9a8c88838c1cf24f,4f2a7bd0ad47c606,3,Sub Office,"BACKWARD CLASSES, MOST BACKWARD CLASSES AND MINORITIES WELFARE DEPART > DIRECTORATE OF BACKWARD CLASSES WELFARE > DISTRICT BACKWARD CLASSES AND MINORITIES WELFARE OFFICER, KANCHIPURAM",rti_tamil_nadu
TN-119,b2026q3_02,TN-c92aad650bcc0b31,Tamil Nadu,"DISTRICT BACKWARD CLASSES AND MINORITIES WELFARE OFFICER, MAYILADUTHURAI",rti_meta,en,portal,wave1-rti-information-v1,plain,RA4,"BACKWARD CLASSES, MOST BACKWARD CLASSES AND MINORITIES WELFARE DEPART | Sub Office",,,,,,,,,,,,,,"DISTRICT BACKWARD CLASSES AND MINORITIES WELFARE OFFICER, MAYILADUTHURAI","BACKWARD CLASSES, MOST BACKWARD CLASSES AND MINORITIES WELFARE DEPART",c92aad650bcc0b31,4f2a7bd0ad47c606,3,Sub Office,"BACKWARD CLASSES, MOST BACKWARD CLASSES AND MINORITIES WELFARE DEPART > DIRECTORATE OF BACKWARD CLASSES WELFARE > DISTRICT BACKWARD CLASSES AND MINORITIES WELFARE OFFICER, MAYILADUTHURAI",rti_tamil_nadu
TN-120,b2026q3_02,TN-6766947cf5d80fe0,Tamil Nadu,"DISTRICT BACKWARD CLASSES AND MINORITIES WELFARE OFFICER, PUDUKKOTTAI",rti_meta,en,portal,wave1-rti-information-v1,plain,RA4,"BACKWARD CLASSES, MOST BACKWARD CLASSES AND MINORITIES WELFARE DEPART | Sub Office",,,,,,,,,,,,,,"DISTRICT BACKWARD CLASSES AND MINORITIES WELFARE OFFICER, PUDUKKOTTAI","BACKWARD CLASSES, MOST BACKWARD CLASSES AND MINORITIES WELFARE DEPART",6766947cf5d80fe0,4f2a7bd0ad47c606,3,Sub Office,"BACKWARD CLASSES, MOST BACKWARD CLASSES AND MINORITIES WELFARE DEPART > DIRECTORATE OF BACKWARD CLASSES WELFARE > DISTRICT BACKWARD CLASSES AND MINORITIES WELFARE OFFICER, PUDUKKOTTAI",rti_tamil_nadu
TN-121,b2026q3_02,TN-aab536e878ede53b,Tamil Nadu,"DISTRICT BACKWARD CLASSES AND MINORITIES WELFARE OFFICER, TENKASI",rti_meta,en,portal,wave1-rti-information-v1,plain,RA1,"BACKWARD CLASSES, MOST BACKWARD CLASSES AND MINORITIES WELFARE DEPART | Sub Office",,,,,,,,,,,,,,"DISTRICT BACKWARD CLASSES AND MINORITIES WELFARE OFFICER, TENKASI","BACKWARD CLASSES, MOST BACKWARD CLASSES AND MINORITIES WELFARE DEPART",aab536e878ede53b,4f2a7bd0ad47c606,3,Sub Office,"BACKWARD CLASSES, MOST BACKWARD CLASSES AND MINORITIES WELFARE DEPART > DIRECTORATE OF BACKWARD CLASSES WELFARE > DISTRICT BACKWARD CLASSES AND MINORITIES WELFARE OFFICER, TENKASI",rti_tamil_nadu
TN-122,b2026q3_02,TN-fbf99fb505f9263d,Tamil Nadu,"DISTRICT BACKWARD CLASSES AND MINORITIES WELFARE OFFICER, THIRUVARUR",rti_meta,en,portal,wave1-rti-information-v1,plain,RA3,"BACKWARD CLASSES, MOST BACKWARD CLASSES AND MINORITIES WELFARE DEPART | Sub Office",,,,,,,,,,,,,,"DISTRICT BACKWARD CLASSES AND MINORITIES WELFARE OFFICER, THIRUVARUR","BACKWARD CLASSES, MOST BACKWARD CLASSES AND MINORITIES WELFARE DEPART",fbf99fb505f9263d,4f2a7bd0ad47c606,3,Sub Office,"BACKWARD CLASSES, MOST BACKWARD CLASSES AND MINORITIES WELFARE DEPART > DIRECTORATE OF BACKWARD CLASSES WELFARE > DISTRICT BACKWARD CLASSES AND MINORITIES WELFARE OFFICER, THIRUVARUR",rti_tamil_nadu
TN-123,b2026q3_02,TN-39c04e2f0d26f7c0,Tamil Nadu,"DISTRICT BACKWARD CLASSES AND MINORITIES WELFARE OFFICER, TIRUCHIRAPPALLI",rti_meta,en,portal,wave1-rti-information-v1,plain,RA2,"BACKWARD CLASSES, MOST BACKWARD CLASSES AND MINORITIES WELFARE DEPART | Sub Office",,,,,,,,,,,,,,"DISTRICT BACKWARD CLASSES AND MINORITIES WELFARE OFFICER, TIRUCHIRAPPALLI","BACKWARD CLASSES, MOST BACKWARD CLASSES AND MINORITIES WELFARE DEPART",39c04e2f0d26f7c0,4f2a7bd0ad47c606,3,Sub Office,"BACKWARD CLASSES, MOST BACKWARD CLASSES AND MINORITIES WELFARE DEPART > DIRECTORATE OF BACKWARD CLASSES WELFARE > DISTRICT BACKWARD CLASSES AND MINORITIES WELFARE OFFICER, TIRUCHIRAPPALLI",rti_tamil_nadu
TN-124,b2026q3_02,TN-598a93f3377dfd8e,Tamil Nadu,"DISTRICT BACKWARD CLASSES AND MINORITIES WELFARE OFFICER, TIRUNELVELI",rti_meta,en,portal,wave1-rti-information-v1,plain,RA3,"BACKWARD CLASSES, MOST BACKWARD CLASSES AND MINORITIES WELFARE DEPART | Sub Office",,,,,,,,,,,,,,"DISTRICT BACKWARD CLASSES AND MINORITIES WELFARE OFFICER, TIRUNELVELI","BACKWARD CLASSES, MOST BACKWARD CLASSES AND MINORITIES WELFARE DEPART",598a93f3377dfd8e,4f2a7bd0ad47c606,3,Sub Office,"BACKWARD CLASSES, MOST BACKWARD CLASSES AND MINORITIES WELFARE DEPART > DIRECTORATE OF BACKWARD CLASSES WELFARE > DISTRICT BACKWARD CLASSES AND MINORITIES WELFARE OFFICER, TIRUNELVELI",rti_tamil_nadu
TN-125,b2026q3_02,TN-2876aa4baf139129,Tamil Nadu,"DISTRICT BACKWARD CLASSES AND MINORITIES WELFARE OFFICER, TIRUPPUR",rti_meta,en,portal,wave1-rti-information-v1,legal_salience,RA1,"BACKWARD CLASSES, MOST BACKWARD CLASSES AND MINORITIES WELFARE DEPART | Sub Office",,,,,,,,,,,,,,"DISTRICT BACKWARD CLASSES AND MINORITIES WELFARE OFFICER, TIRUPPUR","BACKWARD CLASSES, MOST BACKWARD CLASSES AND MINORITIES WELFARE DEPART",2876aa4baf139129,4f2a7bd0ad47c606,3,Sub Office,"BACKWARD CLASSES, MOST BACKWARD CLASSES AND MINORITIES WELFARE DEPART > DIRECTORATE OF BACKWARD CLASSES WELFARE > DISTRICT BACKWARD CLASSES AND MINORITIES WELFARE OFFICER, TIRUPPUR",rti_tamil_nadu
TN-126,b2026q3_02,TN-bfe604a8fa11ef57,Tamil Nadu,"DISTRICT BACKWARD CLASSES AND MINORITIES WELFARE OFFICER, TIRUVALLUR",rti_meta,en,portal,wave1-rti-information-v1,legal_salience,RA4,"BACKWARD CLASSES, MOST BACKWARD CLASSES AND MINORITIES WELFARE DEPART | Sub Office",,,,,,,,,,,,,,"DISTRICT BACKWARD CLASSES AND MINORITIES WELFARE OFFICER, TIRUVALLUR","BACKWARD CLASSES, MOST BACKWARD CLASSES AND MINORITIES WELFARE DEPART",bfe604a8fa11ef57,4f2a7bd0ad47c606,3,Sub Office,"BACKWARD CLASSES, MOST BACKWARD CLASSES AND MINORITIES WELFARE DEPART > DIRECTORATE OF BACKWARD CLASSES WELFARE > DISTRICT BACKWARD CLASSES AND MINORITIES WELFARE OFFICER, TIRUVALLUR",rti_tamil_nadu
TN-127,b2026q3_02,TN-a138cccf046f37fb,Tamil Nadu,"DISTRICT BACKWARD CLASSES AND MINORITIES WELFARE OFFICER, VILLUPURAM",rti_meta,en,portal,wave1-rti-information-v1,legal_salience,RA3,"BACKWARD CLASSES, MOST BACKWARD CLASSES AND MINORITIES WELFARE DEPART | Sub Office",,,,,,,,,,,,,,"DISTRICT BACKWARD CLASSES AND MINORITIES WELFARE OFFICER, VILLUPURAM","BACKWARD CLASSES, MOST BACKWARD CLASSES AND MINORITIES WELFARE DEPART",a138cccf046f37fb,4f2a7bd0ad47c606,3,Sub Office,"BACKWARD CLASSES, MOST BACKWARD CLASSES AND MINORITIES WELFARE DEPART > DIRECTORATE OF BACKWARD CLASSES WELFARE > DISTRICT BACKWARD CLASSES AND MINORITIES WELFARE OFFICER, VILLUPURAM",rti_tamil_nadu
TN-128,b2026q3_02,TN-0b8d6f8a8536e573,Tamil Nadu,"DISTRICT BACKWARD CLASSES AND MINORITIES WELFARE OFFICER, VIRUDHUNAGAR",rti_meta,en,portal,wave1-rti-information-v1,plain,RA2,"BACKWARD CLASSES, MOST BACKWARD CLASSES AND MINORITIES WELFARE DEPART | Sub Office",,,,,,,,,,,,,,"DISTRICT BACKWARD CLASSES AND MINORITIES WELFARE OFFICER, VIRUDHUNAGAR","BACKWARD CLASSES, MOST BACKWARD CLASSES AND MINORITIES WELFARE DEPART",0b8d6f8a8536e573,4f2a7bd0ad47c606,3,Sub Office,"BACKWARD CLASSES, MOST BACKWARD CLASSES AND MINORITIES WELFARE DEPART > DIRECTORATE OF BACKWARD CLASSES WELFARE > DISTRICT BACKWARD CLASSES AND MINORITIES WELFARE OFFICER, VIRUDHUNAGAR",rti_tamil_nadu
TN-129,b2026q3_02,TN-b7813d42c7b1071e,Tamil Nadu,"DISTRICT MINORITIES WELFARE OFFICER, TIRUNELVELI",rti_meta,en,portal,wave1-rti-information-v1,plain,RA4,"BACKWARD CLASSES, MOST BACKWARD CLASSES AND MINORITIES WELFARE DEPART | Sub Office",,,,,,,,,,,,,,"DISTRICT MINORITIES WELFARE OFFICER, TIRUNELVELI","BACKWARD CLASSES, MOST BACKWARD CLASSES AND MINORITIES WELFARE DEPART",b7813d42c7b1071e,599beaf3a8b76ade,3,Sub Office,"BACKWARD CLASSES, MOST BACKWARD CLASSES AND MINORITIES WELFARE DEPART > DIRECTORATE OF MINORITIES WELFARE > DISTRICT MINORITIES WELFARE OFFICER, TIRUNELVELI",rti_tamil_nadu
TN-130,b2026q3_02,TN-acbd607bd77ccb77,Tamil Nadu,TAMIL NADU WAQF BOARD - CHENNAI ZONE,rti_meta,en,portal,wave1-rti-information-v1,legal_salience,RA4,"BACKWARD CLASSES, MOST BACKWARD CLASSES AND MINORITIES WELFARE DEPART | Sub Office",,,,,,,,,,,,,,TAMIL NADU WAQF BOARD - CHENNAI ZONE,"BACKWARD CLASSES, MOST BACKWARD CLASSES AND MINORITIES WELFARE DEPART",acbd607bd77ccb77,b7b386703d3ce192,3,Sub Office,"BACKWARD CLASSES, MOST BACKWARD CLASSES AND MINORITIES WELFARE DEPART > TAMIL NADU WAQF BOARD > TAMIL NADU WAQF BOARD - CHENNAI ZONE",rti_tamil_nadu
TN-131,b2026q3_02,TN-47b623ca10bea5dd,Tamil Nadu,TAMIL NADU WAQF BOARD - MADURAI ZONE,rti_meta,en,portal,wave1-rti-information-v1,plain,RA2,"BACKWARD CLASSES, MOST BACKWARD CLASSES AND MINORITIES WELFARE DEPART | Sub Office",,,,,,,,,,,,,,TAMIL NADU WAQF BOARD - MADURAI ZONE,"BACKWARD CLASSES, MOST BACKWARD CLASSES AND MINORITIES WELFARE DEPART",47b623ca10bea5dd,b7b386703d3ce192,3,Sub Office,"BACKWARD CLASSES, MOST BACKWARD CLASSES AND MINORITIES WELFARE DEPART > TAMIL NADU WAQF BOARD > TAMIL NADU WAQF BOARD - MADURAI ZONE",rti_tamil_nadu
TN-132,b2026q3_02,TN-aa54a0284efe7fce,Tamil Nadu,TAMIL NADU WAQF BOARD - POONAMALLEE ZON,rti_meta,en,portal,wave1-rti-information-v1,plain,RA1,"BACKWARD CLASSES, MOST BACKWARD CLASSES AND MINORITIES WELFARE DEPART | Sub Office",,,,,,,,,,,,,,TAMIL NADU WAQF BOARD - POONAMALLEE ZON,"BACKWARD CLASSES, MOST BACKWARD CLASSES AND MINORITIES WELFARE DEPART",aa54a0284efe7fce,b7b386703d3ce192,3,Sub Office,"BACKWARD CLASSES, MOST BACKWARD CLASSES AND MINORITIES WELFARE DEPART > TAMIL NADU WAQF BOARD > TAMIL NADU WAQF BOARD - POONAMALLEE ZON",rti_tamil_nadu
TN-133,b2026q3_02,TN-5582eb5371e86a14,Tamil Nadu,TAMIL NADU WAQF BOARD - THANJAVUR ZONE,rti_meta,en,portal,wave1-rti-information-v1,plain,RA1,"BACKWARD CLASSES, MOST BACKWARD CLASSES AND MINORITIES WELFARE DEPART | Sub Office",,,,,,,,,,,,,,TAMIL NADU WAQF BOARD - THANJAVUR ZONE,"BACKWARD CLASSES, MOST BACKWARD CLASSES AND MINORITIES WELFARE DEPART",5582eb5371e86a14,b7b386703d3ce192,3,Sub Office,"BACKWARD CLASSES, MOST BACKWARD CLASSES AND MINORITIES WELFARE DEPART > TAMIL NADU WAQF BOARD > TAMIL NADU WAQF BOARD - THANJAVUR ZONE",rti_tamil_nadu
TN-134,b2026q3_02,TN-d23041b6172bead6,Tamil Nadu,TAMIL NADU WAQF BOARD - TIRUNELVELI ZONE,rti_meta,en,portal,wave1-rti-information-v1,legal_salience,RA3,"BACKWARD CLASSES, MOST BACKWARD CLASSES AND MINORITIES WELFARE DEPART | Sub Office",,,,,,,,,,,,,,TAMIL NADU WAQF BOARD - TIRUNELVELI ZONE,"BACKWARD CLASSES, MOST BACKWARD CLASSES AND MINORITIES WELFARE DEPART",d23041b6172bead6,b7b386703d3ce192,3,Sub Office,"BACKWARD CLASSES, MOST BACKWARD CLASSES AND MINORITIES WELFARE DEPART > TAMIL NADU WAQF BOARD > TAMIL NADU WAQF BOARD - TIRUNELVELI ZONE",rti_tamil_nadu
TN-135,b2026q3_02,TN-4ac0b70f8f0048e3,Tamil Nadu,TAMIL NADU WAQF BOARD - VELLORE ZONE,rti_meta,en,portal,wave1-rti-information-v1,legal_salience,RA1,"BACKWARD CLASSES, MOST BACKWARD CLASSES AND MINORITIES WELFARE DEPART | Sub Office",,,,,,,,,,,,,,TAMIL NADU WAQF BOARD - VELLORE ZONE,"BACKWARD CLASSES, MOST BACKWARD CLASSES AND MINORITIES WELFARE DEPART",4ac0b70f8f0048e3,b7b386703d3ce192,3,Sub Office,"BACKWARD CLASSES, MOST BACKWARD CLASSES AND MINORITIES WELFARE DEPART > TAMIL NADU WAQF BOARD > TAMIL NADU WAQF BOARD - VELLORE ZONE",rti_tamil_nadu
TN-136,b2026q3_02,TN-487719a087e28859,Tamil Nadu,COMMERCIAL TAXES AND REGISTRATION,rti_meta,en,portal,wave1-rti-information-v1,legal_salience,RA2,COMMERCIAL TAXES AND REGISTRATION | Department,,,,,,,,,,,,,,COMMERCIAL TAXES AND REGISTRATION,COMMERCIAL TAXES AND REGISTRATION,487719a087e28859,displayPa,1,Department,COMMERCIAL TAXES AND REGISTRATION,rti_tamil_nadu
TN-137,b2026q3_02,TN-a1b7c22755cf5714,Tamil Nadu,INSPECTOR GENERAL OF REGISTRATION,rti_meta,en,portal,wave1-rti-information-v1,plain,RA2,COMMERCIAL TAXES AND REGISTRATION | Head of Department,,,,,,,,,,,,,,INSPECTOR GENERAL OF REGISTRATION,COMMERCIAL TAXES AND REGISTRATION,a1b7c22755cf5714,487719a087e28859,2,Head of Department,COMMERCIAL TAXES AND REGISTRATION > INSPECTOR GENERAL OF REGISTRATION,rti_tamil_nadu
TN-138,b2026q3_02,TN-7756d47c973ad8ee,Tamil Nadu,OFFICE OF THE COMMISSIONER OF COMMERCIAL TAXES,rti_meta,en,portal,wave1-rti-information-v1,legal_salience,RA3,COMMERCIAL TAXES AND REGISTRATION | Head of Department,,,,,,,,,,,,,,OFFICE OF THE COMMISSIONER OF COMMERCIAL TAXES,COMMERCIAL TAXES AND REGISTRATION,7756d47c973ad8ee,487719a087e28859,2,Head of Department,COMMERCIAL TAXES AND REGISTRATION > OFFICE OF THE COMMISSIONER OF COMMERCIAL TAXES,rti_tamil_nadu
TN-139,b2026q3_02,TN-de4d11dd9bb38173,Tamil Nadu,JOINT COMMISSIONER (STATE TAXES) ERODE DIVISION,rti_meta,en,portal,wave1-rti-information-v1,plain,RA4,COMMERCIAL TAXES AND REGISTRATION | Sub Office,,,,,,,,,,,,,,JOINT COMMISSIONER (STATE TAXES) ERODE DIVISION,COMMERCIAL TAXES AND REGISTRATION,de4d11dd9bb38173,7756d47c973ad8ee,3,Sub Office,COMMERCIAL TAXES AND REGISTRATION > OFFICE OF THE COMMISSIONER OF COMMERCIAL TAXES > JOINT COMMISSIONER (STATE TAXES) ERODE DIVISION,rti_tamil_nadu
TN-140,b2026q3_02,TN-466d616ccd81da2f,Tamil Nadu,"SPECIAL DEPUTY COLLECTOR(STAMP) OFFICE,MADURAI",rti_meta,en,portal,wave1-rti-information-v1,plain,RA2,COMMERCIAL TAXES AND REGISTRATION | Sub Office,,,,,,,,,,,,,,"SPECIAL DEPUTY COLLECTOR(STAMP) OFFICE,MADURAI",COMMERCIAL TAXES AND REGISTRATION,466d616ccd81da2f,a1b7c22755cf5714,3,Sub Office,"COMMERCIAL TAXES AND REGISTRATION > INSPECTOR GENERAL OF REGISTRATION > SPECIAL DEPUTY COLLECTOR(STAMP) OFFICE,MADURAI",rti_tamil_nadu
TN-141,b2026q3_02,TN-5b4bd6f0ac4b8776,Tamil Nadu,ASSISTANT COMMISSIONER (STATE TAXES) AYOTHIYAPATNAM ASSESSMENT CIRCLE,rti_meta,en,portal,wave1-rti-information-v1,plain,RA1,COMMERCIAL TAXES AND REGISTRATION | Sub Office,,,,,,,,,,,,,,ASSISTANT COMMISSIONER (STATE TAXES) AYOTHIYAPATNAM ASSESSMENT CIRCLE,COMMERCIAL TAXES AND REGISTRATION,5b4bd6f0ac4b8776,cf85dd9c09a85320,4,Sub Office,COMMERCIAL TAXES AND REGISTRATION > OFFICE OF THE COMMISSIONER OF COMMERCIAL TAXES > JOINT COMMISSIONER (STATE TAXES) SALEM DIVISION > ASSISTANT COMMISSIONER (STATE TAXES) AYOTHIYAPATNAM ASSESSMENT CIRCLE,rti_tamil_nadu
TN-142,b2026q3_02,TN-f86813363b47e72c,Tamil Nadu,ASSISTANT COMMISSIONER (STATE TAXES) KUMARAPALAYAM ASSESSMENT CIRCLE,rti_meta,en,portal,wave1-rti-information-v1,plain,RA2,COMMERCIAL TAXES AND REGISTRATION | Sub Office,,,,,,,,,,,,,,ASSISTANT COMMISSIONER (STATE TAXES) KUMARAPALAYAM ASSESSMENT CIRCLE,COMMERCIAL TAXES AND REGISTRATION,f86813363b47e72c,cf85dd9c09a85320,4,Sub Office,COMMERCIAL TAXES AND REGISTRATION > OFFICE OF THE COMMISSIONER OF COMMERCIAL TAXES > JOINT COMMISSIONER (STATE TAXES) SALEM DIVISION > ASSISTANT COMMISSIONER (STATE TAXES) KUMARAPALAYAM ASSESSMENT CIRCLE,rti_tamil_nadu
TN-143,b2026q3_02,TN-fe05153815c37a1c,Tamil Nadu,ASSISTANT COMMISSIONER (STATE TAXES) MADURAI RURAL SOUTH ASSESSMENT CIRCLE,rti_meta,en,portal,wave1-rti-information-v1,plain,RA4,COMMERCIAL TAXES AND REGISTRATION | Sub Office,,,,,,,,,,,,,,ASSISTANT COMMISSIONER (STATE TAXES) MADURAI RURAL SOUTH ASSESSMENT CIRCLE,COMMERCIAL TAXES AND REGISTRATION,fe05153815c37a1c,0077657a978f2ccb,4,Sub Office,COMMERCIAL TAXES AND REGISTRATION > OFFICE OF THE COMMISSIONER OF COMMERCIAL TAXES > JOINT COMMISSIONER (STATE TAXES) MADURAI DIVISION > ASSISTANT COMMISSIONER (STATE TAXES) MADURAI RURAL SOUTH ASSESSMENT CIRCLE,rti_tamil_nadu
TN-144,b2026q3_02,TN-3ca20cee94ef2cd0,Tamil Nadu,"ASSISTANT COMMISSIONER (STATE TAXES), TENKASI",rti_meta,en,portal,wave1-rti-information-v1,plain,RA4,COMMERCIAL TAXES AND REGISTRATION | Sub Office,,,,,,,,,,,,,,"ASSISTANT COMMISSIONER (STATE TAXES), TENKASI",COMMERCIAL TAXES AND REGISTRATION,3ca20cee94ef2cd0,8549703f4f8bb96e,4,Sub Office,"COMMERCIAL TAXES AND REGISTRATION > OFFICE OF THE COMMISSIONER OF COMMERCIAL TAXES > JOINT COMMISSIONER (STATE TAXES), TIRUNELVELI DIVISION > ASSISTANT COMMISSIONER (STATE TAXES), TENKASI",rti_tamil_nadu
TN-145,b2026q3_02,TN-238f96c0e3997f82,Tamil Nadu,ASSISTANT COMMISSIONER(STATE TAXES)-2 TUTICORIN,rti_meta,en,portal,wave1-rti-information-v1,plain,RA4,COMMERCIAL TAXES AND REGISTRATION | Sub Office,,,,,,,,,,,,,,ASSISTANT COMMISSIONER(STATE TAXES)-2 TUTICORIN,COMMERCIAL TAXES AND REGISTRATION,238f96c0e3997f82,8549703f4f8bb96e,4,Sub Office,"COMMERCIAL TAXES AND REGISTRATION > OFFICE OF THE COMMISSIONER OF COMMERCIAL TAXES > JOINT COMMISSIONER (STATE TAXES), TIRUNELVELI DIVISION > ASSISTANT COMMISSIONER(STATE TAXES)-2 TUTICORIN",rti_tamil_nadu
TN-146,b2026q3_02,TN-450a3e1f76a9bec8,Tamil Nadu,DEPUTY COMMISSIONER (STATE TAXES) DHARMAPURI.,rti_meta,en,portal,wave1-rti-information-v1,legal_salience,RA2,COMMERCIAL TAXES AND REGISTRATION | Sub Office,,,,,,,,,,,,,,DEPUTY COMMISSIONER (STATE TAXES) DHARMAPURI.,COMMERCIAL TAXES AND REGISTRATION,450a3e1f76a9bec8,6f4d0d53727df153,4,Sub Office,"COMMERCIAL TAXES AND REGISTRATION > OFFICE OF THE COMMISSIONER OF COMMERCIAL TAXES > JOINT COMMISSIONER (STATE TAXES), HOSUR DIVISION > DEPUTY COMMISSIONER (STATE TAXES) DHARMAPURI.",rti_tamil_nadu
TN-147,b2026q3_02,TN-5f5ca9d5f4dbf664,Tamil Nadu,DEPUTY COMMISSIONER (STATE TAXES) MADURAI(EAST),rti_meta,en,portal,wave1-rti-information-v1,legal_salience,RA3,COMMERCIAL TAXES AND REGISTRATION | Sub Office,,,,,,,,,,,,,,DEPUTY COMMISSIONER (STATE TAXES) MADURAI(EAST),COMMERCIAL TAXES AND REGISTRATION,5f5ca9d5f4dbf664,0077657a978f2ccb,4,Sub Office,COMMERCIAL TAXES AND REGISTRATION > OFFICE OF THE COMMISSIONER OF COMMERCIAL TAXES > JOINT COMMISSIONER (STATE TAXES) MADURAI DIVISION > DEPUTY COMMISSIONER (STATE TAXES) MADURAI(EAST),rti_tamil_nadu
TN-148,b2026q3_02,TN-02595a9094c087ec,Tamil Nadu,DEPUTY COMMISSIONER (STATE TAXES) TIRUNELVELI,rti_meta,en,portal,wave1-rti-information-v1,plain,RA1,COMMERCIAL TAXES AND REGISTRATION | Sub Office,,,,,,,,,,,,,,DEPUTY COMMISSIONER (STATE TAXES) TIRUNELVELI,COMMERCIAL TAXES AND REGISTRATION,02595a9094c087ec,8549703f4f8bb96e,4,Sub Office,"COMMERCIAL TAXES AND REGISTRATION > OFFICE OF THE COMMISSIONER OF COMMERCIAL TAXES > JOINT COMMISSIONER (STATE TAXES), TIRUNELVELI DIVISION > DEPUTY COMMISSIONER (STATE TAXES) TIRUNELVELI",rti_tamil_nadu
TN-149,b2026q3_02,TN-fe1a4da602d29619,Tamil Nadu,"DISTRICT REGISTRAR OFFICE (ADMIN), MADURAI (SOUTH)",rti_meta,en,portal,wave1-rti-information-v1,plain,RA1,COMMERCIAL TAXES AND REGISTRATION | Sub Office,,,,,,,,,,,,,,"DISTRICT REGISTRAR OFFICE (ADMIN), MADURAI (SOUTH)",COMMERCIAL TAXES AND REGISTRATION,fe1a4da602d29619,754a31dbf3d3794d,4,Sub Office,"COMMERCIAL TAXES AND REGISTRATION > INSPECTOR GENERAL OF REGISTRATION > DEPUTY INSPECTOR GENERAL OF REGISTRATION OFFICE,MADURAI ZONE > DISTRICT REGISTRAR OFFICE (ADMIN), MADURAI (SOUTH)",rti_tamil_nadu
TN-150,b2026q3_02,TN-f78cc73141589bb1,Tamil Nadu,"DISTRICT REGISTRAR(ADMIN), KRISHNAGIRI",rti_meta,en,portal,wave1-rti-information-v1,plain,RA4,COMMERCIAL TAXES AND REGISTRATION | Sub Office,,,,,,,,,,,,,,"DISTRICT REGISTRAR(ADMIN), KRISHNAGIRI",COMMERCIAL TAXES AND REGISTRATION,f78cc73141589bb1,d0369f295323e032,4,Sub Office,"COMMERCIAL TAXES AND REGISTRATION > INSPECTOR GENERAL OF REGISTRATION > DEPUTY INSPECTOR OF REGISTRATION OFFICE , SALEM > DISTRICT REGISTRAR(ADMIN), KRISHNAGIRI",rti_tamil_nadu
TN-151,b2026q3_02,TN-189433a0411e3c8b,Tamil Nadu,"JOINT 4 SROSUB-REGISTRAR OFFICE ,MADURAI SOUTH",rti_meta,en,portal,wave1-rti-information-v1,legal_salience,RA2,COMMERCIAL TAXES AND REGISTRATION | Sub Office,,,,,,,,,,,,,,"JOINT 4 SROSUB-REGISTRAR OFFICE ,MADURAI SOUTH",COMMERCIAL TAXES AND REGISTRATION,189433a0411e3c8b,fe1a4da602d29619,5,Sub Office,"COMMERCIAL TAXES AND REGISTRATION > INSPECTOR GENERAL OF REGISTRATION > DEPUTY INSPECTOR GENERAL OF REGISTRATION OFFICE,MADURAI ZONE > DISTRICT REGISTRAR OFFICE (ADMIN), MADURAI (SOUTH) > JOINT 4 SROSUB-REGISTRAR OFFICE ,MADURAI SOUTH",rti_tamil_nadu
TN-152,b2026q3_02,TN-27d81df09adc52f2,Tamil Nadu,"SUB REGISTRAR OFFICE , GANAPATHI",rti_meta,en,portal,wave1-rti-information-v1,plain,RA4,COMMERCIAL TAXES AND REGISTRATION | Sub Office,,,,,,,,,,,,,,"SUB REGISTRAR OFFICE , GANAPATHI",COMMERCIAL TAXES AND REGISTRATION,27d81df09adc52f2,96424c9b4fddac86,5,Sub Office,"COMMERCIAL TAXES AND REGISTRATION > INSPECTOR GENERAL OF REGISTRATION > DEPUTY INSPECTOR GENRAL OF REGISTRATION OFFICE,COIMBATORE > DISTRICT REGISTRAR OFFICE (ADMIN),COIMBATORE (NORTH) > SUB REGISTRAR OFFICE , GANAPATHI",rti_tamil_nadu
TN-153,b2026q3_02,TN-6adb46967059f718,Tamil Nadu,"SUB REGISTRAR OFFICE , MANAVALAKURICHI",rti_meta,en,portal,wave1-rti-information-v1,plain,RA2,COMMERCIAL TAXES AND REGISTRATION | Sub Office,,,,,,,,,,,,,,"SUB REGISTRAR OFFICE , MANAVALAKURICHI",COMMERCIAL TAXES AND REGISTRATION,6adb46967059f718,230272bcc368edee,5,Sub Office,"COMMERCIAL TAXES AND REGISTRATION > INSPECTOR GENERAL OF REGISTRATION > DEPUTY INSPECTOR GENERAL OF REGISTRATION OFFICE, TRIUNELVELI > DISTRICT REGISTRAR (ADMIN) OFFICE KANYAKUMARI > SUB REGISTRAR OFFICE , MANAVALAKURICHI",rti_tamil_nadu
TN-154,b2026q3_02,TN-9cd12949a1edd511,Tamil Nadu,"SUB REGISTRAR OFFICE , VERKILAMBI",rti_meta,en,portal,wave1-rti-information-v1,legal_salience,RA4,COMMERCIAL TAXES AND REGISTRATION | Sub Office,,,,,,,,,,,,,,"SUB REGISTRAR OFFICE , VERKILAMBI",COMMERCIAL TAXES AND REGISTRATION,9cd12949a1edd511,2e10ab5cc91e547f,5,Sub Office,"COMMERCIAL TAXES AND REGISTRATION > INSPECTOR GENERAL OF REGISTRATION > DEPUTY INSPECTOR GENERAL OF REGISTRATION OFFICE, TRIUNELVELI > DISTRICT REGISTRAR (ADMIN) OFFICE MARTHANDAM > SUB REGISTRAR OFFICE , VERKILAMBI",rti_tamil_nadu
TN-155,b2026q3_02,TN-b8d00650fd620963,Tamil Nadu,"SUB REGISTRAR OFFICE, AMBUR",rti_meta,en,portal,wave1-rti-information-v1,legal_salience,RA4,COMMERCIAL TAXES AND REGISTRATION | Sub Office,,,,,,,,,,,,,,"SUB REGISTRAR OFFICE, AMBUR",COMMERCIAL TAXES AND REGISTRATION,b8d00650fd620963,ba4173249b28606a,5,Sub Office,"COMMERCIAL TAXES AND REGISTRATION > INSPECTOR GENERAL OF REGISTRATION > DEPUTY INSPECTOR GERNERAL OF REGISTRATION OFFICE, VELLORE > DISTRICT REGISTRAR OFFICE(ADMIN), TIRUPATHUR > SUB REGISTRAR OFFICE, AMBUR",rti_tamil_nadu
TN-156,b2026q3_02,TN-a6b33c6e271735c1,Tamil Nadu,"SUB REGISTRAR OFFICE, ARCOT",rti_meta,en,portal,wave1-rti-information-v1,legal_salience,RA3,COMMERCIAL TAXES AND REGISTRATION | Sub Office,,,,,,,,,,,,,,"SUB REGISTRAR OFFICE, ARCOT",COMMERCIAL TAXES AND REGISTRATION,a6b33c6e271735c1,bf3722c0cbabb550,5,Sub Office,"COMMERCIAL TAXES AND REGISTRATION > INSPECTOR GENERAL OF REGISTRATION > DEPUTY INSPECTOR GERNERAL OF REGISTRATION OFFICE, VELLORE > DISTRICT REGISTRAR OFFICE(ADMIN), RANIPET > SUB REGISTRAR OFFICE, ARCOT",rti_tamil_nadu
TN-157,b2026q3_02,TN-5f7ba5ee3254975e,Tamil Nadu,"SUB REGISTRAR OFFICE, BOGHALUR",rti_meta,en,portal,wave1-rti-information-v1,legal_salience,RA4,COMMERCIAL TAXES AND REGISTRATION | Sub Office,,,,,,,,,,,,,,"SUB REGISTRAR OFFICE, BOGHALUR",COMMERCIAL TAXES AND REGISTRATION,5f7ba5ee3254975e,fe20fcf3194a300d,5,Sub Office,"COMMERCIAL TAXES AND REGISTRATION > INSPECTOR GENERAL OF REGISTRATION > DEPUTY INSPECTOR GENERAL OF REGISTRATION OFFICE, RAMANATHAPURAM > DISTRICT REGISTRAR (ADMIN) OFFICE, RAMANATHAPURAM > SUB REGISTRAR OFFICE, BOGHALUR",rti_tamil_nadu
TN-158,b2026q3_02,TN-5eb331809d07003e,Tamil Nadu,"SUB REGISTRAR OFFICE, GANDHIPURAM",rti_meta,en,portal,wave1-rti-information-v1,legal_salience,RA1,COMMERCIAL TAXES AND REGISTRATION | Sub Office,,,,,,,,,,,,,,"SUB REGISTRAR OFFICE, GANDHIPURAM",COMMERCIAL TAXES AND REGISTRATION,5eb331809d07003e,96424c9b4fddac86,5,Sub Office,"COMMERCIAL TAXES AND REGISTRATION > INSPECTOR GENERAL OF REGISTRATION > DEPUTY INSPECTOR GENRAL OF REGISTRATION OFFICE,COIMBATORE > DISTRICT REGISTRAR OFFICE (ADMIN),COIMBATORE (NORTH) > SUB REGISTRAR OFFICE, GANDHIPURAM",rti_tamil_nadu
TN-159,b2026q3_02,TN-9ac3d4cabc0fa5c1,Tamil Nadu,"SUB REGISTRAR OFFICE, KARUMATHAMPATTI",rti_meta,en,portal,wave1-rti-information-v1,plain,RA3,COMMERCIAL TAXES AND REGISTRATION | Sub Office,,,,,,,,,,,,,,"SUB REGISTRAR OFFICE, KARUMATHAMPATTI",COMMERCIAL TAXES AND REGISTRATION,9ac3d4cabc0fa5c1,c1dda139845736a4,5,Sub Office,"COMMERCIAL TAXES AND REGISTRATION > INSPECTOR GENERAL OF REGISTRATION > DEPUTY INSPECTOR GENRAL OF REGISTRATION OFFICE,COIMBATORE > DISTRICT REGISTRAR OFFICE (ADMIN),COIMBATORE SOUTH > SUB REGISTRAR OFFICE, KARUMATHAMPATTI",rti_tamil_nadu
TN-160,b2026q3_02,TN-c91026c83a2548e2,Tamil Nadu,"SUB REGISTRAR OFFICE, KARUTHATTANKUDI",rti_meta,en,portal,wave1-rti-information-v1,plain,RA2,COMMERCIAL TAXES AND REGISTRATION | Sub Office,,,,,,,,,,,,,,"SUB REGISTRAR OFFICE, KARUTHATTANKUDI",COMMERCIAL TAXES AND REGISTRATION,c91026c83a2548e2,368f646e715d9c8a,5,Sub Office,"COMMERCIAL TAXES AND REGISTRATION > INSPECTOR GENERAL OF REGISTRATION > DEPUTY INSPECTOR GENERAL OF REGISTRATION OFFICE , THANJAVUR > DISTRICT REGISTRAR OFFICE (ADMIN) THANJAVUR > SUB REGISTRAR OFFICE, KARUTHATTANKUDI",rti_tamil_nadu
TN-161,b2026q3_02,TN-55aa5844145beb21,Tamil Nadu,"SUB REGISTRAR OFFICE, KATTUPUTHUR",rti_meta,en,portal,wave1-rti-information-v1,plain,RA3,COMMERCIAL TAXES AND REGISTRATION | Sub Office,,,,,,,,,,,,,,"SUB REGISTRAR OFFICE, KATTUPUTHUR",COMMERCIAL TAXES AND REGISTRATION,55aa5844145beb21,2630038a411e3e98,5,Sub Office,"COMMERCIAL TAXES AND REGISTRATION > INSPECTOR GENERAL OF REGISTRATION > DEPUTY INSPECTOR GENERAL OF REGISTRATION OFFICE ,TRICHY > DISTRICT REGISTRAR OFFICE(ADMIN) , TRICHY > SUB REGISTRAR OFFICE, KATTUPUTHUR",rti_tamil_nadu
TN-162,b2026q3_02,TN-d6150e6d5af973c2,Tamil Nadu,"SUB REGISTRAR OFFICE, KUNNUR VIRUDHUNAGAR",rti_meta,en,portal,wave1-rti-information-v1,plain,RA1,COMMERCIAL TAXES AND REGISTRATION | Sub Office,,,,,,,,,,,,,,"SUB REGISTRAR OFFICE, KUNNUR VIRUDHUNAGAR",COMMERCIAL TAXES AND REGISTRATION,d6150e6d5af973c2,0cce18b3435fb077,5,Sub Office,"COMMERCIAL TAXES AND REGISTRATION > INSPECTOR GENERAL OF REGISTRATION > DEPUTY INSPECTOR GENERAL OF REGISTRATION OFFICE, RAMANATHAPURAM > DISTRICT REGISTRAR (ADMIN) OFFICE VIRUDHUNAGAR > SUB REGISTRAR OFFICE, KUNNUR VIRUDHUNAGAR",rti_tamil_nadu
TN-163,b2026q3_02,TN-2efbe4f0b8f95914,Tamil Nadu,"SUB REGISTRAR OFFICE, MUKKUDAL",rti_meta,en,portal,wave1-rti-information-v1,plain,RA3,COMMERCIAL TAXES AND REGISTRATION | Sub Office,,,,,,,,,,,,,,"SUB REGISTRAR OFFICE, MUKKUDAL",COMMERCIAL TAXES AND REGISTRATION,2efbe4f0b8f95914,a46b34098e19bc65,5,Sub Office,"COMMERCIAL TAXES AND REGISTRATION > INSPECTOR GENERAL OF REGISTRATION > DEPUTY INSPECTOR GENERAL OF REGISTRATION OFFICE, TRIUNELVELI > DISTRICT REGISTRAR (ADMIN) OFFICE CHERANMAHADEVI > SUB REGISTRAR OFFICE, MUKKUDAL",rti_tamil_nadu
TN-164,b2026q3_02,TN-5665be5c3ef55d3c,Tamil Nadu,"SUB REGISTRAR OFFICE, PENNADAM",rti_meta,en,portal,wave1-rti-information-v1,plain,RA3,COMMERCIAL TAXES AND REGISTRATION | Sub Office,,,,,,,,,,,,,,"SUB REGISTRAR OFFICE, PENNADAM",COMMERCIAL TAXES AND REGISTRATION,5665be5c3ef55d3c,5a8d3fd0386004b1,5,Sub Office,"COMMERCIAL TAXES AND REGISTRATION > INSPECTOR GENERAL OF REGISTRATION > DEPUTY INSPECTOR GENERAL OF REGISTRATION OFFICE,CUDDALORE. > DISTRICT REGISTRAR (ADMIN) OFFICE, VIRUDHACHALAM > SUB REGISTRAR OFFICE, PENNADAM",rti_tamil_nadu
TN-165,b2026q3_02,TN-b2ec54dc32ee2818,Tamil Nadu,"SUB REGISTRAR OFFICE, RAJAPALAYAM",rti_meta,en,portal,wave1-rti-information-v1,plain,RA3,COMMERCIAL TAXES AND REGISTRATION | Sub Office,,,,,,,,,,,,,,"SUB REGISTRAR OFFICE, RAJAPALAYAM",COMMERCIAL TAXES AND REGISTRATION,b2ec54dc32ee2818,0cce18b3435fb077,5,Sub Office,"COMMERCIAL TAXES AND REGISTRATION > INSPECTOR GENERAL OF REGISTRATION > DEPUTY INSPECTOR GENERAL OF REGISTRATION OFFICE, RAMANATHAPURAM > DISTRICT REGISTRAR (ADMIN) OFFICE VIRUDHUNAGAR > SUB REGISTRAR OFFICE, RAJAPALAYAM",rti_tamil_nadu
TN-166,b2026q3_02,TN-98a0ce0fb4d79f1d,Tamil Nadu,"SUB REGISTRAR OFFICE, SATHIYAMANGALAM, TINDIVANAM",rti_meta,en,portal,wave1-rti-information-v1,plain,RA2,COMMERCIAL TAXES AND REGISTRATION | Sub Office,,,,,,,,,,,,,,"SUB REGISTRAR OFFICE, SATHIYAMANGALAM, TINDIVANAM",COMMERCIAL TAXES AND REGISTRATION,98a0ce0fb4d79f1d,9b40988d851d9d2e,5,Sub Office,"COMMERCIAL TAXES AND REGISTRATION > INSPECTOR GENERAL OF REGISTRATION > DEPUTY INSPECTOR GENERAL OF REGISTRATION OFFICE,CUDDALORE. > DISTRICT REGISTRAR OFFICE(ADMIN), TINDIVANAM > SUB REGISTRAR OFFICE, SATHIYAMANGALAM, TINDIVANAM",rti_tamil_nadu
TN-167,b2026q3_02,TN-2645e4fea71c8743,Tamil Nadu,"SUB REGISTRAR OFFICE, TRIPLICANE",rti_meta,en,portal,wave1-rti-information-v1,plain,RA1,COMMERCIAL TAXES AND REGISTRATION | Sub Office,,,,,,,,,,,,,,"SUB REGISTRAR OFFICE, TRIPLICANE",COMMERCIAL TAXES AND REGISTRATION,2645e4fea71c8743,11e6a145b873ce5e,5,Sub Office,"COMMERCIAL TAXES AND REGISTRATION > INSPECTOR GENERAL OF REGISTRATION > DEPUTY INSPECTOR GENERAL OF REGISTRATION OFFICE, CHENNAI ZONE > DISTRICT REGISTRAR OFFICE(ADMIN) ,CHENNAI CENTRAL > SUB REGISTRAR OFFICE, TRIPLICANE",rti_tamil_nadu
TN-168,b2026q3_02,TN-060194af976e77d2,Tamil Nadu,"SUB REGISTRAR OFFICE, VELUR",rti_meta,en,portal,wave1-rti-information-v1,legal_salience,RA1,COMMERCIAL TAXES AND REGISTRATION | Sub Office,,,,,,,,,,,,,,"SUB REGISTRAR OFFICE, VELUR",COMMERCIAL TAXES AND REGISTRATION,060194af976e77d2,1c8064055586d3a5,5,Sub Office,"COMMERCIAL TAXES AND REGISTRATION > INSPECTOR GENERAL OF REGISTRATION > DEPUTY INSPECTOR OF REGISTRATION OFFICE , SALEM > DISTRICT REGISTRAR(ADMIN), NAMAKKAL > SUB REGISTRAR OFFICE, VELUR",rti_tamil_nadu
TN-169,b2026q3_02,TN-5b86a36b2e96323e,Tamil Nadu,"SUB REGISTRAR OFFICE,COONOOR UTHAGAMANDALAM",rti_meta,en,portal,wave1-rti-information-v1,plain,RA1,COMMERCIAL TAXES AND REGISTRATION | Sub Office,,,,,,,,,,,,,,"SUB REGISTRAR OFFICE,COONOOR UTHAGAMANDALAM",COMMERCIAL TAXES AND REGISTRATION,5b86a36b2e96323e,39e54c336e5b07ad,5,Sub Office,"COMMERCIAL TAXES AND REGISTRATION > INSPECTOR GENERAL OF REGISTRATION > DEPUTY INSPECTOR GENRAL OF REGISTRATION OFFICE,COIMBATORE > DISTRICT REGISTRAR OFFICE(ADMIN),UTHAGAMANDALAM > SUB REGISTRAR OFFICE,COONOOR UTHAGAMANDALAM",rti_tamil_nadu
TN-170,b2026q3_02,TN-924b4fd4a5978859,Tamil Nadu,"SUB REGISTRAR OFFICE,SALAVAKKAM",rti_meta,en,portal,wave1-rti-information-v1,legal_salience,RA1,COMMERCIAL TAXES AND REGISTRATION | Sub Office,,,,,,,,,,,,,,"SUB REGISTRAR OFFICE,SALAVAKKAM",COMMERCIAL TAXES AND REGISTRATION,924b4fd4a5978859,a4bf572d75dfee2c,5,Sub Office,"COMMERCIAL TAXES AND REGISTRATION > INSPECTOR GENERAL OF REGISTRATION > DEPUTY INSPECTOR GENERAL OF REGISTRATION OFFICE, CHENGALPATTU > DISTRICT REGISTRAR OFFICE(ADMIN), CHENGALPATTU > SUB REGISTRAR OFFICE,SALAVAKKAM",rti_tamil_nadu
TN-171,b2026q3_02,TN-ac2940090aa0a388,Tamil Nadu,"SUB REGISTRAR OFFICE,THIRUKAZHUKUNDRAM",rti_meta,en,portal,wave1-rti-information-v1,plain,RA3,COMMERCIAL TAXES AND REGISTRATION | Sub Office,,,,,,,,,,,,,,"SUB REGISTRAR OFFICE,THIRUKAZHUKUNDRAM",COMMERCIAL TAXES AND REGISTRATION,ac2940090aa0a388,a4bf572d75dfee2c,5,Sub Office,"COMMERCIAL TAXES AND REGISTRATION > INSPECTOR GENERAL OF REGISTRATION > DEPUTY INSPECTOR GENERAL OF REGISTRATION OFFICE, CHENGALPATTU > DISTRICT REGISTRAR OFFICE(ADMIN), CHENGALPATTU > SUB REGISTRAR OFFICE,THIRUKAZHUKUNDRAM",rti_tamil_nadu
TN-172,b2026q3_02,TN-de3358ef989e2814,Tamil Nadu,"SUB REGISTRAR OFFICE,WALAJABAD",rti_meta,en,portal,wave1-rti-information-v1,plain,RA2,COMMERCIAL TAXES AND REGISTRATION | Sub Office,,,,,,,,,,,,,,"SUB REGISTRAR OFFICE,WALAJABAD",COMMERCIAL TAXES AND REGISTRATION,de3358ef989e2814,30ba319ddd6d7c5d,5,Sub Office,"COMMERCIAL TAXES AND REGISTRATION > INSPECTOR GENERAL OF REGISTRATION > DEPUTY INSPECTOR GENERAL OF REGISTRATION OFFICE, CHENGALPATTU > DISTRICT REGISTRAR OFFICE (ADMIN) ,KANCHIPURAM > SUB REGISTRAR OFFICE,WALAJABAD",rti_tamil_nadu
TN-173,b2026q3_02,TN-90e87d4d19109af2,Tamil Nadu,"COOPERATION, FOOD AND CONSUMER PROTECTION DEPARTMENT",rti_meta,en,portal,wave1-rti-information-v1,legal_salience,RA2,"COOPERATION, FOOD AND CONSUMER PROTECTION DEPARTMENT | Department",,,,,,,,,,,,,,"COOPERATION, FOOD AND CONSUMER PROTECTION DEPARTMENT","COOPERATION, FOOD AND CONSUMER PROTECTION DEPARTMENT",90e87d4d19109af2,displayPa,1,Department,"COOPERATION, FOOD AND CONSUMER PROTECTION DEPARTMENT",rti_tamil_nadu
TN-174,b2026q3_02,TN-e0ee09601ece5b4b,Tamil Nadu,REGISTRAR OF COOPERATIVE SOCIETIES,rti_meta,en,portal,wave1-rti-information-v1,plain,RA1,"COOPERATION, FOOD AND CONSUMER PROTECTION DEPARTMENT | Head of Department",,,,,,,,,,,,,,REGISTRAR OF COOPERATIVE SOCIETIES,"COOPERATION, FOOD AND CONSUMER PROTECTION DEPARTMENT",e0ee09601ece5b4b,90e87d4d19109af2,2,Head of Department,"COOPERATION, FOOD AND CONSUMER PROTECTION DEPARTMENT > REGISTRAR OF COOPERATIVE SOCIETIES",rti_tamil_nadu
TN-175,b2026q3_02,TN-1972b182ca14832c,Tamil Nadu,STATE CONSUMER DISPUTES REDRESSAL COMMISSION,rti_meta,en,portal,wave1-rti-information-v1,legal_salience,RA3,"COOPERATION, FOOD AND CONSUMER PROTECTION DEPARTMENT | Head of Department",,,,,,,,,,,,,,STATE CONSUMER DISPUTES REDRESSAL COMMISSION,"COOPERATION, FOOD AND CONSUMER PROTECTION DEPARTMENT",1972b182ca14832c,90e87d4d19109af2,2,Head of Department,"COOPERATION, FOOD AND CONSUMER PROTECTION DEPARTMENT > STATE CONSUMER DISPUTES REDRESSAL COMMISSION",rti_tamil_nadu
TN-176,b2026q3_02,TN-3ef5ec87e8c8cdee,Tamil Nadu,TAMIL NADU CIVIL SUPPLIES CORPORATION (HEAD OFFICE),rti_meta,en,portal,wave1-rti-information-v1,plain,RA3,"COOPERATION, FOOD AND CONSUMER PROTECTION DEPARTMENT | Head of Department",,,,,,,,,,,,,,TAMIL NADU CIVIL SUPPLIES CORPORATION (HEAD OFFICE),"COOPERATION, FOOD AND CONSUMER PROTECTION DEPARTMENT",3ef5ec87e8c8cdee,90e87d4d19109af2,2,Head of Department,"COOPERATION, FOOD AND CONSUMER PROTECTION DEPARTMENT > TAMIL NADU CIVIL SUPPLIES CORPORATION (HEAD OFFICE)",rti_tamil_nadu
TN-177,b2026q3_02,TN-63af4bf5e8a09ab3,Tamil Nadu,TAMIL NADU WAREHOUSING CORPORATION,rti_meta,en,portal,wave1-rti-information-v1,plain,RA4,"COOPERATION, FOOD AND CONSUMER PROTECTION DEPARTMENT | Head of Department",,,,,,,,,,,,,,TAMIL NADU WAREHOUSING CORPORATION,"COOPERATION, FOOD AND CONSUMER PROTECTION DEPARTMENT",63af4bf5e8a09ab3,90e87d4d19109af2,2,Head of Department,"COOPERATION, FOOD AND CONSUMER PROTECTION DEPARTMENT > TAMIL NADU WAREHOUSING CORPORATION",rti_tamil_nadu
TN-178,b2026q3_02,TN-c9238675c3cdf59c,Tamil Nadu,"CIVIL SUPPLIES AND CONSUMER PROTECTION DEPARTMENT, MADURAVOYAL ZONE",rti_meta,en,portal,wave1-rti-information-v1,plain,RA1,"COOPERATION, FOOD AND CONSUMER PROTECTION DEPARTMENT | Sub Office",,,,,,,,,,,,,,"CIVIL SUPPLIES AND CONSUMER PROTECTION DEPARTMENT, MADURAVOYAL ZONE","COOPERATION, FOOD AND CONSUMER PROTECTION DEPARTMENT",c9238675c3cdf59c,d38a7a56ef41c224,3,Sub Office,"COOPERATION, FOOD AND CONSUMER PROTECTION DEPARTMENT > CIVIL SUPPLIES AND CONSUMER PROTECTION DEPARTMENT > CIVIL SUPPLIES AND CONSUMER PROTECTION DEPARTMENT, MADURAVOYAL ZONE",rti_tamil_nadu
TN-179,b2026q3_02,TN-94769b4aa40245c3,Tamil Nadu,"CIVIL SUPPLIES AND CONSUMER PROTECTION DEPARTMENT, THIRUVOTTRIYUR ZONE",rti_meta,en,portal,wave1-rti-information-v1,plain,RA3,"COOPERATION, FOOD AND CONSUMER PROTECTION DEPARTMENT | Sub Office",,,,,,,,,,,,,,"CIVIL SUPPLIES AND CONSUMER PROTECTION DEPARTMENT, THIRUVOTTRIYUR ZONE","COOPERATION, FOOD AND CONSUMER PROTECTION DEPARTMENT",94769b4aa40245c3,d38a7a56ef41c224,3,Sub Office,"COOPERATION, FOOD AND CONSUMER PROTECTION DEPARTMENT > CIVIL SUPPLIES AND CONSUMER PROTECTION DEPARTMENT > CIVIL SUPPLIES AND CONSUMER PROTECTION DEPARTMENT, THIRUVOTTRIYUR ZONE",rti_tamil_nadu
TN-180,b2026q3_02,TN-a33662f5c8365ce3,Tamil Nadu,"DISTRICT CONSUMER DISPUTES REDRESSAL COMMISSION, RAMANATHAPURAM",rti_meta,en,portal,wave1-rti-information-v1,plain,RA1,"COOPERATION, FOOD AND CONSUMER PROTECTION DEPARTMENT | Sub Office",,,,,,,,,,,,,,"DISTRICT CONSUMER DISPUTES REDRESSAL COMMISSION, RAMANATHAPURAM","COOPERATION, FOOD AND CONSUMER PROTECTION DEPARTMENT",a33662f5c8365ce3,1972b182ca14832c,3,Sub Office,"COOPERATION, FOOD AND CONSUMER PROTECTION DEPARTMENT > STATE CONSUMER DISPUTES REDRESSAL COMMISSION > DISTRICT CONSUMER DISPUTES REDRESSAL COMMISSION, RAMANATHAPURAM",rti_tamil_nadu
TN-181,b2026q3_02,TN-97a0775db39ff02b,Tamil Nadu,"DISTRICT CONSUMER DISUPTES REDRESSAL COMMISSION, MADURAI",rti_meta,en,portal,wave1-rti-information-v1,plain,RA2,"COOPERATION, FOOD AND CONSUMER PROTECTION DEPARTMENT | Sub Office",,,,,,,,,,,,,,"DISTRICT CONSUMER DISUPTES REDRESSAL COMMISSION, MADURAI","COOPERATION, FOOD AND CONSUMER PROTECTION DEPARTMENT",97a0775db39ff02b,1972b182ca14832c,3,Sub Office,"COOPERATION, FOOD AND CONSUMER PROTECTION DEPARTMENT > STATE CONSUMER DISPUTES REDRESSAL COMMISSION > DISTRICT CONSUMER DISUPTES REDRESSAL COMMISSION, MADURAI",rti_tamil_nadu
TN-182,b2026q3_02,TN-99169ad1ca392dc4,Tamil Nadu,"JOINT REGISTRAR OF COOPERATIVE SOCIETIES, DINDIGUL",rti_meta,en,portal,wave1-rti-information-v1,legal_salience,RA3,"COOPERATION, FOOD AND CONSUMER PROTECTION DEPARTMENT | Sub Office",,,,,,,,,,,,,,"JOINT REGISTRAR OF COOPERATIVE SOCIETIES, DINDIGUL","COOPERATION, FOOD AND CONSUMER PROTECTION DEPARTMENT",99169ad1ca392dc4,e0ee09601ece5b4b,3,Sub Office,"COOPERATION, FOOD AND CONSUMER PROTECTION DEPARTMENT > REGISTRAR OF COOPERATIVE SOCIETIES > JOINT REGISTRAR OF COOPERATIVE SOCIETIES, DINDIGUL",rti_tamil_nadu
TN-183,b2026q3_02,TN-4595617ce925e242,Tamil Nadu,TAMIL NADU CIVIL SUPPLIES CORPORATION (DINDIGUL),rti_meta,en,portal,wave1-rti-information-v1,legal_salience,RA4,"COOPERATION, FOOD AND CONSUMER PROTECTION DEPARTMENT | Sub Office",,,,,,,,,,,,,,TAMIL NADU CIVIL SUPPLIES CORPORATION (DINDIGUL),"COOPERATION, FOOD AND CONSUMER PROTECTION DEPARTMENT",4595617ce925e242,3ef5ec87e8c8cdee,3,Sub Office,"COOPERATION, FOOD AND CONSUMER PROTECTION DEPARTMENT > TAMIL NADU CIVIL SUPPLIES CORPORATION (HEAD OFFICE) > TAMIL NADU CIVIL SUPPLIES CORPORATION (DINDIGUL)",rti_tamil_nadu
TN-184,b2026q3_02,TN-db66fa45543e4977,Tamil Nadu,TAMIL NADU CIVIL SUPPLIES CORPORATION (KANNIYAKUMARI),rti_meta,en,portal,wave1-rti-information-v1,plain,RA2,"COOPERATION, FOOD AND CONSUMER PROTECTION DEPARTMENT | Sub Office",,,,,,,,,,,,,,TAMIL NADU CIVIL SUPPLIES CORPORATION (KANNIYAKUMARI),"COOPERATION, FOOD AND CONSUMER PROTECTION DEPARTMENT",db66fa45543e4977,3ef5ec87e8c8cdee,3,Sub Office,"COOPERATION, FOOD AND CONSUMER PROTECTION DEPARTMENT > TAMIL NADU CIVIL SUPPLIES CORPORATION (HEAD OFFICE) > TAMIL NADU CIVIL SUPPLIES CORPORATION (KANNIYAKUMARI)",rti_tamil_nadu
TN-185,b2026q3_02,TN-089468c84aac2207,Tamil Nadu,TAMIL NADU CIVIL SUPPLIES CORPORATION (NAMAKKAL),rti_meta,en,portal,wave1-rti-information-v1,plain,RA4,"COOPERATION, FOOD AND CONSUMER PROTECTION DEPARTMENT | Sub Office",,,,,,,,,,,,,,TAMIL NADU CIVIL SUPPLIES CORPORATION (NAMAKKAL),"COOPERATION, FOOD AND CONSUMER PROTECTION DEPARTMENT",089468c84aac2207,3ef5ec87e8c8cdee,3,Sub Office,"COOPERATION, FOOD AND CONSUMER PROTECTION DEPARTMENT > TAMIL NADU CIVIL SUPPLIES CORPORATION (HEAD OFFICE) > TAMIL NADU CIVIL SUPPLIES CORPORATION (NAMAKKAL)",rti_tamil_nadu
TN-186,b2026q3_02,TN-93c91b8a997c7c7f,Tamil Nadu,TAMIL NADU CIVIL SUPPLIES CORPORATION (PUDUKKOTTAI),rti_meta,en,portal,wave1-rti-information-v1,plain,RA3,"COOPERATION, FOOD AND CONSUMER PROTECTION DEPARTMENT | Sub Office",,,,,,,,,,,,,,TAMIL NADU CIVIL SUPPLIES CORPORATION (PUDUKKOTTAI),"COOPERATION, FOOD AND CONSUMER PROTECTION DEPARTMENT",93c91b8a997c7c7f,3ef5ec87e8c8cdee,3,Sub Office,"COOPERATION, FOOD AND CONSUMER PROTECTION DEPARTMENT > TAMIL NADU CIVIL SUPPLIES CORPORATION (HEAD OFFICE) > TAMIL NADU CIVIL SUPPLIES CORPORATION (PUDUKKOTTAI)",rti_tamil_nadu
TN-187,b2026q3_02,TN-51a698081bb3efa6,Tamil Nadu,TAMIL NADU CIVIL SUPPLIES CORPORATION (THIRUPATHUR),rti_meta,en,portal,wave1-rti-information-v1,plain,RA4,"COOPERATION, FOOD AND CONSUMER PROTECTION DEPARTMENT | Sub Office",,,,,,,,,,,,,,TAMIL NADU CIVIL SUPPLIES CORPORATION (THIRUPATHUR),"COOPERATION, FOOD AND CONSUMER PROTECTION DEPARTMENT",51a698081bb3efa6,3ef5ec87e8c8cdee,3,Sub Office,"COOPERATION, FOOD AND CONSUMER PROTECTION DEPARTMENT > TAMIL NADU CIVIL SUPPLIES CORPORATION (HEAD OFFICE) > TAMIL NADU CIVIL SUPPLIES CORPORATION (THIRUPATHUR)",rti_tamil_nadu
TN-188,b2026q3_02,TN-7ef8b7a9c86d989a,Tamil Nadu,"DEPUTY REGISTRAR (PDS) OF COOPERATIVE SOCIETIES, COIMBATORE",rti_meta,en,portal,wave1-rti-information-v1,plain,RA1,"COOPERATION, FOOD AND CONSUMER PROTECTION DEPARTMENT | Sub Office",,,,,,,,,,,,,,"DEPUTY REGISTRAR (PDS) OF COOPERATIVE SOCIETIES, COIMBATORE","COOPERATION, FOOD AND CONSUMER PROTECTION DEPARTMENT",7ef8b7a9c86d989a,81bfa9f59ab988d0,4,Sub Office,"COOPERATION, FOOD AND CONSUMER PROTECTION DEPARTMENT > REGISTRAR OF COOPERATIVE SOCIETIES > JOINT REGISTRAR OF COOPERATIVE SOCIETIES, COIMBATORE > DEPUTY REGISTRAR (PDS) OF COOPERATIVE SOCIETIES, COIMBATORE",rti_tamil_nadu
TN-189,b2026q3_02,TN-9022014d1965e9a5,Tamil Nadu,"DEPUTY REGISTRAR (PDS) OF COOPERATIVE SOCIETIES, PARK TOWN 2",rti_meta,en,portal,wave1-rti-information-v1,legal_salience,RA1,"COOPERATION, FOOD AND CONSUMER PROTECTION DEPARTMENT | Sub Office",,,,,,,,,,,,,,"DEPUTY REGISTRAR (PDS) OF COOPERATIVE SOCIETIES, PARK TOWN 2","COOPERATION, FOOD AND CONSUMER PROTECTION DEPARTMENT",9022014d1965e9a5,a49b5bea657c6c98,4,Sub Office,"COOPERATION, FOOD AND CONSUMER PROTECTION DEPARTMENT > REGISTRAR OF COOPERATIVE SOCIETIES > ADDITIONAL REGISTRAR OF COOPERATIVE SOCIETIES, CHENNAI > DEPUTY REGISTRAR (PDS) OF COOPERATIVE SOCIETIES, PARK TOWN 2",rti_tamil_nadu
TN-190,b2026q3_02,TN-2c42770f1476a88f,Tamil Nadu,"DEPUTY REGISTRAR (PDS) OF COOPERATIVE SOCIETIES, THENI",rti_meta,en,portal,wave1-rti-information-v1,plain,RA1,"COOPERATION, FOOD AND CONSUMER PROTECTION DEPARTMENT | Sub Office",,,,,,,,,,,,,,"DEPUTY REGISTRAR (PDS) OF COOPERATIVE SOCIETIES, THENI","COOPERATION, FOOD AND CONSUMER PROTECTION DEPARTMENT",2c42770f1476a88f,70100cfe8dd1576f,4,Sub Office,"COOPERATION, FOOD AND CONSUMER PROTECTION DEPARTMENT > REGISTRAR OF COOPERATIVE SOCIETIES > JOINT REGISTRAR OF COOPERATIVE SOCIETIES, THENI > DEPUTY REGISTRAR (PDS) OF COOPERATIVE SOCIETIES, THENI",rti_tamil_nadu
TN-191,b2026q3_02,TN-81c968a0c49eb245,Tamil Nadu,"DEPUTY REGISTRAR (PDS) OF COOPERATIVE SOCIETIES, VIRUDHUNAGAR",rti_meta,en,portal,wave1-rti-information-v1,plain,RA3,"COOPERATION, FOOD AND CONSUMER PROTECTION DEPARTMENT | Sub Office",,,,,,,,,,,,,,"DEPUTY REGISTRAR (PDS) OF COOPERATIVE SOCIETIES, VIRUDHUNAGAR","COOPERATION, FOOD AND CONSUMER PROTECTION DEPARTMENT",81c968a0c49eb245,05ced93f05a3742a,4,Sub Office,"COOPERATION, FOOD AND CONSUMER PROTECTION DEPARTMENT > REGISTRAR OF COOPERATIVE SOCIETIES > JOINT REGISTRAR OF COOPERATIVE SOCIETIES, VIRUDHUNAGAR > DEPUTY REGISTRAR (PDS) OF COOPERATIVE SOCIETIES, VIRUDHUNAGAR",rti_tamil_nadu
TN-192,b2026q3_02,TN-cb8118f42616dfa5,Tamil Nadu,"DEPUTY REGISTRAR OF COOPERATIVE SOCIETIES, ARIYALUR",rti_meta,en,portal,wave1-rti-information-v1,legal_salience,RA2,"COOPERATION, FOOD AND CONSUMER PROTECTION DEPARTMENT | Sub Office",,,,,,,,,,,,,,"DEPUTY REGISTRAR OF COOPERATIVE SOCIETIES, ARIYALUR","COOPERATION, FOOD AND CONSUMER PROTECTION DEPARTMENT",cb8118f42616dfa5,042df0ff4e2187ec,4,Sub Office,"COOPERATION, FOOD AND CONSUMER PROTECTION DEPARTMENT > REGISTRAR OF COOPERATIVE SOCIETIES > JOINT REGISTRAR OF COOPERATIVE SOCIETIES, ARIYALUR > DEPUTY REGISTRAR OF COOPERATIVE SOCIETIES, ARIYALUR",rti_tamil_nadu
TN-193,b2026q3_02,TN-4b68491067e91fc7,Tamil Nadu,"DEPUTY REGISTRAR OF COOPERATIVE SOCIETIES, ERODE",rti_meta,en,portal,wave1-rti-information-v1,legal_salience,RA4,"COOPERATION, FOOD AND CONSUMER PROTECTION DEPARTMENT | Sub Office",,,,,,,,,,,,,,"DEPUTY REGISTRAR OF COOPERATIVE SOCIETIES, ERODE","COOPERATION, FOOD AND CONSUMER PROTECTION DEPARTMENT",4b68491067e91fc7,9c094e7b07e73e7c,4,Sub Office,"COOPERATION, FOOD AND CONSUMER PROTECTION DEPARTMENT > REGISTRAR OF COOPERATIVE SOCIETIES > JOINT REGISTRAR OF COOPERATIVE SOCIETIES, ERODE > DEPUTY REGISTRAR OF COOPERATIVE SOCIETIES, ERODE",rti_tamil_nadu
TN-194,b2026q3_02,TN-0d7e52ed05c4387a,Tamil Nadu,"DEPUTY REGISTRAR OF COOPERATIVE SOCIETIES, KANCHIPURAM",rti_meta,en,portal,wave1-rti-information-v1,legal_salience,RA2,"COOPERATION, FOOD AND CONSUMER PROTECTION DEPARTMENT | Sub Office",,,,,,,,,,,,,,"DEPUTY REGISTRAR OF COOPERATIVE SOCIETIES, KANCHIPURAM","COOPERATION, FOOD AND CONSUMER PROTECTION DEPARTMENT",0d7e52ed05c4387a,1674b75df49de54a,4,Sub Office,"COOPERATION, FOOD AND CONSUMER PROTECTION DEPARTMENT > REGISTRAR OF COOPERATIVE SOCIETIES > JOINT REGISTRAR OF COOPERATIVE SOCIETIES, KANCHIPURAM > DEPUTY REGISTRAR OF COOPERATIVE SOCIETIES, KANCHIPURAM",rti_tamil_nadu
TN-195,b2026q3_02,TN-057ad6582f25e2f2,Tamil Nadu,"DEPUTY REGISTRAR OF COOPERATIVE SOCIETIES, PERAMBALUR",rti_meta,en,portal,wave1-rti-information-v1,plain,RA4,"COOPERATION, FOOD AND CONSUMER PROTECTION DEPARTMENT | Sub Office",,,,,,,,,,,,,,"DEPUTY REGISTRAR OF COOPERATIVE SOCIETIES, PERAMBALUR","COOPERATION, FOOD AND CONSUMER PROTECTION DEPARTMENT",057ad6582f25e2f2,f098e7f56da24c31,4,Sub Office,"COOPERATION, FOOD AND CONSUMER PROTECTION DEPARTMENT > REGISTRAR OF COOPERATIVE SOCIETIES > JOINT REGISTRAR OF COOPERATIVE SOCIETIES, PERAMBALUR > DEPUTY REGISTRAR OF COOPERATIVE SOCIETIES, PERAMBALUR",rti_tamil_nadu
TN-196,b2026q3_02,TN-6036e43f5a6c8d93,Tamil Nadu,"DEPUTY REGISTRAR OF COOPERATIVE SOCIETIES, SIVAGANGAI",rti_meta,en,portal,wave1-rti-information-v1,plain,RA3,"COOPERATION, FOOD AND CONSUMER PROTECTION DEPARTMENT | Sub Office",,,,,,,,,,,,,,"DEPUTY REGISTRAR OF COOPERATIVE SOCIETIES, SIVAGANGAI","COOPERATION, FOOD AND CONSUMER PROTECTION DEPARTMENT",6036e43f5a6c8d93,470f2f257b1e69b4,4,Sub Office,"COOPERATION, FOOD AND CONSUMER PROTECTION DEPARTMENT > REGISTRAR OF COOPERATIVE SOCIETIES > JOINT REGISTRAR OF COOPERATIVE SOCIETIES, SIVAGANGAI > DEPUTY REGISTRAR OF COOPERATIVE SOCIETIES, SIVAGANGAI",rti_tamil_nadu
TN-197,b2026q3_02,TN-cbb0cfef957ff016,Tamil Nadu,"DEPUTY REGISTRAR OF COOPERATIVE SOCIETIES,PALANI",rti_meta,en,portal,wave1-rti-information-v1,legal_salience,RA1,"COOPERATION, FOOD AND CONSUMER PROTECTION DEPARTMENT | Sub Office",,,,,,,,,,,,,,"DEPUTY REGISTRAR OF COOPERATIVE SOCIETIES,PALANI","COOPERATION, FOOD AND CONSUMER PROTECTION DEPARTMENT",cbb0cfef957ff016,99169ad1ca392dc4,4,Sub Office,"COOPERATION, FOOD AND CONSUMER PROTECTION DEPARTMENT > REGISTRAR OF COOPERATIVE SOCIETIES > JOINT REGISTRAR OF COOPERATIVE SOCIETIES, DINDIGUL > DEPUTY REGISTRAR OF COOPERATIVE SOCIETIES,PALANI",rti_tamil_nadu
TN-198,b2026q3_02,TN-e9c74897bcf3ce0c,Tamil Nadu,"DEPUTY REGISTRAR OF COOPERATIVE SOCIETIES,SANKARI",rti_meta,en,portal,wave1-rti-information-v1,plain,RA2,"COOPERATION, FOOD AND CONSUMER PROTECTION DEPARTMENT | Sub Office",,,,,,,,,,,,,,"DEPUTY REGISTRAR OF COOPERATIVE SOCIETIES,SANKARI","COOPERATION, FOOD AND CONSUMER PROTECTION DEPARTMENT",e9c74897bcf3ce0c,b40effdc98606343,4,Sub Office,"COOPERATION, FOOD AND CONSUMER PROTECTION DEPARTMENT > REGISTRAR OF COOPERATIVE SOCIETIES > JOINT REGISTRAR OF COOPERATIVE SOCIETIES, SALEM > DEPUTY REGISTRAR OF COOPERATIVE SOCIETIES,SANKARI",rti_tamil_nadu
TN-199,b2026q3_02,TN-b353f66bbeac2c39,Tamil Nadu,"DEPUTY REGISTRAR OF COOPERATIVE SOCIETIES,UTHAMAPALAYAM",rti_meta,en,portal,wave1-rti-information-v1,plain,RA4,"COOPERATION, FOOD AND CONSUMER PROTECTION DEPARTMENT | Sub Office",,,,,,,,,,,,,,"DEPUTY REGISTRAR OF COOPERATIVE SOCIETIES,UTHAMAPALAYAM","COOPERATION, FOOD AND CONSUMER PROTECTION DEPARTMENT",b353f66bbeac2c39,70100cfe8dd1576f,4,Sub Office,"COOPERATION, FOOD AND CONSUMER PROTECTION DEPARTMENT > REGISTRAR OF COOPERATIVE SOCIETIES > JOINT REGISTRAR OF COOPERATIVE SOCIETIES, THENI > DEPUTY REGISTRAR OF COOPERATIVE SOCIETIES,UTHAMAPALAYAM",rti_tamil_nadu
TN-200,b2026q3_02,TN-d6abfbc71a7ba3a5,Tamil Nadu,"DEPUTY REGISTRAR(PUBLIC DISTRIBUTION SYSTEM), TENKASI",rti_meta,en,portal,wave1-rti-information-v1,plain,RA2,"COOPERATION, FOOD AND CONSUMER PROTECTION DEPARTMENT | Sub Office",,,,,,,,,,,,,,"DEPUTY REGISTRAR(PUBLIC DISTRIBUTION SYSTEM), TENKASI","COOPERATION, FOOD AND CONSUMER PROTECTION DEPARTMENT",d6abfbc71a7ba3a5,0256f0f1adb62016,4,Sub Office,"COOPERATION, FOOD AND CONSUMER PROTECTION DEPARTMENT > REGISTRAR OF COOPERATIVE SOCIETIES > JOINT REGISTRAR OF COOPERATIVE SOCIETIES, TENKASI > DEPUTY REGISTRAR(PUBLIC DISTRIBUTION SYSTEM), TENKASI",rti_tamil_nadu
TN-201,b2026q3_02,TN-d2e1f162b25fedef,Tamil Nadu,ENERGY DEPARTMENT,rti_meta,en,portal,wave1-rti-information-v1,legal_salience,RA3,ENERGY DEPARTMENT | Department,,,,,,,,,,,,,,ENERGY DEPARTMENT,ENERGY DEPARTMENT,d2e1f162b25fedef,displayPa,1,Department,ENERGY DEPARTMENT,rti_tamil_nadu
TN-202,b2026q3_02,TN-04f013e850b0e123,Tamil Nadu,TAMIL NADU ELECTRICITY REGULATORY COMMISSION,rti_meta,en,portal,wave1-rti-information-v1,plain,RA4,ENERGY DEPARTMENT | Head of Department,,,,,,,,,,,,,,TAMIL NADU ELECTRICITY REGULATORY COMMISSION,ENERGY DEPARTMENT,04f013e850b0e123,d2e1f162b25fedef,2,Head of Department,ENERGY DEPARTMENT > TAMIL NADU ELECTRICITY REGULATORY COMMISSION,rti_tamil_nadu
TN-203,b2026q3_02,TN-a066f1bf0d9c6b4a,Tamil Nadu,TAMIL NADU POWER DISTRIBUTION CORPORATION LIMITED,rti_meta,en,portal,wave1-rti-information-v1,plain,RA3,ENERGY DEPARTMENT | Head of Department,,,,,,,,,,,,,,TAMIL NADU POWER DISTRIBUTION CORPORATION LIMITED,ENERGY DEPARTMENT,a066f1bf0d9c6b4a,d2e1f162b25fedef,2,Head of Department,ENERGY DEPARTMENT > TAMIL NADU POWER DISTRIBUTION CORPORATION LIMITED,rti_tamil_nadu
TN-204,b2026q3_02,TN-c9d803eb5e474d15,Tamil Nadu,TAMIL NADU POWER GENERATION CORPORATION LIMITED,rti_meta,en,portal,wave1-rti-information-v1,plain,RA2,ENERGY DEPARTMENT | Head of Department,,,,,,,,,,,,,,TAMIL NADU POWER GENERATION CORPORATION LIMITED,ENERGY DEPARTMENT,c9d803eb5e474d15,d2e1f162b25fedef,2,Head of Department,ENERGY DEPARTMENT > TAMIL NADU POWER GENERATION CORPORATION LIMITED,rti_tamil_nadu
TN-205,b2026q3_02,TN-9465b6158eed6449,Tamil Nadu,TAMIL NADU TRANSMISSION CORPORATION LIMITED,rti_meta,en,portal,wave1-rti-information-v1,legal_salience,RA4,ENERGY DEPARTMENT | Head of Department,,,,,,,,,,,,,,TAMIL NADU TRANSMISSION CORPORATION LIMITED,ENERGY DEPARTMENT,9465b6158eed6449,d2e1f162b25fedef,2,Head of Department,ENERGY DEPARTMENT > TAMIL NADU TRANSMISSION CORPORATION LIMITED,rti_tamil_nadu
TN-206,b2026q3_02,TN-6dc9dc717a975e77,Tamil Nadu,"ELECTRICAL INSPECTOR, SRIPERUMPUDUR",rti_meta,en,portal,wave1-rti-information-v1,plain,RA3,ENERGY DEPARTMENT | Sub Office,,,,,,,,,,,,,,"ELECTRICAL INSPECTOR, SRIPERUMPUDUR",ENERGY DEPARTMENT,6dc9dc717a975e77,03b5432f0127d09c,3,Sub Office,"ENERGY DEPARTMENT > ELECTRICAL INSPECTORATE, GOVERNMENT OF TAMIL NADU > ELECTRICAL INSPECTOR, SRIPERUMPUDUR",rti_tamil_nadu
TN-207,b2026q3_02,TN-86052b5bcb10efd6,Tamil Nadu,"ELECTRICAL INSPECTOR, WEST PALLADAM, TIRUPPUR",rti_meta,en,portal,wave1-rti-information-v1,plain,RA1,ENERGY DEPARTMENT | Sub Office,,,,,,,,,,,,,,"ELECTRICAL INSPECTOR, WEST PALLADAM, TIRUPPUR",ENERGY DEPARTMENT,86052b5bcb10efd6,03b5432f0127d09c,3,Sub Office,"ENERGY DEPARTMENT > ELECTRICAL INSPECTORATE, GOVERNMENT OF TAMIL NADU > ELECTRICAL INSPECTOR, WEST PALLADAM, TIRUPPUR",rti_tamil_nadu
TN-208,b2026q3_02,TN-9737b80e01d532f0,Tamil Nadu,TAMIL NADU GREEN ENERGY CORPORATION LIMITED (KADAMPARAI GENERATION CIRCLE),rti_meta,en,portal,wave1-rti-information-v1,plain,RA2,ENERGY DEPARTMENT | Sub Office,,,,,,,,,,,,,,TAMIL NADU GREEN ENERGY CORPORATION LIMITED (KADAMPARAI GENERATION CIRCLE),ENERGY DEPARTMENT,9737b80e01d532f0,fd0fa29fad9d05f1,3,Sub Office,ENERGY DEPARTMENT > TAMIL NADU GREEN ENERGY CORPORATION LIMITED > TAMIL NADU GREEN ENERGY CORPORATION LIMITED (KADAMPARAI GENERATION CIRCLE),rti_tamil_nadu
TN-209,b2026q3_02,TN-92cbb7c59f62609a,Tamil Nadu,"TAMIL NADU GREEN ENERGY CORPORATION LIMITED (SECRETARIAT BRANCH), CHENNAI",rti_meta,en,portal,wave1-rti-information-v1,plain,RA4,ENERGY DEPARTMENT | Sub Office,,,,,,,,,,,,,,"TAMIL NADU GREEN ENERGY CORPORATION LIMITED (SECRETARIAT BRANCH), CHENNAI",ENERGY DEPARTMENT,92cbb7c59f62609a,fd0fa29fad9d05f1,3,Sub Office,"ENERGY DEPARTMENT > TAMIL NADU GREEN ENERGY CORPORATION LIMITED > TAMIL NADU GREEN ENERGY CORPORATION LIMITED (SECRETARIAT BRANCH), CHENNAI",rti_tamil_nadu
TN-210,b2026q3_02,TN-8a1077d2c52bc989,Tamil Nadu,TAMIL NADU POWER DISTRIBUTION CORPORATION LIMITED /CHINNAMANUR,rti_meta,en,portal,wave1-rti-information-v1,plain,RA2,ENERGY DEPARTMENT | Sub Office,,,,,,,,,,,,,,TAMIL NADU POWER DISTRIBUTION CORPORATION LIMITED /CHINNAMANUR,ENERGY DEPARTMENT,8a1077d2c52bc989,a066f1bf0d9c6b4a,3,Sub Office,ENERGY DEPARTMENT > TAMIL NADU POWER DISTRIBUTION CORPORATION LIMITED > TAMIL NADU POWER DISTRIBUTION CORPORATION LIMITED /CHINNAMANUR,rti_tamil_nadu
TN-211,b2026q3_02,TN-1b62eabb3b2ba9e0,Tamil Nadu,TAMIL NADU POWER DISTRIBUTION CORPORATION LIMITED /COIMBATORE NORTH/S.N.PALAYAM,rti_meta,en,portal,wave1-rti-information-v1,legal_salience,RA2,ENERGY DEPARTMENT | Sub Office,,,,,,,,,,,,,,TAMIL NADU POWER DISTRIBUTION CORPORATION LIMITED /COIMBATORE NORTH/S.N.PALAYAM,ENERGY DEPARTMENT,1b62eabb3b2ba9e0,a066f1bf0d9c6b4a,3,Sub Office,ENERGY DEPARTMENT > TAMIL NADU POWER DISTRIBUTION CORPORATION LIMITED > TAMIL NADU POWER DISTRIBUTION CORPORATION LIMITED /COIMBATORE NORTH/S.N.PALAYAM,rti_tamil_nadu
TN-212,b2026q3_02,TN-0995f32bac305682,Tamil Nadu,TAMIL NADU POWER DISTRIBUTION CORPORATION LIMITED /ERODE,rti_meta,en,portal,wave1-rti-information-v1,plain,RA2,ENERGY DEPARTMENT | Sub Office,,,,,,,,,,,,,,TAMIL NADU POWER DISTRIBUTION CORPORATION LIMITED /ERODE,ENERGY DEPARTMENT,0995f32bac305682,a066f1bf0d9c6b4a,3,Sub Office,ENERGY DEPARTMENT > TAMIL NADU POWER DISTRIBUTION CORPORATION LIMITED > TAMIL NADU POWER DISTRIBUTION CORPORATION LIMITED /ERODE,rti_tamil_nadu
TN-213,b2026q3_02,TN-8812309616e6eaea,Tamil Nadu,TAMIL NADU POWER DISTRIBUTION CORPORATION LIMITED /MADHURANTHAGAM,rti_meta,en,portal,wave1-rti-information-v1,plain,RA3,ENERGY DEPARTMENT | Sub Office,,,,,,,,,,,,,,TAMIL NADU POWER DISTRIBUTION CORPORATION LIMITED /MADHURANTHAGAM,ENERGY DEPARTMENT,8812309616e6eaea,a066f1bf0d9c6b4a,3,Sub Office,ENERGY DEPARTMENT > TAMIL NADU POWER DISTRIBUTION CORPORATION LIMITED > TAMIL NADU POWER DISTRIBUTION CORPORATION LIMITED /MADHURANTHAGAM,rti_tamil_nadu
TN-214,b2026q3_02,TN-372e39957a3de4dc,Tamil Nadu,TAMIL NADU POWER DISTRIBUTION CORPORATION LIMITED /MADURAI/METRO/WEST,rti_meta,en,portal,wave1-rti-information-v1,legal_salience,RA1,ENERGY DEPARTMENT | Sub Office,,,,,,,,,,,,,,TAMIL NADU POWER DISTRIBUTION CORPORATION LIMITED /MADURAI/METRO/WEST,ENERGY DEPARTMENT,372e39957a3de4dc,a066f1bf0d9c6b4a,3,Sub Office,ENERGY DEPARTMENT > TAMIL NADU POWER DISTRIBUTION CORPORATION LIMITED > TAMIL NADU POWER DISTRIBUTION CORPORATION LIMITED /MADURAI/METRO/WEST,rti_tamil_nadu
TN-215,b2026q3_02,TN-fd3314c8f62f5acb,Tamil Nadu,TAMIL NADU POWER DISTRIBUTION CORPORATION LIMITED /PALLADAM,rti_meta,en,portal,wave1-rti-information-v1,plain,RA1,ENERGY DEPARTMENT | Sub Office,,,,,,,,,,,,,,TAMIL NADU POWER DISTRIBUTION CORPORATION LIMITED /PALLADAM,ENERGY DEPARTMENT,fd3314c8f62f5acb,a066f1bf0d9c6b4a,3,Sub Office,ENERGY DEPARTMENT > TAMIL NADU POWER DISTRIBUTION CORPORATION LIMITED > TAMIL NADU POWER DISTRIBUTION CORPORATION LIMITED /PALLADAM,rti_tamil_nadu
TN-216,b2026q3_02,TN-c31f24fe43b54f44,Tamil Nadu,TAMIL NADU POWER DISTRIBUTION CORPORATION LIMITED /SALEM/EAST,rti_meta,en,portal,wave1-rti-information-v1,plain,RA3,ENERGY DEPARTMENT | Sub Office,,,,,,,,,,,,,,TAMIL NADU POWER DISTRIBUTION CORPORATION LIMITED /SALEM/EAST,ENERGY DEPARTMENT,c31f24fe43b54f44,a066f1bf0d9c6b4a,3,Sub Office,ENERGY DEPARTMENT > TAMIL NADU POWER DISTRIBUTION CORPORATION LIMITED > TAMIL NADU POWER DISTRIBUTION CORPORATION LIMITED /SALEM/EAST,rti_tamil_nadu
TN-217,b2026q3_02,TN-469d1e75bd053bb6,Tamil Nadu,TAMIL NADU POWER DISTRIBUTION CORPORATION LIMITED /SALEM/WEST,rti_meta,en,portal,wave1-rti-information-v1,legal_salience,RA3,ENERGY DEPARTMENT | Sub Office,,,,,,,,,,,,,,TAMIL NADU POWER DISTRIBUTION CORPORATION LIMITED /SALEM/WEST,ENERGY DEPARTMENT,469d1e75bd053bb6,a066f1bf0d9c6b4a,3,Sub Office,ENERGY DEPARTMENT > TAMIL NADU POWER DISTRIBUTION CORPORATION LIMITED > TAMIL NADU POWER DISTRIBUTION CORPORATION LIMITED /SALEM/WEST,rti_tamil_nadu
TN-218,b2026q3_02,TN-bfdef9e4f5d8ad63,Tamil Nadu,TAMIL NADU POWER DISTRIBUTION CORPORATION LIMITED /SANKARAPURAM,rti_meta,en,portal,wave1-rti-information-v1,plain,RA3,ENERGY DEPARTMENT | Sub Office,,,,,,,,,,,,,,TAMIL NADU POWER DISTRIBUTION CORPORATION LIMITED /SANKARAPURAM,ENERGY DEPARTMENT,bfdef9e4f5d8ad63,a066f1bf0d9c6b4a,3,Sub Office,ENERGY DEPARTMENT > TAMIL NADU POWER DISTRIBUTION CORPORATION LIMITED > TAMIL NADU POWER DISTRIBUTION CORPORATION LIMITED /SANKARAPURAM,rti_tamil_nadu
TN-219,b2026q3_02,TN-b24f8d50dcd16f68,Tamil Nadu,TAMIL NADU POWER DISTRIBUTION CORPORATION LIMITED /THIRUVALLUR,rti_meta,en,portal,wave1-rti-information-v1,legal_salience,RA4,ENERGY DEPARTMENT | Sub Office,,,,,,,,,,,,,,TAMIL NADU POWER DISTRIBUTION CORPORATION LIMITED /THIRUVALLUR,ENERGY DEPARTMENT,b24f8d50dcd16f68,a066f1bf0d9c6b4a,3,Sub Office,ENERGY DEPARTMENT > TAMIL NADU POWER DISTRIBUTION CORPORATION LIMITED > TAMIL NADU POWER DISTRIBUTION CORPORATION LIMITED /THIRUVALLUR,rti_tamil_nadu
TN-220,b2026q3_02,TN-0849190e91441396,Tamil Nadu,TAMIL NADU POWER DISTRIBUTION CORPORATION LIMITED /VELLORE,rti_meta,en,portal,wave1-rti-information-v1,plain,RA4,ENERGY DEPARTMENT | Sub Office,,,,,,,,,,,,,,TAMIL NADU POWER DISTRIBUTION CORPORATION LIMITED /VELLORE,ENERGY DEPARTMENT,0849190e91441396,a066f1bf0d9c6b4a,3,Sub Office,ENERGY DEPARTMENT > TAMIL NADU POWER DISTRIBUTION CORPORATION LIMITED > TAMIL NADU POWER DISTRIBUTION CORPORATION LIMITED /VELLORE,rti_tamil_nadu
TN-221,b2026q3_02,TN-f65dcc4683886da7,Tamil Nadu,TAMIL NADU POWER DISTRIBUTION CORPORATION LIMITED CEDC/SOUTH/ CHENNAI,rti_meta,en,portal,wave1-rti-information-v1,legal_salience,RA2,ENERGY DEPARTMENT | Sub Office,,,,,,,,,,,,,,TAMIL NADU POWER DISTRIBUTION CORPORATION LIMITED CEDC/SOUTH/ CHENNAI,ENERGY DEPARTMENT,f65dcc4683886da7,a066f1bf0d9c6b4a,3,Sub Office,ENERGY DEPARTMENT > TAMIL NADU POWER DISTRIBUTION CORPORATION LIMITED > TAMIL NADU POWER DISTRIBUTION CORPORATION LIMITED CEDC/SOUTH/ CHENNAI,rti_tamil_nadu
TN-222,b2026q3_02,TN-9b7c303ef36f2fb9,Tamil Nadu,TAMIL NADU POWER DISTRIBUTION CORPORATION LIMITED CEDC/WEST/ AMBATTUR/ CHENNAI,rti_meta,en,portal,wave1-rti-information-v1,plain,RA4,ENERGY DEPARTMENT | Sub Office,,,,,,,,,,,,,,TAMIL NADU POWER DISTRIBUTION CORPORATION LIMITED CEDC/WEST/ AMBATTUR/ CHENNAI,ENERGY DEPARTMENT,9b7c303ef36f2fb9,a066f1bf0d9c6b4a,3,Sub Office,ENERGY DEPARTMENT > TAMIL NADU POWER DISTRIBUTION CORPORATION LIMITED > TAMIL NADU POWER DISTRIBUTION CORPORATION LIMITED CEDC/WEST/ AMBATTUR/ CHENNAI,rti_tamil_nadu
TN-223,b2026q3_02,TN-e2d562c596b7dac2,Tamil Nadu,"TAMIL NADU POWER DISTRIBUTION CORPORATION LIMITED,TIRUPUR",rti_meta,en,portal,wave1-rti-information-v1,plain,RA2,ENERGY DEPARTMENT | Sub Office,,,,,,,,,,,,,,"TAMIL NADU POWER DISTRIBUTION CORPORATION LIMITED,TIRUPUR",ENERGY DEPARTMENT,e2d562c596b7dac2,a066f1bf0d9c6b4a,3,Sub Office,"ENERGY DEPARTMENT > TAMIL NADU POWER DISTRIBUTION CORPORATION LIMITED > TAMIL NADU POWER DISTRIBUTION CORPORATION LIMITED,TIRUPUR",rti_tamil_nadu
TN-224,b2026q3_02,TN-ea5ee1b2c4d49dee,Tamil Nadu,TAMIL NADU POWER DISTRIBUTION CORPORATION LIMITED/COIMBATORE/METRO/CENTRAL,rti_meta,en,portal,wave1-rti-information-v1,plain,RA1,ENERGY DEPARTMENT | Sub Office,,,,,,,,,,,,,,TAMIL NADU POWER DISTRIBUTION CORPORATION LIMITED/COIMBATORE/METRO/CENTRAL,ENERGY DEPARTMENT,ea5ee1b2c4d49dee,a066f1bf0d9c6b4a,3,Sub Office,ENERGY DEPARTMENT > TAMIL NADU POWER DISTRIBUTION CORPORATION LIMITED > TAMIL NADU POWER DISTRIBUTION CORPORATION LIMITED/COIMBATORE/METRO/CENTRAL,rti_tamil_nadu
TN-225,b2026q3_02,TN-28027c4a32927bc9,Tamil Nadu,TAMIL NADU POWER DISTRIBUTION CORPORATION LIMITED/COMMERCIAL 1/HQ,rti_meta,en,portal,wave1-rti-information-v1,plain,RA1,ENERGY DEPARTMENT | Sub Office,,,,,,,,,,,,,,TAMIL NADU POWER DISTRIBUTION CORPORATION LIMITED/COMMERCIAL 1/HQ,ENERGY DEPARTMENT,28027c4a32927bc9,a066f1bf0d9c6b4a,3,Sub Office,ENERGY DEPARTMENT > TAMIL NADU POWER DISTRIBUTION CORPORATION LIMITED > TAMIL NADU POWER DISTRIBUTION CORPORATION LIMITED/COMMERCIAL 1/HQ,rti_tamil_nadu
TN-226,b2026q3_02,TN-a3d03cfeb8adb33c,Tamil Nadu,TAMIL NADU POWER DISTRIBUTION CORPORATION LIMITED/COMMERCIAL 2/HQ,rti_meta,en,portal,wave1-rti-information-v1,legal_salience,RA1,ENERGY DEPARTMENT | Sub Office,,,,,,,,,,,,,,TAMIL NADU POWER DISTRIBUTION CORPORATION LIMITED/COMMERCIAL 2/HQ,ENERGY DEPARTMENT,a3d03cfeb8adb33c,a066f1bf0d9c6b4a,3,Sub Office,ENERGY DEPARTMENT > TAMIL NADU POWER DISTRIBUTION CORPORATION LIMITED > TAMIL NADU POWER DISTRIBUTION CORPORATION LIMITED/COMMERCIAL 2/HQ,rti_tamil_nadu
TN-227,b2026q3_02,TN-28ddf45b5760d25f,Tamil Nadu,TAMIL NADU POWER DISTRIBUTION CORPORATION LIMITED/POLLACHI,rti_meta,en,portal,wave1-rti-information-v1,plain,RA4,ENERGY DEPARTMENT | Sub Office,,,,,,,,,,,,,,TAMIL NADU POWER DISTRIBUTION CORPORATION LIMITED/POLLACHI,ENERGY DEPARTMENT,28ddf45b5760d25f,a066f1bf0d9c6b4a,3,Sub Office,ENERGY DEPARTMENT > TAMIL NADU POWER DISTRIBUTION CORPORATION LIMITED > TAMIL NADU POWER DISTRIBUTION CORPORATION LIMITED/POLLACHI,rti_tamil_nadu
TN-228,b2026q3_02,TN-26195857d023f5da,Tamil Nadu,"TAMIL NADU POWER GENERATION CORPORATION LIMITED,,",rti_meta,en,portal,wave1-rti-information-v1,legal_salience,RA3,ENERGY DEPARTMENT | Sub Office,,,,,,,,,,,,,,"TAMIL NADU POWER GENERATION CORPORATION LIMITED,,",ENERGY DEPARTMENT,26195857d023f5da,c9d803eb5e474d15,3,Sub Office,"ENERGY DEPARTMENT > TAMIL NADU POWER GENERATION CORPORATION LIMITED > TAMIL NADU POWER GENERATION CORPORATION LIMITED,,",rti_tamil_nadu
TN-229,b2026q3_02,TN-9a4ed942af0fb30a,Tamil Nadu,"ENVIRONMENT, CLIMATE CHANGE AND FORESTS DEPARTMENT",rti_meta,en,portal,wave1-rti-information-v1,legal_salience,RA4,"ENVIRONMENT, CLIMATE CHANGE AND FORESTS DEPARTMENT | Department",,,,,,,,,,,,,,"ENVIRONMENT, CLIMATE CHANGE AND FORESTS DEPARTMENT","ENVIRONMENT, CLIMATE CHANGE AND FORESTS DEPARTMENT",9a4ed942af0fb30a,displayPa,1,Department,"ENVIRONMENT, CLIMATE CHANGE AND FORESTS DEPARTMENT",rti_tamil_nadu
TN-230,b2026q3_02,TN-f7e866bea3c80d19,Tamil Nadu,"OFFICE OF THE PRINCIPAL CHIEF CONSERVATOR OF FORESTS (HEAD OF FOREST FORCE), FOREST HEADQUATERS",rti_meta,en,portal,wave1-rti-information-v1,plain,RA3,"ENVIRONMENT, CLIMATE CHANGE AND FORESTS DEPARTMENT | Head of Department",,,,,,,,,,,,,,"OFFICE OF THE PRINCIPAL CHIEF CONSERVATOR OF FORESTS (HEAD OF FOREST FORCE), FOREST HEADQUATERS","ENVIRONMENT, CLIMATE CHANGE AND FORESTS DEPARTMENT",f7e866bea3c80d19,9a4ed942af0fb30a,2,Head of Department,"ENVIRONMENT, CLIMATE CHANGE AND FORESTS DEPARTMENT > OFFICE OF THE PRINCIPAL CHIEF CONSERVATOR OF FORESTS (HEAD OF FOREST FORCE), FOREST HEADQUATERS",rti_tamil_nadu
TN-231,b2026q3_02,TN-5f6e6120abd7614f,Tamil Nadu,TAMIL NADU TEA PLANTATION CORPORATION,rti_meta,en,portal,wave1-rti-information-v1,plain,RA2,"ENVIRONMENT, CLIMATE CHANGE AND FORESTS DEPARTMENT | Head of Department",,,,,,,,,,,,,,TAMIL NADU TEA PLANTATION CORPORATION,"ENVIRONMENT, CLIMATE CHANGE AND FORESTS DEPARTMENT",5f6e6120abd7614f,9a4ed942af0fb30a,2,Head of Department,"ENVIRONMENT, CLIMATE CHANGE AND FORESTS DEPARTMENT > TAMIL NADU TEA PLANTATION CORPORATION",rti_tamil_nadu
TN-232,b2026q3_02,TN-19d851906b9e30a2,Tamil Nadu,"TAMILNADU FOREST PLANTATION CORPORATION LIMITED, TRICHY",rti_meta,en,portal,wave1-rti-information-v1,plain,RA1,"ENVIRONMENT, CLIMATE CHANGE AND FORESTS DEPARTMENT | Head of Department",,,,,,,,,,,,,,"TAMILNADU FOREST PLANTATION CORPORATION LIMITED, TRICHY","ENVIRONMENT, CLIMATE CHANGE AND FORESTS DEPARTMENT",19d851906b9e30a2,9a4ed942af0fb30a,2,Head of Department,"ENVIRONMENT, CLIMATE CHANGE AND FORESTS DEPARTMENT > TAMILNADU FOREST PLANTATION CORPORATION LIMITED, TRICHY",rti_tamil_nadu
TN-233,b2026q3_02,TN-6fa5784490000afc,Tamil Nadu,"TAMILNADU POLLUTION CONTROL BOARD, CORPORATE OFFICE",rti_meta,en,portal,wave1-rti-information-v1,legal_salience,RA1,"ENVIRONMENT, CLIMATE CHANGE AND FORESTS DEPARTMENT | Head of Department",,,,,,,,,,,,,,"TAMILNADU POLLUTION CONTROL BOARD, CORPORATE OFFICE","ENVIRONMENT, CLIMATE CHANGE AND FORESTS DEPARTMENT",6fa5784490000afc,9a4ed942af0fb30a,2,Head of Department,"ENVIRONMENT, CLIMATE CHANGE AND FORESTS DEPARTMENT > TAMILNADU POLLUTION CONTROL BOARD, CORPORATE OFFICE",rti_tamil_nadu
TN-234,b2026q3_02,TN-83b7dd3d9467c8d1,Tamil Nadu,"CHIEF CONSERVATOR OF FORESTS, VELLORE CIRCLE, VELLORE",rti_meta,en,portal,wave1-rti-information-v1,plain,RA1,"ENVIRONMENT, CLIMATE CHANGE AND FORESTS DEPARTMENT | Sub Office",,,,,,,,,,,,,,"CHIEF CONSERVATOR OF FORESTS, VELLORE CIRCLE, VELLORE","ENVIRONMENT, CLIMATE CHANGE AND FORESTS DEPARTMENT",83b7dd3d9467c8d1,f7e866bea3c80d19,3,Sub Office,"ENVIRONMENT, CLIMATE CHANGE AND FORESTS DEPARTMENT > OFFICE OF THE PRINCIPAL CHIEF CONSERVATOR OF FORESTS (HEAD OF FOREST FORCE), FOREST HEADQUATERS > CHIEF CONSERVATOR OF FORESTS, VELLORE CIRCLE, VELLORE",rti_tamil_nadu
TN-235,b2026q3_02,TN-a3eb6e03ddeae1b5,Tamil Nadu,"O/O. CHIEF CONSERVATOR OF FORESTS, WORKING PLAN, COIMBATORE.",rti_meta,en,portal,wave1-rti-information-v1,plain,RA2,"ENVIRONMENT, CLIMATE CHANGE AND FORESTS DEPARTMENT | Sub Office",,,,,,,,,,,,,,"O/O. CHIEF CONSERVATOR OF FORESTS, WORKING PLAN, COIMBATORE.","ENVIRONMENT, CLIMATE CHANGE AND FORESTS DEPARTMENT",a3eb6e03ddeae1b5,f7e866bea3c80d19,3,Sub Office,"ENVIRONMENT, CLIMATE CHANGE AND FORESTS DEPARTMENT > OFFICE OF THE PRINCIPAL CHIEF CONSERVATOR OF FORESTS (HEAD OF FOREST FORCE), FOREST HEADQUATERS > O/O. CHIEF CONSERVATOR OF FORESTS, WORKING PLAN, COIMBATORE.",rti_tamil_nadu
TN-236,b2026q3_02,TN-aded6ec523a66248,Tamil Nadu,"STATE FOREST RESEARCH INSTITUTE,",rti_meta,en,portal,wave1-rti-information-v1,plain,RA1,"ENVIRONMENT, CLIMATE CHANGE AND FORESTS DEPARTMENT | Sub Office",,,,,,,,,,,,,,"STATE FOREST RESEARCH INSTITUTE,","ENVIRONMENT, CLIMATE CHANGE AND FORESTS DEPARTMENT",aded6ec523a66248,f7e866bea3c80d19,3,Sub Office,"ENVIRONMENT, CLIMATE CHANGE AND FORESTS DEPARTMENT > OFFICE OF THE PRINCIPAL CHIEF CONSERVATOR OF FORESTS (HEAD OF FOREST FORCE), FOREST HEADQUATERS > STATE FOREST RESEARCH INSTITUTE,",rti_tamil_nadu
TN-237,b2026q3_02,TN-dafc22604df1f3e6,Tamil Nadu,"TAMILNADU POLLUTION CONTROL BOARD, OFFICE OF JOINT CHIEF ENVIRONMENTAL ENGINEER, MADURAI ZONE",rti_meta,en,portal,wave1-rti-information-v1,plain,RA3,"ENVIRONMENT, CLIMATE CHANGE AND FORESTS DEPARTMENT | Sub Office",,,,,,,,,,,,,,"TAMILNADU POLLUTION CONTROL BOARD, OFFICE OF JOINT CHIEF ENVIRONMENTAL ENGINEER, MADURAI ZONE","ENVIRONMENT, CLIMATE CHANGE AND FORESTS DEPARTMENT",dafc22604df1f3e6,6fa5784490000afc,3,Sub Office,"ENVIRONMENT, CLIMATE CHANGE AND FORESTS DEPARTMENT > TAMILNADU POLLUTION CONTROL BOARD, CORPORATE OFFICE > TAMILNADU POLLUTION CONTROL BOARD, OFFICE OF JOINT CHIEF ENVIRONMENTAL ENGINEER, MADURAI ZONE",rti_tamil_nadu
TN-238,b2026q3_02,TN-f76a8410167c57b3,Tamil Nadu,"DEPUTY DIRECTOR, MASINAGUDI MUDUMALAI TIGER RESERVE",rti_meta,en,portal,wave1-rti-information-v1,legal_salience,RA1,"ENVIRONMENT, CLIMATE CHANGE AND FORESTS DEPARTMENT | Sub Office",,,,,,,,,,,,,,"DEPUTY DIRECTOR, MASINAGUDI MUDUMALAI TIGER RESERVE","ENVIRONMENT, CLIMATE CHANGE AND FORESTS DEPARTMENT",f76a8410167c57b3,289339401a35d482,4,Sub Office,"ENVIRONMENT, CLIMATE CHANGE AND FORESTS DEPARTMENT > OFFICE OF THE PRINCIPAL CHIEF CONSERVATOR OF FORESTS (HEAD OF FOREST FORCE), FOREST HEADQUATERS > MUDUMALAI TIGER RESERVE, UDHAGAMANDALAM > DEPUTY DIRECTOR, MASINAGUDI MUDUMALAI TIGER RESERVE",rti_tamil_nadu
TN-239,b2026q3_02,TN-22051abb0bda9e4b,Tamil Nadu,DHARMAPURI FOREST DIVISION,rti_meta,en,portal,wave1-rti-information-v1,plain,RA4,"ENVIRONMENT, CLIMATE CHANGE AND FORESTS DEPARTMENT | Sub Office",,,,,,,,,,,,,,DHARMAPURI FOREST DIVISION,"ENVIRONMENT, CLIMATE CHANGE AND FORESTS DEPARTMENT",22051abb0bda9e4b,a5e76789935ba572,4,Sub Office,"ENVIRONMENT, CLIMATE CHANGE AND FORESTS DEPARTMENT > OFFICE OF THE PRINCIPAL CHIEF CONSERVATOR OF FORESTS (HEAD OF FOREST FORCE), FOREST HEADQUATERS > CONSERVATOR OF FOREST, DHARMAPURI > DHARMAPURI FOREST DIVISION",rti_tamil_nadu
TN-240,b2026q3_02,TN-36f14c079c4a7300,Tamil Nadu,"DISTRICT FOREST OFFICE, CHENGALPATTU DIVISION",rti_meta,en,portal,wave1-rti-information-v1,plain,RA1,"ENVIRONMENT, CLIMATE CHANGE AND FORESTS DEPARTMENT | Sub Office",,,,,,,,,,,,,,"DISTRICT FOREST OFFICE, CHENGALPATTU DIVISION","ENVIRONMENT, CLIMATE CHANGE AND FORESTS DEPARTMENT",36f14c079c4a7300,2c6c6a59c97082eb,4,Sub Office,"ENVIRONMENT, CLIMATE CHANGE AND FORESTS DEPARTMENT > OFFICE OF THE PRINCIPAL CHIEF CONSERVATOR OF FORESTS (HEAD OF FOREST FORCE), FOREST HEADQUATERS > CONSERVATOR OF FORESTS, CHENNAI CIRCLE > DISTRICT FOREST OFFICE, CHENGALPATTU DIVISION",rti_tamil_nadu
TN-241,b2026q3_02,TN-cffba7cd51fa1424,Tamil Nadu,"DISTRICT FOREST OFFICE, DINDIGUL FOREST DIVISION",rti_meta,en,portal,wave1-rti-information-v1,legal_salience,RA4,"ENVIRONMENT, CLIMATE CHANGE AND FORESTS DEPARTMENT | Sub Office",,,,,,,,,,,,,,"DISTRICT FOREST OFFICE, DINDIGUL FOREST DIVISION","ENVIRONMENT, CLIMATE CHANGE AND FORESTS DEPARTMENT",cffba7cd51fa1424,b17bf3c7880119fa,4,Sub Office,"ENVIRONMENT, CLIMATE CHANGE AND FORESTS DEPARTMENT > OFFICE OF THE PRINCIPAL CHIEF CONSERVATOR OF FORESTS (HEAD OF FOREST FORCE), FOREST HEADQUATERS > CONSERVATOR OF FORESTS, DINDIGUL CIRCLE > DISTRICT FOREST OFFICE, DINDIGUL FOREST DIVISION",rti_tamil_nadu
TN-242,b2026q3_02,TN-c8f6e057c0eac4c3,Tamil Nadu,"DISTRICT FOREST OFFICE, VELLORE",rti_meta,en,portal,wave1-rti-information-v1,legal_salience,RA2,"ENVIRONMENT, CLIMATE CHANGE AND FORESTS DEPARTMENT | Sub Office",,,,,,,,,,,,,,"DISTRICT FOREST OFFICE, VELLORE","ENVIRONMENT, CLIMATE CHANGE AND FORESTS DEPARTMENT",c8f6e057c0eac4c3,83b7dd3d9467c8d1,4,Sub Office,"ENVIRONMENT, CLIMATE CHANGE AND FORESTS DEPARTMENT > OFFICE OF THE PRINCIPAL CHIEF CONSERVATOR OF FORESTS (HEAD OF FOREST FORCE), FOREST HEADQUATERS > CHIEF CONSERVATOR OF FORESTS, VELLORE CIRCLE, VELLORE > DISTRICT FOREST OFFICE, VELLORE",rti_tamil_nadu
TN-243,b2026q3_02,TN-885c2ef2746f2a1d,Tamil Nadu,"DISTRICT FOREST OFFICER, PERAMBALUR DIVISION",rti_meta,en,portal,wave1-rti-information-v1,plain,RA2,"ENVIRONMENT, CLIMATE CHANGE AND FORESTS DEPARTMENT | Sub Office",,,,,,,,,,,,,,"DISTRICT FOREST OFFICER, PERAMBALUR DIVISION","ENVIRONMENT, CLIMATE CHANGE AND FORESTS DEPARTMENT",885c2ef2746f2a1d,9653725afa0ca7b9,4,Sub Office,"ENVIRONMENT, CLIMATE CHANGE AND FORESTS DEPARTMENT > OFFICE OF THE PRINCIPAL CHIEF CONSERVATOR OF FORESTS (HEAD OF FOREST FORCE), FOREST HEADQUATERS > CHIEF CONSERVATOR OF FORESTS, TIRUCHIRAPPALLI CIRCLE & FOREST PROTECTION SQUAD > DISTRICT FOREST OFFICER, PERAMBALUR DIVISION",rti_tamil_nadu
TN-244,b2026q3_02,TN-cf8c9a0c02b3d449,Tamil Nadu,"DISTRICT FOREST OFFICER, PUDUKKOTTAI DIVISION",rti_meta,en,portal,wave1-rti-information-v1,plain,RA4,"ENVIRONMENT, CLIMATE CHANGE AND FORESTS DEPARTMENT | Sub Office",,,,,,,,,,,,,,"DISTRICT FOREST OFFICER, PUDUKKOTTAI DIVISION","ENVIRONMENT, CLIMATE CHANGE AND FORESTS DEPARTMENT",cf8c9a0c02b3d449,9653725afa0ca7b9,4,Sub Office,"ENVIRONMENT, CLIMATE CHANGE AND FORESTS DEPARTMENT > OFFICE OF THE PRINCIPAL CHIEF CONSERVATOR OF FORESTS (HEAD OF FOREST FORCE), FOREST HEADQUATERS > CHIEF CONSERVATOR OF FORESTS, TIRUCHIRAPPALLI CIRCLE & FOREST PROTECTION SQUAD > DISTRICT FOREST OFFICER, PUDUKKOTTAI DIVISION",rti_tamil_nadu
TN-245,b2026q3_02,TN-7efa34e432505fc1,Tamil Nadu,DIVISIONAL FOREST OFFICE,rti_meta,en,portal,wave1-rti-information-v1,plain,RA2,"ENVIRONMENT, CLIMATE CHANGE AND FORESTS DEPARTMENT | Sub Office",,,,,,,,,,,,,,DIVISIONAL FOREST OFFICE,"ENVIRONMENT, CLIMATE CHANGE AND FORESTS DEPARTMENT",7efa34e432505fc1,7731d41064110c77,4,Sub Office,"ENVIRONMENT, CLIMATE CHANGE AND FORESTS DEPARTMENT > OFFICE OF THE PRINCIPAL CHIEF CONSERVATOR OF FORESTS (HEAD OF FOREST FORCE), FOREST HEADQUATERS > SRIVILLIPUTHUR MEGAMALAI TIGER RESERVE > DIVISIONAL FOREST OFFICE",rti_tamil_nadu
TN-246,b2026q3_02,TN-0822fdbc2f38e7a2,Tamil Nadu,SOCIAL FORESTRY DIVISION,rti_meta,en,portal,wave1-rti-information-v1,plain,RA4,"ENVIRONMENT, CLIMATE CHANGE AND FORESTS DEPARTMENT | Sub Office",,,,,,,,,,,,,,SOCIAL FORESTRY DIVISION,"ENVIRONMENT, CLIMATE CHANGE AND FORESTS DEPARTMENT",0822fdbc2f38e7a2,7731d41064110c77,4,Sub Office,"ENVIRONMENT, CLIMATE CHANGE AND FORESTS DEPARTMENT > OFFICE OF THE PRINCIPAL CHIEF CONSERVATOR OF FORESTS (HEAD OF FOREST FORCE), FOREST HEADQUATERS > SRIVILLIPUTHUR MEGAMALAI TIGER RESERVE > SOCIAL FORESTRY DIVISION",rti_tamil_nadu
TN-247,b2026q3_02,TN-f617faed3ec5e708,Tamil Nadu,"TAMILNADU POLLUTION CONTROL BOARD, OFFICE OF THE DISTRICT ENVIRONMENTAL ENGINEER, MADURAI",rti_meta,en,portal,wave1-rti-information-v1,plain,RA2,"ENVIRONMENT, CLIMATE CHANGE AND FORESTS DEPARTMENT | Sub Office",,,,,,,,,,,,,,"TAMILNADU POLLUTION CONTROL BOARD, OFFICE OF THE DISTRICT ENVIRONMENTAL ENGINEER, MADURAI","ENVIRONMENT, CLIMATE CHANGE AND FORESTS DEPARTMENT",f617faed3ec5e708,dafc22604df1f3e6,4,Sub Office,"ENVIRONMENT, CLIMATE CHANGE AND FORESTS DEPARTMENT > TAMILNADU POLLUTION CONTROL BOARD, CORPORATE OFFICE > TAMILNADU POLLUTION CONTROL BOARD, OFFICE OF JOINT CHIEF ENVIRONMENTAL ENGINEER, MADURAI ZONE > TAMILNADU POLLUTION CONTROL BOARD, OFFICE OF THE DISTRICT ENVIRONMENTAL ENGINEER, MADURAI",rti_tamil_nadu
TN-248,b2026q3_02,TN-7786595c98b105ed,Tamil Nadu,"TAMILNADU POLLUTION CONTROL BOARD, OFFICE OF THE DISTRICT ENVIRONMENTAL ENGINEER, PERUNDURAI",rti_meta,en,portal,wave1-rti-information-v1,plain,RA3,"ENVIRONMENT, CLIMATE CHANGE AND FORESTS DEPARTMENT | Sub Office",,,,,,,,,,,,,,"TAMILNADU POLLUTION CONTROL BOARD, OFFICE OF THE DISTRICT ENVIRONMENTAL ENGINEER, PERUNDURAI","ENVIRONMENT, CLIMATE CHANGE AND FORESTS DEPARTMENT",7786595c98b105ed,6ffcf87137de791d,4,Sub Office,"ENVIRONMENT, CLIMATE CHANGE AND FORESTS DEPARTMENT > TAMILNADU POLLUTION CONTROL BOARD, CORPORATE OFFICE > TAMILNADU POLLUTION CONTROL BOARD, OFFICE OF THE JOINT CHIEF ENVIRONMENTAL ENGINEER, SALEM ZONE > TAMILNADU POLLUTION CONTROL BOARD, OFFICE OF THE DISTRICT ENVIRONMENTAL ENGINEER, PERUNDURAI",rti_tamil_nadu
TN-249,b2026q3_02,TN-c160c5db1dcaa26d,Tamil Nadu,"TAMILNADU POLLUTION CONTROL BOARD, OFFICE OF THE DISTRICT ENVIRONMENTAL ENGINEER, PUDUKKOTTAI",rti_meta,en,portal,wave1-rti-information-v1,plain,RA1,"ENVIRONMENT, CLIMATE CHANGE AND FORESTS DEPARTMENT | Sub Office",,,,,,,,,,,,,,"TAMILNADU POLLUTION CONTROL BOARD, OFFICE OF THE DISTRICT ENVIRONMENTAL ENGINEER, PUDUKKOTTAI","ENVIRONMENT, CLIMATE CHANGE AND FORESTS DEPARTMENT",c160c5db1dcaa26d,15356cd21fe4367f,4,Sub Office,"ENVIRONMENT, CLIMATE CHANGE AND FORESTS DEPARTMENT > TAMILNADU POLLUTION CONTROL BOARD, CORPORATE OFFICE > TAMILNADU POLLUTION CONTROL BOARD, OFFICE OF THE JOINT CHIEF ENVIRONMENTAL ENGINEER, TRICHY ZONE > TAMILNADU POLLUTION CONTROL BOARD, OFFICE OF THE DISTRICT ENVIRONMENTAL ENGINEER, PUDUKKOTTAI",rti_tamil_nadu
TN-250,b2026q3_02,TN-5879caa64175e911,Tamil Nadu,"TAMILNADU POLLUTION CONTROL BOARD, OFFICE OF THE DISTRICT ENVIRONMENTAL ENGINEER, THANJAVUR",rti_meta,en,portal,wave1-rti-information-v1,legal_salience,RA3,"ENVIRONMENT, CLIMATE CHANGE AND FORESTS DEPARTMENT | Sub Office",,,,,,,,,,,,,,"TAMILNADU POLLUTION CONTROL BOARD, OFFICE OF THE DISTRICT ENVIRONMENTAL ENGINEER, THANJAVUR","ENVIRONMENT, CLIMATE CHANGE AND FORESTS DEPARTMENT",5879caa64175e911,15356cd21fe4367f,4,Sub Office,"ENVIRONMENT, CLIMATE CHANGE AND FORESTS DEPARTMENT > TAMILNADU POLLUTION CONTROL BOARD, CORPORATE OFFICE > TAMILNADU POLLUTION CONTROL BOARD, OFFICE OF THE JOINT CHIEF ENVIRONMENTAL ENGINEER, TRICHY ZONE > TAMILNADU POLLUTION CONTROL BOARD, OFFICE OF THE DISTRICT ENVIRONMENTAL ENGINEER, THANJAVUR",rti_tamil_nadu
TN-251,b2026q3_02,TN-641a18f332871636,Tamil Nadu,"TAMILNADU POLLUTION CONTROL BOARD, OFFICE OF THE DISTRICT ENVIRONMENTAL ENGINEER,COIMBATORE (SOUTH)",rti_meta,en,portal,wave1-rti-information-v1,plain,RA4,"ENVIRONMENT, CLIMATE CHANGE AND FORESTS DEPARTMENT | Sub Office",,,,,,,,,,,,,,"TAMILNADU POLLUTION CONTROL BOARD, OFFICE OF THE DISTRICT ENVIRONMENTAL ENGINEER,COIMBATORE (SOUTH)","ENVIRONMENT, CLIMATE CHANGE AND FORESTS DEPARTMENT",641a18f332871636,fcc928aa152eeefa,4,Sub Office,"ENVIRONMENT, CLIMATE CHANGE AND FORESTS DEPARTMENT > TAMILNADU POLLUTION CONTROL BOARD, CORPORATE OFFICE > TAMILNADU POLLUTION CONTROL BOARD,OFFICE OF THE JOINT CHIEF ENVIRONMENTAL ENGINEER, COIMBATORE REGION > TAMILNADU POLLUTION CONTROL BOARD, OFFICE OF THE DISTRICT ENVIRONMENTAL ENGINEER,COIMBATORE (SOUTH)",rti_tamil_nadu
TN-252,b2026q3_02,TN-7e5960e7e131f379,Tamil Nadu,"TAMILNADU POLLUTION CONTROL BOARD,OFFICE OF THE DISTRICT ENVIRONMENTAL ENGINEER, MANALI (MERRC)",rti_meta,en,portal,wave1-rti-information-v1,legal_salience,RA2,"ENVIRONMENT, CLIMATE CHANGE AND FORESTS DEPARTMENT | Sub Office",,,,,,,,,,,,,,"TAMILNADU POLLUTION CONTROL BOARD,OFFICE OF THE DISTRICT ENVIRONMENTAL ENGINEER, MANALI (MERRC)","ENVIRONMENT, CLIMATE CHANGE AND FORESTS DEPARTMENT",7e5960e7e131f379,b0b220632241d981,4,Sub Office,"ENVIRONMENT, CLIMATE CHANGE AND FORESTS DEPARTMENT > TAMILNADU POLLUTION CONTROL BOARD, CORPORATE OFFICE > TAMILNADU POLLUTION CONTROL BOARD,OFFICE OF THE JOINT CHIEF ENVIRONMENTAL ENGINEER, CHENNAI REGION > TAMILNADU POLLUTION CONTROL BOARD,OFFICE OF THE DISTRICT ENVIRONMENTAL ENGINEER, MANALI (MERRC)",rti_tamil_nadu
TN-253,b2026q3_02,TN-d869f27e84574984,Tamil Nadu,"TAMILNADU POLLUTION CONTROL BOARD,OFFICE OF THE DISTRICT ENVIRONMENTAL ENGINEER, MARAIMALAI NAGAR",rti_meta,en,portal,wave1-rti-information-v1,legal_salience,RA3,"ENVIRONMENT, CLIMATE CHANGE AND FORESTS DEPARTMENT | Sub Office",,,,,,,,,,,,,,"TAMILNADU POLLUTION CONTROL BOARD,OFFICE OF THE DISTRICT ENVIRONMENTAL ENGINEER, MARAIMALAI NAGAR","ENVIRONMENT, CLIMATE CHANGE AND FORESTS DEPARTMENT",d869f27e84574984,f4d211ae836deb86,4,Sub Office,"ENVIRONMENT, CLIMATE CHANGE AND FORESTS DEPARTMENT > TAMILNADU POLLUTION CONTROL BOARD, CORPORATE OFFICE > TAMILNADU POLLUTION CONTROL BOARD, OFFICE OF THE JOINT CHIEF ENVIRONMENTAL ENGINEER, CHENGALPATTU REGION > TAMILNADU POLLUTION CONTROL BOARD,OFFICE OF THE DISTRICT ENVIRONMENTAL ENGINEER, MARAIMALAI NAGAR",rti_tamil_nadu
TN-254,b2026q3_02,TN-232de4f8ba1c8f78,Tamil Nadu,"THE DEPUTY DIRECTOR OFFICE, SATHYAMANGALAM FOREST DIVISION, SATHYAMANGALAM TIGER RESERVE",rti_meta,en,portal,wave1-rti-information-v1,legal_salience,RA4,"ENVIRONMENT, CLIMATE CHANGE AND FORESTS DEPARTMENT | Sub Office",,,,,,,,,,,,,,"THE DEPUTY DIRECTOR OFFICE, SATHYAMANGALAM FOREST DIVISION, SATHYAMANGALAM TIGER RESERVE","ENVIRONMENT, CLIMATE CHANGE AND FORESTS DEPARTMENT",232de4f8ba1c8f78,251e29f4d13cc13c,4,Sub Office,"ENVIRONMENT, CLIMATE CHANGE AND FORESTS DEPARTMENT > OFFICE OF THE PRINCIPAL CHIEF CONSERVATOR OF FORESTS (HEAD OF FOREST FORCE), FOREST HEADQUATERS > CHIEF CONSERVATOR OF FORESTS & FIELD DIRECTOR, ,ERODE > THE DEPUTY DIRECTOR OFFICE, SATHYAMANGALAM FOREST DIVISION, SATHYAMANGALAM TIGER RESERVE",rti_tamil_nadu
TN-255,b2026q3_02,TN-8a68404d7a4e787a,Tamil Nadu,"WILDLIFE WARDEN, NAGAPATTINAM DIVISION",rti_meta,en,portal,wave1-rti-information-v1,plain,RA3,"ENVIRONMENT, CLIMATE CHANGE AND FORESTS DEPARTMENT | Sub Office",,,,,,,,,,,,,,"WILDLIFE WARDEN, NAGAPATTINAM DIVISION","ENVIRONMENT, CLIMATE CHANGE AND FORESTS DEPARTMENT",8a68404d7a4e787a,9653725afa0ca7b9,4,Sub Office,"ENVIRONMENT, CLIMATE CHANGE AND FORESTS DEPARTMENT > OFFICE OF THE PRINCIPAL CHIEF CONSERVATOR OF FORESTS (HEAD OF FOREST FORCE), FOREST HEADQUATERS > CHIEF CONSERVATOR OF FORESTS, TIRUCHIRAPPALLI CIRCLE & FOREST PROTECTION SQUAD > WILDLIFE WARDEN, NAGAPATTINAM DIVISION",rti_tamil_nadu
TN-256,b2026q3_02,TN-157cf4317f5db739,Tamil Nadu,FINANCE DEPARTMENT,rti_meta,en,portal,wave1-rti-information-v1,legal_salience,RA1,FINANCE DEPARTMENT | Department,,,,,,,,,,,,,,FINANCE DEPARTMENT,FINANCE DEPARTMENT,157cf4317f5db739,displayPa,1,Department,FINANCE DEPARTMENT,rti_tamil_nadu
TN-257,b2026q3_02,TN-35007f6a76ad2667,Tamil Nadu,"DIRECTORATE OF AUDIT FOR MILK CO-OPERATIVES, CHENNAI",rti_meta,en,portal,wave1-rti-information-v1,legal_salience,RA2,FINANCE DEPARTMENT | Head of Department,,,,,,,,,,,,,,"DIRECTORATE OF AUDIT FOR MILK CO-OPERATIVES, CHENNAI",FINANCE DEPARTMENT,35007f6a76ad2667,157cf4317f5db739,2,Head of Department,"FINANCE DEPARTMENT > DIRECTORATE OF AUDIT FOR MILK CO-OPERATIVES, CHENNAI",rti_tamil_nadu
TN-258,b2026q3_02,TN-46d69fac101fc5cd,Tamil Nadu,DIRECTORATE OF HINDU RELIGIOUS INSTITUTIONS AUDIT,rti_meta,en,portal,wave1-rti-information-v1,plain,RA3,FINANCE DEPARTMENT | Head of Department,,,,,,,,,,,,,,DIRECTORATE OF HINDU RELIGIOUS INSTITUTIONS AUDIT,FINANCE DEPARTMENT,46d69fac101fc5cd,157cf4317f5db739,2,Head of Department,FINANCE DEPARTMENT > DIRECTORATE OF HINDU RELIGIOUS INSTITUTIONS AUDIT,rti_tamil_nadu
TN-259,b2026q3_02,TN-472bbfa7206c1686,Tamil Nadu,"DIRECTORATE OF SMALL SAVINGS, NANDANAM, CHENNAI",rti_meta,en,portal,wave1-rti-information-v1,plain,RA4,FINANCE DEPARTMENT | Head of Department,,,,,,,,,,,,,,"DIRECTORATE OF SMALL SAVINGS, NANDANAM, CHENNAI",FINANCE DEPARTMENT,472bbfa7206c1686,157cf4317f5db739,2,Head of Department,"FINANCE DEPARTMENT > DIRECTORATE OF SMALL SAVINGS, NANDANAM, CHENNAI",rti_tamil_nadu
TN-260,b2026q3_02,TN-d4df7bb9ce9df5fd,Tamil Nadu,"DIRECTORATE OF TREASURIES AND ACCOUNTS, CHENNAI",rti_meta,en,portal,wave1-rti-information-v1,plain,RA1,FINANCE DEPARTMENT | Head of Department,,,,,,,,,,,,,,"DIRECTORATE OF TREASURIES AND ACCOUNTS, CHENNAI",FINANCE DEPARTMENT,d4df7bb9ce9df5fd,157cf4317f5db739,2,Head of Department,"FINANCE DEPARTMENT > DIRECTORATE OF TREASURIES AND ACCOUNTS, CHENNAI",rti_tamil_nadu
TN-261,b2026q3_02,TN-1eb35b0ba363d03c,Tamil Nadu,"ASSISTANT DIRECTOR, STATE GOVERNMENT AUDIT, PUDUKKOTTAI",rti_meta,en,portal,wave1-rti-information-v1,legal_salience,RA3,FINANCE DEPARTMENT | Sub Office,,,,,,,,,,,,,,"ASSISTANT DIRECTOR, STATE GOVERNMENT AUDIT, PUDUKKOTTAI",FINANCE DEPARTMENT,1eb35b0ba363d03c,f608c7403b71e6aa,3,Sub Office,"FINANCE DEPARTMENT > DIRECTORATE OF STATE GOVERNMENT AUDIT DEPARTMENT, CHENNAI > ASSISTANT DIRECTOR, STATE GOVERNMENT AUDIT, PUDUKKOTTAI",rti_tamil_nadu
TN-262,b2026q3_02,TN-2aa3322cb30e45f0,Tamil Nadu,"DEPUTY DIRECTOR,TAMILNADU KHADI AND VILLAGE INDUSTRIES BOARD AUDIT, TONDIARPET, CHENNAI",rti_meta,en,portal,wave1-rti-information-v1,legal_salience,RA3,FINANCE DEPARTMENT | Sub Office,,,,,,,,,,,,,,"DEPUTY DIRECTOR,TAMILNADU KHADI AND VILLAGE INDUSTRIES BOARD AUDIT, TONDIARPET, CHENNAI",FINANCE DEPARTMENT,2aa3322cb30e45f0,f608c7403b71e6aa,3,Sub Office,"FINANCE DEPARTMENT > DIRECTORATE OF STATE GOVERNMENT AUDIT DEPARTMENT, CHENNAI > DEPUTY DIRECTOR,TAMILNADU KHADI AND VILLAGE INDUSTRIES BOARD AUDIT, TONDIARPET, CHENNAI",rti_tamil_nadu
TN-263,b2026q3_02,TN-641f572d3baa5fa9,Tamil Nadu,"JOINT DIRECTOR OF COOPERATIVE AUDIT, MADURAI (REGION)",rti_meta,en,portal,wave1-rti-information-v1,legal_salience,RA4,FINANCE DEPARTMENT | Sub Office,,,,,,,,,,,,,,"JOINT DIRECTOR OF COOPERATIVE AUDIT, MADURAI (REGION)",FINANCE DEPARTMENT,641f572d3baa5fa9,b751672c999e8ec6,3,Sub Office,"FINANCE DEPARTMENT > DIRECTOR OF CO-OPERATIVE AUDIT, CHENNAI > JOINT DIRECTOR OF COOPERATIVE AUDIT, MADURAI (REGION)",rti_tamil_nadu
TN-264,b2026q3_02,TN-9d6cd4f6b67cbf6e,Tamil Nadu,"PAY AND ACCOUNTS OFFICE (EAST), EGMORE, CHENNAI",rti_meta,en,portal,wave1-rti-information-v1,plain,RA3,FINANCE DEPARTMENT | Sub Office,,,,,,,,,,,,,,"PAY AND ACCOUNTS OFFICE (EAST), EGMORE, CHENNAI",FINANCE DEPARTMENT,9d6cd4f6b67cbf6e,d4df7bb9ce9df5fd,3,Sub Office,"FINANCE DEPARTMENT > DIRECTORATE OF TREASURIES AND ACCOUNTS, CHENNAI > PAY AND ACCOUNTS OFFICE (EAST), EGMORE, CHENNAI",rti_tamil_nadu
TN-265,b2026q3_02,TN-158d536c37b5f653,Tamil Nadu,"REGIONAL ASSISTANT DIRECTOR OF SMALL SAVINGS, SMALL SAVINGS WING, COLLECTORATE, CUDDALORE",rti_meta,en,portal,wave1-rti-information-v1,plain,RA2,FINANCE DEPARTMENT | Sub Office,,,,,,,,,,,,,,"REGIONAL ASSISTANT DIRECTOR OF SMALL SAVINGS, SMALL SAVINGS WING, COLLECTORATE, CUDDALORE",FINANCE DEPARTMENT,158d536c37b5f653,472bbfa7206c1686,3,Sub Office,"FINANCE DEPARTMENT > DIRECTORATE OF SMALL SAVINGS, NANDANAM, CHENNAI > REGIONAL ASSISTANT DIRECTOR OF SMALL SAVINGS, SMALL SAVINGS WING, COLLECTORATE, CUDDALORE",rti_tamil_nadu
TN-266,b2026q3_02,TN-0cb585b2ca8aa658,Tamil Nadu,"REGIONAL ASSISTANT DIRECTOR OF SMALL SAVINGS, SMALL SAVINGS WING, COLLECTORATE, ERODE",rti_meta,en,portal,wave1-rti-information-v1,legal_salience,RA2,FINANCE DEPARTMENT | Sub Office,,,,,,,,,,,,,,"REGIONAL ASSISTANT DIRECTOR OF SMALL SAVINGS, SMALL SAVINGS WING, COLLECTORATE, ERODE",FINANCE DEPARTMENT,0cb585b2ca8aa658,472bbfa7206c1686,3,Sub Office,"FINANCE DEPARTMENT > DIRECTORATE OF SMALL SAVINGS, NANDANAM, CHENNAI > REGIONAL ASSISTANT DIRECTOR OF SMALL SAVINGS, SMALL SAVINGS WING, COLLECTORATE, ERODE",rti_tamil_nadu
TN-267,b2026q3_02,TN-5313fbffc2d075cc,Tamil Nadu,"REGIONAL ASSISTANT DIRECTOR OF SMALL SAVINGS, SMALL SAVINGS WING, COLLECTORATE, PUDUKOTTAI",rti_meta,en,portal,wave1-rti-information-v1,plain,RA4,FINANCE DEPARTMENT | Sub Office,,,,,,,,,,,,,,"REGIONAL ASSISTANT DIRECTOR OF SMALL SAVINGS, SMALL SAVINGS WING, COLLECTORATE, PUDUKOTTAI",FINANCE DEPARTMENT,5313fbffc2d075cc,472bbfa7206c1686,3,Sub Office,"FINANCE DEPARTMENT > DIRECTORATE OF SMALL SAVINGS, NANDANAM, CHENNAI > REGIONAL ASSISTANT DIRECTOR OF SMALL SAVINGS, SMALL SAVINGS WING, COLLECTORATE, PUDUKOTTAI",rti_tamil_nadu
TN-268,b2026q3_02,TN-f4b496c0cd65b3a3,Tamil Nadu,"REGIONAL ASSISTANT DIRECTOR OF SMALL SAVINGS, SMALL SAVINGS WING, COLLECTORATE, THANJAVUR",rti_meta,en,portal,wave1-rti-information-v1,plain,RA2,FINANCE DEPARTMENT | Sub Office,,,,,,,,,,,,,,"REGIONAL ASSISTANT DIRECTOR OF SMALL SAVINGS, SMALL SAVINGS WING, COLLECTORATE, THANJAVUR",FINANCE DEPARTMENT,f4b496c0cd65b3a3,472bbfa7206c1686,3,Sub Office,"FINANCE DEPARTMENT > DIRECTORATE OF SMALL SAVINGS, NANDANAM, CHENNAI > REGIONAL ASSISTANT DIRECTOR OF SMALL SAVINGS, SMALL SAVINGS WING, COLLECTORATE, THANJAVUR",rti_tamil_nadu
TN-269,b2026q3_02,TN-d528bbfd672f43ac,Tamil Nadu,"REGIONAL JOINT DIRECTOR, LOCAL FUND AUDIT, SALEM",rti_meta,en,portal,wave1-rti-information-v1,plain,RA3,FINANCE DEPARTMENT | Sub Office,,,,,,,,,,,,,,"REGIONAL JOINT DIRECTOR, LOCAL FUND AUDIT, SALEM",FINANCE DEPARTMENT,d528bbfd672f43ac,de0482486eb8d7c6,3,Sub Office,"FINANCE DEPARTMENT > DIRECTORATE OF LOCAL FUND AUDIT, NANDANAM, CHENNAI > REGIONAL JOINT DIRECTOR, LOCAL FUND AUDIT, SALEM",rti_tamil_nadu
TN-270,b2026q3_02,TN-e83bfefd09e366c9,Tamil Nadu,"ASSISTANT DIRECTOR OF COOPERATIVE AUDIT, ARIYALUR",rti_meta,en,portal,wave1-rti-information-v1,plain,RA2,FINANCE DEPARTMENT | Sub Office,,,,,,,,,,,,,,"ASSISTANT DIRECTOR OF COOPERATIVE AUDIT, ARIYALUR",FINANCE DEPARTMENT,e83bfefd09e366c9,ac6273ce5da30e08,4,Sub Office,"FINANCE DEPARTMENT > DIRECTOR OF CO-OPERATIVE AUDIT, CHENNAI > JOINT DIRECTOR OF COOPERATIVE AUDIT, VILLUPURAM(REGION) > ASSISTANT DIRECTOR OF COOPERATIVE AUDIT, ARIYALUR",rti_tamil_nadu
TN-271,b2026q3_02,TN-0b1044fe9aa74f9f,Tamil Nadu,"ASSISTANT DIRECTOR OF COOPERATIVE AUDIT, KARUR",rti_meta,en,portal,wave1-rti-information-v1,legal_salience,RA1,FINANCE DEPARTMENT | Sub Office,,,,,,,,,,,,,,"ASSISTANT DIRECTOR OF COOPERATIVE AUDIT, KARUR",FINANCE DEPARTMENT,0b1044fe9aa74f9f,224e6d8782a8f4b7,4,Sub Office,"FINANCE DEPARTMENT > DIRECTOR OF CO-OPERATIVE AUDIT, CHENNAI > JOINT DIRECTOR OF COOPERATIVE AUDIT, SALEM REGION > ASSISTANT DIRECTOR OF COOPERATIVE AUDIT, KARUR",rti_tamil_nadu
TN-272,b2026q3_02,TN-525f74d6a8cb368b,Tamil Nadu,"ASSISTANT DIRECTOR OF COOPERATIVE AUDIT, THIRUVANNAMALAI",rti_meta,en,portal,wave1-rti-information-v1,plain,RA4,FINANCE DEPARTMENT | Sub Office,,,,,,,,,,,,,,"ASSISTANT DIRECTOR OF COOPERATIVE AUDIT, THIRUVANNAMALAI",FINANCE DEPARTMENT,525f74d6a8cb368b,ac6273ce5da30e08,4,Sub Office,"FINANCE DEPARTMENT > DIRECTOR OF CO-OPERATIVE AUDIT, CHENNAI > JOINT DIRECTOR OF COOPERATIVE AUDIT, VILLUPURAM(REGION) > ASSISTANT DIRECTOR OF COOPERATIVE AUDIT, THIRUVANNAMALAI",rti_tamil_nadu
TN-273,b2026q3_02,TN-033a9d8c65dbddc5,Tamil Nadu,"ASSISTANT DIRECTOR, LOCAL FUND AUDIT DEPARTMENT, VIRUDHUNAGAR",rti_meta,en,portal,wave1-rti-information-v1,legal_salience,RA4,FINANCE DEPARTMENT | Sub Office,,,,,,,,,,,,,,"ASSISTANT DIRECTOR, LOCAL FUND AUDIT DEPARTMENT, VIRUDHUNAGAR",FINANCE DEPARTMENT,033a9d8c65dbddc5,d60366fcc0871a47,4,Sub Office,"FINANCE DEPARTMENT > DIRECTORATE OF LOCAL FUND AUDIT, NANDANAM, CHENNAI > REGIONAL JOINT DIRECTOR, LOCAL FUND AUDIT, TIRUNELVELI > ASSISTANT DIRECTOR, LOCAL FUND AUDIT DEPARTMENT, VIRUDHUNAGAR",rti_tamil_nadu
TN-274,b2026q3_02,TN-6c4866e133cb3a8c,Tamil Nadu,"ASSISTANT DIRECTOR, LOCAL FUND AUDIT, DHARMAPURI",rti_meta,en,portal,wave1-rti-information-v1,plain,RA1,FINANCE DEPARTMENT | Sub Office,,,,,,,,,,,,,,"ASSISTANT DIRECTOR, LOCAL FUND AUDIT, DHARMAPURI",FINANCE DEPARTMENT,6c4866e133cb3a8c,d528bbfd672f43ac,4,Sub Office,"FINANCE DEPARTMENT > DIRECTORATE OF LOCAL FUND AUDIT, NANDANAM, CHENNAI > REGIONAL JOINT DIRECTOR, LOCAL FUND AUDIT, SALEM > ASSISTANT DIRECTOR, LOCAL FUND AUDIT, DHARMAPURI",rti_tamil_nadu
TN-275,b2026q3_02,TN-b13526f20421dc7d,Tamil Nadu,"ASSISTANT DIRECTOR, LOCAL FUND AUDIT, TAMIL UNIVERSITY CONCURRENT AUDIT, THANJAVUR",rti_meta,en,portal,wave1-rti-information-v1,plain,RA3,FINANCE DEPARTMENT | Sub Office,,,,,,,,,,,,,,"ASSISTANT DIRECTOR, LOCAL FUND AUDIT, TAMIL UNIVERSITY CONCURRENT AUDIT, THANJAVUR",FINANCE DEPARTMENT,b13526f20421dc7d,d53c929a9142f022,4,Sub Office,"FINANCE DEPARTMENT > DIRECTORATE OF LOCAL FUND AUDIT, NANDANAM, CHENNAI > REGIONAL JOINT DIRECTOR, LOCAL FUND AUDIT, TIRUCHIRAPPALLI > ASSISTANT DIRECTOR, LOCAL FUND AUDIT, TAMIL UNIVERSITY CONCURRENT AUDIT, THANJAVUR",rti_tamil_nadu
TN-276,b2026q3_02,TN-af4e6c2d7aae0aa4,Tamil Nadu,"ASSISTANT SUPERINTENDENT OF STAMPS OFFICE, NANDHANAM, CHENNAI",rti_meta,en,portal,wave1-rti-information-v1,plain,RA1,FINANCE DEPARTMENT | Sub Office,,,,,,,,,,,,,,"ASSISTANT SUPERINTENDENT OF STAMPS OFFICE, NANDHANAM, CHENNAI",FINANCE DEPARTMENT,af4e6c2d7aae0aa4,20175d722525bd4e,4,Sub Office,"FINANCE DEPARTMENT > DIRECTORATE OF TREASURIES AND ACCOUNTS, CHENNAI > REGIONAL JOINT DIRECTORATE TREASURIES AND ACCOUNTS, NANDANAM, CHENNAI > ASSISTANT SUPERINTENDENT OF STAMPS OFFICE, NANDHANAM, CHENNAI",rti_tamil_nadu
TN-277,b2026q3_02,TN-edd202108910a73a,Tamil Nadu,"DEPUTY DIRECTOR, LOCAL FUND AUDIT, TRICHY CITY CORPORATION, TRICHY",rti_meta,en,portal,wave1-rti-information-v1,plain,RA3,FINANCE DEPARTMENT | Sub Office,,,,,,,,,,,,,,"DEPUTY DIRECTOR, LOCAL FUND AUDIT, TRICHY CITY CORPORATION, TRICHY",FINANCE DEPARTMENT,edd202108910a73a,d53c929a9142f022,4,Sub Office,"FINANCE DEPARTMENT > DIRECTORATE OF LOCAL FUND AUDIT, NANDANAM, CHENNAI > REGIONAL JOINT DIRECTOR, LOCAL FUND AUDIT, TIRUCHIRAPPALLI > DEPUTY DIRECTOR, LOCAL FUND AUDIT, TRICHY CITY CORPORATION, TRICHY",rti_tamil_nadu
TN-278,b2026q3_02,TN-73f03aed9e152ba4,Tamil Nadu,"DISTRICT TREASURY, OOTY",rti_meta,en,portal,wave1-rti-information-v1,plain,RA2,FINANCE DEPARTMENT | Sub Office,,,,,,,,,,,,,,"DISTRICT TREASURY, OOTY",FINANCE DEPARTMENT,73f03aed9e152ba4,7c3f8e98e96515da,4,Sub Office,"FINANCE DEPARTMENT > DIRECTORATE OF TREASURIES AND ACCOUNTS, CHENNAI > REGIONAL JOINT DIRECTORATE TREASURIES AND ACCOUNTS, COIMBATORE. > DISTRICT TREASURY, OOTY",rti_tamil_nadu
TN-279,b2026q3_02,TN-05ec882722eced69,Tamil Nadu,"DISTRICT TREASURY, TIRUPATHUR",rti_meta,en,portal,wave1-rti-information-v1,plain,RA4,FINANCE DEPARTMENT | Sub Office,,,,,,,,,,,,,,"DISTRICT TREASURY, TIRUPATHUR",FINANCE DEPARTMENT,05ec882722eced69,870c4b68857930d7,4,Sub Office,"FINANCE DEPARTMENT > DIRECTORATE OF TREASURIES AND ACCOUNTS, CHENNAI > REGIONAL JOINT DIRECTORATE TREASURIES AND ACCOUNTS, VELLORE > DISTRICT TREASURY, TIRUPATHUR",rti_tamil_nadu
TN-280,b2026q3_02,TN-e8b20842b27412d3,Tamil Nadu,"PENSION PAY OFFICE CHENNAI, NANDANAM, CHENNAI",rti_meta,en,portal,wave1-rti-information-v1,plain,RA1,FINANCE DEPARTMENT | Sub Office,,,,,,,,,,,,,,"PENSION PAY OFFICE CHENNAI, NANDANAM, CHENNAI",FINANCE DEPARTMENT,e8b20842b27412d3,20175d722525bd4e,4,Sub Office,"FINANCE DEPARTMENT > DIRECTORATE OF TREASURIES AND ACCOUNTS, CHENNAI > REGIONAL JOINT DIRECTORATE TREASURIES AND ACCOUNTS, NANDANAM, CHENNAI > PENSION PAY OFFICE CHENNAI, NANDANAM, CHENNAI",rti_tamil_nadu
TN-281,b2026q3_02,TN-5869a8aa851cb2f8,Tamil Nadu,"HANDLOOMS, HANDICRAFTS, TEXTILES AND KHADI DEPARTMENT",rti_meta,en,portal,wave1-rti-information-v1,legal_salience,RA1,"HANDLOOMS, HANDICRAFTS, TEXTILES AND KHADI DEPARTMENT | Department",,,,,,,,,,,,,,"HANDLOOMS, HANDICRAFTS, TEXTILES AND KHADI DEPARTMENT","HANDLOOMS, HANDICRAFTS, TEXTILES AND KHADI DEPARTMENT",5869a8aa851cb2f8,displayPa,1,Department,"HANDLOOMS, HANDICRAFTS, TEXTILES AND KHADI DEPARTMENT",rti_tamil_nadu
TN-282,b2026q3_02,TN-f72c67f3ab251600,Tamil Nadu,CO OPTEX,rti_meta,en,portal,wave1-rti-information-v1,plain,RA4,"HANDLOOMS, HANDICRAFTS, TEXTILES AND KHADI DEPARTMENT | Head of Department",,,,,,,,,,,,,,CO OPTEX,"HANDLOOMS, HANDICRAFTS, TEXTILES AND KHADI DEPARTMENT",f72c67f3ab251600,5869a8aa851cb2f8,2,Head of Department,"HANDLOOMS, HANDICRAFTS, TEXTILES AND KHADI DEPARTMENT > CO OPTEX",rti_tamil_nadu
TN-283,b2026q3_02,TN-2e4b6190678c41a7,Tamil Nadu,DIRECTORATE OF SERICULTURE,rti_meta,en,portal,wave1-rti-information-v1,legal_salience,RA2,"HANDLOOMS, HANDICRAFTS, TEXTILES AND KHADI DEPARTMENT | Head of Department",,,,,,,,,,,,,,DIRECTORATE OF SERICULTURE,"HANDLOOMS, HANDICRAFTS, TEXTILES AND KHADI DEPARTMENT",2e4b6190678c41a7,5869a8aa851cb2f8,2,Head of Department,"HANDLOOMS, HANDICRAFTS, TEXTILES AND KHADI DEPARTMENT > DIRECTORATE OF SERICULTURE",rti_tamil_nadu
TN-284,b2026q3_02,TN-b4d7b19faced7d4c,Tamil Nadu,TAMIL NADU KHADI AND VILLAGE INDUSTRIES BOARD,rti_meta,en,portal,wave1-rti-information-v1,plain,RA2,"HANDLOOMS, HANDICRAFTS, TEXTILES AND KHADI DEPARTMENT | Head of Department",,,,,,,,,,,,,,TAMIL NADU KHADI AND VILLAGE INDUSTRIES BOARD,"HANDLOOMS, HANDICRAFTS, TEXTILES AND KHADI DEPARTMENT",b4d7b19faced7d4c,5869a8aa851cb2f8,2,Head of Department,"HANDLOOMS, HANDICRAFTS, TEXTILES AND KHADI DEPARTMENT > TAMIL NADU KHADI AND VILLAGE INDUSTRIES BOARD",rti_tamil_nadu
TN-285,b2026q3_02,TN-ceeefd9aa8e7996e,Tamil Nadu,THE TAMIL NADU HANDICRAFTS DEVELOPMENT CORPORATION LTD,rti_meta,en,portal,wave1-rti-information-v1,plain,RA1,"HANDLOOMS, HANDICRAFTS, TEXTILES AND KHADI DEPARTMENT | Head of Department",,,,,,,,,,,,,,THE TAMIL NADU HANDICRAFTS DEVELOPMENT CORPORATION LTD,"HANDLOOMS, HANDICRAFTS, TEXTILES AND KHADI DEPARTMENT",ceeefd9aa8e7996e,5869a8aa851cb2f8,2,Head of Department,"HANDLOOMS, HANDICRAFTS, TEXTILES AND KHADI DEPARTMENT > THE TAMIL NADU HANDICRAFTS DEVELOPMENT CORPORATION LTD",rti_tamil_nadu
TN-286,b2026q3_02,TN-7f9e045f40bcf7c1,Tamil Nadu,"ASSISTANT DIRECTOR OF HANDLOOMS, COIMBATORE",rti_meta,en,portal,wave1-rti-information-v1,legal_salience,RA4,"HANDLOOMS, HANDICRAFTS, TEXTILES AND KHADI DEPARTMENT | Sub Office",,,,,,,,,,,,,,"ASSISTANT DIRECTOR OF HANDLOOMS, COIMBATORE","HANDLOOMS, HANDICRAFTS, TEXTILES AND KHADI DEPARTMENT",7f9e045f40bcf7c1,e321862af4d9601a,3,Sub Office,"HANDLOOMS, HANDICRAFTS, TEXTILES AND KHADI DEPARTMENT > DEPARTMENT OF HANDLOOMS > ASSISTANT DIRECTOR OF HANDLOOMS, COIMBATORE",rti_tamil_nadu
TN-287,b2026q3_02,TN-f514d657b2f978df,Tamil Nadu,"ASSISTANT DIRECTOR OF HANDLOOMS, TIRUPUR",rti_meta,en,portal,wave1-rti-information-v1,legal_salience,RA3,"HANDLOOMS, HANDICRAFTS, TEXTILES AND KHADI DEPARTMENT | Sub Office",,,,,,,,,,,,,,"ASSISTANT DIRECTOR OF HANDLOOMS, TIRUPUR","HANDLOOMS, HANDICRAFTS, TEXTILES AND KHADI DEPARTMENT",f514d657b2f978df,e321862af4d9601a,3,Sub Office,"HANDLOOMS, HANDICRAFTS, TEXTILES AND KHADI DEPARTMENT > DEPARTMENT OF HANDLOOMS > ASSISTANT DIRECTOR OF HANDLOOMS, TIRUPUR",rti_tamil_nadu
TN-288,b2026q3_02,TN-861db73c57b6daab,Tamil Nadu,"ASSISTANT DIRECTOR OF HANDLOOMS, TIRUVALLUR",rti_meta,en,portal,wave1-rti-information-v1,plain,RA1,"HANDLOOMS, HANDICRAFTS, TEXTILES AND KHADI DEPARTMENT | Sub Office",,,,,,,,,,,,,,"ASSISTANT DIRECTOR OF HANDLOOMS, TIRUVALLUR","HANDLOOMS, HANDICRAFTS, TEXTILES AND KHADI DEPARTMENT",861db73c57b6daab,e321862af4d9601a,3,Sub Office,"HANDLOOMS, HANDICRAFTS, TEXTILES AND KHADI DEPARTMENT > DEPARTMENT OF HANDLOOMS > ASSISTANT DIRECTOR OF HANDLOOMS, TIRUVALLUR",rti_tamil_nadu
TN-289,b2026q3_02,TN-42403194b43644aa,Tamil Nadu,"ASSISTANT ENFORCEMENT OFFICER, THE HANDLOOM (RESERVATION OF ARTICLES FOR PRODUCTION) ACT-1985, MADURAI",rti_meta,en,portal,wave1-rti-information-v1,plain,RA2,"HANDLOOMS, HANDICRAFTS, TEXTILES AND KHADI DEPARTMENT | Sub Office",,,,,,,,,,,,,,"ASSISTANT ENFORCEMENT OFFICER, THE HANDLOOM (RESERVATION OF ARTICLES FOR PRODUCTION) ACT-1985, MADURAI","HANDLOOMS, HANDICRAFTS, TEXTILES AND KHADI DEPARTMENT",42403194b43644aa,e321862af4d9601a,3,Sub Office,"HANDLOOMS, HANDICRAFTS, TEXTILES AND KHADI DEPARTMENT > DEPARTMENT OF HANDLOOMS > ASSISTANT ENFORCEMENT OFFICER, THE HANDLOOM (RESERVATION OF ARTICLES FOR PRODUCTION) ACT-1985, MADURAI",rti_tamil_nadu
TN-290,b2026q3_02,TN-9b11f0ca133b148e,Tamil Nadu,"ASSISTANT ENFORCEMENT OFFICER, THE HANDLOOM (RESERVATION OF ARTICLES FOR PRODUCTION) ACT-1985, SALEM",rti_meta,en,portal,wave1-rti-information-v1,plain,RA2,"HANDLOOMS, HANDICRAFTS, TEXTILES AND KHADI DEPARTMENT | Sub Office",,,,,,,,,,,,,,"ASSISTANT ENFORCEMENT OFFICER, THE HANDLOOM (RESERVATION OF ARTICLES FOR PRODUCTION) ACT-1985, SALEM","HANDLOOMS, HANDICRAFTS, TEXTILES AND KHADI DEPARTMENT",9b11f0ca133b148e,e321862af4d9601a,3,Sub Office,"HANDLOOMS, HANDICRAFTS, TEXTILES AND KHADI DEPARTMENT > DEPARTMENT OF HANDLOOMS > ASSISTANT ENFORCEMENT OFFICER, THE HANDLOOM (RESERVATION OF ARTICLES FOR PRODUCTION) ACT-1985, SALEM",rti_tamil_nadu
TN-291,b2026q3_02,TN-01890bad96e98b3a,Tamil Nadu,"CO-OPERATIVE SPINNING MILLS LTD., KANNIYAKUMARI",rti_meta,en,portal,wave1-rti-information-v1,plain,RA4,"HANDLOOMS, HANDICRAFTS, TEXTILES AND KHADI DEPARTMENT | Sub Office",,,,,,,,,,,,,,"CO-OPERATIVE SPINNING MILLS LTD., KANNIYAKUMARI","HANDLOOMS, HANDICRAFTS, TEXTILES AND KHADI DEPARTMENT",01890bad96e98b3a,981f034208508eaf,3,Sub Office,"HANDLOOMS, HANDICRAFTS, TEXTILES AND KHADI DEPARTMENT > DIRECTORATE OF TEXTILES > CO-OPERATIVE SPINNING MILLS LTD., KANNIYAKUMARI",rti_tamil_nadu
TN-292,b2026q3_02,TN-f89de7eab90d5805,Tamil Nadu,"CO-OPERATIVE SPINNING MILLS LTD., TR(H)97, ARANTHANGI, PUDUKKOTTAI",rti_meta,en,portal,wave1-rti-information-v1,plain,RA3,"HANDLOOMS, HANDICRAFTS, TEXTILES AND KHADI DEPARTMENT | Sub Office",,,,,,,,,,,,,,"CO-OPERATIVE SPINNING MILLS LTD., TR(H)97, ARANTHANGI, PUDUKKOTTAI","HANDLOOMS, HANDICRAFTS, TEXTILES AND KHADI DEPARTMENT",f89de7eab90d5805,981f034208508eaf,3,Sub Office,"HANDLOOMS, HANDICRAFTS, TEXTILES AND KHADI DEPARTMENT > DIRECTORATE OF TEXTILES > CO-OPERATIVE SPINNING MILLS LTD., TR(H)97, ARANTHANGI, PUDUKKOTTAI",rti_tamil_nadu
TN-293,b2026q3_02,TN-24c1a9e581daf88c,Tamil Nadu,"DEPUTY DIRECTOR (SILK), SALEM",rti_meta,en,portal,wave1-rti-information-v1,legal_salience,RA1,"HANDLOOMS, HANDICRAFTS, TEXTILES AND KHADI DEPARTMENT | Sub Office",,,,,,,,,,,,,,"DEPUTY DIRECTOR (SILK), SALEM","HANDLOOMS, HANDICRAFTS, TEXTILES AND KHADI DEPARTMENT",24c1a9e581daf88c,b4d7b19faced7d4c,3,Sub Office,"HANDLOOMS, HANDICRAFTS, TEXTILES AND KHADI DEPARTMENT > TAMIL NADU KHADI AND VILLAGE INDUSTRIES BOARD > DEPUTY DIRECTOR (SILK), SALEM",rti_tamil_nadu
TN-294,b2026q3_02,TN-4c2c46a312adfa2e,Tamil Nadu,"DEPUTY DIRECTOR OF HANDLOOMS, KANCHIPURAM",rti_meta,en,portal,wave1-rti-information-v1,plain,RA2,"HANDLOOMS, HANDICRAFTS, TEXTILES AND KHADI DEPARTMENT | Sub Office",,,,,,,,,,,,,,"DEPUTY DIRECTOR OF HANDLOOMS, KANCHIPURAM","HANDLOOMS, HANDICRAFTS, TEXTILES AND KHADI DEPARTMENT",4c2c46a312adfa2e,e321862af4d9601a,3,Sub Office,"HANDLOOMS, HANDICRAFTS, TEXTILES AND KHADI DEPARTMENT > DEPARTMENT OF HANDLOOMS > DEPUTY DIRECTOR OF HANDLOOMS, KANCHIPURAM",rti_tamil_nadu
TN-295,b2026q3_02,TN-4e6eafb9724a0e02,Tamil Nadu,"DEPUTY DIRECTOR OF HANDLOOMS, SALEM",rti_meta,en,portal,wave1-rti-information-v1,plain,RA4,"HANDLOOMS, HANDICRAFTS, TEXTILES AND KHADI DEPARTMENT | Sub Office",,,,,,,,,,,,,,"DEPUTY DIRECTOR OF HANDLOOMS, SALEM","HANDLOOMS, HANDICRAFTS, TEXTILES AND KHADI DEPARTMENT",4e6eafb9724a0e02,e321862af4d9601a,3,Sub Office,"HANDLOOMS, HANDICRAFTS, TEXTILES AND KHADI DEPARTMENT > DEPARTMENT OF HANDLOOMS > DEPUTY DIRECTOR OF HANDLOOMS, SALEM",rti_tamil_nadu
TN-296,b2026q3_02,TN-8088cb95886368a9,Tamil Nadu,"MANAGER, POOMPUHAR BRASS & BELL METAL PRODUCTION CENTRE, NACHIARKOIL, THANJAVUR",rti_meta,en,portal,wave1-rti-information-v1,plain,RA4,"HANDLOOMS, HANDICRAFTS, TEXTILES AND KHADI DEPARTMENT | Sub Office",,,,,,,,,,,,,,"MANAGER, POOMPUHAR BRASS & BELL METAL PRODUCTION CENTRE, NACHIARKOIL, THANJAVUR","HANDLOOMS, HANDICRAFTS, TEXTILES AND KHADI DEPARTMENT",8088cb95886368a9,ceeefd9aa8e7996e,3,Sub Office,"HANDLOOMS, HANDICRAFTS, TEXTILES AND KHADI DEPARTMENT > THE TAMIL NADU HANDICRAFTS DEVELOPMENT CORPORATION LTD > MANAGER, POOMPUHAR BRASS & BELL METAL PRODUCTION CENTRE, NACHIARKOIL, THANJAVUR",rti_tamil_nadu
TN-297,b2026q3_02,TN-1d924c0ea15bcad9,Tamil Nadu,"MANAGER, POOMPUHAR SALES SHOWROOM, SALEM",rti_meta,en,portal,wave1-rti-information-v1,plain,RA3,"HANDLOOMS, HANDICRAFTS, TEXTILES AND KHADI DEPARTMENT | Sub Office",,,,,,,,,,,,,,"MANAGER, POOMPUHAR SALES SHOWROOM, SALEM","HANDLOOMS, HANDICRAFTS, TEXTILES AND KHADI DEPARTMENT",1d924c0ea15bcad9,ceeefd9aa8e7996e,3,Sub Office,"HANDLOOMS, HANDICRAFTS, TEXTILES AND KHADI DEPARTMENT > THE TAMIL NADU HANDICRAFTS DEVELOPMENT CORPORATION LTD > MANAGER, POOMPUHAR SALES SHOWROOM, SALEM",rti_tamil_nadu
TN-298,b2026q3_02,TN-4c7ca26699bb439c,Tamil Nadu,"MANAGER, POOMPUHAR SALES SHOWROOM, THANJAVUR",rti_meta,en,portal,wave1-rti-information-v1,legal_salience,RA3,"HANDLOOMS, HANDICRAFTS, TEXTILES AND KHADI DEPARTMENT | Sub Office",,,,,,,,,,,,,,"MANAGER, POOMPUHAR SALES SHOWROOM, THANJAVUR","HANDLOOMS, HANDICRAFTS, TEXTILES AND KHADI DEPARTMENT",4c7ca26699bb439c,ceeefd9aa8e7996e,3,Sub Office,"HANDLOOMS, HANDICRAFTS, TEXTILES AND KHADI DEPARTMENT > THE TAMIL NADU HANDICRAFTS DEVELOPMENT CORPORATION LTD > MANAGER, POOMPUHAR SALES SHOWROOM, THANJAVUR",rti_tamil_nadu
TN-299,b2026q3_02,TN-5369648e286f3a10,Tamil Nadu,"REGIONAL DEPUTY DIRECTOR OF SERICULTURE, TRICHY",rti_meta,en,portal,wave1-rti-information-v1,plain,RA1,"HANDLOOMS, HANDICRAFTS, TEXTILES AND KHADI DEPARTMENT | Sub Office",,,,,,,,,,,,,,"REGIONAL DEPUTY DIRECTOR OF SERICULTURE, TRICHY","HANDLOOMS, HANDICRAFTS, TEXTILES AND KHADI DEPARTMENT",5369648e286f3a10,2e4b6190678c41a7,3,Sub Office,"HANDLOOMS, HANDICRAFTS, TEXTILES AND KHADI DEPARTMENT > DIRECTORATE OF SERICULTURE > REGIONAL DEPUTY DIRECTOR OF SERICULTURE, TRICHY",rti_tamil_nadu
TN-300,b2026q3_02,TN-135fb82f0f26eed8,Tamil Nadu,"REGIONAL DEPUTY DIRECTOR OF TEXTILES, TIRUPPUR",rti_meta,en,portal,wave1-rti-information-v1,legal_salience,RA2,"HANDLOOMS, HANDICRAFTS, TEXTILES AND KHADI DEPARTMENT | Sub Office",,,,,,,,,,,,,,"REGIONAL DEPUTY DIRECTOR OF TEXTILES, TIRUPPUR","HANDLOOMS, HANDICRAFTS, TEXTILES AND KHADI DEPARTMENT",135fb82f0f26eed8,981f034208508eaf,3,Sub Office,"HANDLOOMS, HANDICRAFTS, TEXTILES AND KHADI DEPARTMENT > DIRECTORATE OF TEXTILES > REGIONAL DEPUTY DIRECTOR OF TEXTILES, TIRUPPUR",rti_tamil_nadu
TN-301,b2026q3_02,TN-6d4f2addb286c3bb,Tamil Nadu,"TAMIL NADU CO-OPERATIVE SILK PRODUCERS' FEDERATION LIMITED, KANCHIPURAM",rti_meta,en,portal,wave1-rti-information-v1,plain,RA1,"HANDLOOMS, HANDICRAFTS, TEXTILES AND KHADI DEPARTMENT | Sub Office",,,,,,,,,,,,,,"TAMIL NADU CO-OPERATIVE SILK PRODUCERS' FEDERATION LIMITED, KANCHIPURAM","HANDLOOMS, HANDICRAFTS, TEXTILES AND KHADI DEPARTMENT",6d4f2addb286c3bb,2e4b6190678c41a7,3,Sub Office,"HANDLOOMS, HANDICRAFTS, TEXTILES AND KHADI DEPARTMENT > DIRECTORATE OF SERICULTURE > TAMIL NADU CO-OPERATIVE SILK PRODUCERS' FEDERATION LIMITED, KANCHIPURAM",rti_tamil_nadu
TN-302,b2026q3_02,TN-73b43437c2d5c076,Tamil Nadu,"ASSISTANT DIRECTOR OF SERICULTURE (GOVT LARGE SCALE SILK FARM), TALAVADI, ERODE",rti_meta,en,portal,wave1-rti-information-v1,plain,RA4,"HANDLOOMS, HANDICRAFTS, TEXTILES AND KHADI DEPARTMENT | Sub Office",,,,,,,,,,,,,,"ASSISTANT DIRECTOR OF SERICULTURE (GOVT LARGE SCALE SILK FARM), TALAVADI, ERODE","HANDLOOMS, HANDICRAFTS, TEXTILES AND KHADI DEPARTMENT",73b43437c2d5c076,4b959a80c1952743,4,Sub Office,"HANDLOOMS, HANDICRAFTS, TEXTILES AND KHADI DEPARTMENT > DIRECTORATE OF SERICULTURE > REGIONAL JOINT DIRECTOR OF SERICULTURE, ERODE > ASSISTANT DIRECTOR OF SERICULTURE (GOVT LARGE SCALE SILK FARM), TALAVADI, ERODE",rti_tamil_nadu
TN-303,b2026q3_02,TN-d16ea3948bb0da05,Tamil Nadu,"ASSISTANT DIRECTOR OF SERICULTURE, BIKKANAPALLI (POST), KRISHNAGIRI",rti_meta,en,portal,wave1-rti-information-v1,legal_salience,RA4,"HANDLOOMS, HANDICRAFTS, TEXTILES AND KHADI DEPARTMENT | Sub Office",,,,,,,,,,,,,,"ASSISTANT DIRECTOR OF SERICULTURE, BIKKANAPALLI (POST), KRISHNAGIRI","HANDLOOMS, HANDICRAFTS, TEXTILES AND KHADI DEPARTMENT",d16ea3948bb0da05,d6e41e4af684a910,4,Sub Office,"HANDLOOMS, HANDICRAFTS, TEXTILES AND KHADI DEPARTMENT > DIRECTORATE OF SERICULTURE > DEPUTY DIRECTOR OF SERICULTURE (SEED CO-ORDINATION), HOSUR > ASSISTANT DIRECTOR OF SERICULTURE, BIKKANAPALLI (POST), KRISHNAGIRI",rti_tamil_nadu
TN-304,b2026q3_02,TN-6baeadba2fbf4368,Tamil Nadu,"ASSISTANT DIRECTOR OF SERICULTURE, COONOOR, NILGIRIS",rti_meta,en,portal,wave1-rti-information-v1,plain,RA3,"HANDLOOMS, HANDICRAFTS, TEXTILES AND KHADI DEPARTMENT | Sub Office",,,,,,,,,,,,,,"ASSISTANT DIRECTOR OF SERICULTURE, COONOOR, NILGIRIS","HANDLOOMS, HANDICRAFTS, TEXTILES AND KHADI DEPARTMENT",6baeadba2fbf4368,4b959a80c1952743,4,Sub Office,"HANDLOOMS, HANDICRAFTS, TEXTILES AND KHADI DEPARTMENT > DIRECTORATE OF SERICULTURE > REGIONAL JOINT DIRECTOR OF SERICULTURE, ERODE > ASSISTANT DIRECTOR OF SERICULTURE, COONOOR, NILGIRIS",rti_tamil_nadu
TN-305,b2026q3_02,TN-669ea1f69082680a,Tamil Nadu,"ASSISTANT DIRECTOR OF SERICULTURE, DENKANIKOTTAI ROAD, HOSUR",rti_meta,en,portal,wave1-rti-information-v1,plain,RA3,"HANDLOOMS, HANDICRAFTS, TEXTILES AND KHADI DEPARTMENT | Sub Office",,,,,,,,,,,,,,"ASSISTANT DIRECTOR OF SERICULTURE, DENKANIKOTTAI ROAD, HOSUR","HANDLOOMS, HANDICRAFTS, TEXTILES AND KHADI DEPARTMENT",669ea1f69082680a,d6e41e4af684a910,4,Sub Office,"HANDLOOMS, HANDICRAFTS, TEXTILES AND KHADI DEPARTMENT > DIRECTORATE OF SERICULTURE > DEPUTY DIRECTOR OF SERICULTURE (SEED CO-ORDINATION), HOSUR > ASSISTANT DIRECTOR OF SERICULTURE, DENKANIKOTTAI ROAD, HOSUR",rti_tamil_nadu
TN-306,b2026q3_02,TN-0e4b7fe5bbc5b2bd,Tamil Nadu,"ASSISTANT DIRECTOR OF SERICULTURE, HOSUR",rti_meta,en,portal,wave1-rti-information-v1,legal_salience,RA1,"HANDLOOMS, HANDICRAFTS, TEXTILES AND KHADI DEPARTMENT | Sub Office",,,,,,,,,,,,,,"ASSISTANT DIRECTOR OF SERICULTURE, HOSUR","HANDLOOMS, HANDICRAFTS, TEXTILES AND KHADI DEPARTMENT",0e4b7fe5bbc5b2bd,58839c76acc23113,4,Sub Office,"HANDLOOMS, HANDICRAFTS, TEXTILES AND KHADI DEPARTMENT > DIRECTORATE OF SERICULTURE > REGIONAL JOINT DIRECTOR OF SERICULTURE, DHARMAPURI > ASSISTANT DIRECTOR OF SERICULTURE, HOSUR",rti_tamil_nadu
TN-307,b2026q3_02,TN-67d208fd181e3088,Tamil Nadu,HEALTH AND FAMILY WELFARE DEPARTMENT,rti_meta,en,portal,wave1-rti-information-v1,legal_salience,RA2,HEALTH AND FAMILY WELFARE DEPARTMENT | Department,,,,,,,,,,,,,,HEALTH AND FAMILY WELFARE DEPARTMENT,HEALTH AND FAMILY WELFARE DEPARTMENT,67d208fd181e3088,displayPa,1,Department,HEALTH AND FAMILY WELFARE DEPARTMENT,rti_tamil_nadu
TN-308,b2026q3_02,TN-458c1e87decb526c,Tamil Nadu,DIRECTORATE OF FAMILY WELFARE,rti_meta,en,portal,wave1-rti-information-v1,plain,RA1,HEALTH AND FAMILY WELFARE DEPARTMENT | Head of Department,,,,,,,,,,,,,,DIRECTORATE OF FAMILY WELFARE,HEALTH AND FAMILY WELFARE DEPARTMENT,458c1e87decb526c,67d208fd181e3088,2,Head of Department,HEALTH AND FAMILY WELFARE DEPARTMENT > DIRECTORATE OF FAMILY WELFARE,rti_tamil_nadu
TN-309,b2026q3_02,TN-70072cb4f32f5e93,Tamil Nadu,DIRECTORATE OF MEDICAL AND RURAL HEALTH SERVICES,rti_meta,en,portal,wave1-rti-information-v1,plain,RA2,HEALTH AND FAMILY WELFARE DEPARTMENT | Head of Department,,,,,,,,,,,,,,DIRECTORATE OF MEDICAL AND RURAL HEALTH SERVICES,HEALTH AND FAMILY WELFARE DEPARTMENT,70072cb4f32f5e93,67d208fd181e3088,2,Head of Department,HEALTH AND FAMILY WELFARE DEPARTMENT > DIRECTORATE OF MEDICAL AND RURAL HEALTH SERVICES,rti_tamil_nadu
TN-310,b2026q3_02,TN-dffb2b33c731d420,Tamil Nadu,TAMIL NADU NURSES AND MIDWIVES COUNCIL,rti_meta,en,portal,wave1-rti-information-v1,plain,RA3,HEALTH AND FAMILY WELFARE DEPARTMENT | Head of Department,,,,,,,,,,,,,,TAMIL NADU NURSES AND MIDWIVES COUNCIL,HEALTH AND FAMILY WELFARE DEPARTMENT,dffb2b33c731d420,67d208fd181e3088,2,Head of Department,HEALTH AND FAMILY WELFARE DEPARTMENT > TAMIL NADU NURSES AND MIDWIVES COUNCIL,rti_tamil_nadu
TN-311,b2026q3_02,TN-21f26e442c0a419d,Tamil Nadu,"TAMIL NADU STATE BLINDNESS CONTROL SOCIETY, CHENNAI",rti_meta,en,portal,wave1-rti-information-v1,legal_salience,RA3,HEALTH AND FAMILY WELFARE DEPARTMENT | Head of Department,,,,,,,,,,,,,,"TAMIL NADU STATE BLINDNESS CONTROL SOCIETY, CHENNAI",HEALTH AND FAMILY WELFARE DEPARTMENT,21f26e442c0a419d,67d208fd181e3088,2,Head of Department,"HEALTH AND FAMILY WELFARE DEPARTMENT > TAMIL NADU STATE BLINDNESS CONTROL SOCIETY, CHENNAI",rti_tamil_nadu
TN-312,b2026q3_02,TN-e3b16cdb4c79aa08,Tamil Nadu,"CHIEF WATER ANALYSIS LABORATORY,TIRUNELVELI",rti_meta,en,portal,wave1-rti-information-v1,plain,RA1,HEALTH AND FAMILY WELFARE DEPARTMENT | Sub Office,,,,,,,,,,,,,,"CHIEF WATER ANALYSIS LABORATORY,TIRUNELVELI",HEALTH AND FAMILY WELFARE DEPARTMENT,e3b16cdb4c79aa08,34bb125acc9d25ff,3,Sub Office,"HEALTH AND FAMILY WELFARE DEPARTMENT > DIRECTORATE OF PUBLIC HEALTH AND PREVENTIVE MEDICINE > CHIEF WATER ANALYSIS LABORATORY,TIRUNELVELI",rti_tamil_nadu
TN-313,b2026q3_02,TN-da34f31c18d54d63,Tamil Nadu,"DISTRICT FAMILY WELFARE BUREAU, CUDDALORE",rti_meta,en,portal,wave1-rti-information-v1,plain,RA4,HEALTH AND FAMILY WELFARE DEPARTMENT | Sub Office,,,,,,,,,,,,,,"DISTRICT FAMILY WELFARE BUREAU, CUDDALORE",HEALTH AND FAMILY WELFARE DEPARTMENT,da34f31c18d54d63,458c1e87decb526c,3,Sub Office,"HEALTH AND FAMILY WELFARE DEPARTMENT > DIRECTORATE OF FAMILY WELFARE > DISTRICT FAMILY WELFARE BUREAU, CUDDALORE",rti_tamil_nadu
TN-314,b2026q3_02,TN-3a44aeccf08471d8,Tamil Nadu,"DISTRICT FAMILY WELFARE BUREAU, TIRUVANNAMALAI",rti_meta,en,portal,wave1-rti-information-v1,legal_salience,RA4,HEALTH AND FAMILY WELFARE DEPARTMENT | Sub Office,,,,,,,,,,,,,,"DISTRICT FAMILY WELFARE BUREAU, TIRUVANNAMALAI",HEALTH AND FAMILY WELFARE DEPARTMENT,3a44aeccf08471d8,458c1e87decb526c,3,Sub Office,"HEALTH AND FAMILY WELFARE DEPARTMENT > DIRECTORATE OF FAMILY WELFARE > DISTRICT FAMILY WELFARE BUREAU, TIRUVANNAMALAI",rti_tamil_nadu
TN-315,b2026q3_02,TN-40c41b59aaf9d6c7,Tamil Nadu,"DISTRICT HEAD QUARTERS HOSPITAL, KUMBAKONAM",rti_meta,en,portal,wave1-rti-information-v1,legal_salience,RA1,HEALTH AND FAMILY WELFARE DEPARTMENT | Sub Office,,,,,,,,,,,,,,"DISTRICT HEAD QUARTERS HOSPITAL, KUMBAKONAM",HEALTH AND FAMILY WELFARE DEPARTMENT,40c41b59aaf9d6c7,70072cb4f32f5e93,3,Sub Office,"HEALTH AND FAMILY WELFARE DEPARTMENT > DIRECTORATE OF MEDICAL AND RURAL HEALTH SERVICES > DISTRICT HEAD QUARTERS HOSPITAL, KUMBAKONAM",rti_tamil_nadu
TN-316,b2026q3_02,TN-64805473bb80787f,Tamil Nadu,"DISTRICT HEAD QUATRES HOSPITAL, TIRUTTANI",rti_meta,en,portal,wave1-rti-information-v1,plain,RA3,HEALTH AND FAMILY WELFARE DEPARTMENT | Sub Office,,,,,,,,,,,,,,"DISTRICT HEAD QUATRES HOSPITAL, TIRUTTANI",HEALTH AND FAMILY WELFARE DEPARTMENT,64805473bb80787f,70072cb4f32f5e93,3,Sub Office,"HEALTH AND FAMILY WELFARE DEPARTMENT > DIRECTORATE OF MEDICAL AND RURAL HEALTH SERVICES > DISTRICT HEAD QUATRES HOSPITAL, TIRUTTANI",rti_tamil_nadu
TN-317,b2026q3_02,TN-2706ce9ca9c31a23,Tamil Nadu,"FOOD ANALYSIS LABORATORY, SALEM",rti_meta,en,portal,wave1-rti-information-v1,plain,RA4,HEALTH AND FAMILY WELFARE DEPARTMENT | Sub Office,,,,,,,,,,,,,,"FOOD ANALYSIS LABORATORY, SALEM",HEALTH AND FAMILY WELFARE DEPARTMENT,2706ce9ca9c31a23,d23649917bc90d3a,3,Sub Office,"HEALTH AND FAMILY WELFARE DEPARTMENT > FOOD SAFETY AND DRUG ADMINISTRATION > FOOD ANALYSIS LABORATORY, SALEM",rti_tamil_nadu
TN-318,b2026q3_02,TN-4f339e164ef91470,Tamil Nadu,"GOVERNMENT HOSPITAL ,VATTLAGUNDU, NILAKKOTTAI",rti_meta,en,portal,wave1-rti-information-v1,plain,RA3,HEALTH AND FAMILY WELFARE DEPARTMENT | Sub Office,,,,,,,,,,,,,,"GOVERNMENT HOSPITAL ,VATTLAGUNDU, NILAKKOTTAI",HEALTH AND FAMILY WELFARE DEPARTMENT,4f339e164ef91470,70072cb4f32f5e93,3,Sub Office,"HEALTH AND FAMILY WELFARE DEPARTMENT > DIRECTORATE OF MEDICAL AND RURAL HEALTH SERVICES > GOVERNMENT HOSPITAL ,VATTLAGUNDU, NILAKKOTTAI",rti_tamil_nadu
TN-319,b2026q3_02,TN-d29c242513d48767,Tamil Nadu,"GOVERNMENT HOSPITAL, ANNAVASAL, ILLUPPUR",rti_meta,en,portal,wave1-rti-information-v1,legal_salience,RA2,HEALTH AND FAMILY WELFARE DEPARTMENT | Sub Office,,,,,,,,,,,,,,"GOVERNMENT HOSPITAL, ANNAVASAL, ILLUPPUR",HEALTH AND FAMILY WELFARE DEPARTMENT,d29c242513d48767,70072cb4f32f5e93,3,Sub Office,"HEALTH AND FAMILY WELFARE DEPARTMENT > DIRECTORATE OF MEDICAL AND RURAL HEALTH SERVICES > GOVERNMENT HOSPITAL, ANNAVASAL, ILLUPPUR",rti_tamil_nadu
TN-320,b2026q3_02,TN-1e9d335efd3c009a,Tamil Nadu,"GOVERNMENT HOSPITAL, BUDALUR",rti_meta,en,portal,wave1-rti-information-v1,legal_salience,RA2,HEALTH AND FAMILY WELFARE DEPARTMENT | Sub Office,,,,,,,,,,,,,,"GOVERNMENT HOSPITAL, BUDALUR",HEALTH AND FAMILY WELFARE DEPARTMENT,1e9d335efd3c009a,70072cb4f32f5e93,3,Sub Office,"HEALTH AND FAMILY WELFARE DEPARTMENT > DIRECTORATE OF MEDICAL AND RURAL HEALTH SERVICES > GOVERNMENT HOSPITAL, BUDALUR",rti_tamil_nadu
TN-321,b2026q3_02,TN-2cb1bd83d633f118,Tamil Nadu,"GOVERNMENT HOSPITAL, CHEYYUR",rti_meta,en,portal,wave1-rti-information-v1,legal_salience,RA3,HEALTH AND FAMILY WELFARE DEPARTMENT | Sub Office,,,,,,,,,,,,,,"GOVERNMENT HOSPITAL, CHEYYUR",HEALTH AND FAMILY WELFARE DEPARTMENT,2cb1bd83d633f118,70072cb4f32f5e93,3,Sub Office,"HEALTH AND FAMILY WELFARE DEPARTMENT > DIRECTORATE OF MEDICAL AND RURAL HEALTH SERVICES > GOVERNMENT HOSPITAL, CHEYYUR",rti_tamil_nadu
TN-322,b2026q3_02,TN-882d14efde8aa6e6,Tamil Nadu,"GOVERNMENT HOSPITAL, KILAKARAI",rti_meta,en,portal,wave1-rti-information-v1,plain,RA2,HEALTH AND FAMILY WELFARE DEPARTMENT | Sub Office,,,,,,,,,,,,,,"GOVERNMENT HOSPITAL, KILAKARAI",HEALTH AND FAMILY WELFARE DEPARTMENT,882d14efde8aa6e6,70072cb4f32f5e93,3,Sub Office,"HEALTH AND FAMILY WELFARE DEPARTMENT > DIRECTORATE OF MEDICAL AND RURAL HEALTH SERVICES > GOVERNMENT HOSPITAL, KILAKARAI",rti_tamil_nadu
TN-323,b2026q3_02,TN-6ec1e527e595d76e,Tamil Nadu,"GOVERNMENT HOSPITAL, KOLLI HILLS",rti_meta,en,portal,wave1-rti-information-v1,plain,RA2,HEALTH AND FAMILY WELFARE DEPARTMENT | Sub Office,,,,,,,,,,,,,,"GOVERNMENT HOSPITAL, KOLLI HILLS",HEALTH AND FAMILY WELFARE DEPARTMENT,6ec1e527e595d76e,70072cb4f32f5e93,3,Sub Office,"HEALTH AND FAMILY WELFARE DEPARTMENT > DIRECTORATE OF MEDICAL AND RURAL HEALTH SERVICES > GOVERNMENT HOSPITAL, KOLLI HILLS",rti_tamil_nadu
TN-324,b2026q3_02,TN-bb5b2e5ff66282aa,Tamil Nadu,"GOVERNMENT HOSPITAL, VEERAKERALAMPUTHUR",rti_meta,en,portal,wave1-rti-information-v1,plain,RA2,HEALTH AND FAMILY WELFARE DEPARTMENT | Sub Office,,,,,,,,,,,,,,"GOVERNMENT HOSPITAL, VEERAKERALAMPUTHUR",HEALTH AND FAMILY WELFARE DEPARTMENT,bb5b2e5ff66282aa,70072cb4f32f5e93,3,Sub Office,"HEALTH AND FAMILY WELFARE DEPARTMENT > DIRECTORATE OF MEDICAL AND RURAL HEALTH SERVICES > GOVERNMENT HOSPITAL, VEERAKERALAMPUTHUR",rti_tamil_nadu
TN-325,b2026q3_02,TN-ae711e4cc866ce84,Tamil Nadu,"GOVERNMENT HOSPITAL, VEPPUR, KUNNAM",rti_meta,en,portal,wave1-rti-information-v1,plain,RA3,HEALTH AND FAMILY WELFARE DEPARTMENT | Sub Office,,,,,,,,,,,,,,"GOVERNMENT HOSPITAL, VEPPUR, KUNNAM",HEALTH AND FAMILY WELFARE DEPARTMENT,ae711e4cc866ce84,70072cb4f32f5e93,3,Sub Office,"HEALTH AND FAMILY WELFARE DEPARTMENT > DIRECTORATE OF MEDICAL AND RURAL HEALTH SERVICES > GOVERNMENT HOSPITAL, VEPPUR, KUNNAM",rti_tamil_nadu
TN-326,b2026q3_02,TN-d4f39f6abd48f09b,Tamil Nadu,"GOVERNMENT MEDICAL COLLEGE, NAGAPATTINAM",rti_meta,en,portal,wave1-rti-information-v1,plain,RA1,HEALTH AND FAMILY WELFARE DEPARTMENT | Sub Office,,,,,,,,,,,,,,"GOVERNMENT MEDICAL COLLEGE, NAGAPATTINAM",HEALTH AND FAMILY WELFARE DEPARTMENT,d4f39f6abd48f09b,7936a87099ccf14d,3,Sub Office,"HEALTH AND FAMILY WELFARE DEPARTMENT > DIRECTORATE OF MEDICAL EDUCATION AND RESEARCH > GOVERNMENT MEDICAL COLLEGE, NAGAPATTINAM",rti_tamil_nadu
TN-327,b2026q3_02,TN-8c545395e493a7e1,Tamil Nadu,"GOVERNMENT MEDICAL COLLEGE, THIRUVARUR",rti_meta,en,portal,wave1-rti-information-v1,plain,RA2,HEALTH AND FAMILY WELFARE DEPARTMENT | Sub Office,,,,,,,,,,,,,,"GOVERNMENT MEDICAL COLLEGE, THIRUVARUR",HEALTH AND FAMILY WELFARE DEPARTMENT,8c545395e493a7e1,7936a87099ccf14d,3,Sub Office,"HEALTH AND FAMILY WELFARE DEPARTMENT > DIRECTORATE OF MEDICAL EDUCATION AND RESEARCH > GOVERNMENT MEDICAL COLLEGE, THIRUVARUR",rti_tamil_nadu
TN-328,b2026q3_02,TN-d6bbc9616c8d2b83,Tamil Nadu,"GOVERNMENT THIRUVARUR MEDICAL COLLEGE HOSPITAL, THIRUVARUR",rti_meta,en,portal,wave1-rti-information-v1,plain,RA1,HEALTH AND FAMILY WELFARE DEPARTMENT | Sub Office,,,,,,,,,,,,,,"GOVERNMENT THIRUVARUR MEDICAL COLLEGE HOSPITAL, THIRUVARUR",HEALTH AND FAMILY WELFARE DEPARTMENT,d6bbc9616c8d2b83,7936a87099ccf14d,3,Sub Office,"HEALTH AND FAMILY WELFARE DEPARTMENT > DIRECTORATE OF MEDICAL EDUCATION AND RESEARCH > GOVERNMENT THIRUVARUR MEDICAL COLLEGE HOSPITAL, THIRUVARUR",rti_tamil_nadu
TN-329,b2026q3_02,TN-febb5e045c2fbedc,Tamil Nadu,"GOVERNMENT TIRUVOTTESWARAR HOSPITAL OF THORACIC MEDICINE, OTTERI, AMINJIKARAI",rti_meta,en,portal,wave1-rti-information-v1,plain,RA1,HEALTH AND FAMILY WELFARE DEPARTMENT | Sub Office,,,,,,,,,,,,,,"GOVERNMENT TIRUVOTTESWARAR HOSPITAL OF THORACIC MEDICINE, OTTERI, AMINJIKARAI",HEALTH AND FAMILY WELFARE DEPARTMENT,febb5e045c2fbedc,7936a87099ccf14d,3,Sub Office,"HEALTH AND FAMILY WELFARE DEPARTMENT > DIRECTORATE OF MEDICAL EDUCATION AND RESEARCH > GOVERNMENT TIRUVOTTESWARAR HOSPITAL OF THORACIC MEDICINE, OTTERI, AMINJIKARAI",rti_tamil_nadu
TN-330,b2026q3_02,TN-4d6a279f8f96d20b,Tamil Nadu,"STANLEY MEDICAL COLLEGE, EGMORE,CHENNAI",rti_meta,en,portal,wave1-rti-information-v1,plain,RA4,HEALTH AND FAMILY WELFARE DEPARTMENT | Sub Office,,,,,,,,,,,,,,"STANLEY MEDICAL COLLEGE, EGMORE,CHENNAI",HEALTH AND FAMILY WELFARE DEPARTMENT,4d6a279f8f96d20b,7936a87099ccf14d,3,Sub Office,"HEALTH AND FAMILY WELFARE DEPARTMENT > DIRECTORATE OF MEDICAL EDUCATION AND RESEARCH > STANLEY MEDICAL COLLEGE, EGMORE,CHENNAI",rti_tamil_nadu
TN-331,b2026q3_02,TN-6f5d50a16f795f39,Tamil Nadu,"TAMIL NADU FOOD SAFETY AND DRUG ADMINISTRATION, THIRUVALLUR",rti_meta,en,portal,wave1-rti-information-v1,plain,RA4,HEALTH AND FAMILY WELFARE DEPARTMENT | Sub Office,,,,,,,,,,,,,,"TAMIL NADU FOOD SAFETY AND DRUG ADMINISTRATION, THIRUVALLUR",HEALTH AND FAMILY WELFARE DEPARTMENT,6f5d50a16f795f39,d23649917bc90d3a,3,Sub Office,"HEALTH AND FAMILY WELFARE DEPARTMENT > FOOD SAFETY AND DRUG ADMINISTRATION > TAMIL NADU FOOD SAFETY AND DRUG ADMINISTRATION, THIRUVALLUR",rti_tamil_nadu
TN-332,b2026q3_02,TN-963dcff25f64f93b,Tamil Nadu,"TAMIL NADU FOOD SAFETY AND DRUG ADMINISTRATION, TIRUVANNAMALAI",rti_meta,en,portal,wave1-rti-information-v1,legal_salience,RA4,HEALTH AND FAMILY WELFARE DEPARTMENT | Sub Office,,,,,,,,,,,,,,"TAMIL NADU FOOD SAFETY AND DRUG ADMINISTRATION, TIRUVANNAMALAI",HEALTH AND FAMILY WELFARE DEPARTMENT,963dcff25f64f93b,d23649917bc90d3a,3,Sub Office,"HEALTH AND FAMILY WELFARE DEPARTMENT > FOOD SAFETY AND DRUG ADMINISTRATION > TAMIL NADU FOOD SAFETY AND DRUG ADMINISTRATION, TIRUVANNAMALAI",rti_tamil_nadu
TN-333,b2026q3_02,TN-a64f9a40878eb1eb,Tamil Nadu,"WOMEN AND CHILDREN HOSPITAL, SIVAGANGA",rti_meta,en,portal,wave1-rti-information-v1,plain,RA3,HEALTH AND FAMILY WELFARE DEPARTMENT | Sub Office,,,,,,,,,,,,,,"WOMEN AND CHILDREN HOSPITAL, SIVAGANGA",HEALTH AND FAMILY WELFARE DEPARTMENT,a64f9a40878eb1eb,70072cb4f32f5e93,3,Sub Office,"HEALTH AND FAMILY WELFARE DEPARTMENT > DIRECTORATE OF MEDICAL AND RURAL HEALTH SERVICES > WOMEN AND CHILDREN HOSPITAL, SIVAGANGA",rti_tamil_nadu
TN-334,b2026q3_02,TN-727db04bf1f0ec2d,Tamil Nadu,"WOMEN AND CHILDREN HOSPITAL, VIJAYAPURAM, MADATHUKULAM",rti_meta,en,portal,wave1-rti-information-v1,legal_salience,RA1,HEALTH AND FAMILY WELFARE DEPARTMENT | Sub Office,,,,,,,,,,,,,,"WOMEN AND CHILDREN HOSPITAL, VIJAYAPURAM, MADATHUKULAM",HEALTH AND FAMILY WELFARE DEPARTMENT,727db04bf1f0ec2d,70072cb4f32f5e93,3,Sub Office,"HEALTH AND FAMILY WELFARE DEPARTMENT > DIRECTORATE OF MEDICAL AND RURAL HEALTH SERVICES > WOMEN AND CHILDREN HOSPITAL, VIJAYAPURAM, MADATHUKULAM",rti_tamil_nadu
TN-335,b2026q3_02,TN-1c8515a8a91d7f13,Tamil Nadu,"GOVERNMENT DISTRICT HEAD QUARTERS HOSPITAL, TENKASI",rti_meta,en,portal,wave1-rti-information-v1,plain,RA4,HEALTH AND FAMILY WELFARE DEPARTMENT | Sub Office,,,,,,,,,,,,,,"GOVERNMENT DISTRICT HEAD QUARTERS HOSPITAL, TENKASI",HEALTH AND FAMILY WELFARE DEPARTMENT,1c8515a8a91d7f13,b97d7d59eb47178a,4,Sub Office,"HEALTH AND FAMILY WELFARE DEPARTMENT > DIRECTORATE OF MEDICAL AND RURAL HEALTH SERVICES > JOINT DIRECTOR OF HEALTH SERVICES, TENKASI > GOVERNMENT DISTRICT HEAD QUARTERS HOSPITAL, TENKASI",rti_tamil_nadu
TN-336,b2026q3_02,TN-3d65b4af16d2a1ec,Tamil Nadu,HIGHER EDUCATION DEPARTMENT,rti_meta,en,portal,wave1-rti-information-v1,legal_salience,RA3,HIGHER EDUCATION DEPARTMENT | Department,,,,,,,,,,,,,,HIGHER EDUCATION DEPARTMENT,HIGHER EDUCATION DEPARTMENT,3d65b4af16d2a1ec,displayPa,1,Department,HIGHER EDUCATION DEPARTMENT,rti_tamil_nadu
TN-337,b2026q3_02,TN-4c0c73d27500164c,Tamil Nadu,ALAGAPPA UNIVESITY,rti_meta,en,portal,wave1-rti-information-v1,plain,RA3,HIGHER EDUCATION DEPARTMENT | Head of Department,,,,,,,,,,,,,,ALAGAPPA UNIVESITY,HIGHER EDUCATION DEPARTMENT,4c0c73d27500164c,3d65b4af16d2a1ec,2,Head of Department,HIGHER EDUCATION DEPARTMENT > ALAGAPPA UNIVESITY,rti_tamil_nadu
TN-338,b2026q3_02,TN-457df72bc811a60f,Tamil Nadu,"DIRECTORATE OF COLLEGIATE EDUCATION, CHENNAI",rti_meta,en,portal,wave1-rti-information-v1,plain,RA2,HIGHER EDUCATION DEPARTMENT | Head of Department,,,,,,,,,,,,,,"DIRECTORATE OF COLLEGIATE EDUCATION, CHENNAI",HIGHER EDUCATION DEPARTMENT,457df72bc811a60f,3d65b4af16d2a1ec,2,Head of Department,"HIGHER EDUCATION DEPARTMENT > DIRECTORATE OF COLLEGIATE EDUCATION, CHENNAI",rti_tamil_nadu
TN-339,b2026q3_02,TN-030f8dbc86989ee2,Tamil Nadu,TAMIL NADU STATE COUNCIL FOR SCIENCE AND TECHNOLOGY,rti_meta,en,portal,wave1-rti-information-v1,plain,RA1,HIGHER EDUCATION DEPARTMENT | Head of Department,,,,,,,,,,,,,,TAMIL NADU STATE COUNCIL FOR SCIENCE AND TECHNOLOGY,HIGHER EDUCATION DEPARTMENT,030f8dbc86989ee2,3d65b4af16d2a1ec,2,Head of Department,HIGHER EDUCATION DEPARTMENT > TAMIL NADU STATE COUNCIL FOR SCIENCE AND TECHNOLOGY,rti_tamil_nadu
TN-340,b2026q3_02,TN-92354a4b97632c49,Tamil Nadu,UNIVERSITY OF MADRAS,rti_meta,en,portal,wave1-rti-information-v1,legal_salience,RA4,HIGHER EDUCATION DEPARTMENT | Head of Department,,,,,,,,,,,,,,UNIVERSITY OF MADRAS,HIGHER EDUCATION DEPARTMENT,92354a4b97632c49,3d65b4af16d2a1ec,2,Head of Department,HIGHER EDUCATION DEPARTMENT > UNIVERSITY OF MADRAS,rti_tamil_nadu
TN-341,b2026q3_02,TN-cd600c9de8aa2585,Tamil Nadu,"GOVERNMENT POLYTECHNIC COLLEGE PALAKKODU, DHARMAPURI",rti_meta,en,portal,wave1-rti-information-v1,plain,RA1,HIGHER EDUCATION DEPARTMENT | Sub Office,,,,,,,,,,,,,,"GOVERNMENT POLYTECHNIC COLLEGE PALAKKODU, DHARMAPURI",HIGHER EDUCATION DEPARTMENT,cd600c9de8aa2585,d6273eab7296cfbc,3,Sub Office,"HIGHER EDUCATION DEPARTMENT > DIRECTORATE OF TECHNICAL EDUCATION > GOVERNMENT POLYTECHNIC COLLEGE PALAKKODU, DHARMAPURI",rti_tamil_nadu
TN-342,b2026q3_02,TN-506d83cd529c46ea,Tamil Nadu,"JOINT DIRECTOR OF COLLEGIATE EDUCATION, TIRUNELVELI REGION",rti_meta,en,portal,wave1-rti-information-v1,legal_salience,RA3,HIGHER EDUCATION DEPARTMENT | Sub Office,,,,,,,,,,,,,,"JOINT DIRECTOR OF COLLEGIATE EDUCATION, TIRUNELVELI REGION",HIGHER EDUCATION DEPARTMENT,506d83cd529c46ea,457df72bc811a60f,3,Sub Office,"HIGHER EDUCATION DEPARTMENT > DIRECTORATE OF COLLEGIATE EDUCATION, CHENNAI > JOINT DIRECTOR OF COLLEGIATE EDUCATION, TIRUNELVELI REGION",rti_tamil_nadu
TN-343,b2026q3_02,TN-6be0d52542580bb5,Tamil Nadu,"MUTHIAH POLYTECHNIC COLLEGE, ANNAMALAINAGAR, CHIDAMBARAM",rti_meta,en,portal,wave1-rti-information-v1,plain,RA3,HIGHER EDUCATION DEPARTMENT | Sub Office,,,,,,,,,,,,,,"MUTHIAH POLYTECHNIC COLLEGE, ANNAMALAINAGAR, CHIDAMBARAM",HIGHER EDUCATION DEPARTMENT,6be0d52542580bb5,d6273eab7296cfbc,3,Sub Office,"HIGHER EDUCATION DEPARTMENT > DIRECTORATE OF TECHNICAL EDUCATION > MUTHIAH POLYTECHNIC COLLEGE, ANNAMALAINAGAR, CHIDAMBARAM",rti_tamil_nadu
TN-344,b2026q3_02,TN-70839347365e3f18,Tamil Nadu,"GOVERNMENT ARTS & SCIENCE COLLEGE, TIRUPATHUR.",rti_meta,en,portal,wave1-rti-information-v1,plain,RA2,HIGHER EDUCATION DEPARTMENT | Sub Office,,,,,,,,,,,,,,"GOVERNMENT ARTS & SCIENCE COLLEGE, TIRUPATHUR.",HIGHER EDUCATION DEPARTMENT,70839347365e3f18,7680cc610928d204,4,Sub Office,"HIGHER EDUCATION DEPARTMENT > DIRECTORATE OF COLLEGIATE EDUCATION, CHENNAI > JOINT DIRECTOR OF COLLEGIATE EDUCATION, VELLORE REGION > GOVERNMENT ARTS & SCIENCE COLLEGE, TIRUPATHUR.",rti_tamil_nadu
TN-345,b2026q3_02,TN-d7a110e60f9127c7,Tamil Nadu,"GOVERNMENT ARTS AND SCIENCE COLLEGE FOR WOMEN, ORATHANADU, THANJAVUR",rti_meta,en,portal,wave1-rti-information-v1,legal_salience,RA3,HIGHER EDUCATION DEPARTMENT | Sub Office,,,,,,,,,,,,,,"GOVERNMENT ARTS AND SCIENCE COLLEGE FOR WOMEN, ORATHANADU, THANJAVUR",HIGHER EDUCATION DEPARTMENT,d7a110e60f9127c7,934ebb1e3687e05f,4,Sub Office,"HIGHER EDUCATION DEPARTMENT > DIRECTORATE OF COLLEGIATE EDUCATION, CHENNAI > JOINT DIRECTOR OF COLLEGIATE EDUCATION, THANJAVUR REGION > GOVERNMENT ARTS AND SCIENCE COLLEGE FOR WOMEN, ORATHANADU, THANJAVUR",rti_tamil_nadu
TN-346,b2026q3_02,TN-6aff5ddd6b27c36e,Tamil Nadu,"GOVERNMENT ARTS AND SCIENCE COLLEGE FOR WOMEN, PULIYANKULAM, COIMBATORE",rti_meta,en,portal,wave1-rti-information-v1,plain,RA4,HIGHER EDUCATION DEPARTMENT | Sub Office,,,,,,,,,,,,,,"GOVERNMENT ARTS AND SCIENCE COLLEGE FOR WOMEN, PULIYANKULAM, COIMBATORE",HIGHER EDUCATION DEPARTMENT,6aff5ddd6b27c36e,80d96e646e4833d1,4,Sub Office,"HIGHER EDUCATION DEPARTMENT > DIRECTORATE OF COLLEGIATE EDUCATION, CHENNAI > JOINT DIRECTOR OF COLLEGIATE EDUCATION, COIMBATORE REGION > GOVERNMENT ARTS AND SCIENCE COLLEGE FOR WOMEN, PULIYANKULAM, COIMBATORE",rti_tamil_nadu
TN-347,b2026q3_02,TN-ef779d4f2ad414b3,Tamil Nadu,"GOVERNMENT ARTS AND SCIENCE COLLEGE, KADAIYANALLUR, TENKASI",rti_meta,en,portal,wave1-rti-information-v1,legal_salience,RA4,HIGHER EDUCATION DEPARTMENT | Sub Office,,,,,,,,,,,,,,"GOVERNMENT ARTS AND SCIENCE COLLEGE, KADAIYANALLUR, TENKASI",HIGHER EDUCATION DEPARTMENT,ef779d4f2ad414b3,506d83cd529c46ea,4,Sub Office,"HIGHER EDUCATION DEPARTMENT > DIRECTORATE OF COLLEGIATE EDUCATION, CHENNAI > JOINT DIRECTOR OF COLLEGIATE EDUCATION, TIRUNELVELI REGION > GOVERNMENT ARTS AND SCIENCE COLLEGE, KADAIYANALLUR, TENKASI",rti_tamil_nadu
TN-348,b2026q3_02,TN-e3262381e758cea7,Tamil Nadu,"GOVERNMENT ARTS AND SCIENCE COLLEGE, MANAMADURAI, SIVAGANGA",rti_meta,en,portal,wave1-rti-information-v1,plain,RA1,HIGHER EDUCATION DEPARTMENT | Sub Office,,,,,,,,,,,,,,"GOVERNMENT ARTS AND SCIENCE COLLEGE, MANAMADURAI, SIVAGANGA",HIGHER EDUCATION DEPARTMENT,e3262381e758cea7,2c6eca35ba305b85,4,Sub Office,"HIGHER EDUCATION DEPARTMENT > DIRECTORATE OF COLLEGIATE EDUCATION, CHENNAI > JOINT DIRECTOR OF COLLEGIATE EDUCATION, MADURAI REGION > GOVERNMENT ARTS AND SCIENCE COLLEGE, MANAMADURAI, SIVAGANGA",rti_tamil_nadu
TN-349,b2026q3_02,TN-9aeeb55077896334,Tamil Nadu,"GOVERNMENT ARTS AND SCIENCE COLLEGE, THIRUVOTTIYUR, CHENNAI",rti_meta,en,portal,wave1-rti-information-v1,plain,RA3,HIGHER EDUCATION DEPARTMENT | Sub Office,,,,,,,,,,,,,,"GOVERNMENT ARTS AND SCIENCE COLLEGE, THIRUVOTTIYUR, CHENNAI",HIGHER EDUCATION DEPARTMENT,9aeeb55077896334,9eec4e1b8f93cb06,4,Sub Office,"HIGHER EDUCATION DEPARTMENT > DIRECTORATE OF COLLEGIATE EDUCATION, CHENNAI > JOINT DIRECTOR OF COLLEGIATE EDUCATION, CHENNAI REGION > GOVERNMENT ARTS AND SCIENCE COLLEGE, THIRUVOTTIYUR, CHENNAI",rti_tamil_nadu
TN-350,b2026q3_02,TN-697e6610dc0fcb06,Tamil Nadu,"GOVERNMENT COLLEGE OF EDUCATION FOR WOMEN, COIMBATORE.",rti_meta,en,portal,wave1-rti-information-v1,legal_salience,RA2,HIGHER EDUCATION DEPARTMENT | Sub Office,,,,,,,,,,,,,,"GOVERNMENT COLLEGE OF EDUCATION FOR WOMEN, COIMBATORE.",HIGHER EDUCATION DEPARTMENT,697e6610dc0fcb06,80d96e646e4833d1,4,Sub Office,"HIGHER EDUCATION DEPARTMENT > DIRECTORATE OF COLLEGIATE EDUCATION, CHENNAI > JOINT DIRECTOR OF COLLEGIATE EDUCATION, COIMBATORE REGION > GOVERNMENT COLLEGE OF EDUCATION FOR WOMEN, COIMBATORE.",rti_tamil_nadu
TN-351,b2026q3_02,TN-2ad82928addcedd8,Tamil Nadu,"JEYARAJ ANNAPACKIAM COLLEGE (AUTONOMOUS), THENI.",rti_meta,en,portal,wave1-rti-information-v1,legal_salience,RA1,HIGHER EDUCATION DEPARTMENT | Sub Office,,,,,,,,,,,,,,"JEYARAJ ANNAPACKIAM COLLEGE (AUTONOMOUS), THENI.",HIGHER EDUCATION DEPARTMENT,2ad82928addcedd8,2c6eca35ba305b85,4,Sub Office,"HIGHER EDUCATION DEPARTMENT > DIRECTORATE OF COLLEGIATE EDUCATION, CHENNAI > JOINT DIRECTOR OF COLLEGIATE EDUCATION, MADURAI REGION > JEYARAJ ANNAPACKIAM COLLEGE (AUTONOMOUS), THENI.",rti_tamil_nadu
TN-352,b2026q3_02,TN-c269f20e5468850b,Tamil Nadu,"KAMARAJ COLLEGE, THOOTHUKUDI.",rti_meta,en,portal,wave1-rti-information-v1,legal_salience,RA4,HIGHER EDUCATION DEPARTMENT | Sub Office,,,,,,,,,,,,,,"KAMARAJ COLLEGE, THOOTHUKUDI.",HIGHER EDUCATION DEPARTMENT,c269f20e5468850b,506d83cd529c46ea,4,Sub Office,"HIGHER EDUCATION DEPARTMENT > DIRECTORATE OF COLLEGIATE EDUCATION, CHENNAI > JOINT DIRECTOR OF COLLEGIATE EDUCATION, TIRUNELVELI REGION > KAMARAJ COLLEGE, THOOTHUKUDI.",rti_tamil_nadu
TN-353,b2026q3_02,TN-115d8041e40df077,Tamil Nadu,"LADY WILLINGTON INSTITUTE OF ADVANCED STUDY IN EDUCATION, CHENNAI.",rti_meta,en,portal,wave1-rti-information-v1,plain,RA1,HIGHER EDUCATION DEPARTMENT | Sub Office,,,,,,,,,,,,,,"LADY WILLINGTON INSTITUTE OF ADVANCED STUDY IN EDUCATION, CHENNAI.",HIGHER EDUCATION DEPARTMENT,115d8041e40df077,9eec4e1b8f93cb06,4,Sub Office,"HIGHER EDUCATION DEPARTMENT > DIRECTORATE OF COLLEGIATE EDUCATION, CHENNAI > JOINT DIRECTOR OF COLLEGIATE EDUCATION, CHENNAI REGION > LADY WILLINGTON INSTITUTE OF ADVANCED STUDY IN EDUCATION, CHENNAI.",rti_tamil_nadu
TN-354,b2026q3_02,TN-7f8e810ff6541e26,Tamil Nadu,"NEHRU MEMORIAL COLLEGE, PUTHANAMPATTI, TIRUCHY",rti_meta,en,portal,wave1-rti-information-v1,plain,RA4,HIGHER EDUCATION DEPARTMENT | Sub Office,,,,,,,,,,,,,,"NEHRU MEMORIAL COLLEGE, PUTHANAMPATTI, TIRUCHY",HIGHER EDUCATION DEPARTMENT,7f8e810ff6541e26,1305f3d523249372,4,Sub Office,"HIGHER EDUCATION DEPARTMENT > DIRECTORATE OF COLLEGIATE EDUCATION, CHENNAI > JOINT DIRECTOR OF COLLEGIATE EDUCATION, TRICHY REGION > NEHRU MEMORIAL COLLEGE, PUTHANAMPATTI, TIRUCHY",rti_tamil_nadu
TN-355,b2026q3_02,TN-3f70dd15092bc39d,Tamil Nadu,"PURATCHI THALAIVAR DR MGR GOVERNMENT ARTS AND SCIENCE COLLEGE, MADHANUR, TIRUPATHUR",rti_meta,en,portal,wave1-rti-information-v1,plain,RA3,HIGHER EDUCATION DEPARTMENT | Sub Office,,,,,,,,,,,,,,"PURATCHI THALAIVAR DR MGR GOVERNMENT ARTS AND SCIENCE COLLEGE, MADHANUR, TIRUPATHUR",HIGHER EDUCATION DEPARTMENT,3f70dd15092bc39d,7680cc610928d204,4,Sub Office,"HIGHER EDUCATION DEPARTMENT > DIRECTORATE OF COLLEGIATE EDUCATION, CHENNAI > JOINT DIRECTOR OF COLLEGIATE EDUCATION, VELLORE REGION > PURATCHI THALAIVAR DR MGR GOVERNMENT ARTS AND SCIENCE COLLEGE, MADHANUR, TIRUPATHUR",rti_tamil_nadu
TN-356,b2026q3_02,TN-c9191006cc71dce1,Tamil Nadu,"SENTHAMIZH ART COLLEGE, MADURAI.",rti_meta,en,portal,wave1-rti-information-v1,plain,RA4,HIGHER EDUCATION DEPARTMENT | Sub Office,,,,,,,,,,,,,,"SENTHAMIZH ART COLLEGE, MADURAI.",HIGHER EDUCATION DEPARTMENT,c9191006cc71dce1,2c6eca35ba305b85,4,Sub Office,"HIGHER EDUCATION DEPARTMENT > DIRECTORATE OF COLLEGIATE EDUCATION, CHENNAI > JOINT DIRECTOR OF COLLEGIATE EDUCATION, MADURAI REGION > SENTHAMIZH ART COLLEGE, MADURAI.",rti_tamil_nadu
TN-357,b2026q3_02,TN-10ba2493b32a91eb,Tamil Nadu,"SREE DEVI KUMARI WOMEN S COLLEGE, KUZHITHURAI, KANNIYAKUMARI",rti_meta,en,portal,wave1-rti-information-v1,plain,RA2,HIGHER EDUCATION DEPARTMENT | Sub Office,,,,,,,,,,,,,,"SREE DEVI KUMARI WOMEN S COLLEGE, KUZHITHURAI, KANNIYAKUMARI",HIGHER EDUCATION DEPARTMENT,10ba2493b32a91eb,506d83cd529c46ea,4,Sub Office,"HIGHER EDUCATION DEPARTMENT > DIRECTORATE OF COLLEGIATE EDUCATION, CHENNAI > JOINT DIRECTOR OF COLLEGIATE EDUCATION, TIRUNELVELI REGION > SREE DEVI KUMARI WOMEN S COLLEGE, KUZHITHURAI, KANNIYAKUMARI",rti_tamil_nadu
TN-358,b2026q3_02,TN-155267e13f8e0f70,Tamil Nadu,"SRI SATHGURU SANGEETHA VIDYALAYAM, MADURAI.",rti_meta,en,portal,wave1-rti-information-v1,plain,RA3,HIGHER EDUCATION DEPARTMENT | Sub Office,,,,,,,,,,,,,,"SRI SATHGURU SANGEETHA VIDYALAYAM, MADURAI.",HIGHER EDUCATION DEPARTMENT,155267e13f8e0f70,2c6eca35ba305b85,4,Sub Office,"HIGHER EDUCATION DEPARTMENT > DIRECTORATE OF COLLEGIATE EDUCATION, CHENNAI > JOINT DIRECTOR OF COLLEGIATE EDUCATION, MADURAI REGION > SRI SATHGURU SANGEETHA VIDYALAYAM, MADURAI.",rti_tamil_nadu
TN-359,b2026q3_02,TN-ca9203cb87a41bfa,Tamil Nadu,"ST. JOSEPH'S COLLEGE, TIRUCHY.",rti_meta,en,portal,wave1-rti-information-v1,plain,RA4,HIGHER EDUCATION DEPARTMENT | Sub Office,,,,,,,,,,,,,,"ST. JOSEPH'S COLLEGE, TIRUCHY.",HIGHER EDUCATION DEPARTMENT,ca9203cb87a41bfa,1305f3d523249372,4,Sub Office,"HIGHER EDUCATION DEPARTMENT > DIRECTORATE OF COLLEGIATE EDUCATION, CHENNAI > JOINT DIRECTOR OF COLLEGIATE EDUCATION, TRICHY REGION > ST. JOSEPH'S COLLEGE, TIRUCHY.",rti_tamil_nadu
TN-360,b2026q3_02,TN-576c3299fdb3cd36,Tamil Nadu,"STELLA MATUTINA COLLEGE OF EDUCATION, CHENNAI.",rti_meta,en,portal,wave1-rti-information-v1,plain,RA1,HIGHER EDUCATION DEPARTMENT | Sub Office,,,,,,,,,,,,,,"STELLA MATUTINA COLLEGE OF EDUCATION, CHENNAI.",HIGHER EDUCATION DEPARTMENT,576c3299fdb3cd36,9eec4e1b8f93cb06,4,Sub Office,"HIGHER EDUCATION DEPARTMENT > DIRECTORATE OF COLLEGIATE EDUCATION, CHENNAI > JOINT DIRECTOR OF COLLEGIATE EDUCATION, CHENNAI REGION > STELLA MATUTINA COLLEGE OF EDUCATION, CHENNAI.",rti_tamil_nadu
TN-361,b2026q3_02,TN-3dc4599fd3ea915d,Tamil Nadu,"TAMILAVEL UMAMAGESWARANAR KARANTHAI COLLEGE, THANJAVUR.",rti_meta,en,portal,wave1-rti-information-v1,legal_salience,RA2,HIGHER EDUCATION DEPARTMENT | Sub Office,,,,,,,,,,,,,,"TAMILAVEL UMAMAGESWARANAR KARANTHAI COLLEGE, THANJAVUR.",HIGHER EDUCATION DEPARTMENT,3dc4599fd3ea915d,934ebb1e3687e05f,4,Sub Office,"HIGHER EDUCATION DEPARTMENT > DIRECTORATE OF COLLEGIATE EDUCATION, CHENNAI > JOINT DIRECTOR OF COLLEGIATE EDUCATION, THANJAVUR REGION > TAMILAVEL UMAMAGESWARANAR KARANTHAI COLLEGE, THANJAVUR.",rti_tamil_nadu
TN-362,b2026q3_02,TN-7d729a3c85b406a3,Tamil Nadu,"THE AMERICAN COLLEGE, GORIPALAYAM, MADURAI",rti_meta,en,portal,wave1-rti-information-v1,plain,RA2,HIGHER EDUCATION DEPARTMENT | Sub Office,,,,,,,,,,,,,,"THE AMERICAN COLLEGE, GORIPALAYAM, MADURAI",HIGHER EDUCATION DEPARTMENT,7d729a3c85b406a3,2c6eca35ba305b85,4,Sub Office,"HIGHER EDUCATION DEPARTMENT > DIRECTORATE OF COLLEGIATE EDUCATION, CHENNAI > JOINT DIRECTOR OF COLLEGIATE EDUCATION, MADURAI REGION > THE AMERICAN COLLEGE, GORIPALAYAM, MADURAI",rti_tamil_nadu
TN-363,b2026q3_02,TN-b232d4336fdc8c10,Tamil Nadu,"THE QUAID-E-MILLETH COLLEGE FOR MEN, CHENNAI.",rti_meta,en,portal,wave1-rti-information-v1,plain,RA4,HIGHER EDUCATION DEPARTMENT | Sub Office,,,,,,,,,,,,,,"THE QUAID-E-MILLETH COLLEGE FOR MEN, CHENNAI.",HIGHER EDUCATION DEPARTMENT,b232d4336fdc8c10,9eec4e1b8f93cb06,4,Sub Office,"HIGHER EDUCATION DEPARTMENT > DIRECTORATE OF COLLEGIATE EDUCATION, CHENNAI > JOINT DIRECTOR OF COLLEGIATE EDUCATION, CHENNAI REGION > THE QUAID-E-MILLETH COLLEGE FOR MEN, CHENNAI.",rti_tamil_nadu
TN-364,b2026q3_02,TN-e62afa652078f984,Tamil Nadu,"THIRU A GOVINDASWAMI GOVERNMENT ARTS COLLEGE, TINDIVANAM, VILLUPURAM",rti_meta,en,portal,wave1-rti-information-v1,plain,RA2,HIGHER EDUCATION DEPARTMENT | Sub Office,,,,,,,,,,,,,,"THIRU A GOVINDASWAMI GOVERNMENT ARTS COLLEGE, TINDIVANAM, VILLUPURAM",HIGHER EDUCATION DEPARTMENT,e62afa652078f984,7680cc610928d204,4,Sub Office,"HIGHER EDUCATION DEPARTMENT > DIRECTORATE OF COLLEGIATE EDUCATION, CHENNAI > JOINT DIRECTOR OF COLLEGIATE EDUCATION, VELLORE REGION > THIRU A GOVINDASWAMI GOVERNMENT ARTS COLLEGE, TINDIVANAM, VILLUPURAM",rti_tamil_nadu
TN-365,b2026q3_02,TN-a971e4ed2c8baf92,Tamil Nadu,"V.S SIVALINGAM GOVERNMENT ARTS COLLEGE, SIVAGANGA.",rti_meta,en,portal,wave1-rti-information-v1,legal_salience,RA1,HIGHER EDUCATION DEPARTMENT | Sub Office,,,,,,,,,,,,,,"V.S SIVALINGAM GOVERNMENT ARTS COLLEGE, SIVAGANGA.",HIGHER EDUCATION DEPARTMENT,a971e4ed2c8baf92,2c6eca35ba305b85,4,Sub Office,"HIGHER EDUCATION DEPARTMENT > DIRECTORATE OF COLLEGIATE EDUCATION, CHENNAI > JOINT DIRECTOR OF COLLEGIATE EDUCATION, MADURAI REGION > V.S SIVALINGAM GOVERNMENT ARTS COLLEGE, SIVAGANGA.",rti_tamil_nadu
TN-366,b2026q3_02,TN-14bff02b2b2c34ce,Tamil Nadu,"VIVEKANANDA COLLEGE, AGASTEESWARAM, KANNIYAKUMARI",rti_meta,en,portal,wave1-rti-information-v1,plain,RA1,HIGHER EDUCATION DEPARTMENT | Sub Office,,,,,,,,,,,,,,"VIVEKANANDA COLLEGE, AGASTEESWARAM, KANNIYAKUMARI",HIGHER EDUCATION DEPARTMENT,14bff02b2b2c34ce,506d83cd529c46ea,4,Sub Office,"HIGHER EDUCATION DEPARTMENT > DIRECTORATE OF COLLEGIATE EDUCATION, CHENNAI > JOINT DIRECTOR OF COLLEGIATE EDUCATION, TIRUNELVELI REGION > VIVEKANANDA COLLEGE, AGASTEESWARAM, KANNIYAKUMARI",rti_tamil_nadu
TN-367,b2026q3_02,TN-6729ddd1d73ee7aa,Tamil Nadu,HIGHWAYS AND MINOR PORTS DEPARTMENT,rti_meta,en,portal,wave1-rti-information-v1,legal_salience,RA1,HIGHWAYS AND MINOR PORTS DEPARTMENT | Department,,,,,,,,,,,,,,HIGHWAYS AND MINOR PORTS DEPARTMENT,HIGHWAYS AND MINOR PORTS DEPARTMENT,6729ddd1d73ee7aa,displayPa,1,Department,HIGHWAYS AND MINOR PORTS DEPARTMENT,rti_tamil_nadu
TN-368,b2026q3_02,TN-acff7cc47b71f954,Tamil Nadu,"HIGHWAYS RESEARCH STATION, CHENNAI",rti_meta,en,portal,wave1-rti-information-v1,legal_salience,RA2,HIGHWAYS AND MINOR PORTS DEPARTMENT | Head of Department,,,,,,,,,,,,,,"HIGHWAYS RESEARCH STATION, CHENNAI",HIGHWAYS AND MINOR PORTS DEPARTMENT,acff7cc47b71f954,6729ddd1d73ee7aa,2,Head of Department,"HIGHWAYS AND MINOR PORTS DEPARTMENT > HIGHWAYS RESEARCH STATION, CHENNAI",rti_tamil_nadu
TN-369,b2026q3_02,TN-045eecb1bd0d252c,Tamil Nadu,"HIGHWAYS RESEARCH STATION, QUALITY CONTROL DIVISION,CHENNAI",rti_meta,en,portal,wave1-rti-information-v1,plain,RA3,HIGHWAYS AND MINOR PORTS DEPARTMENT | Head of Department,,,,,,,,,,,,,,"HIGHWAYS RESEARCH STATION, QUALITY CONTROL DIVISION,CHENNAI",HIGHWAYS AND MINOR PORTS DEPARTMENT,045eecb1bd0d252c,6729ddd1d73ee7aa,2,Head of Department,"HIGHWAYS AND MINOR PORTS DEPARTMENT > HIGHWAYS RESEARCH STATION, QUALITY CONTROL DIVISION,CHENNAI",rti_tamil_nadu
TN-370,b2026q3_02,TN-34b397af8a3521fc,Tamil Nadu,TAMILNADU ROAD INFRASTRUCTURE DEVELOPMENT CORPORATION,rti_meta,en,portal,wave1-rti-information-v1,plain,RA2,HIGHWAYS AND MINOR PORTS DEPARTMENT | Head of Department,,,,,,,,,,,,,,TAMILNADU ROAD INFRASTRUCTURE DEVELOPMENT CORPORATION,HIGHWAYS AND MINOR PORTS DEPARTMENT,34b397af8a3521fc,6729ddd1d73ee7aa,2,Head of Department,HIGHWAYS AND MINOR PORTS DEPARTMENT > TAMILNADU ROAD INFRASTRUCTURE DEVELOPMENT CORPORATION,rti_tamil_nadu
TN-371,b2026q3_02,TN-591c69a80455e9d0,Tamil Nadu,"THE PROJECT DIRECTOR, TAMIL NADU ROAD SECTOR PROJECT-II, CHENNAI",rti_meta,en,portal,wave1-rti-information-v1,plain,RA4,HIGHWAYS AND MINOR PORTS DEPARTMENT | Head of Department,,,,,,,,,,,,,,"THE PROJECT DIRECTOR, TAMIL NADU ROAD SECTOR PROJECT-II, CHENNAI",HIGHWAYS AND MINOR PORTS DEPARTMENT,591c69a80455e9d0,6729ddd1d73ee7aa,2,Head of Department,"HIGHWAYS AND MINOR PORTS DEPARTMENT > THE PROJECT DIRECTOR, TAMIL NADU ROAD SECTOR PROJECT-II, CHENNAI",rti_tamil_nadu
TN-372,b2026q3_02,TN-6490c46a859e74d9,Tamil Nadu,"DIVISIONAL ENGINEER (HIGHWAYS), NABARD AND RURAL ROADS, PUDUKKOTTAI",rti_meta,en,portal,wave1-rti-information-v1,plain,RA2,HIGHWAYS AND MINOR PORTS DEPARTMENT | Sub Office,,,,,,,,,,,,,,"DIVISIONAL ENGINEER (HIGHWAYS), NABARD AND RURAL ROADS, PUDUKKOTTAI",HIGHWAYS AND MINOR PORTS DEPARTMENT,6490c46a859e74d9,dc3dfd5c494a215e,3,Sub Office,"HIGHWAYS AND MINOR PORTS DEPARTMENT > THE CHIEF ENGINEER (HIGHWAYS), NABARD AND RURAL ROADS > DIVISIONAL ENGINEER (HIGHWAYS), NABARD AND RURAL ROADS, PUDUKKOTTAI",rti_tamil_nadu
TN-373,b2026q3_02,TN-0254ea150ef4adcc,Tamil Nadu,"DIVISIONAL ENGINEER(HIGHWAYS), METRO,CMDP DIVISION - III, CHENNAI.",rti_meta,en,portal,wave1-rti-information-v1,legal_salience,RA3,HIGHWAYS AND MINOR PORTS DEPARTMENT | Sub Office,,,,,,,,,,,,,,"DIVISIONAL ENGINEER(HIGHWAYS), METRO,CMDP DIVISION - III, CHENNAI.",HIGHWAYS AND MINOR PORTS DEPARTMENT,0254ea150ef4adcc,f64ced505106338d,3,Sub Office,"HIGHWAYS AND MINOR PORTS DEPARTMENT > CHIEF ENGINEER(HIGHWAYS) METRO, CHENNAI > DIVISIONAL ENGINEER(HIGHWAYS), METRO,CMDP DIVISION - III, CHENNAI.",rti_tamil_nadu
TN-374,b2026q3_02,TN-a9979cf4c16c7faf,Tamil Nadu,"DIVISIONAL ENGINEER(HIGHWAYS), PROJECTS DIVISION, CHENNAI.",rti_meta,en,portal,wave1-rti-information-v1,plain,RA1,HIGHWAYS AND MINOR PORTS DEPARTMENT | Sub Office,,,,,,,,,,,,,,"DIVISIONAL ENGINEER(HIGHWAYS), PROJECTS DIVISION, CHENNAI.",HIGHWAYS AND MINOR PORTS DEPARTMENT,a9979cf4c16c7faf,e0aed801c08ee7d9,3,Sub Office,"HIGHWAYS AND MINOR PORTS DEPARTMENT > CHIEF ENGINEER (HIGHWAYS) PROJECTS > DIVISIONAL ENGINEER(HIGHWAYS), PROJECTS DIVISION, CHENNAI.",rti_tamil_nadu
TN-375,b2026q3_02,TN-c689e62ab06eebb9,Tamil Nadu,"HIGHWAYS RESEARCH STATION, QUALITY CONTROL DIVISION, TRICHY",rti_meta,en,portal,wave1-rti-information-v1,legal_salience,RA4,HIGHWAYS AND MINOR PORTS DEPARTMENT | Sub Office,,,,,,,,,,,,,,"HIGHWAYS RESEARCH STATION, QUALITY CONTROL DIVISION, TRICHY",HIGHWAYS AND MINOR PORTS DEPARTMENT,c689e62ab06eebb9,acff7cc47b71f954,3,Sub Office,"HIGHWAYS AND MINOR PORTS DEPARTMENT > HIGHWAYS RESEARCH STATION, CHENNAI > HIGHWAYS RESEARCH STATION, QUALITY CONTROL DIVISION, TRICHY",rti_tamil_nadu
TN-376,b2026q3_02,TN-1be2aed4f2d6fcdb,Tamil Nadu,"SUPERINTENDING ENGINEER,( HIGHWAYS) PROJECTS CIRCLE,COIMBATORE",rti_meta,en,portal,wave1-rti-information-v1,legal_salience,RA2,HIGHWAYS AND MINOR PORTS DEPARTMENT | Sub Office,,,,,,,,,,,,,,"SUPERINTENDING ENGINEER,( HIGHWAYS) PROJECTS CIRCLE,COIMBATORE",HIGHWAYS AND MINOR PORTS DEPARTMENT,1be2aed4f2d6fcdb,e0aed801c08ee7d9,3,Sub Office,"HIGHWAYS AND MINOR PORTS DEPARTMENT > CHIEF ENGINEER (HIGHWAYS) PROJECTS > SUPERINTENDING ENGINEER,( HIGHWAYS) PROJECTS CIRCLE,COIMBATORE",rti_tamil_nadu
TN-377,b2026q3_02,TN-ada8058102efbfb7,Tamil Nadu,"THE SUPERINTENDING ENGINEER (HIGHWAYS) C&M CIRCLE, TVS TOLGATE TRICHY",rti_meta,en,portal,wave1-rti-information-v1,plain,RA1,HIGHWAYS AND MINOR PORTS DEPARTMENT | Sub Office,,,,,,,,,,,,,,"THE SUPERINTENDING ENGINEER (HIGHWAYS) C&M CIRCLE, TVS TOLGATE TRICHY",HIGHWAYS AND MINOR PORTS DEPARTMENT,ada8058102efbfb7,8e0a9f7c118942f4,3,Sub Office,"HIGHWAYS AND MINOR PORTS DEPARTMENT > THE CHIEF ENGINEER HIGHWAYS DEPARTMENT CONSTRUCTION AND MAINTENANCE, CHENNAI > THE SUPERINTENDING ENGINEER (HIGHWAYS) C&M CIRCLE, TVS TOLGATE TRICHY",rti_tamil_nadu
TN-378,b2026q3_02,TN-8707779a1b9d13bb,Tamil Nadu,"THE SUPERINTENDING ENGINEER, HIGHWAYS, CONSTRUCTION AND MAINTENANCE,TIRUPUR",rti_meta,en,portal,wave1-rti-information-v1,plain,RA3,HIGHWAYS AND MINOR PORTS DEPARTMENT | Sub Office,,,,,,,,,,,,,,"THE SUPERINTENDING ENGINEER, HIGHWAYS, CONSTRUCTION AND MAINTENANCE,TIRUPUR",HIGHWAYS AND MINOR PORTS DEPARTMENT,8707779a1b9d13bb,8e0a9f7c118942f4,3,Sub Office,"HIGHWAYS AND MINOR PORTS DEPARTMENT > THE CHIEF ENGINEER HIGHWAYS DEPARTMENT CONSTRUCTION AND MAINTENANCE, CHENNAI > THE SUPERINTENDING ENGINEER, HIGHWAYS, CONSTRUCTION AND MAINTENANCE,TIRUPUR",rti_tamil_nadu
TN-379,b2026q3_02,TN-3586df4706814f01,Tamil Nadu,"DIVISIONAL ENGINEER HIGHWAYS, C&M CHENNAI CHENGALPATTU",rti_meta,en,portal,wave1-rti-information-v1,plain,RA1,HIGHWAYS AND MINOR PORTS DEPARTMENT | Sub Office,,,,,,,,,,,,,,"DIVISIONAL ENGINEER HIGHWAYS, C&M CHENNAI CHENGALPATTU",HIGHWAYS AND MINOR PORTS DEPARTMENT,3586df4706814f01,e32c4e7bea357cf8,4,Sub Office,"HIGHWAYS AND MINOR PORTS DEPARTMENT > THE CHIEF ENGINEER HIGHWAYS DEPARTMENT CONSTRUCTION AND MAINTENANCE, CHENNAI > THE SUPERINTENDING ENGINEER HIGHWAYS, C&M CHENNAI CIRCLE > DIVISIONAL ENGINEER HIGHWAYS, C&M CHENNAI CHENGALPATTU",rti_tamil_nadu
TN-380,b2026q3_02,TN-8bf1e45a81bbce6e,Tamil Nadu,"DIVISIONAL ENGINEER HIGHWAYS, C&M CHENNAI CITY ROADS DIVISION-2",rti_meta,en,portal,wave1-rti-information-v1,plain,RA2,HIGHWAYS AND MINOR PORTS DEPARTMENT | Sub Office,,,,,,,,,,,,,,"DIVISIONAL ENGINEER HIGHWAYS, C&M CHENNAI CITY ROADS DIVISION-2",HIGHWAYS AND MINOR PORTS DEPARTMENT,8bf1e45a81bbce6e,e32c4e7bea357cf8,4,Sub Office,"HIGHWAYS AND MINOR PORTS DEPARTMENT > THE CHIEF ENGINEER HIGHWAYS DEPARTMENT CONSTRUCTION AND MAINTENANCE, CHENNAI > THE SUPERINTENDING ENGINEER HIGHWAYS, C&M CHENNAI CIRCLE > DIVISIONAL ENGINEER HIGHWAYS, C&M CHENNAI CITY ROADS DIVISION-2",rti_tamil_nadu
TN-381,b2026q3_02,TN-b5a55e19520e807c,Tamil Nadu,"DIVISIONAL ENGINEER HIGHWAYS, C&M KANCHEEPURAM",rti_meta,en,portal,wave1-rti-information-v1,plain,RA4,HIGHWAYS AND MINOR PORTS DEPARTMENT | Sub Office,,,,,,,,,,,,,,"DIVISIONAL ENGINEER HIGHWAYS, C&M KANCHEEPURAM",HIGHWAYS AND MINOR PORTS DEPARTMENT,b5a55e19520e807c,e32c4e7bea357cf8,4,Sub Office,"HIGHWAYS AND MINOR PORTS DEPARTMENT > THE CHIEF ENGINEER HIGHWAYS DEPARTMENT CONSTRUCTION AND MAINTENANCE, CHENNAI > THE SUPERINTENDING ENGINEER HIGHWAYS, C&M CHENNAI CIRCLE > DIVISIONAL ENGINEER HIGHWAYS, C&M KANCHEEPURAM",rti_tamil_nadu
TN-382,b2026q3_02,TN-cf6fef88b89572c7,Tamil Nadu,"DIVISIONAL ENGINEER,HIGHWAYS, CONSTRUCTION AND MAINTENANCE, POLLACHI",rti_meta,en,portal,wave1-rti-information-v1,legal_salience,RA3,HIGHWAYS AND MINOR PORTS DEPARTMENT | Sub Office,,,,,,,,,,,,,,"DIVISIONAL ENGINEER,HIGHWAYS, CONSTRUCTION AND MAINTENANCE, POLLACHI",HIGHWAYS AND MINOR PORTS DEPARTMENT,cf6fef88b89572c7,e054c94a4e28a0c3,4,Sub Office,"HIGHWAYS AND MINOR PORTS DEPARTMENT > THE CHIEF ENGINEER HIGHWAYS DEPARTMENT CONSTRUCTION AND MAINTENANCE, CHENNAI > THE SUPERINTENDING ENGINEER,HIGHWAYS, CONSTRUCTION AND MAINTENANCE, COIMBATORE > DIVISIONAL ENGINEER,HIGHWAYS, CONSTRUCTION AND MAINTENANCE, POLLACHI",rti_tamil_nadu
TN-383,b2026q3_02,TN-f9830af9f7486959,Tamil Nadu,"THE DIVISIONAL ENGINEER (HIGHWAYS), C&M, VELLORE",rti_meta,en,portal,wave1-rti-information-v1,legal_salience,RA4,HIGHWAYS AND MINOR PORTS DEPARTMENT | Sub Office,,,,,,,,,,,,,,"THE DIVISIONAL ENGINEER (HIGHWAYS), C&M, VELLORE",HIGHWAYS AND MINOR PORTS DEPARTMENT,f9830af9f7486959,61239a1851e1f76f,4,Sub Office,"HIGHWAYS AND MINOR PORTS DEPARTMENT > THE CHIEF ENGINEER HIGHWAYS DEPARTMENT CONSTRUCTION AND MAINTENANCE, CHENNAI > THE SUPERINTENDING ENGINEER (HIGHWAYS), C&M, CIRCLE, TIRUVANNAMALAI > THE DIVISIONAL ENGINEER (HIGHWAYS), C&M, VELLORE",rti_tamil_nadu
TN-384,b2026q3_02,TN-1eca7a06d7ea03bb,Tamil Nadu,"THE DIVISIONAL ENGINEER HIGHWAYS, CONSTRUCTION & MAINTENANCE, KUMBAKONAM",rti_meta,en,portal,wave1-rti-information-v1,plain,RA4,HIGHWAYS AND MINOR PORTS DEPARTMENT | Sub Office,,,,,,,,,,,,,,"THE DIVISIONAL ENGINEER HIGHWAYS, CONSTRUCTION & MAINTENANCE, KUMBAKONAM",HIGHWAYS AND MINOR PORTS DEPARTMENT,1eca7a06d7ea03bb,4d68a972895b313f,4,Sub Office,"HIGHWAYS AND MINOR PORTS DEPARTMENT > THE CHIEF ENGINEER HIGHWAYS DEPARTMENT CONSTRUCTION AND MAINTENANCE, CHENNAI > THE SUPERINTENDING ENGINEER, HIGHWAYS, CONSTRUCTION AND MAINTENANCE, THANJAVUR > THE DIVISIONAL ENGINEER HIGHWAYS, CONSTRUCTION & MAINTENANCE, KUMBAKONAM",rti_tamil_nadu
TN-385,b2026q3_02,TN-3938da292c41b543,Tamil Nadu,"THE DIVISIONAL ENGINEER HIGHWAYS, CONSTRUCTION & MAINTENANCE, NAGAPATTINAM",rti_meta,en,portal,wave1-rti-information-v1,plain,RA4,HIGHWAYS AND MINOR PORTS DEPARTMENT | Sub Office,,,,,,,,,,,,,,"THE DIVISIONAL ENGINEER HIGHWAYS, CONSTRUCTION & MAINTENANCE, NAGAPATTINAM",HIGHWAYS AND MINOR PORTS DEPARTMENT,3938da292c41b543,4d68a972895b313f,4,Sub Office,"HIGHWAYS AND MINOR PORTS DEPARTMENT > THE CHIEF ENGINEER HIGHWAYS DEPARTMENT CONSTRUCTION AND MAINTENANCE, CHENNAI > THE SUPERINTENDING ENGINEER, HIGHWAYS, CONSTRUCTION AND MAINTENANCE, THANJAVUR > THE DIVISIONAL ENGINEER HIGHWAYS, CONSTRUCTION & MAINTENANCE, NAGAPATTINAM",rti_tamil_nadu
TN-386,b2026q3_02,TN-1032ea7fa5ed2b28,Tamil Nadu,"THE DIVISIONAL ENGINEER HIGHWAYS, CONSTRUCTION & MAINTENANCE, TIRUPUR",rti_meta,en,portal,wave1-rti-information-v1,plain,RA2,HIGHWAYS AND MINOR PORTS DEPARTMENT | Sub Office,,,,,,,,,,,,,,"THE DIVISIONAL ENGINEER HIGHWAYS, CONSTRUCTION & MAINTENANCE, TIRUPUR",HIGHWAYS AND MINOR PORTS DEPARTMENT,1032ea7fa5ed2b28,8707779a1b9d13bb,4,Sub Office,"HIGHWAYS AND MINOR PORTS DEPARTMENT > THE CHIEF ENGINEER HIGHWAYS DEPARTMENT CONSTRUCTION AND MAINTENANCE, CHENNAI > THE SUPERINTENDING ENGINEER, HIGHWAYS, CONSTRUCTION AND MAINTENANCE,TIRUPUR > THE DIVISIONAL ENGINEER HIGHWAYS, CONSTRUCTION & MAINTENANCE, TIRUPUR",rti_tamil_nadu
TN-387,b2026q3_02,TN-3b526568cff9f69a,Tamil Nadu,"THE DIVISIONAL ENGINEER, (HIGHWAYS) C&M PERAMBALUR",rti_meta,en,portal,wave1-rti-information-v1,plain,RA2,HIGHWAYS AND MINOR PORTS DEPARTMENT | Sub Office,,,,,,,,,,,,,,"THE DIVISIONAL ENGINEER, (HIGHWAYS) C&M PERAMBALUR",HIGHWAYS AND MINOR PORTS DEPARTMENT,3b526568cff9f69a,ada8058102efbfb7,4,Sub Office,"HIGHWAYS AND MINOR PORTS DEPARTMENT > THE CHIEF ENGINEER HIGHWAYS DEPARTMENT CONSTRUCTION AND MAINTENANCE, CHENNAI > THE SUPERINTENDING ENGINEER (HIGHWAYS) C&M CIRCLE, TVS TOLGATE TRICHY > THE DIVISIONAL ENGINEER, (HIGHWAYS) C&M PERAMBALUR",rti_tamil_nadu
TN-388,b2026q3_02,TN-eca0eca1b58f656a,Tamil Nadu,"THE DIVISIONAL ENGINEER, HIGHWAYS, CONSTRUCTION AND MAINTENANCE, CUDDALORE",rti_meta,en,portal,wave1-rti-information-v1,plain,RA3,HIGHWAYS AND MINOR PORTS DEPARTMENT | Sub Office,,,,,,,,,,,,,,"THE DIVISIONAL ENGINEER, HIGHWAYS, CONSTRUCTION AND MAINTENANCE, CUDDALORE",HIGHWAYS AND MINOR PORTS DEPARTMENT,eca0eca1b58f656a,7739b4f1c7ea88ab,4,Sub Office,"HIGHWAYS AND MINOR PORTS DEPARTMENT > THE CHIEF ENGINEER HIGHWAYS DEPARTMENT CONSTRUCTION AND MAINTENANCE, CHENNAI > THE SUPERINTENDING ENGINEER, HIGHWAYS, CONSTRUCTION AND MAINTENANCE, CIRCLE,VILLUPURAM > THE DIVISIONAL ENGINEER, HIGHWAYS, CONSTRUCTION AND MAINTENANCE, CUDDALORE",rti_tamil_nadu
TN-389,b2026q3_02,TN-87bc9284521ff91b,Tamil Nadu,"THE DIVISIONAL ENGINEER,HIGHWAYS, CONSTRUCTION AND MAINTENANCE,KANNIYA KUMARI",rti_meta,en,portal,wave1-rti-information-v1,legal_salience,RA1,HIGHWAYS AND MINOR PORTS DEPARTMENT | Sub Office,,,,,,,,,,,,,,"THE DIVISIONAL ENGINEER,HIGHWAYS, CONSTRUCTION AND MAINTENANCE,KANNIYA KUMARI",HIGHWAYS AND MINOR PORTS DEPARTMENT,87bc9284521ff91b,a5e0fadac36cfaf6,4,Sub Office,"HIGHWAYS AND MINOR PORTS DEPARTMENT > THE CHIEF ENGINEER HIGHWAYS DEPARTMENT CONSTRUCTION AND MAINTENANCE, CHENNAI > THE SUPERINTENDING ENGINEER,HIGHWAYS, CONSTRUCTION AND MAINTENANCE,TIRUNELVELI > THE DIVISIONAL ENGINEER,HIGHWAYS, CONSTRUCTION AND MAINTENANCE,KANNIYA KUMARI",rti_tamil_nadu
TN-390,b2026q3_02,TN-ccc4d6e00f014714,Tamil Nadu,"THE DIVISIONAL ENGINEER,HIGHWAYS, CONSTRUCTION AND MAINTENANCE,TIRUNELVELI",rti_meta,en,portal,wave1-rti-information-v1,plain,RA1,HIGHWAYS AND MINOR PORTS DEPARTMENT | Sub Office,,,,,,,,,,,,,,"THE DIVISIONAL ENGINEER,HIGHWAYS, CONSTRUCTION AND MAINTENANCE,TIRUNELVELI",HIGHWAYS AND MINOR PORTS DEPARTMENT,ccc4d6e00f014714,a5e0fadac36cfaf6,4,Sub Office,"HIGHWAYS AND MINOR PORTS DEPARTMENT > THE CHIEF ENGINEER HIGHWAYS DEPARTMENT CONSTRUCTION AND MAINTENANCE, CHENNAI > THE SUPERINTENDING ENGINEER,HIGHWAYS, CONSTRUCTION AND MAINTENANCE,TIRUNELVELI > THE DIVISIONAL ENGINEER,HIGHWAYS, CONSTRUCTION AND MAINTENANCE,TIRUNELVELI",rti_tamil_nadu
TN-391,b2026q3_02,TN-e154545d260dc678,Tamil Nadu,THE DIVISIONAL ENIGNEER HIGHWAYS CONSTRUCTION & MAINTENANE THANJAVUR,rti_meta,en,portal,wave1-rti-information-v1,plain,RA3,HIGHWAYS AND MINOR PORTS DEPARTMENT | Sub Office,,,,,,,,,,,,,,THE DIVISIONAL ENIGNEER HIGHWAYS CONSTRUCTION & MAINTENANE THANJAVUR,HIGHWAYS AND MINOR PORTS DEPARTMENT,e154545d260dc678,4d68a972895b313f,4,Sub Office,"HIGHWAYS AND MINOR PORTS DEPARTMENT > THE CHIEF ENGINEER HIGHWAYS DEPARTMENT CONSTRUCTION AND MAINTENANCE, CHENNAI > THE SUPERINTENDING ENGINEER, HIGHWAYS, CONSTRUCTION AND MAINTENANCE, THANJAVUR > THE DIVISIONAL ENIGNEER HIGHWAYS CONSTRUCTION & MAINTENANE THANJAVUR",rti_tamil_nadu
TN-392,b2026q3_02,TN-5f682cdd6be798bf,Tamil Nadu,HOME DEPARTMENT,rti_meta,en,portal,wave1-rti-information-v1,plain,RA3,HOME DEPARTMENT | Department,,,,,,,,,,,,,,HOME DEPARTMENT,HOME DEPARTMENT,5f682cdd6be798bf,displayPa,1,Department,HOME DEPARTMENT,rti_tamil_nadu
TN-393,b2026q3_02,TN-ae444e91458269b1,Tamil Nadu,"DIRECTOR GENERAL OF POLICE, HEAD OF POLICE FORCE, CHENNAI",rti_meta,en,portal,wave1-rti-information-v1,legal_salience,RA1,HOME DEPARTMENT | Head of Department,,,,,,,,,,,,,,"DIRECTOR GENERAL OF POLICE, HEAD OF POLICE FORCE, CHENNAI",HOME DEPARTMENT,ae444e91458269b1,5f682cdd6be798bf,2,Head of Department,"HOME DEPARTMENT > DIRECTOR GENERAL OF POLICE, HEAD OF POLICE FORCE, CHENNAI",rti_tamil_nadu
TN-394,b2026q3_02,TN-0fcf99ab1cc94620,Tamil Nadu,"DIRECTOR GENERAL OF PRISONS AND CORRECTIONAL SERVICES, EGMORE, CHENNAI",rti_meta,en,portal,wave1-rti-information-v1,plain,RA1,HOME DEPARTMENT | Head of Department,,,,,,,,,,,,,,"DIRECTOR GENERAL OF PRISONS AND CORRECTIONAL SERVICES, EGMORE, CHENNAI",HOME DEPARTMENT,0fcf99ab1cc94620,5f682cdd6be798bf,2,Head of Department,"HOME DEPARTMENT > DIRECTOR GENERAL OF PRISONS AND CORRECTIONAL SERVICES, EGMORE, CHENNAI",rti_tamil_nadu
TN-395,b2026q3_02,TN-fe874866b0be27c0,Tamil Nadu,"DIRECTORATE OF FIRE SERVICE, CHENNAI",rti_meta,en,portal,wave1-rti-information-v1,plain,RA2,HOME DEPARTMENT | Head of Department,,,,,,,,,,,,,,"DIRECTORATE OF FIRE SERVICE, CHENNAI",HOME DEPARTMENT,fe874866b0be27c0,5f682cdd6be798bf,2,Head of Department,"HOME DEPARTMENT > DIRECTORATE OF FIRE SERVICE, CHENNAI",rti_tamil_nadu
TN-396,b2026q3_02,TN-df688d1273278964,Tamil Nadu,TAMIL NADU UNIFORMED SERVICES RECRUITMENT BOARD,rti_meta,en,portal,wave1-rti-information-v1,plain,RA4,HOME DEPARTMENT | Head of Department,,,,,,,,,,,,,,TAMIL NADU UNIFORMED SERVICES RECRUITMENT BOARD,HOME DEPARTMENT,df688d1273278964,5f682cdd6be798bf,2,Head of Department,HOME DEPARTMENT > TAMIL NADU UNIFORMED SERVICES RECRUITMENT BOARD,rti_tamil_nadu
TN-397,b2026q3_02,TN-6e8478bd060f20c0,Tamil Nadu,"DEPUTY DIRECTOR OF PROSECUTION, SALEM",rti_meta,en,portal,wave1-rti-information-v1,legal_salience,RA3,HOME DEPARTMENT | Sub Office,,,,,,,,,,,,,,"DEPUTY DIRECTOR OF PROSECUTION, SALEM",HOME DEPARTMENT,6e8478bd060f20c0,a32c1307fd575d6f,3,Sub Office,"HOME DEPARTMENT > DIRECTORATE OF PROSECUTION, CHENNAI > DEPUTY DIRECTOR OF PROSECUTION, SALEM",rti_tamil_nadu
TN-398,b2026q3_02,TN-7d5ff1ebe25bdae2,Tamil Nadu,"DEPUTY DIRECTOR, REGIONAL FORENSIC SCIENCE LABORATORY, RAMANATHAPURAM",rti_meta,en,portal,wave1-rti-information-v1,plain,RA3,HOME DEPARTMENT | Sub Office,,,,,,,,,,,,,,"DEPUTY DIRECTOR, REGIONAL FORENSIC SCIENCE LABORATORY, RAMANATHAPURAM",HOME DEPARTMENT,7d5ff1ebe25bdae2,5155722d46bde6d2,3,Sub Office,"HOME DEPARTMENT > DIRECTOR, FORENSIC SCIENCES DEPARTMENT, CHENNAI > DEPUTY DIRECTOR, REGIONAL FORENSIC SCIENCE LABORATORY, RAMANATHAPURAM",rti_tamil_nadu
TN-399,b2026q3_02,TN-b5ac3a479f6dd67c,Tamil Nadu,"SUPERINTENDENT OF PRISONS,CENTRAL PRISON, MADURAI",rti_meta,en,portal,wave1-rti-information-v1,plain,RA3,HOME DEPARTMENT | Sub Office,,,,,,,,,,,,,,"SUPERINTENDENT OF PRISONS,CENTRAL PRISON, MADURAI",HOME DEPARTMENT,b5ac3a479f6dd67c,0fcf99ab1cc94620,3,Sub Office,"HOME DEPARTMENT > DIRECTOR GENERAL OF PRISONS AND CORRECTIONAL SERVICES, EGMORE, CHENNAI > SUPERINTENDENT OF PRISONS,CENTRAL PRISON, MADURAI",rti_tamil_nadu
TN-400,b2026q3_02,TN-d254aa54424fd41c,Tamil Nadu,"TAMIL NADU POLICE HOUSING CORPORATION LIMITED,TIRUNELVELI DIVISION",rti_meta,en,portal,wave1-rti-information-v1,plain,RA2,HOME DEPARTMENT | Sub Office,,,,,,,,,,,,,,"TAMIL NADU POLICE HOUSING CORPORATION LIMITED,TIRUNELVELI DIVISION",HOME DEPARTMENT,d254aa54424fd41c,a4788b67a7b25cbb,3,Sub Office,"HOME DEPARTMENT > TAMIL NADU POLICE HOUSING CORPORATION LIMITED,HEAD OFFICE, CHENNAI > TAMIL NADU POLICE HOUSING CORPORATION LIMITED,TIRUNELVELI DIVISION",rti_tamil_nadu
TN-401,b2026q3_02,TN-014c99ab2ae79405,Tamil Nadu,"ASSISTANT DIRECTOR OF PROSECUTION, THIRUVANNAMALAI",rti_meta,en,portal,wave1-rti-information-v1,legal_salience,RA2,HOME DEPARTMENT | Sub Office,,,,,,,,,,,,,,"ASSISTANT DIRECTOR OF PROSECUTION, THIRUVANNAMALAI",HOME DEPARTMENT,014c99ab2ae79405,2edba893b4bf6316,4,Sub Office,"HOME DEPARTMENT > DIRECTORATE OF PROSECUTION, CHENNAI > DEPUTY DIRECTOR OF PROSECUTION, VELLORE > ASSISTANT DIRECTOR OF PROSECUTION, THIRUVANNAMALAI",rti_tamil_nadu
TN-402,b2026q3_02,TN-8787cbfe5bd81241,Tamil Nadu,"DEPUTY COMMISSIONER OF POLICE, ARMED RESERVE, AVADI",rti_meta,en,portal,wave1-rti-information-v1,plain,RA4,HOME DEPARTMENT | Sub Office,,,,,,,,,,,,,,"DEPUTY COMMISSIONER OF POLICE, ARMED RESERVE, AVADI",HOME DEPARTMENT,8787cbfe5bd81241,0a2166a847b420e7,4,Sub Office,"HOME DEPARTMENT > DIRECTOR GENERAL OF POLICE, HEAD OF POLICE FORCE, CHENNAI > OFFICE OF THE COMMISSIONER OF POLICE, AVADI > DEPUTY COMMISSIONER OF POLICE, ARMED RESERVE, AVADI",rti_tamil_nadu
TN-403,b2026q3_02,TN-467517a643978729,Tamil Nadu,"FIRE AND RESCUE SERVICE, DISTRICT OFFICE, KARUR",rti_meta,en,portal,wave1-rti-information-v1,legal_salience,RA2,HOME DEPARTMENT | Sub Office,,,,,,,,,,,,,,"FIRE AND RESCUE SERVICE, DISTRICT OFFICE, KARUR",HOME DEPARTMENT,467517a643978729,3412341364eaf99c,4,Sub Office,"HOME DEPARTMENT > DIRECTORATE OF FIRE SERVICE, CHENNAI > FIRE AND RESCUE SERVICE, REGIONAL OFFICE, TRICHY > FIRE AND RESCUE SERVICE, DISTRICT OFFICE, KARUR",rti_tamil_nadu
TN-404,b2026q3_02,TN-0237f3f957ee93ad,Tamil Nadu,"FIRE AND RESCUE SERVICE, DISTRICT OFFICE,NAMAKKAL",rti_meta,en,portal,wave1-rti-information-v1,plain,RA2,HOME DEPARTMENT | Sub Office,,,,,,,,,,,,,,"FIRE AND RESCUE SERVICE, DISTRICT OFFICE,NAMAKKAL",HOME DEPARTMENT,0237f3f957ee93ad,a05eb9cb74c8501c,4,Sub Office,"HOME DEPARTMENT > DIRECTORATE OF FIRE SERVICE, CHENNAI > FIRE AND RESCUE SERVICE, REGIONAL OFFICE, SALEM > FIRE AND RESCUE SERVICE, DISTRICT OFFICE,NAMAKKAL",rti_tamil_nadu
TN-405,b2026q3_02,TN-132e947f27f95d78,Tamil Nadu,MOTOR VEHICLE INSPECTOR (NT) SERKADU CHECKPOST,rti_meta,en,portal,wave1-rti-information-v1,plain,RA3,HOME DEPARTMENT | Sub Office,,,,,,,,,,,,,,MOTOR VEHICLE INSPECTOR (NT) SERKADU CHECKPOST,HOME DEPARTMENT,132e947f27f95d78,eeb87b03361715f8,4,Sub Office,"HOME DEPARTMENT > TRANSPORT AND ROAD SAFETY COMMISSIONER > DEPUTY TRANSPORT COMMISSIONER OFFICE, VELLORE > MOTOR VEHICLE INSPECTOR (NT) SERKADU CHECKPOST",rti_tamil_nadu
TN-406,b2026q3_02,TN-905b75aa1d34f1e0,Tamil Nadu,"MOTOR VEHICLE INSPECTOR, RASIPURAM",rti_meta,en,portal,wave1-rti-information-v1,plain,RA3,HOME DEPARTMENT | Sub Office,,,,,,,,,,,,,,"MOTOR VEHICLE INSPECTOR, RASIPURAM",HOME DEPARTMENT,905b75aa1d34f1e0,0654d0cbd7ef0247,4,Sub Office,"HOME DEPARTMENT > TRANSPORT AND ROAD SAFETY COMMISSIONER > DEPUTY TRANSPORT COMMISSIONER, ERODE > MOTOR VEHICLE INSPECTOR, RASIPURAM",rti_tamil_nadu
TN-407,b2026q3_02,TN-370ac4cf5405022f,Tamil Nadu,"MOTOR VEHICLE INSPECTOR, UNIT OFFICE ,MUNIYANDIPATTI, SURAKUNDU POST, MELUR",rti_meta,en,portal,wave1-rti-information-v1,plain,RA2,HOME DEPARTMENT | Sub Office,,,,,,,,,,,,,,"MOTOR VEHICLE INSPECTOR, UNIT OFFICE ,MUNIYANDIPATTI, SURAKUNDU POST, MELUR",HOME DEPARTMENT,370ac4cf5405022f,adf188c0a382c2c6,4,Sub Office,"HOME DEPARTMENT > TRANSPORT AND ROAD SAFETY COMMISSIONER > JOINT TRANSPORT COMMISSIONER, MADURAI > MOTOR VEHICLE INSPECTOR, UNIT OFFICE ,MUNIYANDIPATTI, SURAKUNDU POST, MELUR",rti_tamil_nadu
TN-408,b2026q3_02,TN-65c39751846d56a4,Tamil Nadu,"OFFICE OF THE DIG OF POLICE, TRICHY RANGE",rti_meta,en,portal,wave1-rti-information-v1,plain,RA4,HOME DEPARTMENT | Sub Office,,,,,,,,,,,,,,"OFFICE OF THE DIG OF POLICE, TRICHY RANGE",HOME DEPARTMENT,65c39751846d56a4,d0df63ca9ea1fd7b,4,Sub Office,"HOME DEPARTMENT > DIRECTOR GENERAL OF POLICE, HEAD OF POLICE FORCE, CHENNAI > OFFICE OF THE INSPECTOR GENERAL OF POLICE, CENTRAL ZONE, TRICHY > OFFICE OF THE DIG OF POLICE, TRICHY RANGE",rti_tamil_nadu
TN-409,b2026q3_02,TN-aed5695bcb633c59,Tamil Nadu,"REGIONAL PROBATION OFFICER, CHENGALPATTU, PRISON DEPARTMENT",rti_meta,en,portal,wave1-rti-information-v1,plain,RA4,HOME DEPARTMENT | Sub Office,,,,,,,,,,,,,,"REGIONAL PROBATION OFFICER, CHENGALPATTU, PRISON DEPARTMENT",HOME DEPARTMENT,aed5695bcb633c59,4872827af62c373f,4,Sub Office,"HOME DEPARTMENT > DIRECTOR GENERAL OF PRISONS AND CORRECTIONAL SERVICES, EGMORE, CHENNAI > OFFICE OF THE CHIEF PROBATION SUPERINTENDENT, PROBATION BRANCH, TAMIL NADU > REGIONAL PROBATION OFFICER, CHENGALPATTU, PRISON DEPARTMENT",rti_tamil_nadu
TN-410,b2026q3_02,TN-db56dc671a41acb8,Tamil Nadu,"REGIONAL PROBATION OFFICER, SALEM REGION,PRISON DEPARTMENT",rti_meta,en,portal,wave1-rti-information-v1,plain,RA1,HOME DEPARTMENT | Sub Office,,,,,,,,,,,,,,"REGIONAL PROBATION OFFICER, SALEM REGION,PRISON DEPARTMENT",HOME DEPARTMENT,db56dc671a41acb8,4872827af62c373f,4,Sub Office,"HOME DEPARTMENT > DIRECTOR GENERAL OF PRISONS AND CORRECTIONAL SERVICES, EGMORE, CHENNAI > OFFICE OF THE CHIEF PROBATION SUPERINTENDENT, PROBATION BRANCH, TAMIL NADU > REGIONAL PROBATION OFFICER, SALEM REGION,PRISON DEPARTMENT",rti_tamil_nadu
TN-411,b2026q3_02,TN-75ee3ef942c4da37,Tamil Nadu,"REGIONAL TRANSPORT OFFICE, ARANI",rti_meta,en,portal,wave1-rti-information-v1,plain,RA1,HOME DEPARTMENT | Sub Office,,,,,,,,,,,,,,"REGIONAL TRANSPORT OFFICE, ARANI",HOME DEPARTMENT,75ee3ef942c4da37,0ecfcaa9d881c666,4,Sub Office,"HOME DEPARTMENT > TRANSPORT AND ROAD SAFETY COMMISSIONER > DEPUTY TRANSPORT COMMISSIONER , VILUPPURAM , PUBLIC INFORMATION OFFICER > REGIONAL TRANSPORT OFFICE, ARANI",rti_tamil_nadu
TN-412,b2026q3_02,TN-7e1167a3a87bb43c,Tamil Nadu,"REGIONAL TRANSPORT OFFICE, CHENNAI(NORTH EAST)",rti_meta,en,portal,wave1-rti-information-v1,legal_salience,RA1,HOME DEPARTMENT | Sub Office,,,,,,,,,,,,,,"REGIONAL TRANSPORT OFFICE, CHENNAI(NORTH EAST)",HOME DEPARTMENT,7e1167a3a87bb43c,30f189a254bdbfc1,4,Sub Office,"HOME DEPARTMENT > TRANSPORT AND ROAD SAFETY COMMISSIONER > JOINT TRANSPORT COMMISSIONER, CHENNAI (N.Z) > REGIONAL TRANSPORT OFFICE, CHENNAI(NORTH EAST)",rti_tamil_nadu
TN-413,b2026q3_02,TN-11b3467a6b2626f4,Tamil Nadu,"REGIONAL TRANSPORT OFFICE, SALEM (WEST)",rti_meta,en,portal,wave1-rti-information-v1,legal_salience,RA4,HOME DEPARTMENT | Sub Office,,,,,,,,,,,,,,"REGIONAL TRANSPORT OFFICE, SALEM (WEST)",HOME DEPARTMENT,11b3467a6b2626f4,0a188ef219bacc3b,4,Sub Office,"HOME DEPARTMENT > TRANSPORT AND ROAD SAFETY COMMISSIONER > DEPUTY TRANSPORT COMMISSIONER OFFICE, SALEM. > REGIONAL TRANSPORT OFFICE, SALEM (WEST)",rti_tamil_nadu
TN-414,b2026q3_02,TN-0a127fe152b4a96f,Tamil Nadu,"REGIONAL TRANSPORT OFFICE, THOOTHUKUDI",rti_meta,en,portal,wave1-rti-information-v1,plain,RA4,HOME DEPARTMENT | Sub Office,,,,,,,,,,,,,,"REGIONAL TRANSPORT OFFICE, THOOTHUKUDI",HOME DEPARTMENT,0a127fe152b4a96f,3526be01bdcd66bc,4,Sub Office,"HOME DEPARTMENT > TRANSPORT AND ROAD SAFETY COMMISSIONER > DISTRICT TRANSPORT COMMISSIONER- TIRUNELVELI > REGIONAL TRANSPORT OFFICE, THOOTHUKUDI",rti_tamil_nadu
TN-415,b2026q3_02,TN-21d9f8bddae365a0,Tamil Nadu,"REGIONAL TRANSPORT OFFICE, VANIYAMBADI",rti_meta,en,portal,wave1-rti-information-v1,plain,RA1,HOME DEPARTMENT | Sub Office,,,,,,,,,,,,,,"REGIONAL TRANSPORT OFFICE, VANIYAMBADI",HOME DEPARTMENT,21d9f8bddae365a0,eeb87b03361715f8,4,Sub Office,"HOME DEPARTMENT > TRANSPORT AND ROAD SAFETY COMMISSIONER > DEPUTY TRANSPORT COMMISSIONER OFFICE, VELLORE > REGIONAL TRANSPORT OFFICE, VANIYAMBADI",rti_tamil_nadu
TN-416,b2026q3_02,TN-316dce48b5125d97,Tamil Nadu,"REGIONAL TRANSPORT OFFICE, VIRUDHUNAGAR",rti_meta,en,portal,wave1-rti-information-v1,legal_salience,RA3,HOME DEPARTMENT | Sub Office,,,,,,,,,,,,,,"REGIONAL TRANSPORT OFFICE, VIRUDHUNAGAR",HOME DEPARTMENT,316dce48b5125d97,35b77a4a46db5b2b,4,Sub Office,"HOME DEPARTMENT > TRANSPORT AND ROAD SAFETY COMMISSIONER > DEPUTY TRANSPORT OFFICE, VIRUDHUNAGAR > REGIONAL TRANSPORT OFFICE, VIRUDHUNAGAR",rti_tamil_nadu
TN-417,b2026q3_02,TN-96bd4114b5888965,Tamil Nadu,"REGIONAL TRANSPORT OFFICE,SHOLINGANALLUR",rti_meta,en,portal,wave1-rti-information-v1,plain,RA2,HOME DEPARTMENT | Sub Office,,,,,,,,,,,,,,"REGIONAL TRANSPORT OFFICE,SHOLINGANALLUR",HOME DEPARTMENT,96bd4114b5888965,ef506614b1bf9728,4,Sub Office,"HOME DEPARTMENT > TRANSPORT AND ROAD SAFETY COMMISSIONER > JOINT TRANSPORT COMMISSIONER, CHENNAI SOUTHY ZONE > REGIONAL TRANSPORT OFFICE,SHOLINGANALLUR",rti_tamil_nadu
TN-418,b2026q3_02,TN-9e42d4ee1ec92039,Tamil Nadu,REGIONAL TRANSPORT OFFICE- NAGERCOIL,rti_meta,en,portal,wave1-rti-information-v1,legal_salience,RA4,HOME DEPARTMENT | Sub Office,,,,,,,,,,,,,,REGIONAL TRANSPORT OFFICE- NAGERCOIL,HOME DEPARTMENT,9e42d4ee1ec92039,3526be01bdcd66bc,4,Sub Office,HOME DEPARTMENT > TRANSPORT AND ROAD SAFETY COMMISSIONER > DISTRICT TRANSPORT COMMISSIONER- TIRUNELVELI > REGIONAL TRANSPORT OFFICE- NAGERCOIL,rti_tamil_nadu
TN-419,b2026q3_02,TN-503721dfb132ed69,Tamil Nadu,"DEPUTY COMMISSIONER OF POLICE, KOLATHUR, CHENNAI",rti_meta,en,portal,wave1-rti-information-v1,plain,RA1,HOME DEPARTMENT | Sub Office,,,,,,,,,,,,,,"DEPUTY COMMISSIONER OF POLICE, KOLATHUR, CHENNAI",HOME DEPARTMENT,503721dfb132ed69,0c8398a036ee01b1,5,Sub Office,"HOME DEPARTMENT > DIRECTOR GENERAL OF POLICE, HEAD OF POLICE FORCE, CHENNAI > COMMISSIONER OF POLICE, HQRS, GREATER CHENNAI POLICE, VEPERY, CHENNAI-7 > JOINT COMMISSIONER OF POLICE, WEST ZONE, ANNA NAGAR, WEST EXTENSION, CHENNAI-101 > DEPUTY COMMISSIONER OF POLICE, KOLATHUR, CHENNAI",rti_tamil_nadu
TN-420,b2026q3_02,TN-43280f3967f92857,Tamil Nadu,HOUSING AND URBAN DEVELOPMENT DEPARTMENT,rti_meta,en,portal,wave1-rti-information-v1,plain,RA3,HOUSING AND URBAN DEVELOPMENT DEPARTMENT | Department,,,,,,,,,,,,,,HOUSING AND URBAN DEVELOPMENT DEPARTMENT,HOUSING AND URBAN DEVELOPMENT DEPARTMENT,43280f3967f92857,displayPa,1,Department,HOUSING AND URBAN DEVELOPMENT DEPARTMENT,rti_tamil_nadu
TN-421,b2026q3_02,TN-4ee62d75e0da51e2,Tamil Nadu,CHENNAI METROPOLITAN DEVELOPMENT AUTHORITY,rti_meta,en,portal,wave1-rti-information-v1,plain,RA2,HOUSING AND URBAN DEVELOPMENT DEPARTMENT | Head of Department,,,,,,,,,,,,,,CHENNAI METROPOLITAN DEVELOPMENT AUTHORITY,HOUSING AND URBAN DEVELOPMENT DEPARTMENT,4ee62d75e0da51e2,43280f3967f92857,2,Head of Department,HOUSING AND URBAN DEVELOPMENT DEPARTMENT > CHENNAI METROPOLITAN DEVELOPMENT AUTHORITY,rti_tamil_nadu
TN-422,b2026q3_02,TN-96f9488e5698b915,Tamil Nadu,CHENNAI UNIFIED METROPOLITAN TRANSPORT AUTHORITY (CUMTA),rti_meta,en,portal,wave1-rti-information-v1,plain,RA1,HOUSING AND URBAN DEVELOPMENT DEPARTMENT | Head of Department,,,,,,,,,,,,,,CHENNAI UNIFIED METROPOLITAN TRANSPORT AUTHORITY (CUMTA),HOUSING AND URBAN DEVELOPMENT DEPARTMENT,96f9488e5698b915,43280f3967f92857,2,Head of Department,HOUSING AND URBAN DEVELOPMENT DEPARTMENT > CHENNAI UNIFIED METROPOLITAN TRANSPORT AUTHORITY (CUMTA),rti_tamil_nadu
TN-423,b2026q3_02,TN-66dd778a671ee78f,Tamil Nadu,"TAMIL NADU REAL ESTATE REGULATORY AUTHORITY, CHENNAI",rti_meta,en,portal,wave1-rti-information-v1,plain,RA4,HOUSING AND URBAN DEVELOPMENT DEPARTMENT | Head of Department,,,,,,,,,,,,,,"TAMIL NADU REAL ESTATE REGULATORY AUTHORITY, CHENNAI",HOUSING AND URBAN DEVELOPMENT DEPARTMENT,66dd778a671ee78f,43280f3967f92857,2,Head of Department,"HOUSING AND URBAN DEVELOPMENT DEPARTMENT > TAMIL NADU REAL ESTATE REGULATORY AUTHORITY, CHENNAI",rti_tamil_nadu
TN-424,b2026q3_02,TN-705e26d06ed0a919,Tamil Nadu,"TAMILNADU URBAN HABITAT DEVELOPMENT BOARD, CHENNAI",rti_meta,en,portal,wave1-rti-information-v1,legal_salience,RA1,HOUSING AND URBAN DEVELOPMENT DEPARTMENT | Head of Department,,,,,,,,,,,,,,"TAMILNADU URBAN HABITAT DEVELOPMENT BOARD, CHENNAI",HOUSING AND URBAN DEVELOPMENT DEPARTMENT,705e26d06ed0a919,43280f3967f92857,2,Head of Department,"HOUSING AND URBAN DEVELOPMENT DEPARTMENT > TAMILNADU URBAN HABITAT DEVELOPMENT BOARD, CHENNAI",rti_tamil_nadu
TN-425,b2026q3_02,TN-efc5c6ff924af892,Tamil Nadu,"DISTRICT TOWN AND COUNTRY PLANNING, CUDDALORE",rti_meta,en,portal,wave1-rti-information-v1,plain,RA1,HOUSING AND URBAN DEVELOPMENT DEPARTMENT | Sub Office,,,,,,,,,,,,,,"DISTRICT TOWN AND COUNTRY PLANNING, CUDDALORE",HOUSING AND URBAN DEVELOPMENT DEPARTMENT,efc5c6ff924af892,e2b7d6d16eda7dfc,3,Sub Office,"HOUSING AND URBAN DEVELOPMENT DEPARTMENT > DIRECTORATE OF TOWN AND COUNTRY PLANNING > DISTRICT TOWN AND COUNTRY PLANNING, CUDDALORE",rti_tamil_nadu
TN-426,b2026q3_02,TN-82c6e5229603df9a,Tamil Nadu,"DISTRICT TOWN AND COUNTRY PLANNING, ERODE",rti_meta,en,portal,wave1-rti-information-v1,plain,RA4,HOUSING AND URBAN DEVELOPMENT DEPARTMENT | Sub Office,,,,,,,,,,,,,,"DISTRICT TOWN AND COUNTRY PLANNING, ERODE",HOUSING AND URBAN DEVELOPMENT DEPARTMENT,82c6e5229603df9a,e2b7d6d16eda7dfc,3,Sub Office,"HOUSING AND URBAN DEVELOPMENT DEPARTMENT > DIRECTORATE OF TOWN AND COUNTRY PLANNING > DISTRICT TOWN AND COUNTRY PLANNING, ERODE",rti_tamil_nadu
TN-427,b2026q3_02,TN-ba11c1570bae5f9a,Tamil Nadu,"DISTRICT TOWN AND COUNTRY PLANNING, NAGAPATTINAM",rti_meta,en,portal,wave1-rti-information-v1,legal_salience,RA3,HOUSING AND URBAN DEVELOPMENT DEPARTMENT | Sub Office,,,,,,,,,,,,,,"DISTRICT TOWN AND COUNTRY PLANNING, NAGAPATTINAM",HOUSING AND URBAN DEVELOPMENT DEPARTMENT,ba11c1570bae5f9a,e2b7d6d16eda7dfc,3,Sub Office,"HOUSING AND URBAN DEVELOPMENT DEPARTMENT > DIRECTORATE OF TOWN AND COUNTRY PLANNING > DISTRICT TOWN AND COUNTRY PLANNING, NAGAPATTINAM",rti_tamil_nadu
TN-428,b2026q3_02,TN-97f579c71bba2719,Tamil Nadu,"DISTRICT TOWN AND COUNTRY PLANNING, NAMAKKAL",rti_meta,en,portal,wave1-rti-information-v1,plain,RA3,HOUSING AND URBAN DEVELOPMENT DEPARTMENT | Sub Office,,,,,,,,,,,,,,"DISTRICT TOWN AND COUNTRY PLANNING, NAMAKKAL",HOUSING AND URBAN DEVELOPMENT DEPARTMENT,97f579c71bba2719,e2b7d6d16eda7dfc,3,Sub Office,"HOUSING AND URBAN DEVELOPMENT DEPARTMENT > DIRECTORATE OF TOWN AND COUNTRY PLANNING > DISTRICT TOWN AND COUNTRY PLANNING, NAMAKKAL",rti_tamil_nadu
TN-429,b2026q3_02,TN-569654c95119da7d,Tamil Nadu,"DISTRICT TOWN AND COUNTRY PLANNING, NILGIRIS",rti_meta,en,portal,wave1-rti-information-v1,legal_salience,RA1,HOUSING AND URBAN DEVELOPMENT DEPARTMENT | Sub Office,,,,,,,,,,,,,,"DISTRICT TOWN AND COUNTRY PLANNING, NILGIRIS",HOUSING AND URBAN DEVELOPMENT DEPARTMENT,569654c95119da7d,e2b7d6d16eda7dfc,3,Sub Office,"HOUSING AND URBAN DEVELOPMENT DEPARTMENT > DIRECTORATE OF TOWN AND COUNTRY PLANNING > DISTRICT TOWN AND COUNTRY PLANNING, NILGIRIS",rti_tamil_nadu
TN-430,b2026q3_02,TN-c4aaf33767147a06,Tamil Nadu,"DISTRICT TOWN AND COUNTRY PLANNING, RANIPET",rti_meta,en,portal,wave1-rti-information-v1,legal_salience,RA2,HOUSING AND URBAN DEVELOPMENT DEPARTMENT | Sub Office,,,,,,,,,,,,,,"DISTRICT TOWN AND COUNTRY PLANNING, RANIPET",HOUSING AND URBAN DEVELOPMENT DEPARTMENT,c4aaf33767147a06,e2b7d6d16eda7dfc,3,Sub Office,"HOUSING AND URBAN DEVELOPMENT DEPARTMENT > DIRECTORATE OF TOWN AND COUNTRY PLANNING > DISTRICT TOWN AND COUNTRY PLANNING, RANIPET",rti_tamil_nadu
TN-431,b2026q3_02,TN-26f6336fede4ae05,Tamil Nadu,"DISTRICT TOWN AND COUNTRY PLANNING, TENKASI",rti_meta,en,portal,wave1-rti-information-v1,plain,RA1,HOUSING AND URBAN DEVELOPMENT DEPARTMENT | Sub Office,,,,,,,,,,,,,,"DISTRICT TOWN AND COUNTRY PLANNING, TENKASI",HOUSING AND URBAN DEVELOPMENT DEPARTMENT,26f6336fede4ae05,e2b7d6d16eda7dfc,3,Sub Office,"HOUSING AND URBAN DEVELOPMENT DEPARTMENT > DIRECTORATE OF TOWN AND COUNTRY PLANNING > DISTRICT TOWN AND COUNTRY PLANNING, TENKASI",rti_tamil_nadu
TN-432,b2026q3_02,TN-b31e2ccc1c80b52a,Tamil Nadu,"DISTRICT TOWN AND COUNTRY PLANNING, TIRUPATHUR",rti_meta,en,portal,wave1-rti-information-v1,plain,RA3,HOUSING AND URBAN DEVELOPMENT DEPARTMENT | Sub Office,,,,,,,,,,,,,,"DISTRICT TOWN AND COUNTRY PLANNING, TIRUPATHUR",HOUSING AND URBAN DEVELOPMENT DEPARTMENT,b31e2ccc1c80b52a,e2b7d6d16eda7dfc,3,Sub Office,"HOUSING AND URBAN DEVELOPMENT DEPARTMENT > DIRECTORATE OF TOWN AND COUNTRY PLANNING > DISTRICT TOWN AND COUNTRY PLANNING, TIRUPATHUR",rti_tamil_nadu
TN-433,b2026q3_02,TN-486c71485dc385c2,Tamil Nadu,"TAMIL NADU HOUSING BOARD, CIT NAGAR DIVISION NANDANAM, CHENNAI",rti_meta,en,portal,wave1-rti-information-v1,legal_salience,RA2,HOUSING AND URBAN DEVELOPMENT DEPARTMENT | Sub Office,,,,,,,,,,,,,,"TAMIL NADU HOUSING BOARD, CIT NAGAR DIVISION NANDANAM, CHENNAI",HOUSING AND URBAN DEVELOPMENT DEPARTMENT,486c71485dc385c2,f1a0da3b2aa665b2,3,Sub Office,"HOUSING AND URBAN DEVELOPMENT DEPARTMENT > TAMIL NADU HOUSING BOARD (HOD), CIT NAGAR, CHENNAI > TAMIL NADU HOUSING BOARD, CIT NAGAR DIVISION NANDANAM, CHENNAI",rti_tamil_nadu
TN-434,b2026q3_02,TN-892f56a4e801c9e8,Tamil Nadu,"TAMIL NADU HOUSING BOARD, MAINTENANCE DIVISION, NANDANAM, CHENNAI",rti_meta,en,portal,wave1-rti-information-v1,plain,RA1,HOUSING AND URBAN DEVELOPMENT DEPARTMENT | Sub Office,,,,,,,,,,,,,,"TAMIL NADU HOUSING BOARD, MAINTENANCE DIVISION, NANDANAM, CHENNAI",HOUSING AND URBAN DEVELOPMENT DEPARTMENT,892f56a4e801c9e8,f1a0da3b2aa665b2,3,Sub Office,"HOUSING AND URBAN DEVELOPMENT DEPARTMENT > TAMIL NADU HOUSING BOARD (HOD), CIT NAGAR, CHENNAI > TAMIL NADU HOUSING BOARD, MAINTENANCE DIVISION, NANDANAM, CHENNAI",rti_tamil_nadu
TN-435,b2026q3_02,TN-37ef8c840db855ce,Tamil Nadu,"TAMIL NADU HOUSING BOARD, VELLORE HOUSING UNIT, VELLORE",rti_meta,en,portal,wave1-rti-information-v1,legal_salience,RA4,HOUSING AND URBAN DEVELOPMENT DEPARTMENT | Sub Office,,,,,,,,,,,,,,"TAMIL NADU HOUSING BOARD, VELLORE HOUSING UNIT, VELLORE",HOUSING AND URBAN DEVELOPMENT DEPARTMENT,37ef8c840db855ce,f1a0da3b2aa665b2,3,Sub Office,"HOUSING AND URBAN DEVELOPMENT DEPARTMENT > TAMIL NADU HOUSING BOARD (HOD), CIT NAGAR, CHENNAI > TAMIL NADU HOUSING BOARD, VELLORE HOUSING UNIT, VELLORE",rti_tamil_nadu
TN-436,b2026q3_02,TN-159f2f77376ecf52,Tamil Nadu,"TAMIL NADU HOUSING BOARD,RAMANATHAPURAM HOUSING UNIT, RAMANATHAPURAM",rti_meta,en,portal,wave1-rti-information-v1,plain,RA2,HOUSING AND URBAN DEVELOPMENT DEPARTMENT | Sub Office,,,,,,,,,,,,,,"TAMIL NADU HOUSING BOARD,RAMANATHAPURAM HOUSING UNIT, RAMANATHAPURAM",HOUSING AND URBAN DEVELOPMENT DEPARTMENT,159f2f77376ecf52,f1a0da3b2aa665b2,3,Sub Office,"HOUSING AND URBAN DEVELOPMENT DEPARTMENT > TAMIL NADU HOUSING BOARD (HOD), CIT NAGAR, CHENNAI > TAMIL NADU HOUSING BOARD,RAMANATHAPURAM HOUSING UNIT, RAMANATHAPURAM",rti_tamil_nadu
TN-437,b2026q3_02,TN-ef885707e5d1f524,Tamil Nadu,"TAMILNADU URBAN HABITAT DEVELOPMENT BOARD, DIVISION-V,MYLAPORE",rti_meta,en,portal,wave1-rti-information-v1,plain,RA4,HOUSING AND URBAN DEVELOPMENT DEPARTMENT | Sub Office,,,,,,,,,,,,,,"TAMILNADU URBAN HABITAT DEVELOPMENT BOARD, DIVISION-V,MYLAPORE",HOUSING AND URBAN DEVELOPMENT DEPARTMENT,ef885707e5d1f524,705e26d06ed0a919,3,Sub Office,"HOUSING AND URBAN DEVELOPMENT DEPARTMENT > TAMILNADU URBAN HABITAT DEVELOPMENT BOARD, CHENNAI > TAMILNADU URBAN HABITAT DEVELOPMENT BOARD, DIVISION-V,MYLAPORE",rti_tamil_nadu
TN-438,b2026q3_02,TN-ef5f7f27430ddf9c,Tamil Nadu,"TAMILNADU URBAN HABITAT DEVELOPMENT BOARD, DIVISION-VII,T.NAGAR",rti_meta,en,portal,wave1-rti-information-v1,plain,RA3,HOUSING AND URBAN DEVELOPMENT DEPARTMENT | Sub Office,,,,,,,,,,,,,,"TAMILNADU URBAN HABITAT DEVELOPMENT BOARD, DIVISION-VII,T.NAGAR",HOUSING AND URBAN DEVELOPMENT DEPARTMENT,ef5f7f27430ddf9c,705e26d06ed0a919,3,Sub Office,"HOUSING AND URBAN DEVELOPMENT DEPARTMENT > TAMILNADU URBAN HABITAT DEVELOPMENT BOARD, CHENNAI > TAMILNADU URBAN HABITAT DEVELOPMENT BOARD, DIVISION-VII,T.NAGAR",rti_tamil_nadu
TN-439,b2026q3_02,TN-6fbd33915d1b14b2,Tamil Nadu,"TAMILNADU URBAN HABITAT DEVELOPMENT BOARD, KANCHIPURAM DIVISION",rti_meta,en,portal,wave1-rti-information-v1,plain,RA4,HOUSING AND URBAN DEVELOPMENT DEPARTMENT | Sub Office,,,,,,,,,,,,,,"TAMILNADU URBAN HABITAT DEVELOPMENT BOARD, KANCHIPURAM DIVISION",HOUSING AND URBAN DEVELOPMENT DEPARTMENT,6fbd33915d1b14b2,705e26d06ed0a919,3,Sub Office,"HOUSING AND URBAN DEVELOPMENT DEPARTMENT > TAMILNADU URBAN HABITAT DEVELOPMENT BOARD, CHENNAI > TAMILNADU URBAN HABITAT DEVELOPMENT BOARD, KANCHIPURAM DIVISION",rti_tamil_nadu
TN-440,b2026q3_02,TN-fd17a2b7608d5e9d,Tamil Nadu,"TAMILNADU URBAN HABITAT DEVELOPMENT BOARD, PMU IMPLEMENTING DIVISION-II NAMAKKAL",rti_meta,en,portal,wave1-rti-information-v1,plain,RA2,HOUSING AND URBAN DEVELOPMENT DEPARTMENT | Sub Office,,,,,,,,,,,,,,"TAMILNADU URBAN HABITAT DEVELOPMENT BOARD, PMU IMPLEMENTING DIVISION-II NAMAKKAL",HOUSING AND URBAN DEVELOPMENT DEPARTMENT,fd17a2b7608d5e9d,705e26d06ed0a919,3,Sub Office,"HOUSING AND URBAN DEVELOPMENT DEPARTMENT > TAMILNADU URBAN HABITAT DEVELOPMENT BOARD, CHENNAI > TAMILNADU URBAN HABITAT DEVELOPMENT BOARD, PMU IMPLEMENTING DIVISION-II NAMAKKAL",rti_tamil_nadu
TN-441,b2026q3_02,TN-c7a0e2427b0c9e03,Tamil Nadu,"TAMILNADU URBAN HABITAT DEVELOPMENT BOARD, SALEM DIVISION",rti_meta,en,portal,wave1-rti-information-v1,plain,RA2,HOUSING AND URBAN DEVELOPMENT DEPARTMENT | Sub Office,,,,,,,,,,,,,,"TAMILNADU URBAN HABITAT DEVELOPMENT BOARD, SALEM DIVISION",HOUSING AND URBAN DEVELOPMENT DEPARTMENT,c7a0e2427b0c9e03,705e26d06ed0a919,3,Sub Office,"HOUSING AND URBAN DEVELOPMENT DEPARTMENT > TAMILNADU URBAN HABITAT DEVELOPMENT BOARD, CHENNAI > TAMILNADU URBAN HABITAT DEVELOPMENT BOARD, SALEM DIVISION",rti_tamil_nadu
TN-442,b2026q3_02,TN-5b22073d88103f26,Tamil Nadu,"TAMILNADU URBAN HABITAT DEVELOPMENT BOARD, THIRUVALLUR DIVISION",rti_meta,en,portal,wave1-rti-information-v1,legal_salience,RA3,HOUSING AND URBAN DEVELOPMENT DEPARTMENT | Sub Office,,,,,,,,,,,,,,"TAMILNADU URBAN HABITAT DEVELOPMENT BOARD, THIRUVALLUR DIVISION",HOUSING AND URBAN DEVELOPMENT DEPARTMENT,5b22073d88103f26,705e26d06ed0a919,3,Sub Office,"HOUSING AND URBAN DEVELOPMENT DEPARTMENT > TAMILNADU URBAN HABITAT DEVELOPMENT BOARD, CHENNAI > TAMILNADU URBAN HABITAT DEVELOPMENT BOARD, THIRUVALLUR DIVISION",rti_tamil_nadu
TN-443,b2026q3_02,TN-a8cd7ef2b34781da,Tamil Nadu,"TAMILNADU URBAN HABITAT DEVELOPMENT BOARD,ESTATE OFFICE -IX, CHEMMANCHERY",rti_meta,en,portal,wave1-rti-information-v1,plain,RA3,HOUSING AND URBAN DEVELOPMENT DEPARTMENT | Sub Office,,,,,,,,,,,,,,"TAMILNADU URBAN HABITAT DEVELOPMENT BOARD,ESTATE OFFICE -IX, CHEMMANCHERY",HOUSING AND URBAN DEVELOPMENT DEPARTMENT,a8cd7ef2b34781da,705e26d06ed0a919,3,Sub Office,"HOUSING AND URBAN DEVELOPMENT DEPARTMENT > TAMILNADU URBAN HABITAT DEVELOPMENT BOARD, CHENNAI > TAMILNADU URBAN HABITAT DEVELOPMENT BOARD,ESTATE OFFICE -IX, CHEMMANCHERY",rti_tamil_nadu
TN-444,b2026q3_02,TN-17ed4f9b52cb6b43,Tamil Nadu,"TAMILNADU URBAN HABITAT DEVELOPMENT BOARD,ESTATE OFFICE -VIII, KANNAGINAGAR",rti_meta,en,portal,wave1-rti-information-v1,plain,RA4,HOUSING AND URBAN DEVELOPMENT DEPARTMENT | Sub Office,,,,,,,,,,,,,,"TAMILNADU URBAN HABITAT DEVELOPMENT BOARD,ESTATE OFFICE -VIII, KANNAGINAGAR",HOUSING AND URBAN DEVELOPMENT DEPARTMENT,17ed4f9b52cb6b43,705e26d06ed0a919,3,Sub Office,"HOUSING AND URBAN DEVELOPMENT DEPARTMENT > TAMILNADU URBAN HABITAT DEVELOPMENT BOARD, CHENNAI > TAMILNADU URBAN HABITAT DEVELOPMENT BOARD,ESTATE OFFICE -VIII, KANNAGINAGAR",rti_tamil_nadu
TN-445,b2026q3_02,TN-fa0cdbbe66fcdc7b,Tamil Nadu,HUMAN RESOURCES MANAGEMENT DEPARTMENT,rti_meta,en,portal,wave1-rti-information-v1,plain,RA1,HUMAN RESOURCES MANAGEMENT DEPARTMENT | Department,,,,,,,,,,,,,,HUMAN RESOURCES MANAGEMENT DEPARTMENT,HUMAN RESOURCES MANAGEMENT DEPARTMENT,fa0cdbbe66fcdc7b,displayPa,1,Department,HUMAN RESOURCES MANAGEMENT DEPARTMENT,rti_tamil_nadu
TN-446,b2026q3_02,TN-2e13e97e160e08e9,Tamil Nadu,DIRECTOR GENERAL OF TRAINING,rti_meta,en,portal,wave1-rti-information-v1,legal_salience,RA4,HUMAN RESOURCES MANAGEMENT DEPARTMENT | Head of Department,,,,,,,,,,,,,,DIRECTOR GENERAL OF TRAINING,HUMAN RESOURCES MANAGEMENT DEPARTMENT,2e13e97e160e08e9,fa0cdbbe66fcdc7b,2,Head of Department,HUMAN RESOURCES MANAGEMENT DEPARTMENT > DIRECTOR GENERAL OF TRAINING,rti_tamil_nadu
TN-447,b2026q3_02,TN-6fdab4636f2dc21f,Tamil Nadu,"DISTRICT INSPECTION CELL OFFICE, SALEM",rti_meta,en,portal,wave1-rti-information-v1,plain,RA4,HUMAN RESOURCES MANAGEMENT DEPARTMENT | Head of Department,,,,,,,,,,,,,,"DISTRICT INSPECTION CELL OFFICE, SALEM",HUMAN RESOURCES MANAGEMENT DEPARTMENT,6fdab4636f2dc21f,fa0cdbbe66fcdc7b,2,Head of Department,"HUMAN RESOURCES MANAGEMENT DEPARTMENT > DISTRICT INSPECTION CELL OFFICE, SALEM",rti_tamil_nadu
TN-448,b2026q3_02,TN-a6a921f8e49027fb,Tamil Nadu,"DISTRICT INSPECTION CELL OFFICE, VELLORE",rti_meta,en,portal,wave1-rti-information-v1,plain,RA3,HUMAN RESOURCES MANAGEMENT DEPARTMENT | Head of Department,,,,,,,,,,,,,,"DISTRICT INSPECTION CELL OFFICE, VELLORE",HUMAN RESOURCES MANAGEMENT DEPARTMENT,a6a921f8e49027fb,fa0cdbbe66fcdc7b,2,Head of Department,"HUMAN RESOURCES MANAGEMENT DEPARTMENT > DISTRICT INSPECTION CELL OFFICE, VELLORE",rti_tamil_nadu
TN-449,b2026q3_02,TN-acf749c142589b0d,Tamil Nadu,"DISTRICT INSPECTION CELL OFFICER, TIRUCHIRAPPALLI",rti_meta,en,portal,wave1-rti-information-v1,plain,RA2,HUMAN RESOURCES MANAGEMENT DEPARTMENT | Head of Department,,,,,,,,,,,,,,"DISTRICT INSPECTION CELL OFFICER, TIRUCHIRAPPALLI",HUMAN RESOURCES MANAGEMENT DEPARTMENT,acf749c142589b0d,fa0cdbbe66fcdc7b,2,Head of Department,"HUMAN RESOURCES MANAGEMENT DEPARTMENT > DISTRICT INSPECTION CELL OFFICER, TIRUCHIRAPPALLI",rti_tamil_nadu
TN-450,b2026q3_02,TN-23f1e872168781c5,Tamil Nadu,"A & B FOUNDATIONAL COURSE TRAINING INSTITUTE, CHENNAI",rti_meta,en,portal,wave1-rti-information-v1,plain,RA3,HUMAN RESOURCES MANAGEMENT DEPARTMENT | Sub Office,,,,,,,,,,,,,,"A & B FOUNDATIONAL COURSE TRAINING INSTITUTE, CHENNAI",HUMAN RESOURCES MANAGEMENT DEPARTMENT,23f1e872168781c5,2e13e97e160e08e9,3,Sub Office,"HUMAN RESOURCES MANAGEMENT DEPARTMENT > DIRECTOR GENERAL OF TRAINING > A & B FOUNDATIONAL COURSE TRAINING INSTITUTE, CHENNAI",rti_tamil_nadu
TN-451,b2026q3_02,TN-0ca959fccfea4c9b,Tamil Nadu,"ALL INDIA CIVIL SERVICES COACHING CENTRE, CHENNAI",rti_meta,en,portal,wave1-rti-information-v1,plain,RA2,HUMAN RESOURCES MANAGEMENT DEPARTMENT | Sub Office,,,,,,,,,,,,,,"ALL INDIA CIVIL SERVICES COACHING CENTRE, CHENNAI",HUMAN RESOURCES MANAGEMENT DEPARTMENT,0ca959fccfea4c9b,2e13e97e160e08e9,3,Sub Office,"HUMAN RESOURCES MANAGEMENT DEPARTMENT > DIRECTOR GENERAL OF TRAINING > ALL INDIA CIVIL SERVICES COACHING CENTRE, CHENNAI",rti_tamil_nadu
TN-452,b2026q3_02,TN-6aeae6c9665b511f,Tamil Nadu,"CIVIL SERICE TRAINING INSTITUTE, ERODE",rti_meta,en,portal,wave1-rti-information-v1,plain,RA4,HUMAN RESOURCES MANAGEMENT DEPARTMENT | Sub Office,,,,,,,,,,,,,,"CIVIL SERICE TRAINING INSTITUTE, ERODE",HUMAN RESOURCES MANAGEMENT DEPARTMENT,6aeae6c9665b511f,2e13e97e160e08e9,3,Sub Office,"HUMAN RESOURCES MANAGEMENT DEPARTMENT > DIRECTOR GENERAL OF TRAINING > CIVIL SERICE TRAINING INSTITUTE, ERODE",rti_tamil_nadu
TN-453,b2026q3_02,TN-764d58ef0ab8dc77,Tamil Nadu,"COMPETITIVE EXAMINATIONS COACHING CENTRE, TONDIARPET",rti_meta,en,portal,wave1-rti-information-v1,legal_salience,RA1,HUMAN RESOURCES MANAGEMENT DEPARTMENT | Sub Office,,,,,,,,,,,,,,"COMPETITIVE EXAMINATIONS COACHING CENTRE, TONDIARPET",HUMAN RESOURCES MANAGEMENT DEPARTMENT,764d58ef0ab8dc77,2e13e97e160e08e9,3,Sub Office,"HUMAN RESOURCES MANAGEMENT DEPARTMENT > DIRECTOR GENERAL OF TRAINING > COMPETITIVE EXAMINATIONS COACHING CENTRE, TONDIARPET",rti_tamil_nadu
TN-454,b2026q3_02,TN-d6bf065ca0a9a25e,Tamil Nadu,"COMPETITIVE EXAMINATIONS COACHING CENTRE, TRIPLICANE",rti_meta,en,portal,wave1-rti-information-v1,plain,RA1,HUMAN RESOURCES MANAGEMENT DEPARTMENT | Sub Office,,,,,,,,,,,,,,"COMPETITIVE EXAMINATIONS COACHING CENTRE, TRIPLICANE",HUMAN RESOURCES MANAGEMENT DEPARTMENT,d6bf065ca0a9a25e,2e13e97e160e08e9,3,Sub Office,"HUMAN RESOURCES MANAGEMENT DEPARTMENT > DIRECTOR GENERAL OF TRAINING > COMPETITIVE EXAMINATIONS COACHING CENTRE, TRIPLICANE",rti_tamil_nadu
TN-455,b2026q3_02,TN-78a9eccfa4a51824,Tamil Nadu,KALAIGNAR CENTENARY INTEGRATED COMPETITIVE EXAMINATIONS COACHING CENTR,rti_meta,en,portal,wave1-rti-information-v1,legal_salience,RA2,HUMAN RESOURCES MANAGEMENT DEPARTMENT | Sub Office,,,,,,,,,,,,,,KALAIGNAR CENTENARY INTEGRATED COMPETITIVE EXAMINATIONS COACHING CENTR,HUMAN RESOURCES MANAGEMENT DEPARTMENT,78a9eccfa4a51824,2e13e97e160e08e9,3,Sub Office,HUMAN RESOURCES MANAGEMENT DEPARTMENT > DIRECTOR GENERAL OF TRAINING > KALAIGNAR CENTENARY INTEGRATED COMPETITIVE EXAMINATIONS COACHING CENTR,rti_tamil_nadu
TN-456,b2026q3_02,TN-e231b18ed14e4e15,Tamil Nadu,INDUSTRIES DEPARTMENT,rti_meta,en,portal,wave1-rti-information-v1,plain,RA1,INDUSTRIES DEPARTMENT | Department,,,,,,,,,,,,,,INDUSTRIES DEPARTMENT,INDUSTRIES DEPARTMENT,e231b18ed14e4e15,displayPa,1,Department,INDUSTRIES DEPARTMENT,rti_tamil_nadu
TN-457,b2026q3_02,TN-2de864806ee143ab,Tamil Nadu,GUIDANCE,rti_meta,en,portal,wave1-rti-information-v1,plain,RA2,INDUSTRIES DEPARTMENT | Head of Department,,,,,,,,,,,,,,GUIDANCE,INDUSTRIES DEPARTMENT,2de864806ee143ab,e231b18ed14e4e15,2,Head of Department,INDUSTRIES DEPARTMENT > GUIDANCE,rti_tamil_nadu
TN-458,b2026q3_02,TN-ba262b91374a0366,Tamil Nadu,TAMIL NADU CEMENTS CORPORATION LIMITED,rti_meta,en,portal,wave1-rti-information-v1,plain,RA3,INDUSTRIES DEPARTMENT | Head of Department,,,,,,,,,,,,,,TAMIL NADU CEMENTS CORPORATION LIMITED,INDUSTRIES DEPARTMENT,ba262b91374a0366,e231b18ed14e4e15,2,Head of Department,INDUSTRIES DEPARTMENT > TAMIL NADU CEMENTS CORPORATION LIMITED,rti_tamil_nadu
TN-459,b2026q3_02,TN-e450843e6d966150,Tamil Nadu,TAMILNADU INDUSTRIAL DEVELOPMENT CORPORATION LIMITED (TIDCO),rti_meta,en,portal,wave1-rti-information-v1,legal_salience,RA3,INDUSTRIES DEPARTMENT | Head of Department,,,,,,,,,,,,,,TAMILNADU INDUSTRIAL DEVELOPMENT CORPORATION LIMITED (TIDCO),INDUSTRIES DEPARTMENT,e450843e6d966150,e231b18ed14e4e15,2,Head of Department,INDUSTRIES DEPARTMENT > TAMILNADU INDUSTRIAL DEVELOPMENT CORPORATION LIMITED (TIDCO),rti_tamil_nadu
TN-460,b2026q3_02,TN-4165d6d8a424ed2d,Tamil Nadu,THE TAMIL NADU INDUSTRIAL INVESTMENT CORPORATION LIMITED (TIIC),rti_meta,en,portal,wave1-rti-information-v1,plain,RA4,INDUSTRIES DEPARTMENT | Head of Department,,,,,,,,,,,,,,THE TAMIL NADU INDUSTRIAL INVESTMENT CORPORATION LIMITED (TIIC),INDUSTRIES DEPARTMENT,4165d6d8a424ed2d,e231b18ed14e4e15,2,Head of Department,INDUSTRIES DEPARTMENT > THE TAMIL NADU INDUSTRIAL INVESTMENT CORPORATION LIMITED (TIIC),rti_tamil_nadu
TN-461,b2026q3_02,TN-743c711ebb8725f4,Tamil Nadu,MARIYUR VALINOKKAM SALT COMPLEX,rti_meta,en,portal,wave1-rti-information-v1,plain,RA1,INDUSTRIES DEPARTMENT | Sub Office,,,,,,,,,,,,,,MARIYUR VALINOKKAM SALT COMPLEX,INDUSTRIES DEPARTMENT,743c711ebb8725f4,7deefd5391696f1e,3,Sub Office,INDUSTRIES DEPARTMENT > TAMIL NADU SALT CORPORATION LIMITED > MARIYUR VALINOKKAM SALT COMPLEX,rti_tamil_nadu
TN-462,b2026q3_02,TN-a1bf2ab8e33c8b47,Tamil Nadu,TAMIL NADU CEMENTS CORPORATION LIMITED - ARIYALUR,rti_meta,en,portal,wave1-rti-information-v1,legal_salience,RA4,INDUSTRIES DEPARTMENT | Sub Office,,,,,,,,,,,,,,TAMIL NADU CEMENTS CORPORATION LIMITED - ARIYALUR,INDUSTRIES DEPARTMENT,a1bf2ab8e33c8b47,ba262b91374a0366,3,Sub Office,INDUSTRIES DEPARTMENT > TAMIL NADU CEMENTS CORPORATION LIMITED > TAMIL NADU CEMENTS CORPORATION LIMITED - ARIYALUR,rti_tamil_nadu
TN-463,b2026q3_02,TN-2c57ee1ea2fc75cd,Tamil Nadu,TAMIL NADU CEMENTS CORPORATION LIMITED - VIRUDHUNAGAR,rti_meta,en,portal,wave1-rti-information-v1,plain,RA2,INDUSTRIES DEPARTMENT | Sub Office,,,,,,,,,,,,,,TAMIL NADU CEMENTS CORPORATION LIMITED - VIRUDHUNAGAR,INDUSTRIES DEPARTMENT,2c57ee1ea2fc75cd,ba262b91374a0366,3,Sub Office,INDUSTRIES DEPARTMENT > TAMIL NADU CEMENTS CORPORATION LIMITED > TAMIL NADU CEMENTS CORPORATION LIMITED - VIRUDHUNAGAR,rti_tamil_nadu
TN-464,b2026q3_02,TN-a58f14b525a51891,Tamil Nadu,INFORMATION TECHNOLOGY AND DIGITAL SERVICES DEPARTMENT,rti_meta,en,portal,wave1-rti-information-v1,plain,RA3,INFORMATION TECHNOLOGY AND DIGITAL SERVICES DEPARTMENT | Department,,,,,,,,,,,,,,INFORMATION TECHNOLOGY AND DIGITAL SERVICES DEPARTMENT,INFORMATION TECHNOLOGY AND DIGITAL SERVICES DEPARTMENT,a58f14b525a51891,displayPa,1,Department,INFORMATION TECHNOLOGY AND DIGITAL SERVICES DEPARTMENT,rti_tamil_nadu
TN-465,b2026q3_02,TN-84b07b2e77a1a7bf,Tamil Nadu,DIRECTORATE OF E-GOVERNANCE / TAMIL NADU E-GOVERNANCE CORPORATION,rti_meta,en,portal,wave1-rti-information-v1,plain,RA2,INFORMATION TECHNOLOGY AND DIGITAL SERVICES DEPARTMENT | Head of Department,,,,,,,,,,,,,,DIRECTORATE OF E-GOVERNANCE / TAMIL NADU E-GOVERNANCE CORPORATION,INFORMATION TECHNOLOGY AND DIGITAL SERVICES DEPARTMENT,84b07b2e77a1a7bf,a58f14b525a51891,2,Head of Department,INFORMATION TECHNOLOGY AND DIGITAL SERVICES DEPARTMENT > DIRECTORATE OF E-GOVERNANCE / TAMIL NADU E-GOVERNANCE CORPORATION,rti_tamil_nadu
TN-466,b2026q3_02,TN-e143108f71332a8d,Tamil Nadu,ELECTRONICS CORPORATION OF TAMIL NADU,rti_meta,en,portal,wave1-rti-information-v1,plain,RA1,INFORMATION TECHNOLOGY AND DIGITAL SERVICES DEPARTMENT | Head of Department,,,,,,,,,,,,,,ELECTRONICS CORPORATION OF TAMIL NADU,INFORMATION TECHNOLOGY AND DIGITAL SERVICES DEPARTMENT,e143108f71332a8d,a58f14b525a51891,2,Head of Department,INFORMATION TECHNOLOGY AND DIGITAL SERVICES DEPARTMENT > ELECTRONICS CORPORATION OF TAMIL NADU,rti_tamil_nadu
TN-467,b2026q3_02,TN-f050c17fdda440cf,Tamil Nadu,TAMIL NADU ARASU CABLE TV CORPORATION LIMITED(TACTV),rti_meta,en,portal,wave1-rti-information-v1,plain,RA4,INFORMATION TECHNOLOGY AND DIGITAL SERVICES DEPARTMENT | Head of Department,,,,,,,,,,,,,,TAMIL NADU ARASU CABLE TV CORPORATION LIMITED(TACTV),INFORMATION TECHNOLOGY AND DIGITAL SERVICES DEPARTMENT,f050c17fdda440cf,a58f14b525a51891,2,Head of Department,INFORMATION TECHNOLOGY AND DIGITAL SERVICES DEPARTMENT > TAMIL NADU ARASU CABLE TV CORPORATION LIMITED(TACTV),rti_tamil_nadu
TN-468,b2026q3_02,TN-061d4293efff1b4e,Tamil Nadu,"TAMIL VIRTUAL ACADEMY, CHENNAI",rti_meta,en,portal,wave1-rti-information-v1,legal_salience,RA1,INFORMATION TECHNOLOGY AND DIGITAL SERVICES DEPARTMENT | Head of Department,,,,,,,,,,,,,,"TAMIL VIRTUAL ACADEMY, CHENNAI",INFORMATION TECHNOLOGY AND DIGITAL SERVICES DEPARTMENT,061d4293efff1b4e,a58f14b525a51891,2,Head of Department,"INFORMATION TECHNOLOGY AND DIGITAL SERVICES DEPARTMENT > TAMIL VIRTUAL ACADEMY, CHENNAI",rti_tamil_nadu
TN-469,b2026q3_02,TN-64e7783cd3f9e6eb,Tamil Nadu,"TAMIL NADU ARASU CABLE TV CORPORATION LIMITED , DHARMAPURI",rti_meta,en,portal,wave1-rti-information-v1,plain,RA1,INFORMATION TECHNOLOGY AND DIGITAL SERVICES DEPARTMENT | Sub Office,,,,,,,,,,,,,,"TAMIL NADU ARASU CABLE TV CORPORATION LIMITED , DHARMAPURI",INFORMATION TECHNOLOGY AND DIGITAL SERVICES DEPARTMENT,64e7783cd3f9e6eb,f050c17fdda440cf,3,Sub Office,"INFORMATION TECHNOLOGY AND DIGITAL SERVICES DEPARTMENT > TAMIL NADU ARASU CABLE TV CORPORATION LIMITED(TACTV) > TAMIL NADU ARASU CABLE TV CORPORATION LIMITED , DHARMAPURI",rti_tamil_nadu
TN-470,b2026q3_02,TN-25ddc5896189b942,Tamil Nadu,"TAMIL NADU ARASU CABLE TV CORPORATION LIMITED , KRISHNAGIRI",rti_meta,en,portal,wave1-rti-information-v1,plain,RA2,INFORMATION TECHNOLOGY AND DIGITAL SERVICES DEPARTMENT | Sub Office,,,,,,,,,,,,,,"TAMIL NADU ARASU CABLE TV CORPORATION LIMITED , KRISHNAGIRI",INFORMATION TECHNOLOGY AND DIGITAL SERVICES DEPARTMENT,25ddc5896189b942,f050c17fdda440cf,3,Sub Office,"INFORMATION TECHNOLOGY AND DIGITAL SERVICES DEPARTMENT > TAMIL NADU ARASU CABLE TV CORPORATION LIMITED(TACTV) > TAMIL NADU ARASU CABLE TV CORPORATION LIMITED , KRISHNAGIRI",rti_tamil_nadu
TN-471,b2026q3_02,TN-d1aebfc9df5442d0,Tamil Nadu,"TAMIL NADU ARASU CABLE TV CORPORATION LIMITED , VELLOR",rti_meta,en,portal,wave1-rti-information-v1,plain,RA3,INFORMATION TECHNOLOGY AND DIGITAL SERVICES DEPARTMENT | Sub Office,,,,,,,,,,,,,,"TAMIL NADU ARASU CABLE TV CORPORATION LIMITED , VELLOR",INFORMATION TECHNOLOGY AND DIGITAL SERVICES DEPARTMENT,d1aebfc9df5442d0,f050c17fdda440cf,3,Sub Office,"INFORMATION TECHNOLOGY AND DIGITAL SERVICES DEPARTMENT > TAMIL NADU ARASU CABLE TV CORPORATION LIMITED(TACTV) > TAMIL NADU ARASU CABLE TV CORPORATION LIMITED , VELLOR",rti_tamil_nadu
TN-472,b2026q3_02,TN-ff8ee1fb1e5dedb5,Tamil Nadu,"TAMIL NADU ARASU CABLE TV CORPORATION LIMITED , VILLUPURAM",rti_meta,en,portal,wave1-rti-information-v1,plain,RA1,INFORMATION TECHNOLOGY AND DIGITAL SERVICES DEPARTMENT | Sub Office,,,,,,,,,,,,,,"TAMIL NADU ARASU CABLE TV CORPORATION LIMITED , VILLUPURAM",INFORMATION TECHNOLOGY AND DIGITAL SERVICES DEPARTMENT,ff8ee1fb1e5dedb5,f050c17fdda440cf,3,Sub Office,"INFORMATION TECHNOLOGY AND DIGITAL SERVICES DEPARTMENT > TAMIL NADU ARASU CABLE TV CORPORATION LIMITED(TACTV) > TAMIL NADU ARASU CABLE TV CORPORATION LIMITED , VILLUPURAM",rti_tamil_nadu
TN-473,b2026q3_02,TN-a6de616f2169fbd7,Tamil Nadu,TAMIL NADU ARASU CABLE TV CORPORATION LIMITED PUDUKOTTAI,rti_meta,en,portal,wave1-rti-information-v1,plain,RA4,INFORMATION TECHNOLOGY AND DIGITAL SERVICES DEPARTMENT | Sub Office,,,,,,,,,,,,,,TAMIL NADU ARASU CABLE TV CORPORATION LIMITED PUDUKOTTAI,INFORMATION TECHNOLOGY AND DIGITAL SERVICES DEPARTMENT,a6de616f2169fbd7,f050c17fdda440cf,3,Sub Office,INFORMATION TECHNOLOGY AND DIGITAL SERVICES DEPARTMENT > TAMIL NADU ARASU CABLE TV CORPORATION LIMITED(TACTV) > TAMIL NADU ARASU CABLE TV CORPORATION LIMITED PUDUKOTTAI,rti_tamil_nadu
TN-474,b2026q3_02,TN-351f9db7326bec03,Tamil Nadu,TAMIL NADU ARASU CABLE TV CORPORATION LIMITED RAMNAD,rti_meta,en,portal,wave1-rti-information-v1,plain,RA3,INFORMATION TECHNOLOGY AND DIGITAL SERVICES DEPARTMENT | Sub Office,,,,,,,,,,,,,,TAMIL NADU ARASU CABLE TV CORPORATION LIMITED RAMNAD,INFORMATION TECHNOLOGY AND DIGITAL SERVICES DEPARTMENT,351f9db7326bec03,f050c17fdda440cf,3,Sub Office,INFORMATION TECHNOLOGY AND DIGITAL SERVICES DEPARTMENT > TAMIL NADU ARASU CABLE TV CORPORATION LIMITED(TACTV) > TAMIL NADU ARASU CABLE TV CORPORATION LIMITED RAMNAD,rti_tamil_nadu
TN-475,b2026q3_02,TN-be1b428e204c3066,Tamil Nadu,TAMIL NADU ARASU CABLE TV CORPORATION LIMITED T.V.MALAI,rti_meta,en,portal,wave1-rti-information-v1,plain,RA2,INFORMATION TECHNOLOGY AND DIGITAL SERVICES DEPARTMENT | Sub Office,,,,,,,,,,,,,,TAMIL NADU ARASU CABLE TV CORPORATION LIMITED T.V.MALAI,INFORMATION TECHNOLOGY AND DIGITAL SERVICES DEPARTMENT,be1b428e204c3066,f050c17fdda440cf,3,Sub Office,INFORMATION TECHNOLOGY AND DIGITAL SERVICES DEPARTMENT > TAMIL NADU ARASU CABLE TV CORPORATION LIMITED(TACTV) > TAMIL NADU ARASU CABLE TV CORPORATION LIMITED T.V.MALAI,rti_tamil_nadu
TN-476,b2026q3_02,TN-05441924484b792e,Tamil Nadu,TAMIL NADU ARASU CABLE TV CORPORATION LIMITED THOOTHUKUDI,rti_meta,en,portal,wave1-rti-information-v1,legal_salience,RA1,INFORMATION TECHNOLOGY AND DIGITAL SERVICES DEPARTMENT | Sub Office,,,,,,,,,,,,,,TAMIL NADU ARASU CABLE TV CORPORATION LIMITED THOOTHUKUDI,INFORMATION TECHNOLOGY AND DIGITAL SERVICES DEPARTMENT,05441924484b792e,f050c17fdda440cf,3,Sub Office,INFORMATION TECHNOLOGY AND DIGITAL SERVICES DEPARTMENT > TAMIL NADU ARASU CABLE TV CORPORATION LIMITED(TACTV) > TAMIL NADU ARASU CABLE TV CORPORATION LIMITED THOOTHUKUDI,rti_tamil_nadu
TN-477,b2026q3_02,TN-7f285bfb8305d7ee,Tamil Nadu,TAMIL NADU ARASU CABLE TV CORPORATION LIMITED TIRUPPUR,rti_meta,en,portal,wave1-rti-information-v1,plain,RA4,INFORMATION TECHNOLOGY AND DIGITAL SERVICES DEPARTMENT | Sub Office,,,,,,,,,,,,,,TAMIL NADU ARASU CABLE TV CORPORATION LIMITED TIRUPPUR,INFORMATION TECHNOLOGY AND DIGITAL SERVICES DEPARTMENT,7f285bfb8305d7ee,f050c17fdda440cf,3,Sub Office,INFORMATION TECHNOLOGY AND DIGITAL SERVICES DEPARTMENT > TAMIL NADU ARASU CABLE TV CORPORATION LIMITED(TACTV) > TAMIL NADU ARASU CABLE TV CORPORATION LIMITED TIRUPPUR,rti_tamil_nadu
TN-478,b2026q3_02,TN-b0f0d96f38515860,Tamil Nadu,TAMIL NADU ARASU CABLE TV CORPORATION LIMITED TIRUVALLUR,rti_meta,en,portal,wave1-rti-information-v1,plain,RA4,INFORMATION TECHNOLOGY AND DIGITAL SERVICES DEPARTMENT | Sub Office,,,,,,,,,,,,,,TAMIL NADU ARASU CABLE TV CORPORATION LIMITED TIRUVALLUR,INFORMATION TECHNOLOGY AND DIGITAL SERVICES DEPARTMENT,b0f0d96f38515860,f050c17fdda440cf,3,Sub Office,INFORMATION TECHNOLOGY AND DIGITAL SERVICES DEPARTMENT > TAMIL NADU ARASU CABLE TV CORPORATION LIMITED(TACTV) > TAMIL NADU ARASU CABLE TV CORPORATION LIMITED TIRUVALLUR,rti_tamil_nadu
TN-479,b2026q3_02,TN-6b4192f7398e5101,Tamil Nadu,TAMIL NADU ARASU CABLE TV CORPORATION LIMITED TIRUVARUR,rti_meta,en,portal,wave1-rti-information-v1,plain,RA1,INFORMATION TECHNOLOGY AND DIGITAL SERVICES DEPARTMENT | Sub Office,,,,,,,,,,,,,,TAMIL NADU ARASU CABLE TV CORPORATION LIMITED TIRUVARUR,INFORMATION TECHNOLOGY AND DIGITAL SERVICES DEPARTMENT,6b4192f7398e5101,f050c17fdda440cf,3,Sub Office,INFORMATION TECHNOLOGY AND DIGITAL SERVICES DEPARTMENT > TAMIL NADU ARASU CABLE TV CORPORATION LIMITED(TACTV) > TAMIL NADU ARASU CABLE TV CORPORATION LIMITED TIRUVARUR,rti_tamil_nadu
TN-480,b2026q3_02,TN-85fea1829932cc4d,Tamil Nadu,TAMIL NADU ARASU CABLE TV CORPORATION LIMITED TRICHY EAST TALUK,rti_meta,en,portal,wave1-rti-information-v1,legal_salience,RA3,INFORMATION TECHNOLOGY AND DIGITAL SERVICES DEPARTMENT | Sub Office,,,,,,,,,,,,,,TAMIL NADU ARASU CABLE TV CORPORATION LIMITED TRICHY EAST TALUK,INFORMATION TECHNOLOGY AND DIGITAL SERVICES DEPARTMENT,85fea1829932cc4d,f050c17fdda440cf,3,Sub Office,INFORMATION TECHNOLOGY AND DIGITAL SERVICES DEPARTMENT > TAMIL NADU ARASU CABLE TV CORPORATION LIMITED(TACTV) > TAMIL NADU ARASU CABLE TV CORPORATION LIMITED TRICHY EAST TALUK,rti_tamil_nadu
TN-481,b2026q3_02,TN-6f7f702fa2feaac1,Tamil Nadu,TAMIL NADU ARASU CABLE TV CORPORATION LIMITED UDHAGAMANDALAM TALUK,rti_meta,en,portal,wave1-rti-information-v1,legal_salience,RA2,INFORMATION TECHNOLOGY AND DIGITAL SERVICES DEPARTMENT | Sub Office,,,,,,,,,,,,,,TAMIL NADU ARASU CABLE TV CORPORATION LIMITED UDHAGAMANDALAM TALUK,INFORMATION TECHNOLOGY AND DIGITAL SERVICES DEPARTMENT,6f7f702fa2feaac1,f050c17fdda440cf,3,Sub Office,INFORMATION TECHNOLOGY AND DIGITAL SERVICES DEPARTMENT > TAMIL NADU ARASU CABLE TV CORPORATION LIMITED(TACTV) > TAMIL NADU ARASU CABLE TV CORPORATION LIMITED UDHAGAMANDALAM TALUK,rti_tamil_nadu
TN-482,b2026q3_02,TN-92a54be673447101,Tamil Nadu,"TAMIL NADU ARASU CABLE TV CORPORATION LIMITED, DINDIGUL",rti_meta,en,portal,wave1-rti-information-v1,legal_salience,RA2,INFORMATION TECHNOLOGY AND DIGITAL SERVICES DEPARTMENT | Sub Office,,,,,,,,,,,,,,"TAMIL NADU ARASU CABLE TV CORPORATION LIMITED, DINDIGUL",INFORMATION TECHNOLOGY AND DIGITAL SERVICES DEPARTMENT,92a54be673447101,f050c17fdda440cf,3,Sub Office,"INFORMATION TECHNOLOGY AND DIGITAL SERVICES DEPARTMENT > TAMIL NADU ARASU CABLE TV CORPORATION LIMITED(TACTV) > TAMIL NADU ARASU CABLE TV CORPORATION LIMITED, DINDIGUL",rti_tamil_nadu
TN-483,b2026q3_02,TN-f48af21f60d8615a,Tamil Nadu,"TAMIL NADU ARASU CABLE TV CORPORATION LIMITED, EGMORE",rti_meta,en,portal,wave1-rti-information-v1,plain,RA2,INFORMATION TECHNOLOGY AND DIGITAL SERVICES DEPARTMENT | Sub Office,,,,,,,,,,,,,,"TAMIL NADU ARASU CABLE TV CORPORATION LIMITED, EGMORE",INFORMATION TECHNOLOGY AND DIGITAL SERVICES DEPARTMENT,f48af21f60d8615a,f050c17fdda440cf,3,Sub Office,"INFORMATION TECHNOLOGY AND DIGITAL SERVICES DEPARTMENT > TAMIL NADU ARASU CABLE TV CORPORATION LIMITED(TACTV) > TAMIL NADU ARASU CABLE TV CORPORATION LIMITED, EGMORE",rti_tamil_nadu
TN-484,b2026q3_02,TN-50ac3587a84bb2ab,Tamil Nadu,"TAMIL NADU ARASU CABLE TV CORPORATION LIMITED, ERODE",rti_meta,en,portal,wave1-rti-information-v1,legal_salience,RA3,INFORMATION TECHNOLOGY AND DIGITAL SERVICES DEPARTMENT | Sub Office,,,,,,,,,,,,,,"TAMIL NADU ARASU CABLE TV CORPORATION LIMITED, ERODE",INFORMATION TECHNOLOGY AND DIGITAL SERVICES DEPARTMENT,50ac3587a84bb2ab,f050c17fdda440cf,3,Sub Office,"INFORMATION TECHNOLOGY AND DIGITAL SERVICES DEPARTMENT > TAMIL NADU ARASU CABLE TV CORPORATION LIMITED(TACTV) > TAMIL NADU ARASU CABLE TV CORPORATION LIMITED, ERODE",rti_tamil_nadu
TN-485,b2026q3_02,TN-1c156cd0db9bf90e,Tamil Nadu,"TAMIL NADU ARASU CABLE TV CORPORATION LIMITED, KARUR",rti_meta,en,portal,wave1-rti-information-v1,legal_salience,RA4,INFORMATION TECHNOLOGY AND DIGITAL SERVICES DEPARTMENT | Sub Office,,,,,,,,,,,,,,"TAMIL NADU ARASU CABLE TV CORPORATION LIMITED, KARUR",INFORMATION TECHNOLOGY AND DIGITAL SERVICES DEPARTMENT,1c156cd0db9bf90e,f050c17fdda440cf,3,Sub Office,"INFORMATION TECHNOLOGY AND DIGITAL SERVICES DEPARTMENT > TAMIL NADU ARASU CABLE TV CORPORATION LIMITED(TACTV) > TAMIL NADU ARASU CABLE TV CORPORATION LIMITED, KARUR",rti_tamil_nadu
TN-486,b2026q3_02,TN-f27b0c6566305bf3,Tamil Nadu,"TAMIL NADU ARASU CABLE TV CORPORATION LIMITED, MADURAI NORTH TALUK",rti_meta,en,portal,wave1-rti-information-v1,plain,RA4,INFORMATION TECHNOLOGY AND DIGITAL SERVICES DEPARTMENT | Sub Office,,,,,,,,,,,,,,"TAMIL NADU ARASU CABLE TV CORPORATION LIMITED, MADURAI NORTH TALUK",INFORMATION TECHNOLOGY AND DIGITAL SERVICES DEPARTMENT,f27b0c6566305bf3,f050c17fdda440cf,3,Sub Office,"INFORMATION TECHNOLOGY AND DIGITAL SERVICES DEPARTMENT > TAMIL NADU ARASU CABLE TV CORPORATION LIMITED(TACTV) > TAMIL NADU ARASU CABLE TV CORPORATION LIMITED, MADURAI NORTH TALUK",rti_tamil_nadu
TN-487,b2026q3_02,TN-ad523202484fe2ce,Tamil Nadu,"TAMIL NADU ARASU CABLE TV CORPORATION LIMITED,AGATHEESWARAM",rti_meta,en,portal,wave1-rti-information-v1,plain,RA3,INFORMATION TECHNOLOGY AND DIGITAL SERVICES DEPARTMENT | Sub Office,,,,,,,,,,,,,,"TAMIL NADU ARASU CABLE TV CORPORATION LIMITED,AGATHEESWARAM",INFORMATION TECHNOLOGY AND DIGITAL SERVICES DEPARTMENT,ad523202484fe2ce,f050c17fdda440cf,3,Sub Office,"INFORMATION TECHNOLOGY AND DIGITAL SERVICES DEPARTMENT > TAMIL NADU ARASU CABLE TV CORPORATION LIMITED(TACTV) > TAMIL NADU ARASU CABLE TV CORPORATION LIMITED,AGATHEESWARAM",rti_tamil_nadu
TN-488,b2026q3_02,TN-9733e3992b69ca89,Tamil Nadu,TAMILNADU ARASU CABLE TV CORP LTD CUDDALORE,rti_meta,en,portal,wave1-rti-information-v1,plain,RA3,INFORMATION TECHNOLOGY AND DIGITAL SERVICES DEPARTMENT | Sub Office,,,,,,,,,,,,,,TAMILNADU ARASU CABLE TV CORP LTD CUDDALORE,INFORMATION TECHNOLOGY AND DIGITAL SERVICES DEPARTMENT,9733e3992b69ca89,f050c17fdda440cf,3,Sub Office,INFORMATION TECHNOLOGY AND DIGITAL SERVICES DEPARTMENT > TAMIL NADU ARASU CABLE TV CORPORATION LIMITED(TACTV) > TAMILNADU ARASU CABLE TV CORP LTD CUDDALORE,rti_tamil_nadu
TN-489,b2026q3_02,TN-eb7d9fe3ce262756,Tamil Nadu,LABOUR WELFARE AND SKILL DEVELOPMENT DEPARTMENT,rti_meta,en,portal,wave1-rti-information-v1,plain,RA1,LABOUR WELFARE AND SKILL DEVELOPMENT DEPARTMENT | Department,,,,,,,,,,,,,,LABOUR WELFARE AND SKILL DEVELOPMENT DEPARTMENT,LABOUR WELFARE AND SKILL DEVELOPMENT DEPARTMENT,eb7d9fe3ce262756,displayPa,1,Department,LABOUR WELFARE AND SKILL DEVELOPMENT DEPARTMENT,rti_tamil_nadu
TN-490,b2026q3_02,TN-deb6ca1efcd9276e,Tamil Nadu,"ASSISTANT COMMISSIONER OF LABOUR(C)-3,CHENNAI.",rti_meta,en,portal,wave1-rti-information-v1,plain,RA4,LABOUR WELFARE AND SKILL DEVELOPMENT DEPARTMENT | Head of Department,,,,,,,,,,,,,,"ASSISTANT COMMISSIONER OF LABOUR(C)-3,CHENNAI.",LABOUR WELFARE AND SKILL DEVELOPMENT DEPARTMENT,deb6ca1efcd9276e,eb7d9fe3ce262756,2,Head of Department,"LABOUR WELFARE AND SKILL DEVELOPMENT DEPARTMENT > ASSISTANT COMMISSIONER OF LABOUR(C)-3,CHENNAI.",rti_tamil_nadu
TN-491,b2026q3_02,TN-05e9d469171c444a,Tamil Nadu,"DIRECTORATE OF EMPLOYMENT AND TRAINING (EMPLOYMENT WING),CHENNAI",rti_meta,en,portal,wave1-rti-information-v1,plain,RA3,LABOUR WELFARE AND SKILL DEVELOPMENT DEPARTMENT | Head of Department,,,,,,,,,,,,,,"DIRECTORATE OF EMPLOYMENT AND TRAINING (EMPLOYMENT WING),CHENNAI",LABOUR WELFARE AND SKILL DEVELOPMENT DEPARTMENT,05e9d469171c444a,eb7d9fe3ce262756,2,Head of Department,"LABOUR WELFARE AND SKILL DEVELOPMENT DEPARTMENT > DIRECTORATE OF EMPLOYMENT AND TRAINING (EMPLOYMENT WING),CHENNAI",rti_tamil_nadu
TN-492,b2026q3_02,TN-2b12fbc7bac0e223,Tamil Nadu,"DIRECTORATE OF EMPLOYMENT AND TRAINING (TRAINING WING), CHENNAI",rti_meta,en,portal,wave1-rti-information-v1,plain,RA2,LABOUR WELFARE AND SKILL DEVELOPMENT DEPARTMENT | Head of Department,,,,,,,,,,,,,,"DIRECTORATE OF EMPLOYMENT AND TRAINING (TRAINING WING), CHENNAI",LABOUR WELFARE AND SKILL DEVELOPMENT DEPARTMENT,2b12fbc7bac0e223,eb7d9fe3ce262756,2,Head of Department,"LABOUR WELFARE AND SKILL DEVELOPMENT DEPARTMENT > DIRECTORATE OF EMPLOYMENT AND TRAINING (TRAINING WING), CHENNAI",rti_tamil_nadu
TN-493,b2026q3_02,TN-a1b1db8df08e7fb6,Tamil Nadu,DIRECTORATE OF INDUSTRIAL SAFETY AND HEALTH (DISH) CHENNAI,rti_meta,en,portal,wave1-rti-information-v1,legal_salience,RA4,LABOUR WELFARE AND SKILL DEVELOPMENT DEPARTMENT | Head of Department,,,,,,,,,,,,,,DIRECTORATE OF INDUSTRIAL SAFETY AND HEALTH (DISH) CHENNAI,LABOUR WELFARE AND SKILL DEVELOPMENT DEPARTMENT,a1b1db8df08e7fb6,eb7d9fe3ce262756,2,Head of Department,LABOUR WELFARE AND SKILL DEVELOPMENT DEPARTMENT > DIRECTORATE OF INDUSTRIAL SAFETY AND HEALTH (DISH) CHENNAI,rti_tamil_nadu
TN-494,b2026q3_02,TN-629733c071c9d8bf,Tamil Nadu,"ESI HOSPITAL, TRICHY",rti_meta,en,portal,wave1-rti-information-v1,legal_salience,RA4,LABOUR WELFARE AND SKILL DEVELOPMENT DEPARTMENT | Sub Office,,,,,,,,,,,,,,"ESI HOSPITAL, TRICHY",LABOUR WELFARE AND SKILL DEVELOPMENT DEPARTMENT,629733c071c9d8bf,1fe3e16205408a17,3,Sub Office,"LABOUR WELFARE AND SKILL DEVELOPMENT DEPARTMENT > DIRECTORATE OF MEDICAL AND RURAL HEALTH SERVICES (ESI) > ESI HOSPITAL, TRICHY",rti_tamil_nadu
TN-495,b2026q3_02,TN-578a94846f37da0b,Tamil Nadu,"REGIONAL JOINT DIRECTOR(EMPLOYMENT), CHENNAI",rti_meta,en,portal,wave1-rti-information-v1,legal_salience,RA2,LABOUR WELFARE AND SKILL DEVELOPMENT DEPARTMENT | Sub Office,,,,,,,,,,,,,,"REGIONAL JOINT DIRECTOR(EMPLOYMENT), CHENNAI",LABOUR WELFARE AND SKILL DEVELOPMENT DEPARTMENT,578a94846f37da0b,05e9d469171c444a,3,Sub Office,"LABOUR WELFARE AND SKILL DEVELOPMENT DEPARTMENT > DIRECTORATE OF EMPLOYMENT AND TRAINING (EMPLOYMENT WING),CHENNAI > REGIONAL JOINT DIRECTOR(EMPLOYMENT), CHENNAI",rti_tamil_nadu
TN-496,b2026q3_02,TN-0b9e54b71d42adb1,Tamil Nadu,"DISTRICT EMPLOYMENT AND CAREER GUIDANCE CENTRE, NAMAKKAL",rti_meta,en,portal,wave1-rti-information-v1,plain,RA4,LABOUR WELFARE AND SKILL DEVELOPMENT DEPARTMENT | Sub Office,,,,,,,,,,,,,,"DISTRICT EMPLOYMENT AND CAREER GUIDANCE CENTRE, NAMAKKAL",LABOUR WELFARE AND SKILL DEVELOPMENT DEPARTMENT,0b9e54b71d42adb1,6f1dfc8347104cb7,4,Sub Office,"LABOUR WELFARE AND SKILL DEVELOPMENT DEPARTMENT > DIRECTORATE OF EMPLOYMENT AND TRAINING (EMPLOYMENT WING),CHENNAI > REGIONAL JOINT DIRECTOR (EMPLOYMENT) OFFICE, SALEM > DISTRICT EMPLOYMENT AND CAREER GUIDANCE CENTRE, NAMAKKAL",rti_tamil_nadu
TN-497,b2026q3_02,TN-6db315a5dbd26c1f,Tamil Nadu,"DISTRICT EMPLOYMENT AND CAREER GUIDANCE CENTRE, THENI",rti_meta,en,portal,wave1-rti-information-v1,plain,RA1,LABOUR WELFARE AND SKILL DEVELOPMENT DEPARTMENT | Sub Office,,,,,,,,,,,,,,"DISTRICT EMPLOYMENT AND CAREER GUIDANCE CENTRE, THENI",LABOUR WELFARE AND SKILL DEVELOPMENT DEPARTMENT,6db315a5dbd26c1f,60846fe1b808ba17,4,Sub Office,"LABOUR WELFARE AND SKILL DEVELOPMENT DEPARTMENT > DIRECTORATE OF EMPLOYMENT AND TRAINING (EMPLOYMENT WING),CHENNAI > REGIONAL JOINT DIRECTOR (EMPLOYMENT) OFFICE,MADURAI > DISTRICT EMPLOYMENT AND CAREER GUIDANCE CENTRE, THENI",rti_tamil_nadu
TN-498,b2026q3_02,TN-966262b9c2976a28,Tamil Nadu,"DISTRICT EMPLOYMENT AND CAREER GUIDANCE CENTRE, TRICHY",rti_meta,en,portal,wave1-rti-information-v1,plain,RA4,LABOUR WELFARE AND SKILL DEVELOPMENT DEPARTMENT | Sub Office,,,,,,,,,,,,,,"DISTRICT EMPLOYMENT AND CAREER GUIDANCE CENTRE, TRICHY",LABOUR WELFARE AND SKILL DEVELOPMENT DEPARTMENT,966262b9c2976a28,c41e65a237c1afd1,4,Sub Office,"LABOUR WELFARE AND SKILL DEVELOPMENT DEPARTMENT > DIRECTORATE OF EMPLOYMENT AND TRAINING (EMPLOYMENT WING),CHENNAI > REGIONAL JOINT DIRECTOR(EMPLOYMENT) OFFICE, TRICHY > DISTRICT EMPLOYMENT AND CAREER GUIDANCE CENTRE, TRICHY",rti_tamil_nadu
TN-499,b2026q3_02,TN-013abaa49e905381,Tamil Nadu,"DISTRICT SKILL TRAINING OFFICE, THOOTHUKUDI",rti_meta,en,portal,wave1-rti-information-v1,plain,RA1,LABOUR WELFARE AND SKILL DEVELOPMENT DEPARTMENT | Sub Office,,,,,,,,,,,,,,"DISTRICT SKILL TRAINING OFFICE, THOOTHUKUDI",LABOUR WELFARE AND SKILL DEVELOPMENT DEPARTMENT,013abaa49e905381,4524f9d4be53a403,4,Sub Office,"LABOUR WELFARE AND SKILL DEVELOPMENT DEPARTMENT > DIRECTORATE OF EMPLOYMENT AND TRAINING (TRAINING WING), CHENNAI > REGIONAL JOINT DIRECTOR OF TRAINING, TIRUNELVELI > DISTRICT SKILL TRAINING OFFICE, THOOTHUKUDI",rti_tamil_nadu
TN-500,b2026q3_02,TN-73ce1c3279492a40,Tamil Nadu,"GOVERNMENT I.T.I., ERAL",rti_meta,en,portal,wave1-rti-information-v1,plain,RA2,LABOUR WELFARE AND SKILL DEVELOPMENT DEPARTMENT | Sub Office,,,,,,,,,,,,,,"GOVERNMENT I.T.I., ERAL",LABOUR WELFARE AND SKILL DEVELOPMENT DEPARTMENT,73ce1c3279492a40,4524f9d4be53a403,4,Sub Office,"LABOUR WELFARE AND SKILL DEVELOPMENT DEPARTMENT > DIRECTORATE OF EMPLOYMENT AND TRAINING (TRAINING WING), CHENNAI > REGIONAL JOINT DIRECTOR OF TRAINING, TIRUNELVELI > GOVERNMENT I.T.I., ERAL",rti_tamil_nadu
TN-501,b2026q3_02,TN-3cb84100fa69abec,Tamil Nadu,"GOVERNMENT I.T.I., MANGALUR",rti_meta,en,portal,wave1-rti-information-v1,plain,RA4,LABOUR WELFARE AND SKILL DEVELOPMENT DEPARTMENT | Sub Office,,,,,,,,,,,,,,"GOVERNMENT I.T.I., MANGALUR",LABOUR WELFARE AND SKILL DEVELOPMENT DEPARTMENT,3cb84100fa69abec,54d8c2f1d5b811cf,4,Sub Office,"LABOUR WELFARE AND SKILL DEVELOPMENT DEPARTMENT > DIRECTORATE OF EMPLOYMENT AND TRAINING (TRAINING WING), CHENNAI > REGIONAL JOINT DIRECTOR OF TRAINING, VILLUPURAM > GOVERNMENT I.T.I., MANGALUR",rti_tamil_nadu
TN-502,b2026q3_02,TN-2207c2b38c6545c5,Tamil Nadu,"GOVERNMENT I.T.I., ORAGADAM",rti_meta,en,portal,wave1-rti-information-v1,legal_salience,RA4,LABOUR WELFARE AND SKILL DEVELOPMENT DEPARTMENT | Sub Office,,,,,,,,,,,,,,"GOVERNMENT I.T.I., ORAGADAM",LABOUR WELFARE AND SKILL DEVELOPMENT DEPARTMENT,2207c2b38c6545c5,4fcc6402eb0e8f3e,4,Sub Office,"LABOUR WELFARE AND SKILL DEVELOPMENT DEPARTMENT > DIRECTORATE OF EMPLOYMENT AND TRAINING (TRAINING WING), CHENNAI > REGIONAL JOINT DIRECTOR OF TRAINING OFFICE, CHENNAI > GOVERNMENT I.T.I., ORAGADAM",rti_tamil_nadu
TN-503,b2026q3_02,TN-fd492fc165d9e613,Tamil Nadu,"GOVERNMENT I.T.I., RK NAGAR",rti_meta,en,portal,wave1-rti-information-v1,plain,RA3,LABOUR WELFARE AND SKILL DEVELOPMENT DEPARTMENT | Sub Office,,,,,,,,,,,,,,"GOVERNMENT I.T.I., RK NAGAR",LABOUR WELFARE AND SKILL DEVELOPMENT DEPARTMENT,fd492fc165d9e613,4fcc6402eb0e8f3e,4,Sub Office,"LABOUR WELFARE AND SKILL DEVELOPMENT DEPARTMENT > DIRECTORATE OF EMPLOYMENT AND TRAINING (TRAINING WING), CHENNAI > REGIONAL JOINT DIRECTOR OF TRAINING OFFICE, CHENNAI > GOVERNMENT I.T.I., RK NAGAR",rti_tamil_nadu
TN-504,b2026q3_02,TN-82813a062180ce6b,Tamil Nadu,"GOVERNMENT I.T.I., THIRUKKUVALAI",rti_meta,en,portal,wave1-rti-information-v1,plain,RA1,LABOUR WELFARE AND SKILL DEVELOPMENT DEPARTMENT | Sub Office,,,,,,,,,,,,,,"GOVERNMENT I.T.I., THIRUKKUVALAI",LABOUR WELFARE AND SKILL DEVELOPMENT DEPARTMENT,82813a062180ce6b,749343f08152ded1,4,Sub Office,"LABOUR WELFARE AND SKILL DEVELOPMENT DEPARTMENT > DIRECTORATE OF EMPLOYMENT AND TRAINING (TRAINING WING), CHENNAI > REGIONAL JOINT DIRECTOR OF TRAINING, TRICHY > GOVERNMENT I.T.I., THIRUKKUVALAI",rti_tamil_nadu
TN-505,b2026q3_02,TN-615db68fa62794c3,Tamil Nadu,"GOVERNMENT I.T.I., TIRUVANNAMALAI",rti_meta,en,portal,wave1-rti-information-v1,plain,RA3,LABOUR WELFARE AND SKILL DEVELOPMENT DEPARTMENT | Sub Office,,,,,,,,,,,,,,"GOVERNMENT I.T.I., TIRUVANNAMALAI",LABOUR WELFARE AND SKILL DEVELOPMENT DEPARTMENT,615db68fa62794c3,54d8c2f1d5b811cf,4,Sub Office,"LABOUR WELFARE AND SKILL DEVELOPMENT DEPARTMENT > DIRECTORATE OF EMPLOYMENT AND TRAINING (TRAINING WING), CHENNAI > REGIONAL JOINT DIRECTOR OF TRAINING, VILLUPURAM > GOVERNMENT I.T.I., TIRUVANNAMALAI",rti_tamil_nadu
TN-506,b2026q3_02,TN-7c7a42d7098956ae,Tamil Nadu,"GOVERNMENT I.T.I., ULUNDURPET",rti_meta,en,portal,wave1-rti-information-v1,plain,RA2,LABOUR WELFARE AND SKILL DEVELOPMENT DEPARTMENT | Sub Office,,,,,,,,,,,,,,"GOVERNMENT I.T.I., ULUNDURPET",LABOUR WELFARE AND SKILL DEVELOPMENT DEPARTMENT,7c7a42d7098956ae,54d8c2f1d5b811cf,4,Sub Office,"LABOUR WELFARE AND SKILL DEVELOPMENT DEPARTMENT > DIRECTORATE OF EMPLOYMENT AND TRAINING (TRAINING WING), CHENNAI > REGIONAL JOINT DIRECTOR OF TRAINING, VILLUPURAM > GOVERNMENT I.T.I., ULUNDURPET",rti_tamil_nadu
TN-507,b2026q3_02,TN-466f3b95c5a60833,Tamil Nadu,"ASSISTANT COMMISSIONER OF LABOUR (C), TIRPPUR",rti_meta,en,portal,wave1-rti-information-v1,legal_salience,RA3,LABOUR WELFARE AND SKILL DEVELOPMENT DEPARTMENT | Sub Office,,,,,,,,,,,,,,"ASSISTANT COMMISSIONER OF LABOUR (C), TIRPPUR",LABOUR WELFARE AND SKILL DEVELOPMENT DEPARTMENT,466f3b95c5a60833,a3e00863977e0de2,5,Sub Office,"LABOUR WELFARE AND SKILL DEVELOPMENT DEPARTMENT > COMMISSIONER OF LABOUR, CHENNAI > ADDITIONAL COMMISSIONER OF LABOUR, COIMBATORE > JOINT COMMISSIONER O LABOUR, COIMBATORE > ASSISTANT COMMISSIONER OF LABOUR (C), TIRPPUR",rti_tamil_nadu
TN-508,b2026q3_02,TN-43e64c28049ec851,Tamil Nadu,"ASSISTANT COMMISSIONER OF LABOUR (SSS), DINDIGUL",rti_meta,en,portal,wave1-rti-information-v1,plain,RA3,LABOUR WELFARE AND SKILL DEVELOPMENT DEPARTMENT | Sub Office,,,,,,,,,,,,,,"ASSISTANT COMMISSIONER OF LABOUR (SSS), DINDIGUL",LABOUR WELFARE AND SKILL DEVELOPMENT DEPARTMENT,43e64c28049ec851,49364073a1f3fc40,5,Sub Office,"LABOUR WELFARE AND SKILL DEVELOPMENT DEPARTMENT > COMMISSIONER OF LABOUR, CHENNAI > ADDITIONAL COMMISSIONER OF LABOUR, TRICHY > JOINT COMMISSIONER OF LABOUR, DINDIGUL > ASSISTANT COMMISSIONER OF LABOUR (SSS), DINDIGUL",rti_tamil_nadu
TN-509,b2026q3_02,TN-52fa9adadcb5d0b7,Tamil Nadu,"ASSISTANT INSPECTOR OF LABOUR, DHARAPURAM",rti_meta,en,portal,wave1-rti-information-v1,legal_salience,RA1,LABOUR WELFARE AND SKILL DEVELOPMENT DEPARTMENT | Sub Office,,,,,,,,,,,,,,"ASSISTANT INSPECTOR OF LABOUR, DHARAPURAM",LABOUR WELFARE AND SKILL DEVELOPMENT DEPARTMENT,52fa9adadcb5d0b7,ce817490c8b6c4f7,6,Sub Office,"LABOUR WELFARE AND SKILL DEVELOPMENT DEPARTMENT > COMMISSIONER OF LABOUR, CHENNAI > ADDITIONAL COMMISSIONER OF LABOUR, COIMBATORE > JOINT COMMISSIONER O LABOUR, COIMBATORE > ASSISTANT COMMISSIONER OF LABOUR (E), TIRPPUR > ASSISTANT INSPECTOR OF LABOUR, DHARAPURAM",rti_tamil_nadu
TN-510,b2026q3_02,TN-619ef59cb73bc37e,Tamil Nadu,"ASSISTANT INSPECTOR OF LABOUR, THOOTHUKUDI 1ST CIRCLE",rti_meta,en,portal,wave1-rti-information-v1,legal_salience,RA1,LABOUR WELFARE AND SKILL DEVELOPMENT DEPARTMENT | Sub Office,,,,,,,,,,,,,,"ASSISTANT INSPECTOR OF LABOUR, THOOTHUKUDI 1ST CIRCLE",LABOUR WELFARE AND SKILL DEVELOPMENT DEPARTMENT,619ef59cb73bc37e,e99bc5f1618e3ef5,6,Sub Office,"LABOUR WELFARE AND SKILL DEVELOPMENT DEPARTMENT > COMMISSIONER OF LABOUR, CHENNAI > ADDITIONAL COMMISSIONER OF LABOUR, MADURAI, > JOINT COMMISSIONER OF LABOUR, TIRUNELVELI > ASSISTANT COMMISSIONER OF LABOUR (E), THOOTHUKKUDI > ASSISTANT INSPECTOR OF LABOUR, THOOTHUKUDI 1ST CIRCLE",rti_tamil_nadu
TN-511,b2026q3_02,TN-232a7780f9e95bdd,Tamil Nadu,"ASSISTANT INSPECTOR OF LABOUR-1, TIRUNELVELI",rti_meta,en,portal,wave1-rti-information-v1,plain,RA4,LABOUR WELFARE AND SKILL DEVELOPMENT DEPARTMENT | Sub Office,,,,,,,,,,,,,,"ASSISTANT INSPECTOR OF LABOUR-1, TIRUNELVELI",LABOUR WELFARE AND SKILL DEVELOPMENT DEPARTMENT,232a7780f9e95bdd,47349a405040c33b,6,Sub Office,"LABOUR WELFARE AND SKILL DEVELOPMENT DEPARTMENT > COMMISSIONER OF LABOUR, CHENNAI > ADDITIONAL COMMISSIONER OF LABOUR, MADURAI, > JOINT COMMISSIONER OF LABOUR, TIRUNELVELI > ASSISTANT COMMISSIONER OF LABOUR (ENFORCEMENT), TIRUNELVELI > ASSISTANT INSPECTOR OF LABOUR-1, TIRUNELVELI",rti_tamil_nadu
TN-512,b2026q3_02,TN-2f2a71b911679647,Tamil Nadu,"ASSISTANT INSPECTOR OF LABOUR-15, CHENNAI.",rti_meta,en,portal,wave1-rti-information-v1,plain,RA4,LABOUR WELFARE AND SKILL DEVELOPMENT DEPARTMENT | Sub Office,,,,,,,,,,,,,,"ASSISTANT INSPECTOR OF LABOUR-15, CHENNAI.",LABOUR WELFARE AND SKILL DEVELOPMENT DEPARTMENT,2f2a71b911679647,c7a0625dd32a0b60,6,Sub Office,"LABOUR WELFARE AND SKILL DEVELOPMENT DEPARTMENT > COMMISSIONER OF LABOUR, CHENNAI > ADDITIONAL COMMISSIONER OF LABOUR, CHENNAI > JOINT COMMISSIONER OF LABOUR-1, CHENNAI. > ASSISTANT COMMISSIONER OF LABOUR (ENFORCEMENT) -2, CHENNAI > ASSISTANT INSPECTOR OF LABOUR-15, CHENNAI.",rti_tamil_nadu
TN-513,b2026q3_02,TN-c92de401a72c834d,Tamil Nadu,"ASSISTANT INSPECTOR OF LABOUR-2, PALANI",rti_meta,en,portal,wave1-rti-information-v1,plain,RA1,LABOUR WELFARE AND SKILL DEVELOPMENT DEPARTMENT | Sub Office,,,,,,,,,,,,,,"ASSISTANT INSPECTOR OF LABOUR-2, PALANI",LABOUR WELFARE AND SKILL DEVELOPMENT DEPARTMENT,c92de401a72c834d,bb5436d8177b0b86,6,Sub Office,"LABOUR WELFARE AND SKILL DEVELOPMENT DEPARTMENT > COMMISSIONER OF LABOUR, CHENNAI > ADDITIONAL COMMISSIONER OF LABOUR, TRICHY > JOINT COMMISSIONER OF LABOUR, DINDIGUL > ASSISTANT COMMISSIONER OF LABOUR (ENFORCEMENT), DINDIGUL > ASSISTANT INSPECTOR OF LABOUR-2, PALANI",rti_tamil_nadu
TN-514,b2026q3_02,TN-8328b33104bf4813,Tamil Nadu,"ASSISTANT INSPECTOR OF LABOUR-2, SIVAKASI",rti_meta,en,portal,wave1-rti-information-v1,plain,RA1,LABOUR WELFARE AND SKILL DEVELOPMENT DEPARTMENT | Sub Office,,,,,,,,,,,,,,"ASSISTANT INSPECTOR OF LABOUR-2, SIVAKASI",LABOUR WELFARE AND SKILL DEVELOPMENT DEPARTMENT,8328b33104bf4813,757c0b738a201724,6,Sub Office,"LABOUR WELFARE AND SKILL DEVELOPMENT DEPARTMENT > COMMISSIONER OF LABOUR, CHENNAI > ADDITIONAL COMMISSIONER OF LABOUR, MADURAI, > JOINT COMMISSIONER OF LABOUR, MADURAI (I/C) > ASSISTANT COMMISSIONER OF LABOUR, (ENFORCEMENT) VIRUDHUNAGAR. > ASSISTANT INSPECTOR OF LABOUR-2, SIVAKASI",rti_tamil_nadu
TN-515,b2026q3_02,TN-e8fdfc161bb7fd4d,Tamil Nadu,"ASSISTANT INSPECTOR OF LABOUR-2, TENKASI",rti_meta,en,portal,wave1-rti-information-v1,plain,RA3,LABOUR WELFARE AND SKILL DEVELOPMENT DEPARTMENT | Sub Office,,,,,,,,,,,,,,"ASSISTANT INSPECTOR OF LABOUR-2, TENKASI",LABOUR WELFARE AND SKILL DEVELOPMENT DEPARTMENT,e8fdfc161bb7fd4d,47349a405040c33b,6,Sub Office,"LABOUR WELFARE AND SKILL DEVELOPMENT DEPARTMENT > COMMISSIONER OF LABOUR, CHENNAI > ADDITIONAL COMMISSIONER OF LABOUR, MADURAI, > JOINT COMMISSIONER OF LABOUR, TIRUNELVELI > ASSISTANT COMMISSIONER OF LABOUR (ENFORCEMENT), TIRUNELVELI > ASSISTANT INSPECTOR OF LABOUR-2, TENKASI",rti_tamil_nadu
TN-516,b2026q3_02,TN-d1c4f87952970a5d,Tamil Nadu,"ASSISTANT INSPECTOR OF LABOUR-25, CHENNAI.",rti_meta,en,portal,wave1-rti-information-v1,legal_salience,RA1,LABOUR WELFARE AND SKILL DEVELOPMENT DEPARTMENT | Sub Office,,,,,,,,,,,,,,"ASSISTANT INSPECTOR OF LABOUR-25, CHENNAI.",LABOUR WELFARE AND SKILL DEVELOPMENT DEPARTMENT,d1c4f87952970a5d,45d64dd0575febf4,6,Sub Office,"LABOUR WELFARE AND SKILL DEVELOPMENT DEPARTMENT > COMMISSIONER OF LABOUR, CHENNAI > ADDITIONAL COMMISSIONER OF LABOUR, CHENNAI > JOINT COMMISSIONER OF LABOUR-1, CHENNAI. > ASSISTANT COMMISSIONER OF LABOUR (ENFORCEMENT) -3, CHENNAI > ASSISTANT INSPECTOR OF LABOUR-25, CHENNAI.",rti_tamil_nadu
TN-517,b2026q3_02,TN-47eb87217741a42c,Tamil Nadu,"DEPUTY INSPECTOR OF LABOUR, CIRCLE - 1, CHENNAI",rti_meta,en,portal,wave1-rti-information-v1,legal_salience,RA2,LABOUR WELFARE AND SKILL DEVELOPMENT DEPARTMENT | Sub Office,,,,,,,,,,,,,,"DEPUTY INSPECTOR OF LABOUR, CIRCLE - 1, CHENNAI",LABOUR WELFARE AND SKILL DEVELOPMENT DEPARTMENT,47eb87217741a42c,c187810b45289909,6,Sub Office,"LABOUR WELFARE AND SKILL DEVELOPMENT DEPARTMENT > COMMISSIONER OF LABOUR, CHENNAI > ADDITIONAL COMMISSIONER OF LABOUR, CHENNAI > JOINT COMMISSIONER OF LABOUR-1, CHENNAI. > ASSISTANT COMMISSIONER OF LABOUR (ENFORCEMENT) -1, CHENNAI > DEPUTY INSPECTOR OF LABOUR, CIRCLE - 1, CHENNAI",rti_tamil_nadu
TN-518,b2026q3_02,TN-6414afacfa8f5fe9,Tamil Nadu,"DEPUTY INSPECTOR OF LABOUR, KARUR",rti_meta,en,portal,wave1-rti-information-v1,legal_salience,RA3,LABOUR WELFARE AND SKILL DEVELOPMENT DEPARTMENT | Sub Office,,,,,,,,,,,,,,"DEPUTY INSPECTOR OF LABOUR, KARUR",LABOUR WELFARE AND SKILL DEVELOPMENT DEPARTMENT,6414afacfa8f5fe9,be327256acda4611,6,Sub Office,"LABOUR WELFARE AND SKILL DEVELOPMENT DEPARTMENT > COMMISSIONER OF LABOUR, CHENNAI > ADDITIONAL COMMISSIONER OF LABOUR, TRICHY > JOINT COMMISSIONER OF LABOUR, DINDIGUL > ASSISTANT COMMISSIONER OF LABOUR (ENFORCEMENT),KARUR > DEPUTY INSPECTOR OF LABOUR, KARUR",rti_tamil_nadu
TN-519,b2026q3_02,TN-a49e63781bf1a2b9,Tamil Nadu,"STAMPING INSPECTOR, COMMISSIONER OF LABOUR, DHARAPURAM",rti_meta,en,portal,wave1-rti-information-v1,plain,RA1,LABOUR WELFARE AND SKILL DEVELOPMENT DEPARTMENT | Sub Office,,,,,,,,,,,,,,"STAMPING INSPECTOR, COMMISSIONER OF LABOUR, DHARAPURAM",LABOUR WELFARE AND SKILL DEVELOPMENT DEPARTMENT,a49e63781bf1a2b9,ce817490c8b6c4f7,6,Sub Office,"LABOUR WELFARE AND SKILL DEVELOPMENT DEPARTMENT > COMMISSIONER OF LABOUR, CHENNAI > ADDITIONAL COMMISSIONER OF LABOUR, COIMBATORE > JOINT COMMISSIONER O LABOUR, COIMBATORE > ASSISTANT COMMISSIONER OF LABOUR (E), TIRPPUR > STAMPING INSPECTOR, COMMISSIONER OF LABOUR, DHARAPURAM",rti_tamil_nadu
TN-520,b2026q3_02,TN-e434583710d4b76d,Tamil Nadu,"STAMPING INSPECTOR-3, COMMISSIONER OF LABOUR, CHENNAI",rti_meta,en,portal,wave1-rti-information-v1,plain,RA2,LABOUR WELFARE AND SKILL DEVELOPMENT DEPARTMENT | Sub Office,,,,,,,,,,,,,,"STAMPING INSPECTOR-3, COMMISSIONER OF LABOUR, CHENNAI",LABOUR WELFARE AND SKILL DEVELOPMENT DEPARTMENT,e434583710d4b76d,c187810b45289909,6,Sub Office,"LABOUR WELFARE AND SKILL DEVELOPMENT DEPARTMENT > COMMISSIONER OF LABOUR, CHENNAI > ADDITIONAL COMMISSIONER OF LABOUR, CHENNAI > JOINT COMMISSIONER OF LABOUR-1, CHENNAI. > ASSISTANT COMMISSIONER OF LABOUR (ENFORCEMENT) -1, CHENNAI > STAMPING INSPECTOR-3, COMMISSIONER OF LABOUR, CHENNAI",rti_tamil_nadu
TN-521,b2026q3_02,TN-a473b8e7827aea08,Tamil Nadu,"STAMPINGINSPECTOR OF LABOUR, COMMISSIONER OF LABOUR, SANKARANKOIL",rti_meta,en,portal,wave1-rti-information-v1,plain,RA3,LABOUR WELFARE AND SKILL DEVELOPMENT DEPARTMENT | Sub Office,,,,,,,,,,,,,,"STAMPINGINSPECTOR OF LABOUR, COMMISSIONER OF LABOUR, SANKARANKOIL",LABOUR WELFARE AND SKILL DEVELOPMENT DEPARTMENT,a473b8e7827aea08,47349a405040c33b,6,Sub Office,"LABOUR WELFARE AND SKILL DEVELOPMENT DEPARTMENT > COMMISSIONER OF LABOUR, CHENNAI > ADDITIONAL COMMISSIONER OF LABOUR, MADURAI, > JOINT COMMISSIONER OF LABOUR, TIRUNELVELI > ASSISTANT COMMISSIONER OF LABOUR (ENFORCEMENT), TIRUNELVELI > STAMPINGINSPECTOR OF LABOUR, COMMISSIONER OF LABOUR, SANKARANKOIL",rti_tamil_nadu
TN-522,b2026q3_02,TN-341c5118d52d36b0,Tamil Nadu,"STAMPING INSPECTOR, COMMISSIONER OF LABOUR, MUSIRI",rti_meta,en,portal,wave1-rti-information-v1,plain,RA2,LABOUR WELFARE AND SKILL DEVELOPMENT DEPARTMENT | Sub Office,,,,,,,,,,,,,,"STAMPING INSPECTOR, COMMISSIONER OF LABOUR, MUSIRI",LABOUR WELFARE AND SKILL DEVELOPMENT DEPARTMENT,341c5118d52d36b0,cf279162b4514b2f,7,Sub Office,"LABOUR WELFARE AND SKILL DEVELOPMENT DEPARTMENT > COMMISSIONER OF LABOUR, CHENNAI > ADDITIONAL COMMISSIONER OF LABOUR, CHENNAI > JOINT COMMISSIONER OF LABOUR-1, CHENNAI. > ASSISTANT COMMISSIONER OF LABOUR (ENFORCEMENT) -3, CHENNAI > STAMPING INSPECTOR-12, COMMISSIONER OF LABOUR, CHENNAI > STAMPING INSPECTOR, COMMISSIONER OF LABOUR, MUSIRI",rti_tamil_nadu
TN-523,b2026q3_02,TN-4fe5c1560739fece,Tamil Nadu,"STAMPING INSPECTOR, COMMISSIONER OF LABOUR, THIRUPATHUR",rti_meta,en,portal,wave1-rti-information-v1,plain,RA2,LABOUR WELFARE AND SKILL DEVELOPMENT DEPARTMENT | Sub Office,,,,,,,,,,,,,,"STAMPING INSPECTOR, COMMISSIONER OF LABOUR, THIRUPATHUR",LABOUR WELFARE AND SKILL DEVELOPMENT DEPARTMENT,4fe5c1560739fece,cf279162b4514b2f,7,Sub Office,"LABOUR WELFARE AND SKILL DEVELOPMENT DEPARTMENT > COMMISSIONER OF LABOUR, CHENNAI > ADDITIONAL COMMISSIONER OF LABOUR, CHENNAI > JOINT COMMISSIONER OF LABOUR-1, CHENNAI. > ASSISTANT COMMISSIONER OF LABOUR (ENFORCEMENT) -3, CHENNAI > STAMPING INSPECTOR-12, COMMISSIONER OF LABOUR, CHENNAI > STAMPING INSPECTOR, COMMISSIONER OF LABOUR, THIRUPATHUR",rti_tamil_nadu
TN-524,b2026q3_02,TN-e43403d684e5fa6f,Tamil Nadu,LAW DEPARTMENT,rti_meta,en,portal,wave1-rti-information-v1,plain,RA2,LAW DEPARTMENT | Department,,,,,,,,,,,,,,LAW DEPARTMENT,LAW DEPARTMENT,e43403d684e5fa6f,displayPa,1,Department,LAW DEPARTMENT,rti_tamil_nadu
TN-525,b2026q3_02,TN-6d82ad1f799adecc,Tamil Nadu,DIRECTORATE OF LEGAL STUDIES,rti_meta,en,portal,wave1-rti-information-v1,legal_salience,RA2,LAW DEPARTMENT | Head of Department,,,,,,,,,,,,,,DIRECTORATE OF LEGAL STUDIES,LAW DEPARTMENT,6d82ad1f799adecc,e43403d684e5fa6f,2,Head of Department,LAW DEPARTMENT > DIRECTORATE OF LEGAL STUDIES,rti_tamil_nadu
TN-526,b2026q3_02,TN-50c34ccaae29fecc,Tamil Nadu,STATE LAW COMMISSION,rti_meta,en,portal,wave1-rti-information-v1,plain,RA4,LAW DEPARTMENT | Head of Department,,,,,,,,,,,,,,STATE LAW COMMISSION,LAW DEPARTMENT,50c34ccaae29fecc,e43403d684e5fa6f,2,Head of Department,LAW DEPARTMENT > STATE LAW COMMISSION,rti_tamil_nadu
TN-527,b2026q3_02,TN-57b2fbc12451035e,Tamil Nadu,STATE OFFICIAL LANGUAGE(LEGISLATIVE)COMMISSION,rti_meta,en,portal,wave1-rti-information-v1,plain,RA3,LAW DEPARTMENT | Head of Department,,,,,,,,,,,,,,STATE OFFICIAL LANGUAGE(LEGISLATIVE)COMMISSION,LAW DEPARTMENT,57b2fbc12451035e,e43403d684e5fa6f,2,Head of Department,LAW DEPARTMENT > STATE OFFICIAL LANGUAGE(LEGISLATIVE)COMMISSION,rti_tamil_nadu
TN-528,b2026q3_02,TN-a03d5924243e4f90,Tamil Nadu,"TAMIL NADU NATIONAL LAW UNIVERSITY, TIRUCHIRAPPALLI",rti_meta,en,portal,wave1-rti-information-v1,plain,RA1,LAW DEPARTMENT | Head of Department,,,,,,,,,,,,,,"TAMIL NADU NATIONAL LAW UNIVERSITY, TIRUCHIRAPPALLI",LAW DEPARTMENT,a03d5924243e4f90,e43403d684e5fa6f,2,Head of Department,"LAW DEPARTMENT > TAMIL NADU NATIONAL LAW UNIVERSITY, TIRUCHIRAPPALLI",rti_tamil_nadu
TN-529,b2026q3_02,TN-88e6fb7134ac8dda,Tamil Nadu,CHENNAI DR.AMBEDKAR GOVERNMENT LAW COLLEGE,rti_meta,en,portal,wave1-rti-information-v1,plain,RA1,LAW DEPARTMENT | Sub Office,,,,,,,,,,,,,,CHENNAI DR.AMBEDKAR GOVERNMENT LAW COLLEGE,LAW DEPARTMENT,88e6fb7134ac8dda,6d82ad1f799adecc,3,Sub Office,LAW DEPARTMENT > DIRECTORATE OF LEGAL STUDIES > CHENNAI DR.AMBEDKAR GOVERNMENT LAW COLLEGE,rti_tamil_nadu
TN-530,b2026q3_02,TN-2cbe92963f0554fc,Tamil Nadu,CHENNAI DR.AMBEKAR GOVERNMENT LAW COLLEGE,rti_meta,en,portal,wave1-rti-information-v1,plain,RA3,LAW DEPARTMENT | Sub Office,,,,,,,,,,,,,,CHENNAI DR.AMBEKAR GOVERNMENT LAW COLLEGE,LAW DEPARTMENT,2cbe92963f0554fc,6d82ad1f799adecc,3,Sub Office,LAW DEPARTMENT > DIRECTORATE OF LEGAL STUDIES > CHENNAI DR.AMBEKAR GOVERNMENT LAW COLLEGE,rti_tamil_nadu
TN-531,b2026q3_02,TN-4384f60d8b18edb0,Tamil Nadu,"GOVERNMENT LAW COLLEGE, COIMBATORE.",rti_meta,en,portal,wave1-rti-information-v1,plain,RA2,LAW DEPARTMENT | Sub Office,,,,,,,,,,,,,,"GOVERNMENT LAW COLLEGE, COIMBATORE.",LAW DEPARTMENT,4384f60d8b18edb0,6d82ad1f799adecc,3,Sub Office,"LAW DEPARTMENT > DIRECTORATE OF LEGAL STUDIES > GOVERNMENT LAW COLLEGE, COIMBATORE.",rti_tamil_nadu
TN-532,b2026q3_02,TN-60667294d0938b66,Tamil Nadu,"GOVERNMENT LAW COLLEGE, KARAIKUDI.",rti_meta,en,portal,wave1-rti-information-v1,legal_salience,RA3,LAW DEPARTMENT | Sub Office,,,,,,,,,,,,,,"GOVERNMENT LAW COLLEGE, KARAIKUDI.",LAW DEPARTMENT,60667294d0938b66,6d82ad1f799adecc,3,Sub Office,"LAW DEPARTMENT > DIRECTORATE OF LEGAL STUDIES > GOVERNMENT LAW COLLEGE, KARAIKUDI.",rti_tamil_nadu
TN-533,b2026q3_02,TN-2e4e996373b20451,Tamil Nadu,"GOVERNMENT LAW COLLEGE, RAMANATHAPURAM.",rti_meta,en,portal,wave1-rti-information-v1,plain,RA4,LAW DEPARTMENT | Sub Office,,,,,,,,,,,,,,"GOVERNMENT LAW COLLEGE, RAMANATHAPURAM.",LAW DEPARTMENT,2e4e996373b20451,6d82ad1f799adecc,3,Sub Office,"LAW DEPARTMENT > DIRECTORATE OF LEGAL STUDIES > GOVERNMENT LAW COLLEGE, RAMANATHAPURAM.",rti_tamil_nadu
TN-534,b2026q3_02,TN-6599785e292b9717,Tamil Nadu,"GOVERNMENT LAW COLLEGE, SALEM.",rti_meta,en,portal,wave1-rti-information-v1,legal_salience,RA2,LAW DEPARTMENT | Sub Office,,,,,,,,,,,,,,"GOVERNMENT LAW COLLEGE, SALEM.",LAW DEPARTMENT,6599785e292b9717,6d82ad1f799adecc,3,Sub Office,"LAW DEPARTMENT > DIRECTORATE OF LEGAL STUDIES > GOVERNMENT LAW COLLEGE, SALEM.",rti_tamil_nadu
TN-535,b2026q3_02,TN-e388132db37571eb,Tamil Nadu,"GOVERNMENT LAW COLLEGE, VILLUPURAM.",rti_meta,en,portal,wave1-rti-information-v1,legal_salience,RA3,LAW DEPARTMENT | Sub Office,,,,,,,,,,,,,,"GOVERNMENT LAW COLLEGE, VILLUPURAM.",LAW DEPARTMENT,e388132db37571eb,6d82ad1f799adecc,3,Sub Office,"LAW DEPARTMENT > DIRECTORATE OF LEGAL STUDIES > GOVERNMENT LAW COLLEGE, VILLUPURAM.",rti_tamil_nadu
TN-536,b2026q3_02,TN-8d0b34be471ec470,Tamil Nadu,"GOVERNMENT LAW COLLEGE,CHENGALPATTU.",rti_meta,en,portal,wave1-rti-information-v1,plain,RA3,LAW DEPARTMENT | Sub Office,,,,,,,,,,,,,,"GOVERNMENT LAW COLLEGE,CHENGALPATTU.",LAW DEPARTMENT,8d0b34be471ec470,6d82ad1f799adecc,3,Sub Office,"LAW DEPARTMENT > DIRECTORATE OF LEGAL STUDIES > GOVERNMENT LAW COLLEGE,CHENGALPATTU.",rti_tamil_nadu
TN-537,b2026q3_02,TN-4b309d51923305b6,Tamil Nadu,"GOVERNMENT LAW COLLEGE,DHARMAPURI.",rti_meta,en,portal,wave1-rti-information-v1,legal_salience,RA4,LAW DEPARTMENT | Sub Office,,,,,,,,,,,,,,"GOVERNMENT LAW COLLEGE,DHARMAPURI.",LAW DEPARTMENT,4b309d51923305b6,6d82ad1f799adecc,3,Sub Office,"LAW DEPARTMENT > DIRECTORATE OF LEGAL STUDIES > GOVERNMENT LAW COLLEGE,DHARMAPURI.",rti_tamil_nadu
TN-538,b2026q3_02,TN-4d2e7c2be11ed282,Tamil Nadu,"GOVERNMENT LAW COLLEGE,MADURAI.",rti_meta,en,portal,wave1-rti-information-v1,plain,RA2,LAW DEPARTMENT | Sub Office,,,,,,,,,,,,,,"GOVERNMENT LAW COLLEGE,MADURAI.",LAW DEPARTMENT,4d2e7c2be11ed282,6d82ad1f799adecc,3,Sub Office,"LAW DEPARTMENT > DIRECTORATE OF LEGAL STUDIES > GOVERNMENT LAW COLLEGE,MADURAI.",rti_tamil_nadu
TN-539,b2026q3_02,TN-bd57bd4a18598f5b,Tamil Nadu,"GOVERNMENT LAW COLLEGE,NAMAKKAL.",rti_meta,en,portal,wave1-rti-information-v1,legal_salience,RA1,LAW DEPARTMENT | Sub Office,,,,,,,,,,,,,,"GOVERNMENT LAW COLLEGE,NAMAKKAL.",LAW DEPARTMENT,bd57bd4a18598f5b,6d82ad1f799adecc,3,Sub Office,"LAW DEPARTMENT > DIRECTORATE OF LEGAL STUDIES > GOVERNMENT LAW COLLEGE,NAMAKKAL.",rti_tamil_nadu
TN-540,b2026q3_02,TN-aa830ec4439d48ec,Tamil Nadu,"GOVERNMENT LAW COLLEGE,THENI.",rti_meta,en,portal,wave1-rti-information-v1,plain,RA1,LAW DEPARTMENT | Sub Office,,,,,,,,,,,,,,"GOVERNMENT LAW COLLEGE,THENI.",LAW DEPARTMENT,aa830ec4439d48ec,6d82ad1f799adecc,3,Sub Office,"LAW DEPARTMENT > DIRECTORATE OF LEGAL STUDIES > GOVERNMENT LAW COLLEGE,THENI.",rti_tamil_nadu
TN-541,b2026q3_02,TN-0ca8dc621759c1fc,Tamil Nadu,"GOVERNMENT LAW COLLEGE,THIRUCHIRAPPALLI.",rti_meta,en,portal,wave1-rti-information-v1,plain,RA3,LAW DEPARTMENT | Sub Office,,,,,,,,,,,,,,"GOVERNMENT LAW COLLEGE,THIRUCHIRAPPALLI.",LAW DEPARTMENT,0ca8dc621759c1fc,6d82ad1f799adecc,3,Sub Office,"LAW DEPARTMENT > DIRECTORATE OF LEGAL STUDIES > GOVERNMENT LAW COLLEGE,THIRUCHIRAPPALLI.",rti_tamil_nadu
TN-542,b2026q3_02,TN-a9446b6db48c969f,Tamil Nadu,"GOVERNMENT LAW COLLEGE,THIRUNELVELI.",rti_meta,en,portal,wave1-rti-information-v1,plain,RA2,LAW DEPARTMENT | Sub Office,,,,,,,,,,,,,,"GOVERNMENT LAW COLLEGE,THIRUNELVELI.",LAW DEPARTMENT,a9446b6db48c969f,6d82ad1f799adecc,3,Sub Office,"LAW DEPARTMENT > DIRECTORATE OF LEGAL STUDIES > GOVERNMENT LAW COLLEGE,THIRUNELVELI.",rti_tamil_nadu
TN-543,b2026q3_02,TN-e428fa2de7fe58e6,Tamil Nadu,"GOVERNMENT LAW COLLEGE,VELLORE.",rti_meta,en,portal,wave1-rti-information-v1,plain,RA4,LAW DEPARTMENT | Sub Office,,,,,,,,,,,,,,"GOVERNMENT LAW COLLEGE,VELLORE.",LAW DEPARTMENT,e428fa2de7fe58e6,6d82ad1f799adecc,3,Sub Office,"LAW DEPARTMENT > DIRECTORATE OF LEGAL STUDIES > GOVERNMENT LAW COLLEGE,VELLORE.",rti_tamil_nadu
TN-544,b2026q3_02,TN-fc43c4b3939e112c,Tamil Nadu,LEGISLATIVE ASSEMBLY DEPARTMENT,rti_meta,en,portal,wave1-rti-information-v1,plain,RA4,LEGISLATIVE ASSEMBLY DEPARTMENT | Department,,,,,,,,,,,,,,LEGISLATIVE ASSEMBLY DEPARTMENT,LEGISLATIVE ASSEMBLY DEPARTMENT,fc43c4b3939e112c,displayPa,1,Department,LEGISLATIVE ASSEMBLY DEPARTMENT,rti_tamil_nadu
TN-545,b2026q3_02,TN-614ac6806265821c,Tamil Nadu,"MICRO, SMALL AND MEDIUM ENTERPRISES DEPARTMENT",rti_meta,en,portal,wave1-rti-information-v1,plain,RA1,"MICRO, SMALL AND MEDIUM ENTERPRISES DEPARTMENT | Department",,,,,,,,,,,,,,"MICRO, SMALL AND MEDIUM ENTERPRISES DEPARTMENT","MICRO, SMALL AND MEDIUM ENTERPRISES DEPARTMENT",614ac6806265821c,displayPa,1,Department,"MICRO, SMALL AND MEDIUM ENTERPRISES DEPARTMENT",rti_tamil_nadu
TN-546,b2026q3_02,TN-63008525a437b420,Tamil Nadu,BUREAU FOR FACILITATING MSMES OF TAMIL NADU -FAME TN,rti_meta,en,portal,wave1-rti-information-v1,legal_salience,RA4,"MICRO, SMALL AND MEDIUM ENTERPRISES DEPARTMENT | Head of Department",,,,,,,,,,,,,,BUREAU FOR FACILITATING MSMES OF TAMIL NADU -FAME TN,"MICRO, SMALL AND MEDIUM ENTERPRISES DEPARTMENT",63008525a437b420,614ac6806265821c,2,Head of Department,"MICRO, SMALL AND MEDIUM ENTERPRISES DEPARTMENT > BUREAU FOR FACILITATING MSMES OF TAMIL NADU -FAME TN",rti_tamil_nadu
TN-547,b2026q3_02,TN-ef597562cfc943ce,Tamil Nadu,ENTREPRENEURSHIP DEVELOPMENT AND INNOVATION INSTITUTE,rti_meta,en,portal,wave1-rti-information-v1,plain,RA3,"MICRO, SMALL AND MEDIUM ENTERPRISES DEPARTMENT | Head of Department",,,,,,,,,,,,,,ENTREPRENEURSHIP DEVELOPMENT AND INNOVATION INSTITUTE,"MICRO, SMALL AND MEDIUM ENTERPRISES DEPARTMENT",ef597562cfc943ce,614ac6806265821c,2,Head of Department,"MICRO, SMALL AND MEDIUM ENTERPRISES DEPARTMENT > ENTREPRENEURSHIP DEVELOPMENT AND INNOVATION INSTITUTE",rti_tamil_nadu
TN-548,b2026q3_02,TN-271929225565ab63,Tamil Nadu,"TAMIL NADU COIR BUSINESS DEVELOPMENT CORPORATION, COIMBATORE",rti_meta,en,portal,wave1-rti-information-v1,plain,RA2,"MICRO, SMALL AND MEDIUM ENTERPRISES DEPARTMENT | Head of Department",,,,,,,,,,,,,,"TAMIL NADU COIR BUSINESS DEVELOPMENT CORPORATION, COIMBATORE","MICRO, SMALL AND MEDIUM ENTERPRISES DEPARTMENT",271929225565ab63,614ac6806265821c,2,Head of Department,"MICRO, SMALL AND MEDIUM ENTERPRISES DEPARTMENT > TAMIL NADU COIR BUSINESS DEVELOPMENT CORPORATION, COIMBATORE",rti_tamil_nadu
TN-549,b2026q3_02,TN-adf6980e5993801c,Tamil Nadu,TAMIL NADU SMALL INDUSTRIES CORPORATION LIMITED,rti_meta,en,portal,wave1-rti-information-v1,plain,RA4,"MICRO, SMALL AND MEDIUM ENTERPRISES DEPARTMENT | Head of Department",,,,,,,,,,,,,,TAMIL NADU SMALL INDUSTRIES CORPORATION LIMITED,"MICRO, SMALL AND MEDIUM ENTERPRISES DEPARTMENT",adf6980e5993801c,614ac6806265821c,2,Head of Department,"MICRO, SMALL AND MEDIUM ENTERPRISES DEPARTMENT > TAMIL NADU SMALL INDUSTRIES CORPORATION LIMITED",rti_tamil_nadu
TN-550,b2026q3_02,TN-8b869e20a7e4bdd8,Tamil Nadu,CENTRAL ELECTRICAL TESTING LABORATORY AT KAKKALUR,rti_meta,en,portal,wave1-rti-information-v1,plain,RA1,"MICRO, SMALL AND MEDIUM ENTERPRISES DEPARTMENT | Sub Office",,,,,,,,,,,,,,CENTRAL ELECTRICAL TESTING LABORATORY AT KAKKALUR,"MICRO, SMALL AND MEDIUM ENTERPRISES DEPARTMENT",8b869e20a7e4bdd8,ec62268c964e5b1e,3,Sub Office,"MICRO, SMALL AND MEDIUM ENTERPRISES DEPARTMENT > INDUSTRIES COMMISSIONER AND DIRECTOR OF INDUSTRIES AND COMMERCE > CENTRAL ELECTRICAL TESTING LABORATORY AT KAKKALUR",rti_tamil_nadu
TN-551,b2026q3_02,TN-b20f7699a06abaff,Tamil Nadu,DEPUTY DIRECTOR (INDUSTRIAL COOPERATIVE,rti_meta,en,portal,wave1-rti-information-v1,plain,RA4,"MICRO, SMALL AND MEDIUM ENTERPRISES DEPARTMENT | Sub Office",,,,,,,,,,,,,,DEPUTY DIRECTOR (INDUSTRIAL COOPERATIVE,"MICRO, SMALL AND MEDIUM ENTERPRISES DEPARTMENT",b20f7699a06abaff,ec62268c964e5b1e,3,Sub Office,"MICRO, SMALL AND MEDIUM ENTERPRISES DEPARTMENT > INDUSTRIES COMMISSIONER AND DIRECTOR OF INDUSTRIES AND COMMERCE > DEPUTY DIRECTOR (INDUSTRIAL COOPERATIVE",rti_tamil_nadu
TN-552,b2026q3_02,TN-24f5bf199f24669f,Tamil Nadu,DISTRICT INDUSTRIES CENTRE AT CHENGALPATTU,rti_meta,en,portal,wave1-rti-information-v1,plain,RA2,"MICRO, SMALL AND MEDIUM ENTERPRISES DEPARTMENT | Sub Office",,,,,,,,,,,,,,DISTRICT INDUSTRIES CENTRE AT CHENGALPATTU,"MICRO, SMALL AND MEDIUM ENTERPRISES DEPARTMENT",24f5bf199f24669f,ec62268c964e5b1e,3,Sub Office,"MICRO, SMALL AND MEDIUM ENTERPRISES DEPARTMENT > INDUSTRIES COMMISSIONER AND DIRECTOR OF INDUSTRIES AND COMMERCE > DISTRICT INDUSTRIES CENTRE AT CHENGALPATTU",rti_tamil_nadu
TN-553,b2026q3_02,TN-25ea389690fbf65b,Tamil Nadu,DISTRICT INDUSTRIES CENTRE AT CUDDALORE,rti_meta,en,portal,wave1-rti-information-v1,plain,RA2,"MICRO, SMALL AND MEDIUM ENTERPRISES DEPARTMENT | Sub Office",,,,,,,,,,,,,,DISTRICT INDUSTRIES CENTRE AT CUDDALORE,"MICRO, SMALL AND MEDIUM ENTERPRISES DEPARTMENT",25ea389690fbf65b,ec62268c964e5b1e,3,Sub Office,"MICRO, SMALL AND MEDIUM ENTERPRISES DEPARTMENT > INDUSTRIES COMMISSIONER AND DIRECTOR OF INDUSTRIES AND COMMERCE > DISTRICT INDUSTRIES CENTRE AT CUDDALORE",rti_tamil_nadu
TN-554,b2026q3_02,TN-e0ee327b9da5f9bc,Tamil Nadu,DISTRICT INDUSTRIES CENTRE AT DHARMAPURI,rti_meta,en,portal,wave1-rti-information-v1,plain,RA1,"MICRO, SMALL AND MEDIUM ENTERPRISES DEPARTMENT | Sub Office",,,,,,,,,,,,,,DISTRICT INDUSTRIES CENTRE AT DHARMAPURI,"MICRO, SMALL AND MEDIUM ENTERPRISES DEPARTMENT",e0ee327b9da5f9bc,ec62268c964e5b1e,3,Sub Office,"MICRO, SMALL AND MEDIUM ENTERPRISES DEPARTMENT > INDUSTRIES COMMISSIONER AND DIRECTOR OF INDUSTRIES AND COMMERCE > DISTRICT INDUSTRIES CENTRE AT DHARMAPURI",rti_tamil_nadu
TN-555,b2026q3_02,TN-5b614bd6b43443f0,Tamil Nadu,DISTRICT INDUSTRIES CENTRE AT ERODE,rti_meta,en,portal,wave1-rti-information-v1,legal_salience,RA2,"MICRO, SMALL AND MEDIUM ENTERPRISES DEPARTMENT | Sub Office",,,,,,,,,,,,,,DISTRICT INDUSTRIES CENTRE AT ERODE,"MICRO, SMALL AND MEDIUM ENTERPRISES DEPARTMENT",5b614bd6b43443f0,ec62268c964e5b1e,3,Sub Office,"MICRO, SMALL AND MEDIUM ENTERPRISES DEPARTMENT > INDUSTRIES COMMISSIONER AND DIRECTOR OF INDUSTRIES AND COMMERCE > DISTRICT INDUSTRIES CENTRE AT ERODE",rti_tamil_nadu
TN-556,b2026q3_02,TN-3263a6b795cb38db,Tamil Nadu,DISTRICT INDUSTRIES CENTRE AT KANCHEEPURAM,rti_meta,en,portal,wave1-rti-information-v1,plain,RA3,"MICRO, SMALL AND MEDIUM ENTERPRISES DEPARTMENT | Sub Office",,,,,,,,,,,,,,DISTRICT INDUSTRIES CENTRE AT KANCHEEPURAM,"MICRO, SMALL AND MEDIUM ENTERPRISES DEPARTMENT",3263a6b795cb38db,ec62268c964e5b1e,3,Sub Office,"MICRO, SMALL AND MEDIUM ENTERPRISES DEPARTMENT > INDUSTRIES COMMISSIONER AND DIRECTOR OF INDUSTRIES AND COMMERCE > DISTRICT INDUSTRIES CENTRE AT KANCHEEPURAM",rti_tamil_nadu
TN-557,b2026q3_02,TN-c3563f43130f22b1,Tamil Nadu,DISTRICT INDUSTRIES CENTRE AT MADURAI,rti_meta,en,portal,wave1-rti-information-v1,plain,RA4,"MICRO, SMALL AND MEDIUM ENTERPRISES DEPARTMENT | Sub Office",,,,,,,,,,,,,,DISTRICT INDUSTRIES CENTRE AT MADURAI,"MICRO, SMALL AND MEDIUM ENTERPRISES DEPARTMENT",c3563f43130f22b1,ec62268c964e5b1e,3,Sub Office,"MICRO, SMALL AND MEDIUM ENTERPRISES DEPARTMENT > INDUSTRIES COMMISSIONER AND DIRECTOR OF INDUSTRIES AND COMMERCE > DISTRICT INDUSTRIES CENTRE AT MADURAI",rti_tamil_nadu
TN-558,b2026q3_02,TN-81c1e680d7862dce,Tamil Nadu,DISTRICT INDUSTRIES CENTRE AT NILGIRIS,rti_meta,en,portal,wave1-rti-information-v1,plain,RA1,"MICRO, SMALL AND MEDIUM ENTERPRISES DEPARTMENT | Sub Office",,,,,,,,,,,,,,DISTRICT INDUSTRIES CENTRE AT NILGIRIS,"MICRO, SMALL AND MEDIUM ENTERPRISES DEPARTMENT",81c1e680d7862dce,ec62268c964e5b1e,3,Sub Office,"MICRO, SMALL AND MEDIUM ENTERPRISES DEPARTMENT > INDUSTRIES COMMISSIONER AND DIRECTOR OF INDUSTRIES AND COMMERCE > DISTRICT INDUSTRIES CENTRE AT NILGIRIS",rti_tamil_nadu
TN-559,b2026q3_02,TN-06224168f1de2c03,Tamil Nadu,DISTRICT INDUSTRIES CENTRE AT PERAMBALUR,rti_meta,en,portal,wave1-rti-information-v1,plain,RA2,"MICRO, SMALL AND MEDIUM ENTERPRISES DEPARTMENT | Sub Office",,,,,,,,,,,,,,DISTRICT INDUSTRIES CENTRE AT PERAMBALUR,"MICRO, SMALL AND MEDIUM ENTERPRISES DEPARTMENT",06224168f1de2c03,ec62268c964e5b1e,3,Sub Office,"MICRO, SMALL AND MEDIUM ENTERPRISES DEPARTMENT > INDUSTRIES COMMISSIONER AND DIRECTOR OF INDUSTRIES AND COMMERCE > DISTRICT INDUSTRIES CENTRE AT PERAMBALUR",rti_tamil_nadu
TN-560,b2026q3_02,TN-40e4ade6a7db2b78,Tamil Nadu,DISTRICT INDUSTRIES CENTRE AT RAMANATHAPURAM,rti_meta,en,portal,wave1-rti-information-v1,legal_salience,RA1,"MICRO, SMALL AND MEDIUM ENTERPRISES DEPARTMENT | Sub Office",,,,,,,,,,,,,,DISTRICT INDUSTRIES CENTRE AT RAMANATHAPURAM,"MICRO, SMALL AND MEDIUM ENTERPRISES DEPARTMENT",40e4ade6a7db2b78,ec62268c964e5b1e,3,Sub Office,"MICRO, SMALL AND MEDIUM ENTERPRISES DEPARTMENT > INDUSTRIES COMMISSIONER AND DIRECTOR OF INDUSTRIES AND COMMERCE > DISTRICT INDUSTRIES CENTRE AT RAMANATHAPURAM",rti_tamil_nadu
TN-561,b2026q3_02,TN-bbd409915128876a,Tamil Nadu,DISTRICT INDUSTRIES CENTRE AT THANJAVUR,rti_meta,en,portal,wave1-rti-information-v1,plain,RA2,"MICRO, SMALL AND MEDIUM ENTERPRISES DEPARTMENT | Sub Office",,,,,,,,,,,,,,DISTRICT INDUSTRIES CENTRE AT THANJAVUR,"MICRO, SMALL AND MEDIUM ENTERPRISES DEPARTMENT",bbd409915128876a,ec62268c964e5b1e,3,Sub Office,"MICRO, SMALL AND MEDIUM ENTERPRISES DEPARTMENT > INDUSTRIES COMMISSIONER AND DIRECTOR OF INDUSTRIES AND COMMERCE > DISTRICT INDUSTRIES CENTRE AT THANJAVUR",rti_tamil_nadu
TN-562,b2026q3_02,TN-17aeeb1c559e4c23,Tamil Nadu,DISTRICT INDUSTRIES CENTRE AT THE NILGIRIS (IC WING TEA),rti_meta,en,portal,wave1-rti-information-v1,plain,RA1,"MICRO, SMALL AND MEDIUM ENTERPRISES DEPARTMENT | Sub Office",,,,,,,,,,,,,,DISTRICT INDUSTRIES CENTRE AT THE NILGIRIS (IC WING TEA),"MICRO, SMALL AND MEDIUM ENTERPRISES DEPARTMENT",17aeeb1c559e4c23,ec62268c964e5b1e,3,Sub Office,"MICRO, SMALL AND MEDIUM ENTERPRISES DEPARTMENT > INDUSTRIES COMMISSIONER AND DIRECTOR OF INDUSTRIES AND COMMERCE > DISTRICT INDUSTRIES CENTRE AT THE NILGIRIS (IC WING TEA)",rti_tamil_nadu
TN-563,b2026q3_02,TN-1a71f04992c28ef3,Tamil Nadu,DISTRICT INDUSTRIES CENTRE AT THIRUVALLUR,rti_meta,en,portal,wave1-rti-information-v1,plain,RA3,"MICRO, SMALL AND MEDIUM ENTERPRISES DEPARTMENT | Sub Office",,,,,,,,,,,,,,DISTRICT INDUSTRIES CENTRE AT THIRUVALLUR,"MICRO, SMALL AND MEDIUM ENTERPRISES DEPARTMENT",1a71f04992c28ef3,ec62268c964e5b1e,3,Sub Office,"MICRO, SMALL AND MEDIUM ENTERPRISES DEPARTMENT > INDUSTRIES COMMISSIONER AND DIRECTOR OF INDUSTRIES AND COMMERCE > DISTRICT INDUSTRIES CENTRE AT THIRUVALLUR",rti_tamil_nadu
TN-564,b2026q3_02,TN-4f56adf295ffd423,Tamil Nadu,DISTRICT INDUSTRIES CENTRE AT THIRUVARUR,rti_meta,en,portal,wave1-rti-information-v1,legal_salience,RA2,"MICRO, SMALL AND MEDIUM ENTERPRISES DEPARTMENT | Sub Office",,,,,,,,,,,,,,DISTRICT INDUSTRIES CENTRE AT THIRUVARUR,"MICRO, SMALL AND MEDIUM ENTERPRISES DEPARTMENT",4f56adf295ffd423,ec62268c964e5b1e,3,Sub Office,"MICRO, SMALL AND MEDIUM ENTERPRISES DEPARTMENT > INDUSTRIES COMMISSIONER AND DIRECTOR OF INDUSTRIES AND COMMERCE > DISTRICT INDUSTRIES CENTRE AT THIRUVARUR",rti_tamil_nadu
TN-565,b2026q3_02,TN-0f65737f82f52205,Tamil Nadu,DISTRICT INDUSTRIES CENTRE AT THOOTHUKUDI,rti_meta,en,portal,wave1-rti-information-v1,legal_salience,RA4,"MICRO, SMALL AND MEDIUM ENTERPRISES DEPARTMENT | Sub Office",,,,,,,,,,,,,,DISTRICT INDUSTRIES CENTRE AT THOOTHUKUDI,"MICRO, SMALL AND MEDIUM ENTERPRISES DEPARTMENT",0f65737f82f52205,ec62268c964e5b1e,3,Sub Office,"MICRO, SMALL AND MEDIUM ENTERPRISES DEPARTMENT > INDUSTRIES COMMISSIONER AND DIRECTOR OF INDUSTRIES AND COMMERCE > DISTRICT INDUSTRIES CENTRE AT THOOTHUKUDI",rti_tamil_nadu
TN-566,b2026q3_02,TN-b5d036edeba0c564,Tamil Nadu,DISTRICT INDUSTRIES CENTRE AT TIRUCHIRAPALLI,rti_meta,en,portal,wave1-rti-information-v1,plain,RA4,"MICRO, SMALL AND MEDIUM ENTERPRISES DEPARTMENT | Sub Office",,,,,,,,,,,,,,DISTRICT INDUSTRIES CENTRE AT TIRUCHIRAPALLI,"MICRO, SMALL AND MEDIUM ENTERPRISES DEPARTMENT",b5d036edeba0c564,ec62268c964e5b1e,3,Sub Office,"MICRO, SMALL AND MEDIUM ENTERPRISES DEPARTMENT > INDUSTRIES COMMISSIONER AND DIRECTOR OF INDUSTRIES AND COMMERCE > DISTRICT INDUSTRIES CENTRE AT TIRUCHIRAPALLI",rti_tamil_nadu
TN-567,b2026q3_02,TN-e5b2b52eba6f630a,Tamil Nadu,DISTRICT INDUSTRIES CENTRE AT TIRUNELVELI,rti_meta,en,portal,wave1-rti-information-v1,legal_salience,RA3,"MICRO, SMALL AND MEDIUM ENTERPRISES DEPARTMENT | Sub Office",,,,,,,,,,,,,,DISTRICT INDUSTRIES CENTRE AT TIRUNELVELI,"MICRO, SMALL AND MEDIUM ENTERPRISES DEPARTMENT",e5b2b52eba6f630a,ec62268c964e5b1e,3,Sub Office,"MICRO, SMALL AND MEDIUM ENTERPRISES DEPARTMENT > INDUSTRIES COMMISSIONER AND DIRECTOR OF INDUSTRIES AND COMMERCE > DISTRICT INDUSTRIES CENTRE AT TIRUNELVELI",rti_tamil_nadu
TN-568,b2026q3_02,TN-31be7e6fac6d55e7,Tamil Nadu,DISTRICT INDUSTRIES CENTRE AT TIRUPPUR,rti_meta,en,portal,wave1-rti-information-v1,plain,RA3,"MICRO, SMALL AND MEDIUM ENTERPRISES DEPARTMENT | Sub Office",,,,,,,,,,,,,,DISTRICT INDUSTRIES CENTRE AT TIRUPPUR,"MICRO, SMALL AND MEDIUM ENTERPRISES DEPARTMENT",31be7e6fac6d55e7,ec62268c964e5b1e,3,Sub Office,"MICRO, SMALL AND MEDIUM ENTERPRISES DEPARTMENT > INDUSTRIES COMMISSIONER AND DIRECTOR OF INDUSTRIES AND COMMERCE > DISTRICT INDUSTRIES CENTRE AT TIRUPPUR",rti_tamil_nadu
TN-569,b2026q3_02,TN-bd222e87616699e7,Tamil Nadu,REGIONAL TESTING LABORATORY AT COIMBATORE,rti_meta,en,portal,wave1-rti-information-v1,legal_salience,RA1,"MICRO, SMALL AND MEDIUM ENTERPRISES DEPARTMENT | Sub Office",,,,,,,,,,,,,,REGIONAL TESTING LABORATORY AT COIMBATORE,"MICRO, SMALL AND MEDIUM ENTERPRISES DEPARTMENT",bd222e87616699e7,ec62268c964e5b1e,3,Sub Office,"MICRO, SMALL AND MEDIUM ENTERPRISES DEPARTMENT > INDUSTRIES COMMISSIONER AND DIRECTOR OF INDUSTRIES AND COMMERCE > REGIONAL TESTING LABORATORY AT COIMBATORE",rti_tamil_nadu
TN-570,b2026q3_02,TN-7e7148daee702519,Tamil Nadu,MUNICIPAL ADMINISTRATION AND WATER SUPPLIES DEPARTMENT,rti_meta,en,portal,wave1-rti-information-v1,plain,RA3,MUNICIPAL ADMINISTRATION AND WATER SUPPLIES DEPARTMENT | Department,,,,,,,,,,,,,,MUNICIPAL ADMINISTRATION AND WATER SUPPLIES DEPARTMENT,MUNICIPAL ADMINISTRATION AND WATER SUPPLIES DEPARTMENT,7e7148daee702519,displayPa,1,Department,MUNICIPAL ADMINISTRATION AND WATER SUPPLIES DEPARTMENT,rti_tamil_nadu
TN-571,b2026q3_02,TN-797b395774c3df62,Tamil Nadu,"DIRECTORATE OF MUNICIPAL ADMINISTRATION,",rti_meta,en,portal,wave1-rti-information-v1,plain,RA4,MUNICIPAL ADMINISTRATION AND WATER SUPPLIES DEPARTMENT | Head of Department,,,,,,,,,,,,,,"DIRECTORATE OF MUNICIPAL ADMINISTRATION,",MUNICIPAL ADMINISTRATION AND WATER SUPPLIES DEPARTMENT,797b395774c3df62,7e7148daee702519,2,Head of Department,"MUNICIPAL ADMINISTRATION AND WATER SUPPLIES DEPARTMENT > DIRECTORATE OF MUNICIPAL ADMINISTRATION,",rti_tamil_nadu
TN-572,b2026q3_02,TN-0ae51d2cec46d615,Tamil Nadu,DIRECTORATE OF TOWN PANCHAYATS,rti_meta,en,portal,wave1-rti-information-v1,legal_salience,RA3,MUNICIPAL ADMINISTRATION AND WATER SUPPLIES DEPARTMENT | Head of Department,,,,,,,,,,,,,,DIRECTORATE OF TOWN PANCHAYATS,MUNICIPAL ADMINISTRATION AND WATER SUPPLIES DEPARTMENT,0ae51d2cec46d615,7e7148daee702519,2,Head of Department,MUNICIPAL ADMINISTRATION AND WATER SUPPLIES DEPARTMENT > DIRECTORATE OF TOWN PANCHAYATS,rti_tamil_nadu
TN-573,b2026q3_02,TN-d178178141e419a5,Tamil Nadu,GREATER CHENNAI CORPORATION,rti_meta,en,portal,wave1-rti-information-v1,plain,RA1,MUNICIPAL ADMINISTRATION AND WATER SUPPLIES DEPARTMENT | Head of Department,,,,,,,,,,,,,,GREATER CHENNAI CORPORATION,MUNICIPAL ADMINISTRATION AND WATER SUPPLIES DEPARTMENT,d178178141e419a5,7e7148daee702519,2,Head of Department,MUNICIPAL ADMINISTRATION AND WATER SUPPLIES DEPARTMENT > GREATER CHENNAI CORPORATION,rti_tamil_nadu
TN-574,b2026q3_02,TN-b7bb8a06e272c4db,Tamil Nadu,TAMILNADU WATER SUPPLY AND DRAINAGE BOARD,rti_meta,en,portal,wave1-rti-information-v1,plain,RA2,MUNICIPAL ADMINISTRATION AND WATER SUPPLIES DEPARTMENT | Head of Department,,,,,,,,,,,,,,TAMILNADU WATER SUPPLY AND DRAINAGE BOARD,MUNICIPAL ADMINISTRATION AND WATER SUPPLIES DEPARTMENT,b7bb8a06e272c4db,7e7148daee702519,2,Head of Department,MUNICIPAL ADMINISTRATION AND WATER SUPPLIES DEPARTMENT > TAMILNADU WATER SUPPLY AND DRAINAGE BOARD,rti_tamil_nadu
TN-575,b2026q3_02,TN-26e39270a026e2c5,Tamil Nadu,"CHENNAI METROPOLITAN WATER SUPPLY AND SEWERAGE BOARD / REGIONAL OFFICE, AYANAVARAM",rti_meta,en,portal,wave1-rti-information-v1,plain,RA3,MUNICIPAL ADMINISTRATION AND WATER SUPPLIES DEPARTMENT | Sub Office,,,,,,,,,,,,,,"CHENNAI METROPOLITAN WATER SUPPLY AND SEWERAGE BOARD / REGIONAL OFFICE, AYANAVARAM",MUNICIPAL ADMINISTRATION AND WATER SUPPLIES DEPARTMENT,26e39270a026e2c5,e476d9f19a721726,3,Sub Office,"MUNICIPAL ADMINISTRATION AND WATER SUPPLIES DEPARTMENT > CHENNAI METROPOLITAN WATER SUPPLY AND SEWERAGE BOARD, > CHENNAI METROPOLITAN WATER SUPPLY AND SEWERAGE BOARD / REGIONAL OFFICE, AYANAVARAM",rti_tamil_nadu
TN-576,b2026q3_02,TN-63f0bc0f2a83fdc5,Tamil Nadu,CHENNAI METROPOLITAN WATER SUPPLY AND SEWERAGE BOARD / ZONE -11/ VALASARAVAKKAM,rti_meta,en,portal,wave1-rti-information-v1,plain,RA2,MUNICIPAL ADMINISTRATION AND WATER SUPPLIES DEPARTMENT | Sub Office,,,,,,,,,,,,,,CHENNAI METROPOLITAN WATER SUPPLY AND SEWERAGE BOARD / ZONE -11/ VALASARAVAKKAM,MUNICIPAL ADMINISTRATION AND WATER SUPPLIES DEPARTMENT,63f0bc0f2a83fdc5,e476d9f19a721726,3,Sub Office,"MUNICIPAL ADMINISTRATION AND WATER SUPPLIES DEPARTMENT > CHENNAI METROPOLITAN WATER SUPPLY AND SEWERAGE BOARD, > CHENNAI METROPOLITAN WATER SUPPLY AND SEWERAGE BOARD / ZONE -11/ VALASARAVAKKAM",rti_tamil_nadu
TN-577,b2026q3_02,TN-a3be5776714e7a93,Tamil Nadu,CHENNAI METROPOLITAN WATER SUPPLY AND SEWERAGE BOARD / ZONE -12/ ALANDUR,rti_meta,en,portal,wave1-rti-information-v1,plain,RA1,MUNICIPAL ADMINISTRATION AND WATER SUPPLIES DEPARTMENT | Sub Office,,,,,,,,,,,,,,CHENNAI METROPOLITAN WATER SUPPLY AND SEWERAGE BOARD / ZONE -12/ ALANDUR,MUNICIPAL ADMINISTRATION AND WATER SUPPLIES DEPARTMENT,a3be5776714e7a93,e476d9f19a721726,3,Sub Office,"MUNICIPAL ADMINISTRATION AND WATER SUPPLIES DEPARTMENT > CHENNAI METROPOLITAN WATER SUPPLY AND SEWERAGE BOARD, > CHENNAI METROPOLITAN WATER SUPPLY AND SEWERAGE BOARD / ZONE -12/ ALANDUR",rti_tamil_nadu
TN-578,b2026q3_02,TN-1c4a6018da2dca37,Tamil Nadu,CUDDALORE CITY MUNICIPAL CORPORATION.,rti_meta,en,portal,wave1-rti-information-v1,legal_salience,RA1,MUNICIPAL ADMINISTRATION AND WATER SUPPLIES DEPARTMENT | Sub Office,,,,,,,,,,,,,,CUDDALORE CITY MUNICIPAL CORPORATION.,MUNICIPAL ADMINISTRATION AND WATER SUPPLIES DEPARTMENT,1c4a6018da2dca37,797b395774c3df62,3,Sub Office,"MUNICIPAL ADMINISTRATION AND WATER SUPPLIES DEPARTMENT > DIRECTORATE OF MUNICIPAL ADMINISTRATION, > CUDDALORE CITY MUNICIPAL CORPORATION.",rti_tamil_nadu
TN-579,b2026q3_02,TN-28a862051dcd5501,Tamil Nadu,GREATER CHENNAI CORPORATION STADIUIM DEPARTMENT,rti_meta,en,portal,wave1-rti-information-v1,plain,RA4,MUNICIPAL ADMINISTRATION AND WATER SUPPLIES DEPARTMENT | Sub Office,,,,,,,,,,,,,,GREATER CHENNAI CORPORATION STADIUIM DEPARTMENT,MUNICIPAL ADMINISTRATION AND WATER SUPPLIES DEPARTMENT,28a862051dcd5501,d178178141e419a5,3,Sub Office,MUNICIPAL ADMINISTRATION AND WATER SUPPLIES DEPARTMENT > GREATER CHENNAI CORPORATION > GREATER CHENNAI CORPORATION STADIUIM DEPARTMENT,rti_tamil_nadu
TN-580,b2026q3_02,TN-1392d078aee8d888,Tamil Nadu,ANANTHAPURAM TOWN PANCHAYAT,rti_meta,en,portal,wave1-rti-information-v1,legal_salience,RA2,MUNICIPAL ADMINISTRATION AND WATER SUPPLIES DEPARTMENT | Sub Office,,,,,,,,,,,,,,ANANTHAPURAM TOWN PANCHAYAT,MUNICIPAL ADMINISTRATION AND WATER SUPPLIES DEPARTMENT,1392d078aee8d888,3982c8c33e02cb46,4,Sub Office,MUNICIPAL ADMINISTRATION AND WATER SUPPLIES DEPARTMENT > DIRECTORATE OF TOWN PANCHAYATS > ASSISTANT DIRECTOR OF TOWN PANCHAYATS CUDDALORE ZONE > ANANTHAPURAM TOWN PANCHAYAT,rti_tamil_nadu
TN-581,b2026q3_02,TN-fc5b00a5ad452cfa,Tamil Nadu,ANTHIYUR TOWN PANCHAYAT,rti_meta,en,portal,wave1-rti-information-v1,plain,RA4,MUNICIPAL ADMINISTRATION AND WATER SUPPLIES DEPARTMENT | Sub Office,,,,,,,,,,,,,,ANTHIYUR TOWN PANCHAYAT,MUNICIPAL ADMINISTRATION AND WATER SUPPLIES DEPARTMENT,fc5b00a5ad452cfa,0d22e6c568898ebb,4,Sub Office,MUNICIPAL ADMINISTRATION AND WATER SUPPLIES DEPARTMENT > DIRECTORATE OF TOWN PANCHAYATS > ASSISTANT DIRECTOR OF TOWN PANCHAYATS ERODE ZONE > ANTHIYUR TOWN PANCHAYAT,rti_tamil_nadu
TN-582,b2026q3_02,TN-c8a528dd9b02eebf,Tamil Nadu,ARACHALUR TOWN PANCHAYAT,rti_meta,en,portal,wave1-rti-information-v1,legal_salience,RA1,MUNICIPAL ADMINISTRATION AND WATER SUPPLIES DEPARTMENT | Sub Office,,,,,,,,,,,,,,ARACHALUR TOWN PANCHAYAT,MUNICIPAL ADMINISTRATION AND WATER SUPPLIES DEPARTMENT,c8a528dd9b02eebf,0d22e6c568898ebb,4,Sub Office,MUNICIPAL ADMINISTRATION AND WATER SUPPLIES DEPARTMENT > DIRECTORATE OF TOWN PANCHAYATS > ASSISTANT DIRECTOR OF TOWN PANCHAYATS ERODE ZONE > ARACHALUR TOWN PANCHAYAT,rti_tamil_nadu
TN-583,b2026q3_02,TN-337a2b4997048f06,Tamil Nadu,BELUR TOWN PANCHAYAT,rti_meta,en,portal,wave1-rti-information-v1,plain,RA2,MUNICIPAL ADMINISTRATION AND WATER SUPPLIES DEPARTMENT | Sub Office,,,,,,,,,,,,,,BELUR TOWN PANCHAYAT,MUNICIPAL ADMINISTRATION AND WATER SUPPLIES DEPARTMENT,337a2b4997048f06,d68a95edef504850,4,Sub Office,MUNICIPAL ADMINISTRATION AND WATER SUPPLIES DEPARTMENT > DIRECTORATE OF TOWN PANCHAYATS > ASSISTANT DIRECTOR OF TOWN PANCHAYATS SALEM ZONE > BELUR TOWN PANCHAYAT,rti_tamil_nadu
TN-584,b2026q3_02,TN-aab4ab51ad40c4f0,Tamil Nadu,"GREATER CHENNAI CORPORATION, TONDIARPET MEDICAL ZONE-4",rti_meta,en,portal,wave1-rti-information-v1,plain,RA4,MUNICIPAL ADMINISTRATION AND WATER SUPPLIES DEPARTMENT | Sub Office,,,,,,,,,,,,,,"GREATER CHENNAI CORPORATION, TONDIARPET MEDICAL ZONE-4",MUNICIPAL ADMINISTRATION AND WATER SUPPLIES DEPARTMENT,aab4ab51ad40c4f0,39f58d736833d71f,4,Sub Office,"MUNICIPAL ADMINISTRATION AND WATER SUPPLIES DEPARTMENT > GREATER CHENNAI CORPORATION > GREATER CHENNAI CORPORATION, REGIONAL DEPUTY COMMISSIONER OFFICE (NORTH), BASIN BRIDGE ROAD > GREATER CHENNAI CORPORATION, TONDIARPET MEDICAL ZONE-4",rti_tamil_nadu
TN-585,b2026q3_02,TN-41bd60fba01502e1,Tamil Nadu,KANADUKATHAN TOWN PANCHAYAT,rti_meta,en,portal,wave1-rti-information-v1,plain,RA3,MUNICIPAL ADMINISTRATION AND WATER SUPPLIES DEPARTMENT | Sub Office,,,,,,,,,,,,,,KANADUKATHAN TOWN PANCHAYAT,MUNICIPAL ADMINISTRATION AND WATER SUPPLIES DEPARTMENT,41bd60fba01502e1,6d2bfda6429f7bf5,4,Sub Office,MUNICIPAL ADMINISTRATION AND WATER SUPPLIES DEPARTMENT > DIRECTORATE OF TOWN PANCHAYATS > ASSISTANT DIRECTOR OF TOWN PANCHAYATS SIVAGANGAI ZONE > KANADUKATHAN TOWN PANCHAYAT,rti_tamil_nadu
TN-586,b2026q3_02,TN-d98b53441188baa0,Tamil Nadu,KARAMBAKUDI TOWNPANCHAYAT,rti_meta,en,portal,wave1-rti-information-v1,legal_salience,RA3,MUNICIPAL ADMINISTRATION AND WATER SUPPLIES DEPARTMENT | Sub Office,,,,,,,,,,,,,,KARAMBAKUDI TOWNPANCHAYAT,MUNICIPAL ADMINISTRATION AND WATER SUPPLIES DEPARTMENT,d98b53441188baa0,e2ad77b5724bdcf6,4,Sub Office,MUNICIPAL ADMINISTRATION AND WATER SUPPLIES DEPARTMENT > DIRECTORATE OF TOWN PANCHAYATS > ASSISTANT DIRECTOR OF TOWN PANCHAYATS THIRUCHIRAPPALLI ZONE > KARAMBAKUDI TOWNPANCHAYAT,rti_tamil_nadu
TN-587,b2026q3_02,TN-074887c3e9669f39,Tamil Nadu,KAVERIPATTINAM TOWN PANCHAYAT,rti_meta,en,portal,wave1-rti-information-v1,plain,RA1,MUNICIPAL ADMINISTRATION AND WATER SUPPLIES DEPARTMENT | Sub Office,,,,,,,,,,,,,,KAVERIPATTINAM TOWN PANCHAYAT,MUNICIPAL ADMINISTRATION AND WATER SUPPLIES DEPARTMENT,074887c3e9669f39,74191c0386ae8f43,4,Sub Office,MUNICIPAL ADMINISTRATION AND WATER SUPPLIES DEPARTMENT > DIRECTORATE OF TOWN PANCHAYATS > ASSISTANT DIRECTOR OF TOWN PANCHAYATS DHARMAPURI ZONE > KAVERIPATTINAM TOWN PANCHAYAT,rti_tamil_nadu
TN-588,b2026q3_02,TN-ce69ba34e71cfba2,Tamil Nadu,KEERAMANGALAM TOWNPANCHAYAT,rti_meta,en,portal,wave1-rti-information-v1,plain,RA1,MUNICIPAL ADMINISTRATION AND WATER SUPPLIES DEPARTMENT | Sub Office,,,,,,,,,,,,,,KEERAMANGALAM TOWNPANCHAYAT,MUNICIPAL ADMINISTRATION AND WATER SUPPLIES DEPARTMENT,ce69ba34e71cfba2,e2ad77b5724bdcf6,4,Sub Office,MUNICIPAL ADMINISTRATION AND WATER SUPPLIES DEPARTMENT > DIRECTORATE OF TOWN PANCHAYATS > ASSISTANT DIRECTOR OF TOWN PANCHAYATS THIRUCHIRAPPALLI ZONE > KEERAMANGALAM TOWNPANCHAYAT,rti_tamil_nadu
TN-589,b2026q3_02,TN-24fef6f392b472c6,Tamil Nadu,KORADACHERY TOWN PANCHAYAT,rti_meta,en,portal,wave1-rti-information-v1,plain,RA3,MUNICIPAL ADMINISTRATION AND WATER SUPPLIES DEPARTMENT | Sub Office,,,,,,,,,,,,,,KORADACHERY TOWN PANCHAYAT,MUNICIPAL ADMINISTRATION AND WATER SUPPLIES DEPARTMENT,24fef6f392b472c6,eac4bcfb4ae60540,4,Sub Office,MUNICIPAL ADMINISTRATION AND WATER SUPPLIES DEPARTMENT > DIRECTORATE OF TOWN PANCHAYATS > ASSISTANT DIRECTOR OF TOWN PANCHAYATS THANJAVUR ZONE > KORADACHERY TOWN PANCHAYAT,rti_tamil_nadu
TN-590,b2026q3_02,TN-ab595fd57398b43e,Tamil Nadu,KULITHALAI MUNICIPALITY,rti_meta,en,portal,wave1-rti-information-v1,legal_salience,RA4,MUNICIPAL ADMINISTRATION AND WATER SUPPLIES DEPARTMENT | Sub Office,,,,,,,,,,,,,,KULITHALAI MUNICIPALITY,MUNICIPAL ADMINISTRATION AND WATER SUPPLIES DEPARTMENT,ab595fd57398b43e,7b87ec41e3f1b18c,4,Sub Office,"MUNICIPAL ADMINISTRATION AND WATER SUPPLIES DEPARTMENT > DIRECTORATE OF MUNICIPAL ADMINISTRATION, > REGIONAL DIRECTOR OF MUNICIPAL ADMINISTRATION SALEM > KULITHALAI MUNICIPALITY",rti_tamil_nadu
TN-591,b2026q3_02,TN-84af35c001ecb9a7,Tamil Nadu,MANGALAMPETTAI TOWN PANCHAYAT,rti_meta,en,portal,wave1-rti-information-v1,plain,RA4,MUNICIPAL ADMINISTRATION AND WATER SUPPLIES DEPARTMENT | Sub Office,,,,,,,,,,,,,,MANGALAMPETTAI TOWN PANCHAYAT,MUNICIPAL ADMINISTRATION AND WATER SUPPLIES DEPARTMENT,84af35c001ecb9a7,3982c8c33e02cb46,4,Sub Office,MUNICIPAL ADMINISTRATION AND WATER SUPPLIES DEPARTMENT > DIRECTORATE OF TOWN PANCHAYATS > ASSISTANT DIRECTOR OF TOWN PANCHAYATS CUDDALORE ZONE > MANGALAMPETTAI TOWN PANCHAYAT,rti_tamil_nadu
TN-592,b2026q3_02,TN-f4dc6a07f3ddc4a5,Tamil Nadu,MECHERI TOWN PANCHAYAT,rti_meta,en,portal,wave1-rti-information-v1,plain,RA1,MUNICIPAL ADMINISTRATION AND WATER SUPPLIES DEPARTMENT | Sub Office,,,,,,,,,,,,,,MECHERI TOWN PANCHAYAT,MUNICIPAL ADMINISTRATION AND WATER SUPPLIES DEPARTMENT,f4dc6a07f3ddc4a5,d68a95edef504850,4,Sub Office,MUNICIPAL ADMINISTRATION AND WATER SUPPLIES DEPARTMENT > DIRECTORATE OF TOWN PANCHAYATS > ASSISTANT DIRECTOR OF TOWN PANCHAYATS SALEM ZONE > MECHERI TOWN PANCHAYAT,rti_tamil_nadu
TN-593,b2026q3_02,TN-84f880e2fc9732e2,Tamil Nadu,METTUPALAYAM TOWNPANCHAYAT,rti_meta,en,portal,wave1-rti-information-v1,plain,RA2,MUNICIPAL ADMINISTRATION AND WATER SUPPLIES DEPARTMENT | Sub Office,,,,,,,,,,,,,,METTUPALAYAM TOWNPANCHAYAT,MUNICIPAL ADMINISTRATION AND WATER SUPPLIES DEPARTMENT,84f880e2fc9732e2,e2ad77b5724bdcf6,4,Sub Office,MUNICIPAL ADMINISTRATION AND WATER SUPPLIES DEPARTMENT > DIRECTORATE OF TOWN PANCHAYATS > ASSISTANT DIRECTOR OF TOWN PANCHAYATS THIRUCHIRAPPALLI ZONE > METTUPALAYAM TOWNPANCHAYAT,rti_tamil_nadu
TN-594,b2026q3_02,TN-50a50be8da59c364,Tamil Nadu,MUNICIPAL OFFICE THURAIYUR,rti_meta,en,portal,wave1-rti-information-v1,plain,RA2,MUNICIPAL ADMINISTRATION AND WATER SUPPLIES DEPARTMENT | Sub Office,,,,,,,,,,,,,,MUNICIPAL OFFICE THURAIYUR,MUNICIPAL ADMINISTRATION AND WATER SUPPLIES DEPARTMENT,50a50be8da59c364,a4886de6c3f33275,4,Sub Office,"MUNICIPAL ADMINISTRATION AND WATER SUPPLIES DEPARTMENT > DIRECTORATE OF MUNICIPAL ADMINISTRATION, > REGIONAL DIRECTOR OF MUNICIPAL ADMINISTRATION THANJAVUR > MUNICIPAL OFFICE THURAIYUR",rti_tamil_nadu
TN-595,b2026q3_02,TN-309147708135f7c7,Tamil Nadu,ORATHANADU TOWN PANCHAYAT,rti_meta,en,portal,wave1-rti-information-v1,legal_salience,RA4,MUNICIPAL ADMINISTRATION AND WATER SUPPLIES DEPARTMENT | Sub Office,,,,,,,,,,,,,,ORATHANADU TOWN PANCHAYAT,MUNICIPAL ADMINISTRATION AND WATER SUPPLIES DEPARTMENT,309147708135f7c7,eac4bcfb4ae60540,4,Sub Office,MUNICIPAL ADMINISTRATION AND WATER SUPPLIES DEPARTMENT > DIRECTORATE OF TOWN PANCHAYATS > ASSISTANT DIRECTOR OF TOWN PANCHAYATS THANJAVUR ZONE > ORATHANADU TOWN PANCHAYAT,rti_tamil_nadu
TN-596,b2026q3_02,TN-c6d0ff7b4cda0438,Tamil Nadu,SINGAMPUNERI TOWN PANCHAYAT,rti_meta,en,portal,wave1-rti-information-v1,plain,RA4,MUNICIPAL ADMINISTRATION AND WATER SUPPLIES DEPARTMENT | Sub Office,,,,,,,,,,,,,,SINGAMPUNERI TOWN PANCHAYAT,MUNICIPAL ADMINISTRATION AND WATER SUPPLIES DEPARTMENT,c6d0ff7b4cda0438,6d2bfda6429f7bf5,4,Sub Office,MUNICIPAL ADMINISTRATION AND WATER SUPPLIES DEPARTMENT > DIRECTORATE OF TOWN PANCHAYATS > ASSISTANT DIRECTOR OF TOWN PANCHAYATS SIVAGANGAI ZONE > SINGAMPUNERI TOWN PANCHAYAT,rti_tamil_nadu
TN-597,b2026q3_02,TN-01333614c6b7979e,Tamil Nadu,"TAMIL NADU WATER SUPPLY AND DRAINAGE BOARD, , RURAL WATER SUPPLY SUB DIVISION, RANIPET.",rti_meta,en,portal,wave1-rti-information-v1,plain,RA3,MUNICIPAL ADMINISTRATION AND WATER SUPPLIES DEPARTMENT | Sub Office,,,,,,,,,,,,,,"TAMIL NADU WATER SUPPLY AND DRAINAGE BOARD, , RURAL WATER SUPPLY SUB DIVISION, RANIPET.",MUNICIPAL ADMINISTRATION AND WATER SUPPLIES DEPARTMENT,01333614c6b7979e,c3f0f8a4bb4257af,4,Sub Office,"MUNICIPAL ADMINISTRATION AND WATER SUPPLIES DEPARTMENT > TAMILNADU WATER SUPPLY AND DRAINAGE BOARD > TAMIL NADU WATER SUPPLY AND DRAINAGE BOARD, CHIEF ENGINEERS OFFICE, VELLORE > TAMIL NADU WATER SUPPLY AND DRAINAGE BOARD, , RURAL WATER SUPPLY SUB DIVISION, RANIPET.",rti_tamil_nadu
TN-598,b2026q3_02,TN-a2175b75edc20182,Tamil Nadu,"TAMIL NADU WATER SUPPLY AND DRAINAGE BOARD, KANCHEEPURAM, TIRUVALLUR AND CHENGALPET CIRCLE, CHENNAI",rti_meta,en,portal,wave1-rti-information-v1,plain,RA3,MUNICIPAL ADMINISTRATION AND WATER SUPPLIES DEPARTMENT | Sub Office,,,,,,,,,,,,,,"TAMIL NADU WATER SUPPLY AND DRAINAGE BOARD, KANCHEEPURAM, TIRUVALLUR AND CHENGALPET CIRCLE, CHENNAI",MUNICIPAL ADMINISTRATION AND WATER SUPPLIES DEPARTMENT,a2175b75edc20182,c3f0f8a4bb4257af,4,Sub Office,"MUNICIPAL ADMINISTRATION AND WATER SUPPLIES DEPARTMENT > TAMILNADU WATER SUPPLY AND DRAINAGE BOARD > TAMIL NADU WATER SUPPLY AND DRAINAGE BOARD, CHIEF ENGINEERS OFFICE, VELLORE > TAMIL NADU WATER SUPPLY AND DRAINAGE BOARD, KANCHEEPURAM, TIRUVALLUR AND CHENGALPET CIRCLE, CHENNAI",rti_tamil_nadu
TN-599,b2026q3_02,TN-7b75bff60a958902,Tamil Nadu,"TAMIL NADU WATER SUPPLY AND DRAINAGE BOARD, RURAL WATER SUPPLY DIVISION, KARUR",rti_meta,en,portal,wave1-rti-information-v1,plain,RA1,MUNICIPAL ADMINISTRATION AND WATER SUPPLIES DEPARTMENT | Sub Office,,,,,,,,,,,,,,"TAMIL NADU WATER SUPPLY AND DRAINAGE BOARD, RURAL WATER SUPPLY DIVISION, KARUR",MUNICIPAL ADMINISTRATION AND WATER SUPPLIES DEPARTMENT,7b75bff60a958902,09b51432e84e9161,4,Sub Office,"MUNICIPAL ADMINISTRATION AND WATER SUPPLIES DEPARTMENT > TAMILNADU WATER SUPPLY AND DRAINAGE BOARD > TAMIL NADU WATER SUPPLY AND DRAINAGE BOARD, CHIEF ENGINEERS OFFICE ,COIMBATORE > TAMIL NADU WATER SUPPLY AND DRAINAGE BOARD, RURAL WATER SUPPLY DIVISION, KARUR",rti_tamil_nadu
TN-600,b2026q3_02,TN-b90266191070634a,Tamil Nadu,TINDIVANAM MUNICIPALITY,rti_meta,en,portal,wave1-rti-information-v1,legal_salience,RA3,MUNICIPAL ADMINISTRATION AND WATER SUPPLIES DEPARTMENT | Sub Office,,,,,,,,,,,,,,TINDIVANAM MUNICIPALITY,MUNICIPAL ADMINISTRATION AND WATER SUPPLIES DEPARTMENT,b90266191070634a,9052d98a38f826ea,4,Sub Office,"MUNICIPAL ADMINISTRATION AND WATER SUPPLIES DEPARTMENT > DIRECTORATE OF MUNICIPAL ADMINISTRATION, > REGIONAL DIRECTOR OF MUNICIPAL ADMINISTRATION VELLORE > TINDIVANAM MUNICIPALITY",rti_tamil_nadu
TN-601,b2026q3_02,TN-7be627e2e83ee341,Tamil Nadu,UTHUKOTTAI TOWN PANCHAYATS,rti_meta,en,portal,wave1-rti-information-v1,legal_salience,RA4,MUNICIPAL ADMINISTRATION AND WATER SUPPLIES DEPARTMENT | Sub Office,,,,,,,,,,,,,,UTHUKOTTAI TOWN PANCHAYATS,MUNICIPAL ADMINISTRATION AND WATER SUPPLIES DEPARTMENT,7be627e2e83ee341,bad4505c9440aaf3,4,Sub Office,MUNICIPAL ADMINISTRATION AND WATER SUPPLIES DEPARTMENT > DIRECTORATE OF TOWN PANCHAYATS > ASSISTANT DIRECTOR OF TOWN PANCHAYATS THIRUVALLUR ZONE > UTHUKOTTAI TOWN PANCHAYATS,rti_tamil_nadu
TN-602,b2026q3_02,TN-211be5d161a896a8,Tamil Nadu,VILAVOOR TOWN PANCHAYAT,rti_meta,en,portal,wave1-rti-information-v1,legal_salience,RA2,MUNICIPAL ADMINISTRATION AND WATER SUPPLIES DEPARTMENT | Sub Office,,,,,,,,,,,,,,VILAVOOR TOWN PANCHAYAT,MUNICIPAL ADMINISTRATION AND WATER SUPPLIES DEPARTMENT,211be5d161a896a8,d510779ad3b04c61,4,Sub Office,MUNICIPAL ADMINISTRATION AND WATER SUPPLIES DEPARTMENT > DIRECTORATE OF TOWN PANCHAYATS > ASSISTANT DIRECTOR OF TOWN PANCHAYATS KANYAKUMARI ZONE > VILAVOOR TOWN PANCHAYAT,rti_tamil_nadu
TN-603,b2026q3_02,TN-f336b2a5b5f6e084,Tamil Nadu,NATURAL RESOURCES DEPARTMENT,rti_meta,en,portal,wave1-rti-information-v1,plain,RA2,NATURAL RESOURCES DEPARTMENT | Department,,,,,,,,,,,,,,NATURAL RESOURCES DEPARTMENT,NATURAL RESOURCES DEPARTMENT,f336b2a5b5f6e084,displayPa,1,Department,NATURAL RESOURCES DEPARTMENT,rti_tamil_nadu
TN-604,b2026q3_02,TN-62a2f40dc6d5db98,Tamil Nadu,"TAMIL NADU MAGNESITE LIMITED (TANMAG), SALEM",rti_meta,en,portal,wave1-rti-information-v1,legal_salience,RA1,NATURAL RESOURCES DEPARTMENT | Head of Department,,,,,,,,,,,,,,"TAMIL NADU MAGNESITE LIMITED (TANMAG), SALEM",NATURAL RESOURCES DEPARTMENT,62a2f40dc6d5db98,f336b2a5b5f6e084,2,Head of Department,"NATURAL RESOURCES DEPARTMENT > TAMIL NADU MAGNESITE LIMITED (TANMAG), SALEM",rti_tamil_nadu
TN-605,b2026q3_02,TN-d00c7784abd41fc2,Tamil Nadu,"TAMIL NADU MINERALS LIMITED, CHENNAI",rti_meta,en,portal,wave1-rti-information-v1,plain,RA3,NATURAL RESOURCES DEPARTMENT | Head of Department,,,,,,,,,,,,,,"TAMIL NADU MINERALS LIMITED, CHENNAI",NATURAL RESOURCES DEPARTMENT,d00c7784abd41fc2,f336b2a5b5f6e084,2,Head of Department,"NATURAL RESOURCES DEPARTMENT > TAMIL NADU MINERALS LIMITED, CHENNAI",rti_tamil_nadu
TN-606,b2026q3_02,TN-065feffa315d472a,Tamil Nadu,"PLANNING, DEVELOPMENT AND SPECIAL INITIATIVES DEPARTMENT",rti_meta,en,portal,wave1-rti-information-v1,plain,RA4,"PLANNING, DEVELOPMENT AND SPECIAL INITIATIVES DEPARTMENT | Department",,,,,,,,,,,,,,"PLANNING, DEVELOPMENT AND SPECIAL INITIATIVES DEPARTMENT","PLANNING, DEVELOPMENT AND SPECIAL INITIATIVES DEPARTMENT",065feffa315d472a,displayPa,1,Department,"PLANNING, DEVELOPMENT AND SPECIAL INITIATIVES DEPARTMENT",rti_tamil_nadu
TN-607,b2026q3_02,TN-6d071ce7747b96fe,Tamil Nadu,"DEPUTY DIRECTOR OF STATISTICS, VIRUDHUNAGAR",rti_meta,en,portal,wave1-rti-information-v1,legal_salience,RA2,"PLANNING, DEVELOPMENT AND SPECIAL INITIATIVES DEPARTMENT | Head of Department",,,,,,,,,,,,,,"DEPUTY DIRECTOR OF STATISTICS, VIRUDHUNAGAR","PLANNING, DEVELOPMENT AND SPECIAL INITIATIVES DEPARTMENT",6d071ce7747b96fe,065feffa315d472a,2,Head of Department,"PLANNING, DEVELOPMENT AND SPECIAL INITIATIVES DEPARTMENT > DEPUTY DIRECTOR OF STATISTICS, VIRUDHUNAGAR",rti_tamil_nadu
TN-608,b2026q3_02,TN-f1a4011eb7f373a3,Tamil Nadu,"DEPUTY DIRECTOR OF STATISTICS,COIMBATORE",rti_meta,en,portal,wave1-rti-information-v1,plain,RA3,"PLANNING, DEVELOPMENT AND SPECIAL INITIATIVES DEPARTMENT | Head of Department",,,,,,,,,,,,,,"DEPUTY DIRECTOR OF STATISTICS,COIMBATORE","PLANNING, DEVELOPMENT AND SPECIAL INITIATIVES DEPARTMENT",f1a4011eb7f373a3,065feffa315d472a,2,Head of Department,"PLANNING, DEVELOPMENT AND SPECIAL INITIATIVES DEPARTMENT > DEPUTY DIRECTOR OF STATISTICS,COIMBATORE",rti_tamil_nadu
TN-609,b2026q3_02,TN-c6e7645d2f7909cc,Tamil Nadu,"DEPUTY DIRECTOR OF STATISTICS,SIVAGANGAI",rti_meta,en,portal,wave1-rti-information-v1,plain,RA2,"PLANNING, DEVELOPMENT AND SPECIAL INITIATIVES DEPARTMENT | Head of Department",,,,,,,,,,,,,,"DEPUTY DIRECTOR OF STATISTICS,SIVAGANGAI","PLANNING, DEVELOPMENT AND SPECIAL INITIATIVES DEPARTMENT",c6e7645d2f7909cc,065feffa315d472a,2,Head of Department,"PLANNING, DEVELOPMENT AND SPECIAL INITIATIVES DEPARTMENT > DEPUTY DIRECTOR OF STATISTICS,SIVAGANGAI",rti_tamil_nadu
TN-610,b2026q3_02,TN-143c92640799e35b,Tamil Nadu,"SPECIAL AREA DEVELOPMENT PROGRAMME (SADP), THE NILGIRIS",rti_meta,en,portal,wave1-rti-information-v1,plain,RA1,"PLANNING, DEVELOPMENT AND SPECIAL INITIATIVES DEPARTMENT | Head of Department",,,,,,,,,,,,,,"SPECIAL AREA DEVELOPMENT PROGRAMME (SADP), THE NILGIRIS","PLANNING, DEVELOPMENT AND SPECIAL INITIATIVES DEPARTMENT",143c92640799e35b,065feffa315d472a,2,Head of Department,"PLANNING, DEVELOPMENT AND SPECIAL INITIATIVES DEPARTMENT > SPECIAL AREA DEVELOPMENT PROGRAMME (SADP), THE NILGIRIS",rti_tamil_nadu
TN-611,b2026q3_02,TN-b2d32245e7d67218,Tamil Nadu,"GOVERNMENT I.T.I., ARUPPUKOTTAI",rti_meta,en,portal,wave1-rti-information-v1,plain,RA4,"PLANNING, DEVELOPMENT AND SPECIAL INITIATIVES DEPARTMENT | Sub Office",,,,,,,,,,,,,,"GOVERNMENT I.T.I., ARUPPUKOTTAI","PLANNING, DEVELOPMENT AND SPECIAL INITIATIVES DEPARTMENT",b2d32245e7d67218,3e1e7c97de0c7605,3,Sub Office,"PLANNING, DEVELOPMENT AND SPECIAL INITIATIVES DEPARTMENT > REGIONAL JOINT DIRECTOR OF STATISTICS OFFICE, TIRUNELVELI > GOVERNMENT I.T.I., ARUPPUKOTTAI",rti_tamil_nadu
TN-612,b2026q3_02,TN-97bec57a137b61ee,Tamil Nadu,"GOVERNMENT I.T.I., GUMMIDPUNDI",rti_meta,en,portal,wave1-rti-information-v1,legal_salience,RA3,"PLANNING, DEVELOPMENT AND SPECIAL INITIATIVES DEPARTMENT | Sub Office",,,,,,,,,,,,,,"GOVERNMENT I.T.I., GUMMIDPUNDI","PLANNING, DEVELOPMENT AND SPECIAL INITIATIVES DEPARTMENT",97bec57a137b61ee,a6ccfb75d552aff1,3,Sub Office,"PLANNING, DEVELOPMENT AND SPECIAL INITIATIVES DEPARTMENT > REGIONAL JOINT DIRECTOR OF STATISTICS OFFICE,CHENNAI > GOVERNMENT I.T.I., GUMMIDPUNDI",rti_tamil_nadu
TN-613,b2026q3_02,TN-5e0d6be05825075b,Tamil Nadu,PROHIBITION AND EXCISE DEPARTMENT,rti_meta,en,portal,wave1-rti-information-v1,plain,RA1,PROHIBITION AND EXCISE DEPARTMENT | Department,,,,,,,,,,,,,,PROHIBITION AND EXCISE DEPARTMENT,PROHIBITION AND EXCISE DEPARTMENT,5e0d6be05825075b,displayPa,1,Department,PROHIBITION AND EXCISE DEPARTMENT,rti_tamil_nadu
TN-614,b2026q3_02,TN-821eb332fa20043b,Tamil Nadu,COMMISSIONER OF PROHIBITION AND EXCISE,rti_meta,en,portal,wave1-rti-information-v1,legal_salience,RA4,PROHIBITION AND EXCISE DEPARTMENT | Head of Department,,,,,,,,,,,,,,COMMISSIONER OF PROHIBITION AND EXCISE,PROHIBITION AND EXCISE DEPARTMENT,821eb332fa20043b,5e0d6be05825075b,2,Head of Department,PROHIBITION AND EXCISE DEPARTMENT > COMMISSIONER OF PROHIBITION AND EXCISE,rti_tamil_nadu
TN-615,b2026q3_02,TN-656a29ab0083d827,Tamil Nadu,TAMIL NADU STATE MARKETING CORPORATION,rti_meta,en,portal,wave1-rti-information-v1,plain,RA2,PROHIBITION AND EXCISE DEPARTMENT | Head of Department,,,,,,,,,,,,,,TAMIL NADU STATE MARKETING CORPORATION,PROHIBITION AND EXCISE DEPARTMENT,656a29ab0083d827,5e0d6be05825075b,2,Head of Department,PROHIBITION AND EXCISE DEPARTMENT > TAMIL NADU STATE MARKETING CORPORATION,rti_tamil_nadu
TN-616,b2026q3_02,TN-4f1dae54d2d6a52c,Tamil Nadu,"ASSISTANT COMMISSIONER (EXCISE), ARIYALUR",rti_meta,en,portal,wave1-rti-information-v1,legal_salience,RA3,PROHIBITION AND EXCISE DEPARTMENT | Sub Office,,,,,,,,,,,,,,"ASSISTANT COMMISSIONER (EXCISE), ARIYALUR",PROHIBITION AND EXCISE DEPARTMENT,4f1dae54d2d6a52c,821eb332fa20043b,3,Sub Office,"PROHIBITION AND EXCISE DEPARTMENT > COMMISSIONER OF PROHIBITION AND EXCISE > ASSISTANT COMMISSIONER (EXCISE), ARIYALUR",rti_tamil_nadu
TN-617,b2026q3_02,TN-ff34835de6b64c84,Tamil Nadu,"ASSISTANT COMMISSIONER (EXCISE), CUDDALORE",rti_meta,en,portal,wave1-rti-information-v1,plain,RA3,PROHIBITION AND EXCISE DEPARTMENT | Sub Office,,,,,,,,,,,,,,"ASSISTANT COMMISSIONER (EXCISE), CUDDALORE",PROHIBITION AND EXCISE DEPARTMENT,ff34835de6b64c84,821eb332fa20043b,3,Sub Office,"PROHIBITION AND EXCISE DEPARTMENT > COMMISSIONER OF PROHIBITION AND EXCISE > ASSISTANT COMMISSIONER (EXCISE), CUDDALORE",rti_tamil_nadu
TN-618,b2026q3_02,TN-bd1069f868ef075d,Tamil Nadu,"ASSISTANT COMMISSIONER (EXCISE), KANCHIPURAM",rti_meta,en,portal,wave1-rti-information-v1,plain,RA4,PROHIBITION AND EXCISE DEPARTMENT | Sub Office,,,,,,,,,,,,,,"ASSISTANT COMMISSIONER (EXCISE), KANCHIPURAM",PROHIBITION AND EXCISE DEPARTMENT,bd1069f868ef075d,821eb332fa20043b,3,Sub Office,"PROHIBITION AND EXCISE DEPARTMENT > COMMISSIONER OF PROHIBITION AND EXCISE > ASSISTANT COMMISSIONER (EXCISE), KANCHIPURAM",rti_tamil_nadu
TN-619,b2026q3_02,TN-b88e53ee6f8c350a,Tamil Nadu,"ASSISTANT COMMISSIONER (EXCISE), KARUR",rti_meta,en,portal,wave1-rti-information-v1,plain,RA2,PROHIBITION AND EXCISE DEPARTMENT | Sub Office,,,,,,,,,,,,,,"ASSISTANT COMMISSIONER (EXCISE), KARUR",PROHIBITION AND EXCISE DEPARTMENT,b88e53ee6f8c350a,821eb332fa20043b,3,Sub Office,"PROHIBITION AND EXCISE DEPARTMENT > COMMISSIONER OF PROHIBITION AND EXCISE > ASSISTANT COMMISSIONER (EXCISE), KARUR",rti_tamil_nadu
TN-620,b2026q3_02,TN-321235633ee36857,Tamil Nadu,"ASSISTANT COMMISSIONER (EXCISE), KRISHNAGIRI",rti_meta,en,portal,wave1-rti-information-v1,plain,RA4,PROHIBITION AND EXCISE DEPARTMENT | Sub Office,,,,,,,,,,,,,,"ASSISTANT COMMISSIONER (EXCISE), KRISHNAGIRI",PROHIBITION AND EXCISE DEPARTMENT,321235633ee36857,821eb332fa20043b,3,Sub Office,"PROHIBITION AND EXCISE DEPARTMENT > COMMISSIONER OF PROHIBITION AND EXCISE > ASSISTANT COMMISSIONER (EXCISE), KRISHNAGIRI",rti_tamil_nadu
TN-621,b2026q3_02,TN-e5aa109d0e771b36,Tamil Nadu,"ASSISTANT COMMISSIONER (EXCISE), NAGAPATTINAM",rti_meta,en,portal,wave1-rti-information-v1,plain,RA1,PROHIBITION AND EXCISE DEPARTMENT | Sub Office,,,,,,,,,,,,,,"ASSISTANT COMMISSIONER (EXCISE), NAGAPATTINAM",PROHIBITION AND EXCISE DEPARTMENT,e5aa109d0e771b36,821eb332fa20043b,3,Sub Office,"PROHIBITION AND EXCISE DEPARTMENT > COMMISSIONER OF PROHIBITION AND EXCISE > ASSISTANT COMMISSIONER (EXCISE), NAGAPATTINAM",rti_tamil_nadu
TN-622,b2026q3_02,TN-a75298da5f60195d,Tamil Nadu,"ASSISTANT COMMISSIONER (EXCISE), NAMAKKAL",rti_meta,en,portal,wave1-rti-information-v1,plain,RA2,PROHIBITION AND EXCISE DEPARTMENT | Sub Office,,,,,,,,,,,,,,"ASSISTANT COMMISSIONER (EXCISE), NAMAKKAL",PROHIBITION AND EXCISE DEPARTMENT,a75298da5f60195d,821eb332fa20043b,3,Sub Office,"PROHIBITION AND EXCISE DEPARTMENT > COMMISSIONER OF PROHIBITION AND EXCISE > ASSISTANT COMMISSIONER (EXCISE), NAMAKKAL",rti_tamil_nadu
TN-623,b2026q3_02,TN-7d5024513910d248,Tamil Nadu,"ASSISTANT COMMISSIONER (EXCISE), PUDUKKOTTAI",rti_meta,en,portal,wave1-rti-information-v1,plain,RA2,PROHIBITION AND EXCISE DEPARTMENT | Sub Office,,,,,,,,,,,,,,"ASSISTANT COMMISSIONER (EXCISE), PUDUKKOTTAI",PROHIBITION AND EXCISE DEPARTMENT,7d5024513910d248,821eb332fa20043b,3,Sub Office,"PROHIBITION AND EXCISE DEPARTMENT > COMMISSIONER OF PROHIBITION AND EXCISE > ASSISTANT COMMISSIONER (EXCISE), PUDUKKOTTAI",rti_tamil_nadu
TN-624,b2026q3_02,TN-caa1b3d933ffc13d,Tamil Nadu,"ASSISTANT COMMISSIONER (EXCISE), RANIPET",rti_meta,en,portal,wave1-rti-information-v1,plain,RA3,PROHIBITION AND EXCISE DEPARTMENT | Sub Office,,,,,,,,,,,,,,"ASSISTANT COMMISSIONER (EXCISE), RANIPET",PROHIBITION AND EXCISE DEPARTMENT,caa1b3d933ffc13d,821eb332fa20043b,3,Sub Office,"PROHIBITION AND EXCISE DEPARTMENT > COMMISSIONER OF PROHIBITION AND EXCISE > ASSISTANT COMMISSIONER (EXCISE), RANIPET",rti_tamil_nadu
TN-625,b2026q3_02,TN-44822eeb671d63ac,Tamil Nadu,"ASSISTANT COMMISSIONER (EXCISE), SALEM",rti_meta,en,portal,wave1-rti-information-v1,plain,RA4,PROHIBITION AND EXCISE DEPARTMENT | Sub Office,,,,,,,,,,,,,,"ASSISTANT COMMISSIONER (EXCISE), SALEM",PROHIBITION AND EXCISE DEPARTMENT,44822eeb671d63ac,821eb332fa20043b,3,Sub Office,"PROHIBITION AND EXCISE DEPARTMENT > COMMISSIONER OF PROHIBITION AND EXCISE > ASSISTANT COMMISSIONER (EXCISE), SALEM",rti_tamil_nadu
TN-626,b2026q3_02,TN-3a3ff63101fccaa7,Tamil Nadu,"ASSISTANT COMMISSIONER (EXCISE), TIRUPATHUR",rti_meta,en,portal,wave1-rti-information-v1,legal_salience,RA1,PROHIBITION AND EXCISE DEPARTMENT | Sub Office,,,,,,,,,,,,,,"ASSISTANT COMMISSIONER (EXCISE), TIRUPATHUR",PROHIBITION AND EXCISE DEPARTMENT,3a3ff63101fccaa7,821eb332fa20043b,3,Sub Office,"PROHIBITION AND EXCISE DEPARTMENT > COMMISSIONER OF PROHIBITION AND EXCISE > ASSISTANT COMMISSIONER (EXCISE), TIRUPATHUR",rti_tamil_nadu
TN-627,b2026q3_02,TN-45163a0e50be98cd,Tamil Nadu,"DEPUTY COMMISSIONER (EXCISE) OFFICE, COIMBATORE",rti_meta,en,portal,wave1-rti-information-v1,plain,RA1,PROHIBITION AND EXCISE DEPARTMENT | Sub Office,,,,,,,,,,,,,,"DEPUTY COMMISSIONER (EXCISE) OFFICE, COIMBATORE",PROHIBITION AND EXCISE DEPARTMENT,45163a0e50be98cd,821eb332fa20043b,3,Sub Office,"PROHIBITION AND EXCISE DEPARTMENT > COMMISSIONER OF PROHIBITION AND EXCISE > DEPUTY COMMISSIONER (EXCISE) OFFICE, COIMBATORE",rti_tamil_nadu
TN-628,b2026q3_02,TN-04db5e3756f13cd8,Tamil Nadu,"SENIOR REGIONAL MANAGER, TASMAC, CHENNAI.",rti_meta,en,portal,wave1-rti-information-v1,plain,RA3,PROHIBITION AND EXCISE DEPARTMENT | Sub Office,,,,,,,,,,,,,,"SENIOR REGIONAL MANAGER, TASMAC, CHENNAI.",PROHIBITION AND EXCISE DEPARTMENT,04db5e3756f13cd8,656a29ab0083d827,3,Sub Office,"PROHIBITION AND EXCISE DEPARTMENT > TAMIL NADU STATE MARKETING CORPORATION > SENIOR REGIONAL MANAGER, TASMAC, CHENNAI.",rti_tamil_nadu
TN-629,b2026q3_02,TN-41752dd9fd41bd30,Tamil Nadu,"TASMAC KANCHEEPURAM, (SOUTH)",rti_meta,en,portal,wave1-rti-information-v1,legal_salience,RA2,PROHIBITION AND EXCISE DEPARTMENT | Sub Office,,,,,,,,,,,,,,"TASMAC KANCHEEPURAM, (SOUTH)",PROHIBITION AND EXCISE DEPARTMENT,41752dd9fd41bd30,04db5e3756f13cd8,4,Sub Office,"PROHIBITION AND EXCISE DEPARTMENT > TAMIL NADU STATE MARKETING CORPORATION > SENIOR REGIONAL MANAGER, TASMAC, CHENNAI. > TASMAC KANCHEEPURAM, (SOUTH)",rti_tamil_nadu
TN-630,b2026q3_02,TN-069fe4bd5177b137,Tamil Nadu,"TASMAC, COIMBATORE (NORTH)",rti_meta,en,portal,wave1-rti-information-v1,plain,RA3,PROHIBITION AND EXCISE DEPARTMENT | Sub Office,,,,,,,,,,,,,,"TASMAC, COIMBATORE (NORTH)",PROHIBITION AND EXCISE DEPARTMENT,069fe4bd5177b137,36d607a1f1f3b903,4,Sub Office,"PROHIBITION AND EXCISE DEPARTMENT > TAMIL NADU STATE MARKETING CORPORATION > SENIOR REGIONAL MANAGER OFFICE, TASMAC, COIMBATORE. > TASMAC, COIMBATORE (NORTH)",rti_tamil_nadu
TN-631,b2026q3_02,TN-18f4639799034b34,Tamil Nadu,"TASMAC, DHARMAPURI",rti_meta,en,portal,wave1-rti-information-v1,plain,RA4,PROHIBITION AND EXCISE DEPARTMENT | Sub Office,,,,,,,,,,,,,,"TASMAC, DHARMAPURI",PROHIBITION AND EXCISE DEPARTMENT,18f4639799034b34,f6e8c784a374d5ae,4,Sub Office,"PROHIBITION AND EXCISE DEPARTMENT > TAMIL NADU STATE MARKETING CORPORATION > SENIOR REGIONAL MANAGER OFFICE, TASMAC, SALEM. > TASMAC, DHARMAPURI",rti_tamil_nadu
TN-632,b2026q3_02,TN-c414ed18d68683ae,Tamil Nadu,"TASMAC, KARUR",rti_meta,en,portal,wave1-rti-information-v1,legal_salience,RA4,PROHIBITION AND EXCISE DEPARTMENT | Sub Office,,,,,,,,,,,,,,"TASMAC, KARUR",PROHIBITION AND EXCISE DEPARTMENT,c414ed18d68683ae,36d607a1f1f3b903,4,Sub Office,"PROHIBITION AND EXCISE DEPARTMENT > TAMIL NADU STATE MARKETING CORPORATION > SENIOR REGIONAL MANAGER OFFICE, TASMAC, COIMBATORE. > TASMAC, KARUR",rti_tamil_nadu
TN-633,b2026q3_02,TN-26ee02edee18356c,Tamil Nadu,"TASMAC, THIRUVARUR",rti_meta,en,portal,wave1-rti-information-v1,legal_salience,RA2,PROHIBITION AND EXCISE DEPARTMENT | Sub Office,,,,,,,,,,,,,,"TASMAC, THIRUVARUR",PROHIBITION AND EXCISE DEPARTMENT,26ee02edee18356c,300d8cdc55702835,4,Sub Office,"PROHIBITION AND EXCISE DEPARTMENT > TAMIL NADU STATE MARKETING CORPORATION > SENIOR REGIONAL MANAGER OFFICE, TASMAC, TRICHY. > TASMAC, THIRUVARUR",rti_tamil_nadu
TN-634,b2026q3_02,TN-7a7b3dd5182b0dc6,Tamil Nadu,"TASMAC, TIRUVALLUR (EAST)",rti_meta,en,portal,wave1-rti-information-v1,plain,RA1,PROHIBITION AND EXCISE DEPARTMENT | Sub Office,,,,,,,,,,,,,,"TASMAC, TIRUVALLUR (EAST)",PROHIBITION AND EXCISE DEPARTMENT,7a7b3dd5182b0dc6,04db5e3756f13cd8,4,Sub Office,"PROHIBITION AND EXCISE DEPARTMENT > TAMIL NADU STATE MARKETING CORPORATION > SENIOR REGIONAL MANAGER, TASMAC, CHENNAI. > TASMAC, TIRUVALLUR (EAST)",rti_tamil_nadu
TN-635,b2026q3_02,TN-d97ce13237bd11c1,Tamil Nadu,"TASMAC, TRICHY",rti_meta,en,portal,wave1-rti-information-v1,legal_salience,RA1,PROHIBITION AND EXCISE DEPARTMENT | Sub Office,,,,,,,,,,,,,,"TASMAC, TRICHY",PROHIBITION AND EXCISE DEPARTMENT,d97ce13237bd11c1,300d8cdc55702835,4,Sub Office,"PROHIBITION AND EXCISE DEPARTMENT > TAMIL NADU STATE MARKETING CORPORATION > SENIOR REGIONAL MANAGER OFFICE, TASMAC, TRICHY. > TASMAC, TRICHY",rti_tamil_nadu
TN-636,b2026q3_02,TN-5b9030bba967bb48,Tamil Nadu,PUBLIC DEPARTMENT,rti_meta,en,portal,wave1-rti-information-v1,plain,RA1,PUBLIC DEPARTMENT | Department,,,,,,,,,,,,,,PUBLIC DEPARTMENT,PUBLIC DEPARTMENT,5b9030bba967bb48,displayPa,1,Department,PUBLIC DEPARTMENT,rti_tamil_nadu
TN-637,b2026q3_02,TN-74e9547454b8091b,Tamil Nadu,COMMISSIONERATE OF REHABILITATION AND WELFARE OF NON-RESIDENT TAMILS,rti_meta,en,portal,wave1-rti-information-v1,plain,RA3,PUBLIC DEPARTMENT | Head of Department,,,,,,,,,,,,,,COMMISSIONERATE OF REHABILITATION AND WELFARE OF NON-RESIDENT TAMILS,PUBLIC DEPARTMENT,74e9547454b8091b,5b9030bba967bb48,2,Head of Department,PUBLIC DEPARTMENT > COMMISSIONERATE OF REHABILITATION AND WELFARE OF NON-RESIDENT TAMILS,rti_tamil_nadu
TN-638,b2026q3_02,TN-0207534def093155,Tamil Nadu,GOVERNORS SECRETARIAT,rti_meta,en,portal,wave1-rti-information-v1,legal_salience,RA3,PUBLIC DEPARTMENT | Head of Department,,,,,,,,,,,,,,GOVERNORS SECRETARIAT,PUBLIC DEPARTMENT,0207534def093155,5b9030bba967bb48,2,Head of Department,PUBLIC DEPARTMENT > GOVERNORS SECRETARIAT,rti_tamil_nadu
TN-639,b2026q3_02,TN-b8b33ef32f9cfcaf,Tamil Nadu,STATE HUMAN RIGHTS COMMISSION TAMIL NADU,rti_meta,en,portal,wave1-rti-information-v1,plain,RA2,PUBLIC DEPARTMENT | Head of Department,,,,,,,,,,,,,,STATE HUMAN RIGHTS COMMISSION TAMIL NADU,PUBLIC DEPARTMENT,b8b33ef32f9cfcaf,5b9030bba967bb48,2,Head of Department,PUBLIC DEPARTMENT > STATE HUMAN RIGHTS COMMISSION TAMIL NADU,rti_tamil_nadu
TN-640,b2026q3_02,TN-7a91f0e14e9224b6,Tamil Nadu,TAMIL NADU EX-SERVICEMENS CORPORATION LIMITED,rti_meta,en,portal,wave1-rti-information-v1,plain,RA4,PUBLIC DEPARTMENT | Head of Department,,,,,,,,,,,,,,TAMIL NADU EX-SERVICEMENS CORPORATION LIMITED,PUBLIC DEPARTMENT,7a91f0e14e9224b6,5b9030bba967bb48,2,Head of Department,PUBLIC DEPARTMENT > TAMIL NADU EX-SERVICEMENS CORPORATION LIMITED,rti_tamil_nadu
TN-641,b2026q3_02,TN-d51223269531ace5,Tamil Nadu,"EX SERVICEMEN WELFARE OFFICE, ARIYALUR",rti_meta,en,portal,wave1-rti-information-v1,legal_salience,RA4,PUBLIC DEPARTMENT | Sub Office,,,,,,,,,,,,,,"EX SERVICEMEN WELFARE OFFICE, ARIYALUR",PUBLIC DEPARTMENT,d51223269531ace5,989853c2b286daa8,3,Sub Office,"PUBLIC DEPARTMENT > DIRECTORATE OF EX-SERVICEMEN WELFARE > EX SERVICEMEN WELFARE OFFICE, ARIYALUR",rti_tamil_nadu
TN-642,b2026q3_02,TN-160280bcf151c61a,Tamil Nadu,"EX SERVICEMEN WELFARE OFFICE, CUDDALORE",rti_meta,en,portal,wave1-rti-information-v1,plain,RA1,PUBLIC DEPARTMENT | Sub Office,,,,,,,,,,,,,,"EX SERVICEMEN WELFARE OFFICE, CUDDALORE",PUBLIC DEPARTMENT,160280bcf151c61a,989853c2b286daa8,3,Sub Office,"PUBLIC DEPARTMENT > DIRECTORATE OF EX-SERVICEMEN WELFARE > EX SERVICEMEN WELFARE OFFICE, CUDDALORE",rti_tamil_nadu
TN-643,b2026q3_02,TN-a6e73a018305e5da,Tamil Nadu,"EX-SERVICEMEN'S WELFARE OFFICE, CHENNAI",rti_meta,en,portal,wave1-rti-information-v1,plain,RA1,PUBLIC DEPARTMENT | Sub Office,,,,,,,,,,,,,,"EX-SERVICEMEN'S WELFARE OFFICE, CHENNAI",PUBLIC DEPARTMENT,a6e73a018305e5da,989853c2b286daa8,3,Sub Office,"PUBLIC DEPARTMENT > DIRECTORATE OF EX-SERVICEMEN WELFARE > EX-SERVICEMEN'S WELFARE OFFICE, CHENNAI",rti_tamil_nadu
TN-644,b2026q3_02,TN-10dbc3aeb8b066dd,Tamil Nadu,"EX-SERVICEMEN'S WELFARE OFFICE, DINDIGUL",rti_meta,en,portal,wave1-rti-information-v1,plain,RA2,PUBLIC DEPARTMENT | Sub Office,,,,,,,,,,,,,,"EX-SERVICEMEN'S WELFARE OFFICE, DINDIGUL",PUBLIC DEPARTMENT,10dbc3aeb8b066dd,989853c2b286daa8,3,Sub Office,"PUBLIC DEPARTMENT > DIRECTORATE OF EX-SERVICEMEN WELFARE > EX-SERVICEMEN'S WELFARE OFFICE, DINDIGUL",rti_tamil_nadu
TN-645,b2026q3_02,TN-8ab12530e31bbcfe,Tamil Nadu,"EX-SERVICEMEN'S WELFARE OFFICE, ERODE",rti_meta,en,portal,wave1-rti-information-v1,plain,RA4,PUBLIC DEPARTMENT | Sub Office,,,,,,,,,,,,,,"EX-SERVICEMEN'S WELFARE OFFICE, ERODE",PUBLIC DEPARTMENT,8ab12530e31bbcfe,989853c2b286daa8,3,Sub Office,"PUBLIC DEPARTMENT > DIRECTORATE OF EX-SERVICEMEN WELFARE > EX-SERVICEMEN'S WELFARE OFFICE, ERODE",rti_tamil_nadu
TN-646,b2026q3_02,TN-60d805a5185a0009,Tamil Nadu,"EX-SERVICEMEN'S WELFARE OFFICE, KANNIYAKUMARI",rti_meta,en,portal,wave1-rti-information-v1,legal_salience,RA2,PUBLIC DEPARTMENT | Sub Office,,,,,,,,,,,,,,"EX-SERVICEMEN'S WELFARE OFFICE, KANNIYAKUMARI",PUBLIC DEPARTMENT,60d805a5185a0009,989853c2b286daa8,3,Sub Office,"PUBLIC DEPARTMENT > DIRECTORATE OF EX-SERVICEMEN WELFARE > EX-SERVICEMEN'S WELFARE OFFICE, KANNIYAKUMARI",rti_tamil_nadu
TN-647,b2026q3_02,TN-0aedd772e157ba14,Tamil Nadu,"EX-SERVICEMEN'S WELFARE OFFICE, KRISHNAGIRI",rti_meta,en,portal,wave1-rti-information-v1,legal_salience,RA4,PUBLIC DEPARTMENT | Sub Office,,,,,,,,,,,,,,"EX-SERVICEMEN'S WELFARE OFFICE, KRISHNAGIRI",PUBLIC DEPARTMENT,0aedd772e157ba14,989853c2b286daa8,3,Sub Office,"PUBLIC DEPARTMENT > DIRECTORATE OF EX-SERVICEMEN WELFARE > EX-SERVICEMEN'S WELFARE OFFICE, KRISHNAGIRI",rti_tamil_nadu
TN-648,b2026q3_02,TN-00f083d4e2cfef46,Tamil Nadu,"EX-SERVICEMEN'S WELFARE OFFICE, MADURAI",rti_meta,en,portal,wave1-rti-information-v1,legal_salience,RA1,PUBLIC DEPARTMENT | Sub Office,,,,,,,,,,,,,,"EX-SERVICEMEN'S WELFARE OFFICE, MADURAI",PUBLIC DEPARTMENT,00f083d4e2cfef46,989853c2b286daa8,3,Sub Office,"PUBLIC DEPARTMENT > DIRECTORATE OF EX-SERVICEMEN WELFARE > EX-SERVICEMEN'S WELFARE OFFICE, MADURAI",rti_tamil_nadu
TN-649,b2026q3_02,TN-6922c570049831cc,Tamil Nadu,"EX-SERVICEMEN'S WELFARE OFFICE, RAMANATHAPURAM",rti_meta,en,portal,wave1-rti-information-v1,plain,RA4,PUBLIC DEPARTMENT | Sub Office,,,,,,,,,,,,,,"EX-SERVICEMEN'S WELFARE OFFICE, RAMANATHAPURAM",PUBLIC DEPARTMENT,6922c570049831cc,989853c2b286daa8,3,Sub Office,"PUBLIC DEPARTMENT > DIRECTORATE OF EX-SERVICEMEN WELFARE > EX-SERVICEMEN'S WELFARE OFFICE, RAMANATHAPURAM",rti_tamil_nadu
TN-650,b2026q3_02,TN-e5744f14c2c111d0,Tamil Nadu,"EX-SERVICEMEN'S WELFARE OFFICE, THANJAVUR",rti_meta,en,portal,wave1-rti-information-v1,plain,RA2,PUBLIC DEPARTMENT | Sub Office,,,,,,,,,,,,,,"EX-SERVICEMEN'S WELFARE OFFICE, THANJAVUR",PUBLIC DEPARTMENT,e5744f14c2c111d0,989853c2b286daa8,3,Sub Office,"PUBLIC DEPARTMENT > DIRECTORATE OF EX-SERVICEMEN WELFARE > EX-SERVICEMEN'S WELFARE OFFICE, THANJAVUR",rti_tamil_nadu
TN-651,b2026q3_02,TN-e6e763ebf4207666,Tamil Nadu,"EX-SERVICEMEN'S WELFARE OFFICE, THE NILGIRIS",rti_meta,en,portal,wave1-rti-information-v1,plain,RA2,PUBLIC DEPARTMENT | Sub Office,,,,,,,,,,,,,,"EX-SERVICEMEN'S WELFARE OFFICE, THE NILGIRIS",PUBLIC DEPARTMENT,e6e763ebf4207666,989853c2b286daa8,3,Sub Office,"PUBLIC DEPARTMENT > DIRECTORATE OF EX-SERVICEMEN WELFARE > EX-SERVICEMEN'S WELFARE OFFICE, THE NILGIRIS",rti_tamil_nadu
TN-652,b2026q3_02,TN-8243d8187aeae39e,Tamil Nadu,"EX-SERVICEMEN'S WELFARE OFFICE, THENI",rti_meta,en,portal,wave1-rti-information-v1,plain,RA4,PUBLIC DEPARTMENT | Sub Office,,,,,,,,,,,,,,"EX-SERVICEMEN'S WELFARE OFFICE, THENI",PUBLIC DEPARTMENT,8243d8187aeae39e,989853c2b286daa8,3,Sub Office,"PUBLIC DEPARTMENT > DIRECTORATE OF EX-SERVICEMEN WELFARE > EX-SERVICEMEN'S WELFARE OFFICE, THENI",rti_tamil_nadu
TN-653,b2026q3_02,TN-cda2681b0d93eb13,Tamil Nadu,"EX-SERVICEMEN'S WELFARE OFFICE, THOOTHUKUDI",rti_meta,en,portal,wave1-rti-information-v1,plain,RA3,PUBLIC DEPARTMENT | Sub Office,,,,,,,,,,,,,,"EX-SERVICEMEN'S WELFARE OFFICE, THOOTHUKUDI",PUBLIC DEPARTMENT,cda2681b0d93eb13,989853c2b286daa8,3,Sub Office,"PUBLIC DEPARTMENT > DIRECTORATE OF EX-SERVICEMEN WELFARE > EX-SERVICEMEN'S WELFARE OFFICE, THOOTHUKUDI",rti_tamil_nadu
TN-654,b2026q3_02,TN-06375c063a077005,Tamil Nadu,"EX-SERVICEMEN'S WELFARE OFFICE, TIRUCHIRAPPALLI",rti_meta,en,portal,wave1-rti-information-v1,plain,RA3,PUBLIC DEPARTMENT | Sub Office,,,,,,,,,,,,,,"EX-SERVICEMEN'S WELFARE OFFICE, TIRUCHIRAPPALLI",PUBLIC DEPARTMENT,06375c063a077005,989853c2b286daa8,3,Sub Office,"PUBLIC DEPARTMENT > DIRECTORATE OF EX-SERVICEMEN WELFARE > EX-SERVICEMEN'S WELFARE OFFICE, TIRUCHIRAPPALLI",rti_tamil_nadu
TN-655,b2026q3_02,TN-7963c2d4f74cd847,Tamil Nadu,"EX-SERVICEMEN'S WELFARE OFFICE, TIRUPPUR",rti_meta,en,portal,wave1-rti-information-v1,plain,RA1,PUBLIC DEPARTMENT | Sub Office,,,,,,,,,,,,,,"EX-SERVICEMEN'S WELFARE OFFICE, TIRUPPUR",PUBLIC DEPARTMENT,7963c2d4f74cd847,989853c2b286daa8,3,Sub Office,"PUBLIC DEPARTMENT > DIRECTORATE OF EX-SERVICEMEN WELFARE > EX-SERVICEMEN'S WELFARE OFFICE, TIRUPPUR",rti_tamil_nadu
TN-656,b2026q3_02,TN-33988902d2fc59e7,Tamil Nadu,"EX-SERVICEMEN'S WELFARE OFFICE, TIRUVALLUR",rti_meta,en,portal,wave1-rti-information-v1,legal_salience,RA1,PUBLIC DEPARTMENT | Sub Office,,,,,,,,,,,,,,"EX-SERVICEMEN'S WELFARE OFFICE, TIRUVALLUR",PUBLIC DEPARTMENT,33988902d2fc59e7,989853c2b286daa8,3,Sub Office,"PUBLIC DEPARTMENT > DIRECTORATE OF EX-SERVICEMEN WELFARE > EX-SERVICEMEN'S WELFARE OFFICE, TIRUVALLUR",rti_tamil_nadu
TN-657,b2026q3_02,TN-041ca374d2dfec0c,Tamil Nadu,"EX-SERVICEMEN'S WELFARE OFFICE, VELLORE",rti_meta,en,portal,wave1-rti-information-v1,plain,RA3,PUBLIC DEPARTMENT | Sub Office,,,,,,,,,,,,,,"EX-SERVICEMEN'S WELFARE OFFICE, VELLORE",PUBLIC DEPARTMENT,041ca374d2dfec0c,989853c2b286daa8,3,Sub Office,"PUBLIC DEPARTMENT > DIRECTORATE OF EX-SERVICEMEN WELFARE > EX-SERVICEMEN'S WELFARE OFFICE, VELLORE",rti_tamil_nadu
TN-658,b2026q3_02,TN-a5142dc43061a6fe,Tamil Nadu,"EX-SERVICEMEN'S WELFARE OFFICE, VILLUPURAM",rti_meta,en,portal,wave1-rti-information-v1,plain,RA2,PUBLIC DEPARTMENT | Sub Office,,,,,,,,,,,,,,"EX-SERVICEMEN'S WELFARE OFFICE, VILLUPURAM",PUBLIC DEPARTMENT,a5142dc43061a6fe,989853c2b286daa8,3,Sub Office,"PUBLIC DEPARTMENT > DIRECTORATE OF EX-SERVICEMEN WELFARE > EX-SERVICEMEN'S WELFARE OFFICE, VILLUPURAM",rti_tamil_nadu
TN-659,b2026q3_02,TN-f46a12178905b651,Tamil Nadu,"EX-SERVICEMEN'S WELFARE OFFICE, VIRUDHUNAGAR",rti_meta,en,portal,wave1-rti-information-v1,legal_salience,RA3,PUBLIC DEPARTMENT | Sub Office,,,,,,,,,,,,,,"EX-SERVICEMEN'S WELFARE OFFICE, VIRUDHUNAGAR",PUBLIC DEPARTMENT,f46a12178905b651,989853c2b286daa8,3,Sub Office,"PUBLIC DEPARTMENT > DIRECTORATE OF EX-SERVICEMEN WELFARE > EX-SERVICEMEN'S WELFARE OFFICE, VIRUDHUNAGAR",rti_tamil_nadu
TN-660,b2026q3_02,TN-3673dd46ac3eaefd,Tamil Nadu,EXSERVICEMAN WELFARE OFFICE - COIMBATORE DIST,rti_meta,en,portal,wave1-rti-information-v1,plain,RA1,PUBLIC DEPARTMENT | Sub Office,,,,,,,,,,,,,,EXSERVICEMAN WELFARE OFFICE - COIMBATORE DIST,PUBLIC DEPARTMENT,3673dd46ac3eaefd,989853c2b286daa8,3,Sub Office,PUBLIC DEPARTMENT > DIRECTORATE OF EX-SERVICEMEN WELFARE > EXSERVICEMAN WELFARE OFFICE - COIMBATORE DIST,rti_tamil_nadu
TN-661,b2026q3_02,TN-a4df73756e8fe0ad,Tamil Nadu,PUBLIC WORKS DEPARTMENT,rti_meta,en,portal,wave1-rti-information-v1,plain,RA3,PUBLIC WORKS DEPARTMENT | Department,,,,,,,,,,,,,,PUBLIC WORKS DEPARTMENT,PUBLIC WORKS DEPARTMENT,a4df73756e8fe0ad,displayPa,1,Department,PUBLIC WORKS DEPARTMENT,rti_tamil_nadu
TN-662,b2026q3_02,TN-b959b8ac88190951,Tamil Nadu,"ENGINEER-IN-CHIEF , PUBLIC WORKS DEPARTMENT, CHEPAUK",rti_meta,en,portal,wave1-rti-information-v1,plain,RA4,PUBLIC WORKS DEPARTMENT | Head of Department,,,,,,,,,,,,,,"ENGINEER-IN-CHIEF , PUBLIC WORKS DEPARTMENT, CHEPAUK",PUBLIC WORKS DEPARTMENT,b959b8ac88190951,a4df73756e8fe0ad,2,Head of Department,"PUBLIC WORKS DEPARTMENT > ENGINEER-IN-CHIEF , PUBLIC WORKS DEPARTMENT, CHEPAUK",rti_tamil_nadu
TN-663,b2026q3_02,TN-e2313f9380307065,Tamil Nadu,"ASST. EXECUTIVE ENGINEER, QUALITY CONTROL SUB DIVISION, TIRUNELVELI",rti_meta,en,portal,wave1-rti-information-v1,legal_salience,RA2,PUBLIC WORKS DEPARTMENT | Sub Office,,,,,,,,,,,,,,"ASST. EXECUTIVE ENGINEER, QUALITY CONTROL SUB DIVISION, TIRUNELVELI",PUBLIC WORKS DEPARTMENT,e2313f9380307065,aadfe465731de326,4,Sub Office,"PUBLIC WORKS DEPARTMENT > ENGINEER-IN-CHIEF , PUBLIC WORKS DEPARTMENT, CHEPAUK > ENGINEER IN CHIEF AND CHIEF ENGINEER (GENERAL), PUBLIC WORKS DEPARTMENT, CHENNAI > ASST. EXECUTIVE ENGINEER, QUALITY CONTROL SUB DIVISION, TIRUNELVELI",rti_tamil_nadu
TN-664,b2026q3_02,TN-5c1c7b061cd82f14,Tamil Nadu,"CHIEF ENGINEER, PUBLIC WORKS DEPARTMENT, MADURAI REGION-",rti_meta,en,portal,wave1-rti-information-v1,plain,RA3,PUBLIC WORKS DEPARTMENT | Sub Office,,,,,,,,,,,,,,"CHIEF ENGINEER, PUBLIC WORKS DEPARTMENT, MADURAI REGION-",PUBLIC WORKS DEPARTMENT,5c1c7b061cd82f14,aadfe465731de326,4,Sub Office,"PUBLIC WORKS DEPARTMENT > ENGINEER-IN-CHIEF , PUBLIC WORKS DEPARTMENT, CHEPAUK > ENGINEER IN CHIEF AND CHIEF ENGINEER (GENERAL), PUBLIC WORKS DEPARTMENT, CHENNAI > CHIEF ENGINEER, PUBLIC WORKS DEPARTMENT, MADURAI REGION-",rti_tamil_nadu
TN-665,b2026q3_02,TN-8481ca06f09a2a8e,Tamil Nadu,"DEPUTY DIRECTOR OF BOILERS, BHEL CIRCLE",rti_meta,en,portal,wave1-rti-information-v1,plain,RA3,PUBLIC WORKS DEPARTMENT | Sub Office,,,,,,,,,,,,,,"DEPUTY DIRECTOR OF BOILERS, BHEL CIRCLE",PUBLIC WORKS DEPARTMENT,8481ca06f09a2a8e,aadfe465731de326,4,Sub Office,"PUBLIC WORKS DEPARTMENT > ENGINEER-IN-CHIEF , PUBLIC WORKS DEPARTMENT, CHEPAUK > ENGINEER IN CHIEF AND CHIEF ENGINEER (GENERAL), PUBLIC WORKS DEPARTMENT, CHENNAI > DEPUTY DIRECTOR OF BOILERS, BHEL CIRCLE",rti_tamil_nadu
TN-666,b2026q3_02,TN-63bb1aae64b68bd3,Tamil Nadu,"DEPUTY DIRECTOR OF BOILERS, CHENNAI CIRCLE",rti_meta,en,portal,wave1-rti-information-v1,plain,RA4,PUBLIC WORKS DEPARTMENT | Sub Office,,,,,,,,,,,,,,"DEPUTY DIRECTOR OF BOILERS, CHENNAI CIRCLE",PUBLIC WORKS DEPARTMENT,63bb1aae64b68bd3,aadfe465731de326,4,Sub Office,"PUBLIC WORKS DEPARTMENT > ENGINEER-IN-CHIEF , PUBLIC WORKS DEPARTMENT, CHEPAUK > ENGINEER IN CHIEF AND CHIEF ENGINEER (GENERAL), PUBLIC WORKS DEPARTMENT, CHENNAI > DEPUTY DIRECTOR OF BOILERS, CHENNAI CIRCLE",rti_tamil_nadu
TN-667,b2026q3_02,TN-0d4e2db5a3051a99,Tamil Nadu,"EXECUTIVE ENGINEER (ELECT.) PWD., COIMBATORE",rti_meta,en,portal,wave1-rti-information-v1,plain,RA2,PUBLIC WORKS DEPARTMENT | Sub Office,,,,,,,,,,,,,,"EXECUTIVE ENGINEER (ELECT.) PWD., COIMBATORE",PUBLIC WORKS DEPARTMENT,0d4e2db5a3051a99,8c2f38194b510bc7,5,Sub Office,"PUBLIC WORKS DEPARTMENT > ENGINEER-IN-CHIEF , PUBLIC WORKS DEPARTMENT, CHEPAUK > ENGINEER IN CHIEF AND CHIEF ENGINEER (GENERAL), PUBLIC WORKS DEPARTMENT, CHENNAI > CHIEF ENGINEER, PUBLIC WORKS DEPARTMENT, COIMBATORE REGION > EXECUTIVE ENGINEER (ELECT.) PWD., COIMBATORE",rti_tamil_nadu
TN-668,b2026q3_02,TN-f50bbccc68250ef9,Tamil Nadu,"EXECUTIVE ENGINEER (ELECT.), PUBLIC WORKS DEPARTMENT, MADURAI",rti_meta,en,portal,wave1-rti-information-v1,legal_salience,RA2,PUBLIC WORKS DEPARTMENT | Sub Office,,,,,,,,,,,,,,"EXECUTIVE ENGINEER (ELECT.), PUBLIC WORKS DEPARTMENT, MADURAI",PUBLIC WORKS DEPARTMENT,f50bbccc68250ef9,5c1c7b061cd82f14,5,Sub Office,"PUBLIC WORKS DEPARTMENT > ENGINEER-IN-CHIEF , PUBLIC WORKS DEPARTMENT, CHEPAUK > ENGINEER IN CHIEF AND CHIEF ENGINEER (GENERAL), PUBLIC WORKS DEPARTMENT, CHENNAI > CHIEF ENGINEER, PUBLIC WORKS DEPARTMENT, MADURAI REGION- > EXECUTIVE ENGINEER (ELECT.), PUBLIC WORKS DEPARTMENT, MADURAI",rti_tamil_nadu
TN-669,b2026q3_02,TN-46b8c413ffb5dffe,Tamil Nadu,"EXECUTIVE ENGINEER (ELECT.), PUBLIC WORKS DEPARTMENT, SIVAGANGAI",rti_meta,en,portal,wave1-rti-information-v1,plain,RA1,PUBLIC WORKS DEPARTMENT | Sub Office,,,,,,,,,,,,,,"EXECUTIVE ENGINEER (ELECT.), PUBLIC WORKS DEPARTMENT, SIVAGANGAI",PUBLIC WORKS DEPARTMENT,46b8c413ffb5dffe,5c1c7b061cd82f14,5,Sub Office,"PUBLIC WORKS DEPARTMENT > ENGINEER-IN-CHIEF , PUBLIC WORKS DEPARTMENT, CHEPAUK > ENGINEER IN CHIEF AND CHIEF ENGINEER (GENERAL), PUBLIC WORKS DEPARTMENT, CHENNAI > CHIEF ENGINEER, PUBLIC WORKS DEPARTMENT, MADURAI REGION- > EXECUTIVE ENGINEER (ELECT.), PUBLIC WORKS DEPARTMENT, SIVAGANGAI",rti_tamil_nadu
TN-670,b2026q3_02,TN-f8027a559708e0f8,Tamil Nadu,"EXECUTIVE ENGINEER (ELECT.2), PUBLIC WORKS DEPARTMENT, CHENNAI",rti_meta,en,portal,wave1-rti-information-v1,plain,RA2,PUBLIC WORKS DEPARTMENT | Sub Office,,,,,,,,,,,,,,"EXECUTIVE ENGINEER (ELECT.2), PUBLIC WORKS DEPARTMENT, CHENNAI",PUBLIC WORKS DEPARTMENT,f8027a559708e0f8,f48b5f7249177600,5,Sub Office,"PUBLIC WORKS DEPARTMENT > ENGINEER-IN-CHIEF , PUBLIC WORKS DEPARTMENT, CHEPAUK > ENGINEER IN CHIEF AND CHIEF ENGINEER (GENERAL), PUBLIC WORKS DEPARTMENT, CHENNAI > CHIEF ENGINEER, CHENNAI REGION, CHENNAI. > EXECUTIVE ENGINEER (ELECT.2), PUBLIC WORKS DEPARTMENT, CHENNAI",rti_tamil_nadu
TN-671,b2026q3_02,TN-c3da77dccfda5bf5,Tamil Nadu,"EXECUTIVE ENGINEER, BUILDINGS (C&M) DIVISION, MADURAI-",rti_meta,en,portal,wave1-rti-information-v1,legal_salience,RA3,PUBLIC WORKS DEPARTMENT | Sub Office,,,,,,,,,,,,,,"EXECUTIVE ENGINEER, BUILDINGS (C&M) DIVISION, MADURAI-",PUBLIC WORKS DEPARTMENT,c3da77dccfda5bf5,5c1c7b061cd82f14,5,Sub Office,"PUBLIC WORKS DEPARTMENT > ENGINEER-IN-CHIEF , PUBLIC WORKS DEPARTMENT, CHEPAUK > ENGINEER IN CHIEF AND CHIEF ENGINEER (GENERAL), PUBLIC WORKS DEPARTMENT, CHENNAI > CHIEF ENGINEER, PUBLIC WORKS DEPARTMENT, MADURAI REGION- > EXECUTIVE ENGINEER, BUILDINGS (C&M) DIVISION, MADURAI-",rti_tamil_nadu
TN-672,b2026q3_02,TN-481b2476e702fa4b,Tamil Nadu,"EXECUTIVE ENGINEER, PUBLIC WORKS DEPARTMENT, BUILDINGS (C&M) DIVISION, ERODE",rti_meta,en,portal,wave1-rti-information-v1,legal_salience,RA3,PUBLIC WORKS DEPARTMENT | Sub Office,,,,,,,,,,,,,,"EXECUTIVE ENGINEER, PUBLIC WORKS DEPARTMENT, BUILDINGS (C&M) DIVISION, ERODE",PUBLIC WORKS DEPARTMENT,481b2476e702fa4b,8c2f38194b510bc7,5,Sub Office,"PUBLIC WORKS DEPARTMENT > ENGINEER-IN-CHIEF , PUBLIC WORKS DEPARTMENT, CHEPAUK > ENGINEER IN CHIEF AND CHIEF ENGINEER (GENERAL), PUBLIC WORKS DEPARTMENT, CHENNAI > CHIEF ENGINEER, PUBLIC WORKS DEPARTMENT, COIMBATORE REGION > EXECUTIVE ENGINEER, PUBLIC WORKS DEPARTMENT, BUILDINGS (C&M) DIVISION, ERODE",rti_tamil_nadu
TN-673,b2026q3_02,TN-0116382c0ace3fcf,Tamil Nadu,"EXECUTIVE ENGINEER, PUBLIC WORKS DEPARTMENT, COIMBATORE",rti_meta,en,portal,wave1-rti-information-v1,plain,RA1,PUBLIC WORKS DEPARTMENT | Sub Office,,,,,,,,,,,,,,"EXECUTIVE ENGINEER, PUBLIC WORKS DEPARTMENT, COIMBATORE",PUBLIC WORKS DEPARTMENT,0116382c0ace3fcf,8c2f38194b510bc7,5,Sub Office,"PUBLIC WORKS DEPARTMENT > ENGINEER-IN-CHIEF , PUBLIC WORKS DEPARTMENT, CHEPAUK > ENGINEER IN CHIEF AND CHIEF ENGINEER (GENERAL), PUBLIC WORKS DEPARTMENT, CHENNAI > CHIEF ENGINEER, PUBLIC WORKS DEPARTMENT, COIMBATORE REGION > EXECUTIVE ENGINEER, PUBLIC WORKS DEPARTMENT, COIMBATORE",rti_tamil_nadu
TN-674,b2026q3_02,TN-bfc592eaec6b125e,Tamil Nadu,"EXECUTIVE ENGINEER, PUBLIC WORKS DEPARTMENT, NAGAPATTINAM",rti_meta,en,portal,wave1-rti-information-v1,legal_salience,RA1,PUBLIC WORKS DEPARTMENT | Sub Office,,,,,,,,,,,,,,"EXECUTIVE ENGINEER, PUBLIC WORKS DEPARTMENT, NAGAPATTINAM",PUBLIC WORKS DEPARTMENT,bfc592eaec6b125e,ea5e35a0980c4c48,5,Sub Office,"PUBLIC WORKS DEPARTMENT > ENGINEER-IN-CHIEF , PUBLIC WORKS DEPARTMENT, CHEPAUK > ENGINEER IN CHIEF AND CHIEF ENGINEER (GENERAL), PUBLIC WORKS DEPARTMENT, CHENNAI > CHIEF ENGINEER, PUBLIC WORKS DEPARTMENT, TRICHY REGION > EXECUTIVE ENGINEER, PUBLIC WORKS DEPARTMENT, NAGAPATTINAM",rti_tamil_nadu
TN-675,b2026q3_02,TN-b373def12aeffa92,Tamil Nadu,"EXECUTIVE ENGINEER, PUBLIC WORKS DEPARTMENT, TRICHY",rti_meta,en,portal,wave1-rti-information-v1,plain,RA4,PUBLIC WORKS DEPARTMENT | Sub Office,,,,,,,,,,,,,,"EXECUTIVE ENGINEER, PUBLIC WORKS DEPARTMENT, TRICHY",PUBLIC WORKS DEPARTMENT,b373def12aeffa92,ea5e35a0980c4c48,5,Sub Office,"PUBLIC WORKS DEPARTMENT > ENGINEER-IN-CHIEF , PUBLIC WORKS DEPARTMENT, CHEPAUK > ENGINEER IN CHIEF AND CHIEF ENGINEER (GENERAL), PUBLIC WORKS DEPARTMENT, CHENNAI > CHIEF ENGINEER, PUBLIC WORKS DEPARTMENT, TRICHY REGION > EXECUTIVE ENGINEER, PUBLIC WORKS DEPARTMENT, TRICHY",rti_tamil_nadu
TN-676,b2026q3_02,TN-40f95b42cf4b5007,Tamil Nadu,"EXECUTIVE ENGINEER, PUBLIC WORKS DEPARTMENT, UDHAGAMANDALAM",rti_meta,en,portal,wave1-rti-information-v1,plain,RA1,PUBLIC WORKS DEPARTMENT | Sub Office,,,,,,,,,,,,,,"EXECUTIVE ENGINEER, PUBLIC WORKS DEPARTMENT, UDHAGAMANDALAM",PUBLIC WORKS DEPARTMENT,40f95b42cf4b5007,8c2f38194b510bc7,5,Sub Office,"PUBLIC WORKS DEPARTMENT > ENGINEER-IN-CHIEF , PUBLIC WORKS DEPARTMENT, CHEPAUK > ENGINEER IN CHIEF AND CHIEF ENGINEER (GENERAL), PUBLIC WORKS DEPARTMENT, CHENNAI > CHIEF ENGINEER, PUBLIC WORKS DEPARTMENT, COIMBATORE REGION > EXECUTIVE ENGINEER, PUBLIC WORKS DEPARTMENT, UDHAGAMANDALAM",rti_tamil_nadu
TN-677,b2026q3_02,TN-1c7fbeb46288a559,Tamil Nadu,"EXECUTIVE ENGINEER, PWD, TENKASI",rti_meta,en,portal,wave1-rti-information-v1,legal_salience,RA4,PUBLIC WORKS DEPARTMENT | Sub Office,,,,,,,,,,,,,,"EXECUTIVE ENGINEER, PWD, TENKASI",PUBLIC WORKS DEPARTMENT,1c7fbeb46288a559,5c1c7b061cd82f14,5,Sub Office,"PUBLIC WORKS DEPARTMENT > ENGINEER-IN-CHIEF , PUBLIC WORKS DEPARTMENT, CHEPAUK > ENGINEER IN CHIEF AND CHIEF ENGINEER (GENERAL), PUBLIC WORKS DEPARTMENT, CHENNAI > CHIEF ENGINEER, PUBLIC WORKS DEPARTMENT, MADURAI REGION- > EXECUTIVE ENGINEER, PWD, TENKASI",rti_tamil_nadu
TN-678,b2026q3_02,TN-0906d749b567411f,Tamil Nadu,"SUPERINTENDING ENGINEER, COIMBATORE",rti_meta,en,portal,wave1-rti-information-v1,plain,RA3,PUBLIC WORKS DEPARTMENT | Sub Office,,,,,,,,,,,,,,"SUPERINTENDING ENGINEER, COIMBATORE",PUBLIC WORKS DEPARTMENT,0906d749b567411f,8c2f38194b510bc7,5,Sub Office,"PUBLIC WORKS DEPARTMENT > ENGINEER-IN-CHIEF , PUBLIC WORKS DEPARTMENT, CHEPAUK > ENGINEER IN CHIEF AND CHIEF ENGINEER (GENERAL), PUBLIC WORKS DEPARTMENT, CHENNAI > CHIEF ENGINEER, PUBLIC WORKS DEPARTMENT, COIMBATORE REGION > SUPERINTENDING ENGINEER, COIMBATORE",rti_tamil_nadu
TN-679,b2026q3_02,TN-d5df39c65ab7e595,Tamil Nadu,"SUPERINTENDING ENGINEER, PUBLIC WORKS DEPARTMENT, CHENNAI",rti_meta,en,portal,wave1-rti-information-v1,plain,RA1,PUBLIC WORKS DEPARTMENT | Sub Office,,,,,,,,,,,,,,"SUPERINTENDING ENGINEER, PUBLIC WORKS DEPARTMENT, CHENNAI",PUBLIC WORKS DEPARTMENT,d5df39c65ab7e595,f48b5f7249177600,5,Sub Office,"PUBLIC WORKS DEPARTMENT > ENGINEER-IN-CHIEF , PUBLIC WORKS DEPARTMENT, CHEPAUK > ENGINEER IN CHIEF AND CHIEF ENGINEER (GENERAL), PUBLIC WORKS DEPARTMENT, CHENNAI > CHIEF ENGINEER, CHENNAI REGION, CHENNAI. > SUPERINTENDING ENGINEER, PUBLIC WORKS DEPARTMENT, CHENNAI",rti_tamil_nadu
TN-680,b2026q3_02,TN-761f96c2680b4c6a,Tamil Nadu,"SUPERINTENDING ENGINEER, PUBLIC WORKS DEPARTMENT, MADURAI-",rti_meta,en,portal,wave1-rti-information-v1,plain,RA2,PUBLIC WORKS DEPARTMENT | Sub Office,,,,,,,,,,,,,,"SUPERINTENDING ENGINEER, PUBLIC WORKS DEPARTMENT, MADURAI-",PUBLIC WORKS DEPARTMENT,761f96c2680b4c6a,5c1c7b061cd82f14,5,Sub Office,"PUBLIC WORKS DEPARTMENT > ENGINEER-IN-CHIEF , PUBLIC WORKS DEPARTMENT, CHEPAUK > ENGINEER IN CHIEF AND CHIEF ENGINEER (GENERAL), PUBLIC WORKS DEPARTMENT, CHENNAI > CHIEF ENGINEER, PUBLIC WORKS DEPARTMENT, MADURAI REGION- > SUPERINTENDING ENGINEER, PUBLIC WORKS DEPARTMENT, MADURAI-",rti_tamil_nadu
TN-681,b2026q3_02,TN-454a6a16d54361a6,Tamil Nadu,"SUPERINTENDING ENGINEER, PUBLIC WORKS DEPARTMENT, TIRUNELVELI",rti_meta,en,portal,wave1-rti-information-v1,plain,RA2,PUBLIC WORKS DEPARTMENT | Sub Office,,,,,,,,,,,,,,"SUPERINTENDING ENGINEER, PUBLIC WORKS DEPARTMENT, TIRUNELVELI",PUBLIC WORKS DEPARTMENT,454a6a16d54361a6,5c1c7b061cd82f14,5,Sub Office,"PUBLIC WORKS DEPARTMENT > ENGINEER-IN-CHIEF , PUBLIC WORKS DEPARTMENT, CHEPAUK > ENGINEER IN CHIEF AND CHIEF ENGINEER (GENERAL), PUBLIC WORKS DEPARTMENT, CHENNAI > CHIEF ENGINEER, PUBLIC WORKS DEPARTMENT, MADURAI REGION- > SUPERINTENDING ENGINEER, PUBLIC WORKS DEPARTMENT, TIRUNELVELI",rti_tamil_nadu
TN-682,b2026q3_02,TN-c9639e1f5340d6e1,Tamil Nadu,"SUPERINTENDING ENGINEER, PUBLIC WORKS DEPARTMENT, VELLORE",rti_meta,en,portal,wave1-rti-information-v1,plain,RA4,PUBLIC WORKS DEPARTMENT | Sub Office,,,,,,,,,,,,,,"SUPERINTENDING ENGINEER, PUBLIC WORKS DEPARTMENT, VELLORE",PUBLIC WORKS DEPARTMENT,c9639e1f5340d6e1,f48b5f7249177600,5,Sub Office,"PUBLIC WORKS DEPARTMENT > ENGINEER-IN-CHIEF , PUBLIC WORKS DEPARTMENT, CHEPAUK > ENGINEER IN CHIEF AND CHIEF ENGINEER (GENERAL), PUBLIC WORKS DEPARTMENT, CHENNAI > CHIEF ENGINEER, CHENNAI REGION, CHENNAI. > SUPERINTENDING ENGINEER, PUBLIC WORKS DEPARTMENT, VELLORE",rti_tamil_nadu
TN-683,b2026q3_02,TN-aacbf97497612807,Tamil Nadu,REVENUE AND DISASTER MANAGEMENT DEPARTMENT,rti_meta,en,portal,wave1-rti-information-v1,plain,RA3,REVENUE AND DISASTER MANAGEMENT DEPARTMENT | Department,,,,,,,,,,,,,,REVENUE AND DISASTER MANAGEMENT DEPARTMENT,REVENUE AND DISASTER MANAGEMENT DEPARTMENT,aacbf97497612807,displayPa,1,Department,REVENUE AND DISASTER MANAGEMENT DEPARTMENT,rti_tamil_nadu
TN-684,b2026q3_02,TN-ad2828f4b765dc4f,Tamil Nadu,COMMISSIONER OF LAND REFORMS,rti_meta,en,portal,wave1-rti-information-v1,plain,RA4,REVENUE AND DISASTER MANAGEMENT DEPARTMENT | Head of Department,,,,,,,,,,,,,,COMMISSIONER OF LAND REFORMS,REVENUE AND DISASTER MANAGEMENT DEPARTMENT,ad2828f4b765dc4f,aacbf97497612807,2,Head of Department,REVENUE AND DISASTER MANAGEMENT DEPARTMENT > COMMISSIONER OF LAND REFORMS,rti_tamil_nadu
TN-685,b2026q3_02,TN-83b92fbd5c49a40d,Tamil Nadu,COMMISSIONER OF REVENUE ADMINISTRATION,rti_meta,en,portal,wave1-rti-information-v1,plain,RA1,REVENUE AND DISASTER MANAGEMENT DEPARTMENT | Head of Department,,,,,,,,,,,,,,COMMISSIONER OF REVENUE ADMINISTRATION,REVENUE AND DISASTER MANAGEMENT DEPARTMENT,83b92fbd5c49a40d,aacbf97497612807,2,Head of Department,REVENUE AND DISASTER MANAGEMENT DEPARTMENT > COMMISSIONER OF REVENUE ADMINISTRATION,rti_tamil_nadu
TN-686,b2026q3_02,TN-c3d59f144a215314,Tamil Nadu,COMMISSIONER OF URBAN LAND CEILING AND URBAN LAND TAX,rti_meta,en,portal,wave1-rti-information-v1,plain,RA2,REVENUE AND DISASTER MANAGEMENT DEPARTMENT | Head of Department,,,,,,,,,,,,,,COMMISSIONER OF URBAN LAND CEILING AND URBAN LAND TAX,REVENUE AND DISASTER MANAGEMENT DEPARTMENT,c3d59f144a215314,aacbf97497612807,2,Head of Department,REVENUE AND DISASTER MANAGEMENT DEPARTMENT > COMMISSIONER OF URBAN LAND CEILING AND URBAN LAND TAX,rti_tamil_nadu
TN-687,b2026q3_02,TN-8fdf12f909933275,Tamil Nadu,DIRECTOR OF SURVEY AND SETTLEMENT,rti_meta,en,portal,wave1-rti-information-v1,legal_salience,RA4,REVENUE AND DISASTER MANAGEMENT DEPARTMENT | Head of Department,,,,,,,,,,,,,,DIRECTOR OF SURVEY AND SETTLEMENT,REVENUE AND DISASTER MANAGEMENT DEPARTMENT,8fdf12f909933275,aacbf97497612807,2,Head of Department,REVENUE AND DISASTER MANAGEMENT DEPARTMENT > DIRECTOR OF SURVEY AND SETTLEMENT,rti_tamil_nadu
TN-688,b2026q3_02,TN-85a174718dec7ed2,Tamil Nadu,"COLLECTOR, KALLAKURICHI",rti_meta,en,portal,wave1-rti-information-v1,plain,RA2,REVENUE AND DISASTER MANAGEMENT DEPARTMENT | Sub Office,,,,,,,,,,,,,,"COLLECTOR, KALLAKURICHI",REVENUE AND DISASTER MANAGEMENT DEPARTMENT,85a174718dec7ed2,83b92fbd5c49a40d,3,Sub Office,"REVENUE AND DISASTER MANAGEMENT DEPARTMENT > COMMISSIONER OF REVENUE ADMINISTRATION > COLLECTOR, KALLAKURICHI",rti_tamil_nadu
TN-689,b2026q3_02,TN-f7d510c4b112fe52,Tamil Nadu,AD TOWN PANCHAYAT DINDIGUL,rti_meta,en,portal,wave1-rti-information-v1,plain,RA2,REVENUE AND DISASTER MANAGEMENT DEPARTMENT | Sub Office,,,,,,,,,,,,,,AD TOWN PANCHAYAT DINDIGUL,REVENUE AND DISASTER MANAGEMENT DEPARTMENT,f7d510c4b112fe52,2e25e100b0772147,4,Sub Office,"REVENUE AND DISASTER MANAGEMENT DEPARTMENT > COMMISSIONER OF REVENUE ADMINISTRATION > COLLECTOR, COIMBATORE > AD TOWN PANCHAYAT DINDIGUL",rti_tamil_nadu
TN-690,b2026q3_02,TN-67623a36a6af8fd8,Tamil Nadu,"AD, TOWN PANCHAYAT",rti_meta,en,portal,wave1-rti-information-v1,plain,RA3,REVENUE AND DISASTER MANAGEMENT DEPARTMENT | Sub Office,,,,,,,,,,,,,,"AD, TOWN PANCHAYAT",REVENUE AND DISASTER MANAGEMENT DEPARTMENT,67623a36a6af8fd8,814d16e6aaf81cee,4,Sub Office,"REVENUE AND DISASTER MANAGEMENT DEPARTMENT > COMMISSIONER OF REVENUE ADMINISTRATION > COLLECTOR, THENI > AD, TOWN PANCHAYAT",rti_tamil_nadu
TN-691,b2026q3_02,TN-f738e7116ee7bac4,Tamil Nadu,ADDITIONAL PERSONA ASSISTANT(LAND),rti_meta,en,portal,wave1-rti-information-v1,plain,RA3,REVENUE AND DISASTER MANAGEMENT DEPARTMENT | Sub Office,,,,,,,,,,,,,,ADDITIONAL PERSONA ASSISTANT(LAND),REVENUE AND DISASTER MANAGEMENT DEPARTMENT,f738e7116ee7bac4,58fae692d4d4200a,4,Sub Office,"REVENUE AND DISASTER MANAGEMENT DEPARTMENT > COMMISSIONER OF REVENUE ADMINISTRATION > COLLECTOR, KANCHIPURAM > ADDITIONAL PERSONA ASSISTANT(LAND)",rti_tamil_nadu
TN-692,b2026q3_02,TN-1a8e2e455163e710,Tamil Nadu,"ASSISTANT DIRECTOR OF SURVEY AND LAND RECORDS, THIRUVARUR",rti_meta,en,portal,wave1-rti-information-v1,plain,RA3,REVENUE AND DISASTER MANAGEMENT DEPARTMENT | Sub Office,,,,,,,,,,,,,,"ASSISTANT DIRECTOR OF SURVEY AND LAND RECORDS, THIRUVARUR",REVENUE AND DISASTER MANAGEMENT DEPARTMENT,1a8e2e455163e710,b7bca7e40b349ddc,4,Sub Office,"REVENUE AND DISASTER MANAGEMENT DEPARTMENT > DIRECTOR OF SURVEY AND SETTLEMENT > REGIONAL DEPUTY DIRECTOR, SURVEY AND LAND RECORDS,TIRUCHIRAPPALLI > ASSISTANT DIRECTOR OF SURVEY AND LAND RECORDS, THIRUVARUR",rti_tamil_nadu
TN-693,b2026q3_02,TN-c6ad7a9b76efc254,Tamil Nadu,"COMMISSIONER, CORPORATION, ERODE",rti_meta,en,portal,wave1-rti-information-v1,plain,RA3,REVENUE AND DISASTER MANAGEMENT DEPARTMENT | Sub Office,,,,,,,,,,,,,,"COMMISSIONER, CORPORATION, ERODE",REVENUE AND DISASTER MANAGEMENT DEPARTMENT,c6ad7a9b76efc254,b13cc3da174b3524,4,Sub Office,"REVENUE AND DISASTER MANAGEMENT DEPARTMENT > COMMISSIONER OF REVENUE ADMINISTRATION > COLLECTOR, ERODE > COMMISSIONER, CORPORATION, ERODE",rti_tamil_nadu
TN-694,b2026q3_02,TN-76f4f6342121c085,Tamil Nadu,"REVENUE DIVISIONAL OFFICE, KARUR",rti_meta,en,portal,wave1-rti-information-v1,legal_salience,RA3,REVENUE AND DISASTER MANAGEMENT DEPARTMENT | Sub Office,,,,,,,,,,,,,,"REVENUE DIVISIONAL OFFICE, KARUR",REVENUE AND DISASTER MANAGEMENT DEPARTMENT,76f4f6342121c085,390fdc9223d8d6bc,4,Sub Office,"REVENUE AND DISASTER MANAGEMENT DEPARTMENT > COMMISSIONER OF REVENUE ADMINISTRATION > COLLECTOR, KARUR > REVENUE DIVISIONAL OFFICE, KARUR",rti_tamil_nadu
TN-695,b2026q3_02,TN-74e294e9bee94932,Tamil Nadu,"REVENUE DIVISIONAL OFFICE, MADURAI",rti_meta,en,portal,wave1-rti-information-v1,legal_salience,RA4,REVENUE AND DISASTER MANAGEMENT DEPARTMENT | Sub Office,,,,,,,,,,,,,,"REVENUE DIVISIONAL OFFICE, MADURAI",REVENUE AND DISASTER MANAGEMENT DEPARTMENT,74e294e9bee94932,c19993c314fbd2f0,4,Sub Office,"REVENUE AND DISASTER MANAGEMENT DEPARTMENT > COMMISSIONER OF REVENUE ADMINISTRATION > COLLECTOR,MADURAI > REVENUE DIVISIONAL OFFICE, MADURAI",rti_tamil_nadu
TN-696,b2026q3_02,TN-8d5f80dc9f29724f,Tamil Nadu,"REVENUE DIVISIONAL OFFICE, THOOTHUKUDI",rti_meta,en,portal,wave1-rti-information-v1,plain,RA4,REVENUE AND DISASTER MANAGEMENT DEPARTMENT | Sub Office,,,,,,,,,,,,,,"REVENUE DIVISIONAL OFFICE, THOOTHUKUDI",REVENUE AND DISASTER MANAGEMENT DEPARTMENT,8d5f80dc9f29724f,8cd63c992da897c4,4,Sub Office,"REVENUE AND DISASTER MANAGEMENT DEPARTMENT > COMMISSIONER OF REVENUE ADMINISTRATION > COLLECTOR. THOOTHUKUDI > REVENUE DIVISIONAL OFFICE, THOOTHUKUDI",rti_tamil_nadu
TN-697,b2026q3_02,TN-f6bc2f0d104366c1,Tamil Nadu,"SUPERINTENDENT OF POLICE, SIVAGANGAI DISTRICT",rti_meta,en,portal,wave1-rti-information-v1,legal_salience,RA3,REVENUE AND DISASTER MANAGEMENT DEPARTMENT | Sub Office,,,,,,,,,,,,,,"SUPERINTENDENT OF POLICE, SIVAGANGAI DISTRICT",REVENUE AND DISASTER MANAGEMENT DEPARTMENT,f6bc2f0d104366c1,ea9e09b32a072e56,4,Sub Office,"REVENUE AND DISASTER MANAGEMENT DEPARTMENT > COMMISSIONER OF REVENUE ADMINISTRATION > COLLECTOR, SIVAGANGAI > SUPERINTENDENT OF POLICE, SIVAGANGAI DISTRICT",rti_tamil_nadu
TN-698,b2026q3_02,TN-db4ffd15dd205c7e,Tamil Nadu,TALUK OFFICE PARAMAKUDI,rti_meta,en,portal,wave1-rti-information-v1,plain,RA1,REVENUE AND DISASTER MANAGEMENT DEPARTMENT | Sub Office,,,,,,,,,,,,,,TALUK OFFICE PARAMAKUDI,REVENUE AND DISASTER MANAGEMENT DEPARTMENT,db4ffd15dd205c7e,f8ed302bfb2b60dd,4,Sub Office,"REVENUE AND DISASTER MANAGEMENT DEPARTMENT > COMMISSIONER OF REVENUE ADMINISTRATION > COLLECTOR, RAMANATHAPURAM > TALUK OFFICE PARAMAKUDI",rti_tamil_nadu
TN-699,b2026q3_02,TN-b930d191508f8dfd,Tamil Nadu,"TALUK SUPPLY OFFICE, GUDALUR",rti_meta,en,portal,wave1-rti-information-v1,plain,RA1,REVENUE AND DISASTER MANAGEMENT DEPARTMENT | Sub Office,,,,,,,,,,,,,,"TALUK SUPPLY OFFICE, GUDALUR",REVENUE AND DISASTER MANAGEMENT DEPARTMENT,b930d191508f8dfd,1820b1088d5305d0,4,Sub Office,"REVENUE AND DISASTER MANAGEMENT DEPARTMENT > COMMISSIONER OF REVENUE ADMINISTRATION > COLLECTOR, NILGRIS > TALUK SUPPLY OFFICE, GUDALUR",rti_tamil_nadu
TN-700,b2026q3_02,TN-4c35568fbb1ebe05,Tamil Nadu,TNHB- COIMBATORE HOUSING UNIT,rti_meta,en,portal,wave1-rti-information-v1,plain,RA1,REVENUE AND DISASTER MANAGEMENT DEPARTMENT | Sub Office,,,,,,,,,,,,,,TNHB- COIMBATORE HOUSING UNIT,REVENUE AND DISASTER MANAGEMENT DEPARTMENT,4c35568fbb1ebe05,2e25e100b0772147,4,Sub Office,"REVENUE AND DISASTER MANAGEMENT DEPARTMENT > COMMISSIONER OF REVENUE ADMINISTRATION > COLLECTOR, COIMBATORE > TNHB- COIMBATORE HOUSING UNIT",rti_tamil_nadu
TN-701,b2026q3_02,TN-14ed4d209491e657,Tamil Nadu,"ASSISTSNT COMMISSIONER OF LABOUR OFFICE ,CONCILIATION ,COIMBATORE",rti_meta,en,portal,wave1-rti-information-v1,plain,RA4,REVENUE AND DISASTER MANAGEMENT DEPARTMENT | Sub Office,,,,,,,,,,,,,,"ASSISTSNT COMMISSIONER OF LABOUR OFFICE ,CONCILIATION ,COIMBATORE",REVENUE AND DISASTER MANAGEMENT DEPARTMENT,14ed4d209491e657,3d42c0d7b80a89b0,5,Sub Office,"REVENUE AND DISASTER MANAGEMENT DEPARTMENT > COMMISSIONER OF REVENUE ADMINISTRATION > COLLECTOR, COIMBATORE > LABOUR DEPT - COIMBATORE DIST > ASSISTSNT COMMISSIONER OF LABOUR OFFICE ,CONCILIATION ,COIMBATORE",rti_tamil_nadu
TN-702,b2026q3_02,TN-e25c500c8edddaa0,Tamil Nadu,"DEPUTY INSPECTOR OF SURVEY, TALUK OFFICE, THANJAVUR",rti_meta,en,portal,wave1-rti-information-v1,legal_salience,RA2,REVENUE AND DISASTER MANAGEMENT DEPARTMENT | Sub Office,,,,,,,,,,,,,,"DEPUTY INSPECTOR OF SURVEY, TALUK OFFICE, THANJAVUR",REVENUE AND DISASTER MANAGEMENT DEPARTMENT,e25c500c8edddaa0,83d63e353a2a4411,5,Sub Office,"REVENUE AND DISASTER MANAGEMENT DEPARTMENT > DIRECTOR OF SURVEY AND SETTLEMENT > REGIONAL DEPUTY DIRECTOR, SURVEY AND LAND RECORDS,TIRUCHIRAPPALLI > ASSISTANT DIRECTOR OF SURVEY AND LAND RECORDS, THANJAVUR > DEPUTY INSPECTOR OF SURVEY, TALUK OFFICE, THANJAVUR",rti_tamil_nadu
TN-703,b2026q3_02,TN-acfb2dc242ed8fd7,Tamil Nadu,"TALUK OFFICE ,TIRUCHENDUR",rti_meta,en,portal,wave1-rti-information-v1,legal_salience,RA1,REVENUE AND DISASTER MANAGEMENT DEPARTMENT | Sub Office,,,,,,,,,,,,,,"TALUK OFFICE ,TIRUCHENDUR",REVENUE AND DISASTER MANAGEMENT DEPARTMENT,acfb2dc242ed8fd7,a20b7ec3c8554b8a,5,Sub Office,"REVENUE AND DISASTER MANAGEMENT DEPARTMENT > COMMISSIONER OF REVENUE ADMINISTRATION > COLLECTOR. THOOTHUKUDI > REVENUE DIVISIONAL OFFICE, TIRUCHENDUR > TALUK OFFICE ,TIRUCHENDUR",rti_tamil_nadu
TN-704,b2026q3_02,TN-352ee1fe18b9d19d,Tamil Nadu,"TALUK OFFICE THIRUPPATHUR ,SIVAGANGAI DISTRICT",rti_meta,en,portal,wave1-rti-information-v1,legal_salience,RA1,REVENUE AND DISASTER MANAGEMENT DEPARTMENT | Sub Office,,,,,,,,,,,,,,"TALUK OFFICE THIRUPPATHUR ,SIVAGANGAI DISTRICT",REVENUE AND DISASTER MANAGEMENT DEPARTMENT,352ee1fe18b9d19d,66e316f5cc4cdc85,5,Sub Office,"REVENUE AND DISASTER MANAGEMENT DEPARTMENT > COMMISSIONER OF REVENUE ADMINISTRATION > COLLECTOR, SIVAGANGAI > REVENUE DIVISIONAL OFFICE, DEVAKOTTAI > TALUK OFFICE THIRUPPATHUR ,SIVAGANGAI DISTRICT",rti_tamil_nadu
TN-705,b2026q3_02,TN-57a3ba5358289894,Tamil Nadu,"TALUK OFFICE, ANCHETTY",rti_meta,en,portal,wave1-rti-information-v1,plain,RA4,REVENUE AND DISASTER MANAGEMENT DEPARTMENT | Sub Office,,,,,,,,,,,,,,"TALUK OFFICE, ANCHETTY",REVENUE AND DISASTER MANAGEMENT DEPARTMENT,57a3ba5358289894,d512b546157019ab,5,Sub Office,"REVENUE AND DISASTER MANAGEMENT DEPARTMENT > COMMISSIONER OF REVENUE ADMINISTRATION > COLLECTOR,KRISHNAGIRI > SUB COLLECTOR OFFICE HOSUR > TALUK OFFICE, ANCHETTY",rti_tamil_nadu
TN-706,b2026q3_02,TN-7c7dc059c269f05f,Tamil Nadu,"TALUK OFFICE, BUDALUR",rti_meta,en,portal,wave1-rti-information-v1,legal_salience,RA2,REVENUE AND DISASTER MANAGEMENT DEPARTMENT | Sub Office,,,,,,,,,,,,,,"TALUK OFFICE, BUDALUR",REVENUE AND DISASTER MANAGEMENT DEPARTMENT,7c7dc059c269f05f,83d63e353a2a4411,5,Sub Office,"REVENUE AND DISASTER MANAGEMENT DEPARTMENT > DIRECTOR OF SURVEY AND SETTLEMENT > REGIONAL DEPUTY DIRECTOR, SURVEY AND LAND RECORDS,TIRUCHIRAPPALLI > ASSISTANT DIRECTOR OF SURVEY AND LAND RECORDS, THANJAVUR > TALUK OFFICE, BUDALUR",rti_tamil_nadu
TN-707,b2026q3_02,TN-299ffc027be9c528,Tamil Nadu,"TALUK OFFICE, ERAL",rti_meta,en,portal,wave1-rti-information-v1,plain,RA4,REVENUE AND DISASTER MANAGEMENT DEPARTMENT | Sub Office,,,,,,,,,,,,,,"TALUK OFFICE, ERAL",REVENUE AND DISASTER MANAGEMENT DEPARTMENT,299ffc027be9c528,a20b7ec3c8554b8a,5,Sub Office,"REVENUE AND DISASTER MANAGEMENT DEPARTMENT > COMMISSIONER OF REVENUE ADMINISTRATION > COLLECTOR. THOOTHUKUDI > REVENUE DIVISIONAL OFFICE, TIRUCHENDUR > TALUK OFFICE, ERAL",rti_tamil_nadu
TN-708,b2026q3_02,TN-20b3135fd763b63f,Tamil Nadu,"TALUK OFFICE, PALACODE",rti_meta,en,portal,wave1-rti-information-v1,plain,RA1,REVENUE AND DISASTER MANAGEMENT DEPARTMENT | Sub Office,,,,,,,,,,,,,,"TALUK OFFICE, PALACODE",REVENUE AND DISASTER MANAGEMENT DEPARTMENT,20b3135fd763b63f,20e2e3030b31fccb,5,Sub Office,"REVENUE AND DISASTER MANAGEMENT DEPARTMENT > COMMISSIONER OF REVENUE ADMINISTRATION > COLLECTOR, DHARMAPURI > REVENUE DIVISIONAL OFFICE, DHARMAPURI > TALUK OFFICE, PALACODE",rti_tamil_nadu
TN-709,b2026q3_02,TN-1de5bda75fbc3dca,Tamil Nadu,"TALUK OFFICE, VALPARAI, COIMBATORE DIST",rti_meta,en,portal,wave1-rti-information-v1,plain,RA3,REVENUE AND DISASTER MANAGEMENT DEPARTMENT | Sub Office,,,,,,,,,,,,,,"TALUK OFFICE, VALPARAI, COIMBATORE DIST",REVENUE AND DISASTER MANAGEMENT DEPARTMENT,1de5bda75fbc3dca,709db89dd97da016,5,Sub Office,"REVENUE AND DISASTER MANAGEMENT DEPARTMENT > COMMISSIONER OF REVENUE ADMINISTRATION > COLLECTOR, COIMBATORE > SUB COLLECTOR OFFICE, POLLACHI, COIMBATORE DIST > TALUK OFFICE, VALPARAI, COIMBATORE DIST",rti_tamil_nadu
TN-710,b2026q3_02,TN-fab0f4dd146cf555,Tamil Nadu,"TALUK OFFICE, VEDASANDUR",rti_meta,en,portal,wave1-rti-information-v1,plain,RA2,REVENUE AND DISASTER MANAGEMENT DEPARTMENT | Sub Office,,,,,,,,,,,,,,"TALUK OFFICE, VEDASANDUR",REVENUE AND DISASTER MANAGEMENT DEPARTMENT,fab0f4dd146cf555,53d98b5a7f1f4e3c,5,Sub Office,"REVENUE AND DISASTER MANAGEMENT DEPARTMENT > COMMISSIONER OF REVENUE ADMINISTRATION > COLLECTOR, DINDIGUL > SUB COLLECTOR OFFICE, PALANI > TALUK OFFICE, VEDASANDUR",rti_tamil_nadu
TN-711,b2026q3_02,TN-e0d67e82eac8fd0f,Tamil Nadu,"TALUK OFFICE, VILAVANCODE",rti_meta,en,portal,wave1-rti-information-v1,plain,RA2,REVENUE AND DISASTER MANAGEMENT DEPARTMENT | Sub Office,,,,,,,,,,,,,,"TALUK OFFICE, VILAVANCODE",REVENUE AND DISASTER MANAGEMENT DEPARTMENT,e0d67e82eac8fd0f,8f6c78355e54b7dd,5,Sub Office,"REVENUE AND DISASTER MANAGEMENT DEPARTMENT > COMMISSIONER OF REVENUE ADMINISTRATION > COLLECTOR, KANNIYAKUMARI > SUB COLLECTOR OFFICE, PADMANABHAPURAM > TALUK OFFICE, VILAVANCODE",rti_tamil_nadu
TN-712,b2026q3_02,TN-5196f3be594c2246,Tamil Nadu,RURAL DEVELOPMENT AND PANCHAYAT RAJ DEPARTMENT,rti_meta,en,portal,wave1-rti-information-v1,plain,RA4,RURAL DEVELOPMENT AND PANCHAYAT RAJ DEPARTMENT | Department,,,,,,,,,,,,,,RURAL DEVELOPMENT AND PANCHAYAT RAJ DEPARTMENT,RURAL DEVELOPMENT AND PANCHAYAT RAJ DEPARTMENT,5196f3be594c2246,displayPa,1,Department,RURAL DEVELOPMENT AND PANCHAYAT RAJ DEPARTMENT,rti_tamil_nadu
TN-713,b2026q3_02,TN-30e1059070fb835f,Tamil Nadu,DIRECTORATE OF RURAL DEVELOPMENT AND PANCHAYAT RAJ DEPARTMENT,rti_meta,en,portal,wave1-rti-information-v1,plain,RA3,RURAL DEVELOPMENT AND PANCHAYAT RAJ DEPARTMENT | Head of Department,,,,,,,,,,,,,,DIRECTORATE OF RURAL DEVELOPMENT AND PANCHAYAT RAJ DEPARTMENT,RURAL DEVELOPMENT AND PANCHAYAT RAJ DEPARTMENT,30e1059070fb835f,5196f3be594c2246,2,Head of Department,RURAL DEVELOPMENT AND PANCHAYAT RAJ DEPARTMENT > DIRECTORATE OF RURAL DEVELOPMENT AND PANCHAYAT RAJ DEPARTMENT,rti_tamil_nadu
TN-714,b2026q3_02,TN-c4d765e17db0e484,Tamil Nadu,STATE INSTITUTE OF RURAL DEVELOPMENT AND PANCHAYAT RAJ,rti_meta,en,portal,wave1-rti-information-v1,plain,RA2,RURAL DEVELOPMENT AND PANCHAYAT RAJ DEPARTMENT | Head of Department,,,,,,,,,,,,,,STATE INSTITUTE OF RURAL DEVELOPMENT AND PANCHAYAT RAJ,RURAL DEVELOPMENT AND PANCHAYAT RAJ DEPARTMENT,c4d765e17db0e484,5196f3be594c2246,2,Head of Department,RURAL DEVELOPMENT AND PANCHAYAT RAJ DEPARTMENT > STATE INSTITUTE OF RURAL DEVELOPMENT AND PANCHAYAT RAJ,rti_tamil_nadu
TN-715,b2026q3_02,TN-bb3b675bd42c657a,Tamil Nadu,TAMIL NADU STATE ELECTION COMMISSION,rti_meta,en,portal,wave1-rti-information-v1,plain,RA1,RURAL DEVELOPMENT AND PANCHAYAT RAJ DEPARTMENT | Head of Department,,,,,,,,,,,,,,TAMIL NADU STATE ELECTION COMMISSION,RURAL DEVELOPMENT AND PANCHAYAT RAJ DEPARTMENT,bb3b675bd42c657a,5196f3be594c2246,2,Head of Department,RURAL DEVELOPMENT AND PANCHAYAT RAJ DEPARTMENT > TAMIL NADU STATE ELECTION COMMISSION,rti_tamil_nadu
TN-716,b2026q3_02,TN-e00ff0ec25d536aa,Tamil Nadu,VAZHNADHU KATTUOM PROJECT (TNRTP)),rti_meta,en,portal,wave1-rti-information-v1,legal_salience,RA4,RURAL DEVELOPMENT AND PANCHAYAT RAJ DEPARTMENT | Head of Department,,,,,,,,,,,,,,VAZHNADHU KATTUOM PROJECT (TNRTP)),RURAL DEVELOPMENT AND PANCHAYAT RAJ DEPARTMENT,e00ff0ec25d536aa,5196f3be594c2246,2,Head of Department,RURAL DEVELOPMENT AND PANCHAYAT RAJ DEPARTMENT > VAZHNADHU KATTUOM PROJECT (TNRTP)),rti_tamil_nadu
TN-717,b2026q3_02,TN-cae41140cb3bb037,Tamil Nadu,PERSONAL ASSISTANT TO COLLECTOR (DEVELOPMENT) (CHENGALPATTU),rti_meta,en,portal,wave1-rti-information-v1,plain,RA4,RURAL DEVELOPMENT AND PANCHAYAT RAJ DEPARTMENT | Sub Office,,,,,,,,,,,,,,PERSONAL ASSISTANT TO COLLECTOR (DEVELOPMENT) (CHENGALPATTU),RURAL DEVELOPMENT AND PANCHAYAT RAJ DEPARTMENT,cae41140cb3bb037,30e1059070fb835f,3,Sub Office,RURAL DEVELOPMENT AND PANCHAYAT RAJ DEPARTMENT > DIRECTORATE OF RURAL DEVELOPMENT AND PANCHAYAT RAJ DEPARTMENT > PERSONAL ASSISTANT TO COLLECTOR (DEVELOPMENT) (CHENGALPATTU),rti_tamil_nadu
TN-718,b2026q3_02,TN-dd500fe9f1a5be83,Tamil Nadu,PERSONAL ASSISTANT TO COLLECTOR (DEVELOPMENT) (SIVAGANGAI),rti_meta,en,portal,wave1-rti-information-v1,plain,RA2,RURAL DEVELOPMENT AND PANCHAYAT RAJ DEPARTMENT | Sub Office,,,,,,,,,,,,,,PERSONAL ASSISTANT TO COLLECTOR (DEVELOPMENT) (SIVAGANGAI),RURAL DEVELOPMENT AND PANCHAYAT RAJ DEPARTMENT,dd500fe9f1a5be83,30e1059070fb835f,3,Sub Office,RURAL DEVELOPMENT AND PANCHAYAT RAJ DEPARTMENT > DIRECTORATE OF RURAL DEVELOPMENT AND PANCHAYAT RAJ DEPARTMENT > PERSONAL ASSISTANT TO COLLECTOR (DEVELOPMENT) (SIVAGANGAI),rti_tamil_nadu
TN-719,b2026q3_02,TN-e681bc49ff067312,Tamil Nadu,ASSISTANT DIRECTOR (AUDIT) (DHARMAPURI),rti_meta,en,portal,wave1-rti-information-v1,legal_salience,RA2,RURAL DEVELOPMENT AND PANCHAYAT RAJ DEPARTMENT | Sub Office,,,,,,,,,,,,,,ASSISTANT DIRECTOR (AUDIT) (DHARMAPURI),RURAL DEVELOPMENT AND PANCHAYAT RAJ DEPARTMENT,e681bc49ff067312,5003fbbd03571d23,4,Sub Office,RURAL DEVELOPMENT AND PANCHAYAT RAJ DEPARTMENT > DIRECTORATE OF RURAL DEVELOPMENT AND PANCHAYAT RAJ DEPARTMENT > PERSONAL ASSISTANT TO COLLECTOR (DEVELOPMENT) (DHARMAPURI) > ASSISTANT DIRECTOR (AUDIT) (DHARMAPURI),rti_tamil_nadu
TN-720,b2026q3_02,TN-dff89fcfeb170b1a,Tamil Nadu,ASSISTANT DIRECTOR (PANCHAYAT) (DHARMAPURI),rti_meta,en,portal,wave1-rti-information-v1,plain,RA2,RURAL DEVELOPMENT AND PANCHAYAT RAJ DEPARTMENT | Sub Office,,,,,,,,,,,,,,ASSISTANT DIRECTOR (PANCHAYAT) (DHARMAPURI),RURAL DEVELOPMENT AND PANCHAYAT RAJ DEPARTMENT,dff89fcfeb170b1a,5003fbbd03571d23,4,Sub Office,RURAL DEVELOPMENT AND PANCHAYAT RAJ DEPARTMENT > DIRECTORATE OF RURAL DEVELOPMENT AND PANCHAYAT RAJ DEPARTMENT > PERSONAL ASSISTANT TO COLLECTOR (DEVELOPMENT) (DHARMAPURI) > ASSISTANT DIRECTOR (PANCHAYAT) (DHARMAPURI),rti_tamil_nadu
TN-721,b2026q3_02,TN-5a3723399f860f39,Tamil Nadu,BLOCK DEVELOPMENT OFFICE (ADMIN) (MINJUR),rti_meta,en,portal,wave1-rti-information-v1,legal_salience,RA2,RURAL DEVELOPMENT AND PANCHAYAT RAJ DEPARTMENT | Sub Office,,,,,,,,,,,,,,BLOCK DEVELOPMENT OFFICE (ADMIN) (MINJUR),RURAL DEVELOPMENT AND PANCHAYAT RAJ DEPARTMENT,5a3723399f860f39,a23c71fcae3c61ee,4,Sub Office,RURAL DEVELOPMENT AND PANCHAYAT RAJ DEPARTMENT > DIRECTORATE OF RURAL DEVELOPMENT AND PANCHAYAT RAJ DEPARTMENT > PERSONAL ASSISTANT TO COLLECTOR (DEVELOPMENT) (THIRUVALLUR) > BLOCK DEVELOPMENT OFFICE (ADMIN) (MINJUR),rti_tamil_nadu
TN-722,b2026q3_02,TN-6aa03f3ff90e85fe,Tamil Nadu,"BLOCK DEVELOPMENT OFFICE (BLOCK PANCHAYAT), NAMAGIRIPET, NAMAKKAL",rti_meta,en,portal,wave1-rti-information-v1,plain,RA4,RURAL DEVELOPMENT AND PANCHAYAT RAJ DEPARTMENT | Sub Office,,,,,,,,,,,,,,"BLOCK DEVELOPMENT OFFICE (BLOCK PANCHAYAT), NAMAGIRIPET, NAMAKKAL",RURAL DEVELOPMENT AND PANCHAYAT RAJ DEPARTMENT,6aa03f3ff90e85fe,065ce3c6d6179016,4,Sub Office,"RURAL DEVELOPMENT AND PANCHAYAT RAJ DEPARTMENT > DIRECTORATE OF RURAL DEVELOPMENT AND PANCHAYAT RAJ DEPARTMENT > PERSONAL ASSISTANT TO COLLECTOR (DEVELOPMENT) (NAMAKKAL) > BLOCK DEVELOPMENT OFFICE (BLOCK PANCHAYAT), NAMAGIRIPET, NAMAKKAL",rti_tamil_nadu
TN-723,b2026q3_02,TN-220c5ec2945df6cd,Tamil Nadu,BLOCK DEVELOPMENT OFFICE (GENERAL) (KUDAVAASAL),rti_meta,en,portal,wave1-rti-information-v1,plain,RA3,RURAL DEVELOPMENT AND PANCHAYAT RAJ DEPARTMENT | Sub Office,,,,,,,,,,,,,,BLOCK DEVELOPMENT OFFICE (GENERAL) (KUDAVAASAL),RURAL DEVELOPMENT AND PANCHAYAT RAJ DEPARTMENT,220c5ec2945df6cd,3fd3b7ce572dfffd,4,Sub Office,RURAL DEVELOPMENT AND PANCHAYAT RAJ DEPARTMENT > DIRECTORATE OF RURAL DEVELOPMENT AND PANCHAYAT RAJ DEPARTMENT > PERSONAL ASSISTANT TO COLLECTOR (DEVELOPMENT) (TIRUVARUR) > BLOCK DEVELOPMENT OFFICE (GENERAL) (KUDAVAASAL),rti_tamil_nadu
TN-724,b2026q3_02,TN-45fb6df38cc1c10a,Tamil Nadu,BLOCK DEVELOPMENT OFFICE (GENERAL) (MANNARGUDI),rti_meta,en,portal,wave1-rti-information-v1,legal_salience,RA4,RURAL DEVELOPMENT AND PANCHAYAT RAJ DEPARTMENT | Sub Office,,,,,,,,,,,,,,BLOCK DEVELOPMENT OFFICE (GENERAL) (MANNARGUDI),RURAL DEVELOPMENT AND PANCHAYAT RAJ DEPARTMENT,45fb6df38cc1c10a,3fd3b7ce572dfffd,4,Sub Office,RURAL DEVELOPMENT AND PANCHAYAT RAJ DEPARTMENT > DIRECTORATE OF RURAL DEVELOPMENT AND PANCHAYAT RAJ DEPARTMENT > PERSONAL ASSISTANT TO COLLECTOR (DEVELOPMENT) (TIRUVARUR) > BLOCK DEVELOPMENT OFFICE (GENERAL) (MANNARGUDI),rti_tamil_nadu
TN-725,b2026q3_02,TN-00fa307f05deacb0,Tamil Nadu,BLOCK DEVELOPMENT OFFICE (GENERAL) (MERKANAM),rti_meta,en,portal,wave1-rti-information-v1,plain,RA1,RURAL DEVELOPMENT AND PANCHAYAT RAJ DEPARTMENT | Sub Office,,,,,,,,,,,,,,BLOCK DEVELOPMENT OFFICE (GENERAL) (MERKANAM),RURAL DEVELOPMENT AND PANCHAYAT RAJ DEPARTMENT,00fa307f05deacb0,bacfaff46130240f,4,Sub Office,RURAL DEVELOPMENT AND PANCHAYAT RAJ DEPARTMENT > DIRECTORATE OF RURAL DEVELOPMENT AND PANCHAYAT RAJ DEPARTMENT > PERSONAL ASSISTANT TO COLLECTOR (DEVELOPMENT) (VILLUPURAM) > BLOCK DEVELOPMENT OFFICE (GENERAL) (MERKANAM),rti_tamil_nadu
TN-726,b2026q3_02,TN-89e462dc332d2e8a,Tamil Nadu,BLOCK DEVELOPMENT OFFICE (GENERAL) (POLUR),rti_meta,en,portal,wave1-rti-information-v1,plain,RA3,RURAL DEVELOPMENT AND PANCHAYAT RAJ DEPARTMENT | Sub Office,,,,,,,,,,,,,,BLOCK DEVELOPMENT OFFICE (GENERAL) (POLUR),RURAL DEVELOPMENT AND PANCHAYAT RAJ DEPARTMENT,89e462dc332d2e8a,6f09bd6fb43b54e4,4,Sub Office,RURAL DEVELOPMENT AND PANCHAYAT RAJ DEPARTMENT > DIRECTORATE OF RURAL DEVELOPMENT AND PANCHAYAT RAJ DEPARTMENT > PERSONAL ASSISTANT TO COLLECTOR (DEVELOPMENT) (TIRUVANNAMALAI) > BLOCK DEVELOPMENT OFFICE (GENERAL) (POLUR),rti_tamil_nadu
TN-727,b2026q3_02,TN-b115bb43755333cd,Tamil Nadu,BLOCK DEVELOPMENT OFFICE (KALAYARKOIL)(PANCHAYAT),rti_meta,en,portal,wave1-rti-information-v1,legal_salience,RA1,RURAL DEVELOPMENT AND PANCHAYAT RAJ DEPARTMENT | Sub Office,,,,,,,,,,,,,,BLOCK DEVELOPMENT OFFICE (KALAYARKOIL)(PANCHAYAT),RURAL DEVELOPMENT AND PANCHAYAT RAJ DEPARTMENT,b115bb43755333cd,dd500fe9f1a5be83,4,Sub Office,RURAL DEVELOPMENT AND PANCHAYAT RAJ DEPARTMENT > DIRECTORATE OF RURAL DEVELOPMENT AND PANCHAYAT RAJ DEPARTMENT > PERSONAL ASSISTANT TO COLLECTOR (DEVELOPMENT) (SIVAGANGAI) > BLOCK DEVELOPMENT OFFICE (KALAYARKOIL)(PANCHAYAT),rti_tamil_nadu
TN-728,b2026q3_02,TN-ad71717b32fcaba4,Tamil Nadu,BLOCK DEVELOPMENT OFFICE (KANNANGUDI)(PANCHAYAT),rti_meta,en,portal,wave1-rti-information-v1,plain,RA1,RURAL DEVELOPMENT AND PANCHAYAT RAJ DEPARTMENT | Sub Office,,,,,,,,,,,,,,BLOCK DEVELOPMENT OFFICE (KANNANGUDI)(PANCHAYAT),RURAL DEVELOPMENT AND PANCHAYAT RAJ DEPARTMENT,ad71717b32fcaba4,dd500fe9f1a5be83,4,Sub Office,RURAL DEVELOPMENT AND PANCHAYAT RAJ DEPARTMENT > DIRECTORATE OF RURAL DEVELOPMENT AND PANCHAYAT RAJ DEPARTMENT > PERSONAL ASSISTANT TO COLLECTOR (DEVELOPMENT) (SIVAGANGAI) > BLOCK DEVELOPMENT OFFICE (KANNANGUDI)(PANCHAYAT),rti_tamil_nadu
TN-729,b2026q3_02,TN-367ebe9740b04640,Tamil Nadu,BLOCK DEVELOPMENT OFFICE (MANAMELKUDI)(PANCHAYAT),rti_meta,en,portal,wave1-rti-information-v1,plain,RA2,RURAL DEVELOPMENT AND PANCHAYAT RAJ DEPARTMENT | Sub Office,,,,,,,,,,,,,,BLOCK DEVELOPMENT OFFICE (MANAMELKUDI)(PANCHAYAT),RURAL DEVELOPMENT AND PANCHAYAT RAJ DEPARTMENT,367ebe9740b04640,788388d2b6d99424,4,Sub Office,RURAL DEVELOPMENT AND PANCHAYAT RAJ DEPARTMENT > DIRECTORATE OF RURAL DEVELOPMENT AND PANCHAYAT RAJ DEPARTMENT > PERSONAL ASSISTANT TO COLLECTOR (DEVELOPMENT) (ARIYALUR) PUDUKKOTTAI > BLOCK DEVELOPMENT OFFICE (MANAMELKUDI)(PANCHAYAT),rti_tamil_nadu
TN-730,b2026q3_02,TN-f6cb92d1ebbe1835,Tamil Nadu,BLOCK DEVELOPMENT OFFICE (PANCHAYAT) (BARGUR),rti_meta,en,portal,wave1-rti-information-v1,plain,RA1,RURAL DEVELOPMENT AND PANCHAYAT RAJ DEPARTMENT | Sub Office,,,,,,,,,,,,,,BLOCK DEVELOPMENT OFFICE (PANCHAYAT) (BARGUR),RURAL DEVELOPMENT AND PANCHAYAT RAJ DEPARTMENT,f6cb92d1ebbe1835,0bfe0185e64d87a2,4,Sub Office,RURAL DEVELOPMENT AND PANCHAYAT RAJ DEPARTMENT > DIRECTORATE OF RURAL DEVELOPMENT AND PANCHAYAT RAJ DEPARTMENT > PERSONAL ASSISTANT TO COLLECTOR (DEVELOPMENT) (KRISHNAGIRI) > BLOCK DEVELOPMENT OFFICE (PANCHAYAT) (BARGUR),rti_tamil_nadu
TN-731,b2026q3_02,TN-f33504a89f8733a2,Tamil Nadu,BLOCK DEVELOPMENT OFFICE (PANCHAYAT) (KALLAKURICHI),rti_meta,en,portal,wave1-rti-information-v1,plain,RA3,RURAL DEVELOPMENT AND PANCHAYAT RAJ DEPARTMENT | Sub Office,,,,,,,,,,,,,,BLOCK DEVELOPMENT OFFICE (PANCHAYAT) (KALLAKURICHI),RURAL DEVELOPMENT AND PANCHAYAT RAJ DEPARTMENT,f33504a89f8733a2,310395f09e98e10c,4,Sub Office,RURAL DEVELOPMENT AND PANCHAYAT RAJ DEPARTMENT > DIRECTORATE OF RURAL DEVELOPMENT AND PANCHAYAT RAJ DEPARTMENT > PERSONAL ASSISTANT TO COLLECTOR (DEVELOPMENT) (KALLAKURICHI) > BLOCK DEVELOPMENT OFFICE (PANCHAYAT) (KALLAKURICHI),rti_tamil_nadu
TN-732,b2026q3_02,TN-c76c7d6894a0933e,Tamil Nadu,BLOCK DEVELOPMENT OFFICE (PANCHAYAT) (MERKANAM),rti_meta,en,portal,wave1-rti-information-v1,plain,RA4,RURAL DEVELOPMENT AND PANCHAYAT RAJ DEPARTMENT | Sub Office,,,,,,,,,,,,,,BLOCK DEVELOPMENT OFFICE (PANCHAYAT) (MERKANAM),RURAL DEVELOPMENT AND PANCHAYAT RAJ DEPARTMENT,c76c7d6894a0933e,bacfaff46130240f,4,Sub Office,RURAL DEVELOPMENT AND PANCHAYAT RAJ DEPARTMENT > DIRECTORATE OF RURAL DEVELOPMENT AND PANCHAYAT RAJ DEPARTMENT > PERSONAL ASSISTANT TO COLLECTOR (DEVELOPMENT) (VILLUPURAM) > BLOCK DEVELOPMENT OFFICE (PANCHAYAT) (MERKANAM),rti_tamil_nadu
TN-733,b2026q3_02,TN-6ed174dd3f0c0f51,Tamil Nadu,BLOCK DEVELOPMENT OFFICE (PANCHAYAT) (TALAVADI),rti_meta,en,portal,wave1-rti-information-v1,legal_salience,RA3,RURAL DEVELOPMENT AND PANCHAYAT RAJ DEPARTMENT | Sub Office,,,,,,,,,,,,,,BLOCK DEVELOPMENT OFFICE (PANCHAYAT) (TALAVADI),RURAL DEVELOPMENT AND PANCHAYAT RAJ DEPARTMENT,6ed174dd3f0c0f51,5ca1965f11e7db98,4,Sub Office,RURAL DEVELOPMENT AND PANCHAYAT RAJ DEPARTMENT > DIRECTORATE OF RURAL DEVELOPMENT AND PANCHAYAT RAJ DEPARTMENT > PERSONAL ASSISTANT TO COLLECTOR (DEVELOPMENT) (ERODE) > BLOCK DEVELOPMENT OFFICE (PANCHAYAT) (TALAVADI),rti_tamil_nadu
TN-734,b2026q3_02,TN-f1abef1f605dd7c4,Tamil Nadu,BLOCK DEVELOPMENT OFFICE (PANCHAYAT) (VEMBAKKAM),rti_meta,en,portal,wave1-rti-information-v1,plain,RA1,RURAL DEVELOPMENT AND PANCHAYAT RAJ DEPARTMENT | Sub Office,,,,,,,,,,,,,,BLOCK DEVELOPMENT OFFICE (PANCHAYAT) (VEMBAKKAM),RURAL DEVELOPMENT AND PANCHAYAT RAJ DEPARTMENT,f1abef1f605dd7c4,6f09bd6fb43b54e4,4,Sub Office,RURAL DEVELOPMENT AND PANCHAYAT RAJ DEPARTMENT > DIRECTORATE OF RURAL DEVELOPMENT AND PANCHAYAT RAJ DEPARTMENT > PERSONAL ASSISTANT TO COLLECTOR (DEVELOPMENT) (TIRUVANNAMALAI) > BLOCK DEVELOPMENT OFFICE (PANCHAYAT) (VEMBAKKAM),rti_tamil_nadu
TN-735,b2026q3_02,TN-3a77795e52ad6d2e,Tamil Nadu,BLOCK DEVELOPMENT OFFICE (PANCHAYAT)(CHINNASALEM),rti_meta,en,portal,wave1-rti-information-v1,legal_salience,RA4,RURAL DEVELOPMENT AND PANCHAYAT RAJ DEPARTMENT | Sub Office,,,,,,,,,,,,,,BLOCK DEVELOPMENT OFFICE (PANCHAYAT)(CHINNASALEM),RURAL DEVELOPMENT AND PANCHAYAT RAJ DEPARTMENT,3a77795e52ad6d2e,310395f09e98e10c,4,Sub Office,RURAL DEVELOPMENT AND PANCHAYAT RAJ DEPARTMENT > DIRECTORATE OF RURAL DEVELOPMENT AND PANCHAYAT RAJ DEPARTMENT > PERSONAL ASSISTANT TO COLLECTOR (DEVELOPMENT) (KALLAKURICHI) > BLOCK DEVELOPMENT OFFICE (PANCHAYAT)(CHINNASALEM),rti_tamil_nadu
TN-736,b2026q3_02,TN-715b8144dedf3b87,Tamil Nadu,BLOCK DEVELOPMENT OFFICE (SCHEME) (ACHARAPAKKAM),rti_meta,en,portal,wave1-rti-information-v1,plain,RA2,RURAL DEVELOPMENT AND PANCHAYAT RAJ DEPARTMENT | Sub Office,,,,,,,,,,,,,,BLOCK DEVELOPMENT OFFICE (SCHEME) (ACHARAPAKKAM),RURAL DEVELOPMENT AND PANCHAYAT RAJ DEPARTMENT,715b8144dedf3b87,cae41140cb3bb037,4,Sub Office,RURAL DEVELOPMENT AND PANCHAYAT RAJ DEPARTMENT > DIRECTORATE OF RURAL DEVELOPMENT AND PANCHAYAT RAJ DEPARTMENT > PERSONAL ASSISTANT TO COLLECTOR (DEVELOPMENT) (CHENGALPATTU) > BLOCK DEVELOPMENT OFFICE (SCHEME) (ACHARAPAKKAM),rti_tamil_nadu
TN-737,b2026q3_02,TN-65e49abcc66efff8,Tamil Nadu,"BLOCK DEVELOPMENT OFFICE (VILLAGE PANCHAYAT), PARAMATHI, NAMAKKAL",rti_meta,en,portal,wave1-rti-information-v1,legal_salience,RA1,RURAL DEVELOPMENT AND PANCHAYAT RAJ DEPARTMENT | Sub Office,,,,,,,,,,,,,,"BLOCK DEVELOPMENT OFFICE (VILLAGE PANCHAYAT), PARAMATHI, NAMAKKAL",RURAL DEVELOPMENT AND PANCHAYAT RAJ DEPARTMENT,65e49abcc66efff8,065ce3c6d6179016,4,Sub Office,"RURAL DEVELOPMENT AND PANCHAYAT RAJ DEPARTMENT > DIRECTORATE OF RURAL DEVELOPMENT AND PANCHAYAT RAJ DEPARTMENT > PERSONAL ASSISTANT TO COLLECTOR (DEVELOPMENT) (NAMAKKAL) > BLOCK DEVELOPMENT OFFICE (VILLAGE PANCHAYAT), PARAMATHI, NAMAKKAL",rti_tamil_nadu
TN-738,b2026q3_02,TN-2906665328463421,Tamil Nadu,"BLOCK DEVELOPMENT OFFICE(VILLAGE PANCHAYAT), KURINJIPADI",rti_meta,en,portal,wave1-rti-information-v1,legal_salience,RA3,RURAL DEVELOPMENT AND PANCHAYAT RAJ DEPARTMENT | Sub Office,,,,,,,,,,,,,,"BLOCK DEVELOPMENT OFFICE(VILLAGE PANCHAYAT), KURINJIPADI",RURAL DEVELOPMENT AND PANCHAYAT RAJ DEPARTMENT,2906665328463421,f966ec47601aa2cf,4,Sub Office,"RURAL DEVELOPMENT AND PANCHAYAT RAJ DEPARTMENT > DIRECTORATE OF RURAL DEVELOPMENT AND PANCHAYAT RAJ DEPARTMENT > PERSONAL ASSISTANT TO COLLECTOR (DEVELOPMENT) (CUDDALORE) > BLOCK DEVELOPMENT OFFICE(VILLAGE PANCHAYAT), KURINJIPADI",rti_tamil_nadu
TN-739,b2026q3_02,TN-d2fd0642841b7b34,Tamil Nadu,"BLOCK DEVELOPMENT OFFICE(VILLAGE PANCHAYAT), PARANGIPETTAI",rti_meta,en,portal,wave1-rti-information-v1,plain,RA4,RURAL DEVELOPMENT AND PANCHAYAT RAJ DEPARTMENT | Sub Office,,,,,,,,,,,,,,"BLOCK DEVELOPMENT OFFICE(VILLAGE PANCHAYAT), PARANGIPETTAI",RURAL DEVELOPMENT AND PANCHAYAT RAJ DEPARTMENT,d2fd0642841b7b34,f966ec47601aa2cf,4,Sub Office,"RURAL DEVELOPMENT AND PANCHAYAT RAJ DEPARTMENT > DIRECTORATE OF RURAL DEVELOPMENT AND PANCHAYAT RAJ DEPARTMENT > PERSONAL ASSISTANT TO COLLECTOR (DEVELOPMENT) (CUDDALORE) > BLOCK DEVELOPMENT OFFICE(VILLAGE PANCHAYAT), PARANGIPETTAI",rti_tamil_nadu
TN-740,b2026q3_02,TN-25a3d9341f46e6d3,Tamil Nadu,"BLOCK DEVELOPMENT OFFICE(VILLAGE PANCHAYAT), VRIDHACHALAM",rti_meta,en,portal,wave1-rti-information-v1,plain,RA3,RURAL DEVELOPMENT AND PANCHAYAT RAJ DEPARTMENT | Sub Office,,,,,,,,,,,,,,"BLOCK DEVELOPMENT OFFICE(VILLAGE PANCHAYAT), VRIDHACHALAM",RURAL DEVELOPMENT AND PANCHAYAT RAJ DEPARTMENT,25a3d9341f46e6d3,f966ec47601aa2cf,4,Sub Office,"RURAL DEVELOPMENT AND PANCHAYAT RAJ DEPARTMENT > DIRECTORATE OF RURAL DEVELOPMENT AND PANCHAYAT RAJ DEPARTMENT > PERSONAL ASSISTANT TO COLLECTOR (DEVELOPMENT) (CUDDALORE) > BLOCK DEVELOPMENT OFFICE(VILLAGE PANCHAYAT), VRIDHACHALAM",rti_tamil_nadu
TN-741,b2026q3_02,TN-665571127ed4ab19,Tamil Nadu,DISTRICT PANCHAYAT OFFICE (VILLUPURAM),rti_meta,en,portal,wave1-rti-information-v1,plain,RA1,RURAL DEVELOPMENT AND PANCHAYAT RAJ DEPARTMENT | Sub Office,,,,,,,,,,,,,,DISTRICT PANCHAYAT OFFICE (VILLUPURAM),RURAL DEVELOPMENT AND PANCHAYAT RAJ DEPARTMENT,665571127ed4ab19,bacfaff46130240f,4,Sub Office,RURAL DEVELOPMENT AND PANCHAYAT RAJ DEPARTMENT > DIRECTORATE OF RURAL DEVELOPMENT AND PANCHAYAT RAJ DEPARTMENT > PERSONAL ASSISTANT TO COLLECTOR (DEVELOPMENT) (VILLUPURAM) > DISTRICT PANCHAYAT OFFICE (VILLUPURAM),rti_tamil_nadu
TN-742,b2026q3_02,TN-0cf1b9a5c41320f8,Tamil Nadu,DISTRICT RURAL DEVELOPMENT AGENCY (SALEM),rti_meta,en,portal,wave1-rti-information-v1,plain,RA4,RURAL DEVELOPMENT AND PANCHAYAT RAJ DEPARTMENT | Sub Office,,,,,,,,,,,,,,DISTRICT RURAL DEVELOPMENT AGENCY (SALEM),RURAL DEVELOPMENT AND PANCHAYAT RAJ DEPARTMENT,0cf1b9a5c41320f8,5ad39921f0feeace,4,Sub Office,RURAL DEVELOPMENT AND PANCHAYAT RAJ DEPARTMENT > DIRECTORATE OF RURAL DEVELOPMENT AND PANCHAYAT RAJ DEPARTMENT > PERSONAL ASSISTANT TO COLLECTOR (DEVELOPMENT) (SALEM) > DISTRICT RURAL DEVELOPMENT AGENCY (SALEM),rti_tamil_nadu
TN-743,b2026q3_02,TN-34f8e87512636863,Tamil Nadu,SCHOOL EDUCATION DEPARTMENT,rti_meta,en,portal,wave1-rti-information-v1,plain,RA2,SCHOOL EDUCATION DEPARTMENT | Department,,,,,,,,,,,,,,SCHOOL EDUCATION DEPARTMENT,SCHOOL EDUCATION DEPARTMENT,34f8e87512636863,displayPa,1,Department,SCHOOL EDUCATION DEPARTMENT,rti_tamil_nadu
TN-744,b2026q3_02,TN-18fd88e47612d50d,Tamil Nadu,DIRECTOR OF NON FORMAL AND ADULT EDUCATION,rti_meta,en,portal,wave1-rti-information-v1,legal_salience,RA1,SCHOOL EDUCATION DEPARTMENT | Head of Department,,,,,,,,,,,,,,DIRECTOR OF NON FORMAL AND ADULT EDUCATION,SCHOOL EDUCATION DEPARTMENT,18fd88e47612d50d,34f8e87512636863,2,Head of Department,SCHOOL EDUCATION DEPARTMENT > DIRECTOR OF NON FORMAL AND ADULT EDUCATION,rti_tamil_nadu
TN-745,b2026q3_02,TN-fe581dc3a6faf51b,Tamil Nadu,"DIRECTORATE OF PUBLIC LIBRARIES, CHENNAI",rti_meta,en,portal,wave1-rti-information-v1,plain,RA1,SCHOOL EDUCATION DEPARTMENT | Head of Department,,,,,,,,,,,,,,"DIRECTORATE OF PUBLIC LIBRARIES, CHENNAI",SCHOOL EDUCATION DEPARTMENT,fe581dc3a6faf51b,34f8e87512636863,2,Head of Department,"SCHOOL EDUCATION DEPARTMENT > DIRECTORATE OF PUBLIC LIBRARIES, CHENNAI",rti_tamil_nadu
TN-746,b2026q3_02,TN-e40147fbc8172a9f,Tamil Nadu,SAMAGRA SHIKSHA,rti_meta,en,portal,wave1-rti-information-v1,plain,RA3,SCHOOL EDUCATION DEPARTMENT | Head of Department,,,,,,,,,,,,,,SAMAGRA SHIKSHA,SCHOOL EDUCATION DEPARTMENT,e40147fbc8172a9f,34f8e87512636863,2,Head of Department,SCHOOL EDUCATION DEPARTMENT > SAMAGRA SHIKSHA,rti_tamil_nadu
TN-747,b2026q3_02,TN-5a7323f51a352703,Tamil Nadu,TAMIL NADU TEXT BOOK AND EDUCATIONAL SERVICES CORPORATION,rti_meta,en,portal,wave1-rti-information-v1,plain,RA4,SCHOOL EDUCATION DEPARTMENT | Head of Department,,,,,,,,,,,,,,TAMIL NADU TEXT BOOK AND EDUCATIONAL SERVICES CORPORATION,SCHOOL EDUCATION DEPARTMENT,5a7323f51a352703,34f8e87512636863,2,Head of Department,SCHOOL EDUCATION DEPARTMENT > TAMIL NADU TEXT BOOK AND EDUCATIONAL SERVICES CORPORATION,rti_tamil_nadu
TN-748,b2026q3_02,TN-6f4696c27e36040e,Tamil Nadu,BLOCK EDUCATIONAL OFFICE KOLIYANUR,rti_meta,en,portal,wave1-rti-information-v1,plain,RA3,SCHOOL EDUCATION DEPARTMENT | Sub Office,,,,,,,,,,,,,,BLOCK EDUCATIONAL OFFICE KOLIYANUR,SCHOOL EDUCATION DEPARTMENT,6f4696c27e36040e,d14b29f2eda9c933,3,Sub Office,SCHOOL EDUCATION DEPARTMENT > DIRECTOR OF ELEMENTARY EDUCATION > BLOCK EDUCATIONAL OFFICE KOLIYANUR,rti_tamil_nadu
TN-749,b2026q3_02,TN-45cbfb87268c5d4c,Tamil Nadu,"DISTRICT ELEMENTARY EDUCATION OFFICE,MAYILADUTHURAI",rti_meta,en,portal,wave1-rti-information-v1,plain,RA3,SCHOOL EDUCATION DEPARTMENT | Sub Office,,,,,,,,,,,,,,"DISTRICT ELEMENTARY EDUCATION OFFICE,MAYILADUTHURAI",SCHOOL EDUCATION DEPARTMENT,45cbfb87268c5d4c,d14b29f2eda9c933,3,Sub Office,"SCHOOL EDUCATION DEPARTMENT > DIRECTOR OF ELEMENTARY EDUCATION > DISTRICT ELEMENTARY EDUCATION OFFICE,MAYILADUTHURAI",rti_tamil_nadu
TN-750,b2026q3_02,TN-1361e2c95072085a,Tamil Nadu,"DISTRICT ELEMENTARY EDUCATION OFFICE,RAMANATHAPURAM",rti_meta,en,portal,wave1-rti-information-v1,legal_salience,RA4,SCHOOL EDUCATION DEPARTMENT | Sub Office,,,,,,,,,,,,,,"DISTRICT ELEMENTARY EDUCATION OFFICE,RAMANATHAPURAM",SCHOOL EDUCATION DEPARTMENT,1361e2c95072085a,d14b29f2eda9c933,3,Sub Office,"SCHOOL EDUCATION DEPARTMENT > DIRECTOR OF ELEMENTARY EDUCATION > DISTRICT ELEMENTARY EDUCATION OFFICE,RAMANATHAPURAM",rti_tamil_nadu
TN-751,b2026q3_02,TN-e32fcb9692ad7a5a,Tamil Nadu,"AIDED HIGHER SECONDARY SCHOOL, MELNARIYAPPANUR",rti_meta,en,portal,wave1-rti-information-v1,plain,RA4,SCHOOL EDUCATION DEPARTMENT | Sub Office,,,,,,,,,,,,,,"AIDED HIGHER SECONDARY SCHOOL, MELNARIYAPPANUR",SCHOOL EDUCATION DEPARTMENT,e32fcb9692ad7a5a,788e7e5afcc146a9,4,Sub Office,"SCHOOL EDUCATION DEPARTMENT > DIRECTOR OF SCHOOL EDUCATION > CHIEF EDUCATIONAL OFFICE, KALLAKURICHI > AIDED HIGHER SECONDARY SCHOOL, MELNARIYAPPANUR",rti_tamil_nadu
TN-752,b2026q3_02,TN-28c0f06cd09622c0,Tamil Nadu,"AIDED HIGHER SECONDARY SCHOOL,VISHNUPURAM",rti_meta,en,portal,wave1-rti-information-v1,plain,RA4,SCHOOL EDUCATION DEPARTMENT | Sub Office,,,,,,,,,,,,,,"AIDED HIGHER SECONDARY SCHOOL,VISHNUPURAM",SCHOOL EDUCATION DEPARTMENT,28c0f06cd09622c0,4a8f0eea3194ed6e,4,Sub Office,"SCHOOL EDUCATION DEPARTMENT > DIRECTOR OF SCHOOL EDUCATION > CHIEF EDUCATIONAL OFFICE,THIRUVARUR > AIDED HIGHER SECONDARY SCHOOL,VISHNUPURAM",rti_tamil_nadu
TN-753,b2026q3_02,TN-191a4e69fa9720ba,Tamil Nadu,AMSI HIGH SCHOOL,rti_meta,en,portal,wave1-rti-information-v1,plain,RA2,SCHOOL EDUCATION DEPARTMENT | Sub Office,,,,,,,,,,,,,,AMSI HIGH SCHOOL,SCHOOL EDUCATION DEPARTMENT,191a4e69fa9720ba,ffebe93032508ca3,4,Sub Office,"SCHOOL EDUCATION DEPARTMENT > DIRECTOR OF SCHOOL EDUCATION > CHIEF EDUCATIONAL OFFICE, NAGERCOIL > AMSI HIGH SCHOOL",rti_tamil_nadu
TN-754,b2026q3_02,TN-74061918d7aa7214,Tamil Nadu,"ARIGNAR ANNA (AA) GOVERNMENT HIGHER SECONDARY SCHOOL, PACHAPERUMALPATTY",rti_meta,en,portal,wave1-rti-information-v1,legal_salience,RA1,SCHOOL EDUCATION DEPARTMENT | Sub Office,,,,,,,,,,,,,,"ARIGNAR ANNA (AA) GOVERNMENT HIGHER SECONDARY SCHOOL, PACHAPERUMALPATTY",SCHOOL EDUCATION DEPARTMENT,74061918d7aa7214,d7e043c50b8d1969,4,Sub Office,"SCHOOL EDUCATION DEPARTMENT > DIRECTOR OF SCHOOL EDUCATION > CHIEF EDUCATIONAL OFFICE, TIRUCHIRAPPALLI > ARIGNAR ANNA (AA) GOVERNMENT HIGHER SECONDARY SCHOOL, PACHAPERUMALPATTY",rti_tamil_nadu
TN-755,b2026q3_02,TN-9f96ba5d15cb3575,Tamil Nadu,"CORPORATION GIRLS HIGHER SECONDARY SCHOOL, R S PURAM WEST, COIMBATORE",rti_meta,en,portal,wave1-rti-information-v1,plain,RA2,SCHOOL EDUCATION DEPARTMENT | Sub Office,,,,,,,,,,,,,,"CORPORATION GIRLS HIGHER SECONDARY SCHOOL, R S PURAM WEST, COIMBATORE",SCHOOL EDUCATION DEPARTMENT,9f96ba5d15cb3575,232b8bb13654bb9f,4,Sub Office,"SCHOOL EDUCATION DEPARTMENT > DIRECTOR OF SCHOOL EDUCATION > CHIEF EDUCATION OFFICE COIMBATORE > CORPORATION GIRLS HIGHER SECONDARY SCHOOL, R S PURAM WEST, COIMBATORE",rti_tamil_nadu
TN-756,b2026q3_02,TN-2d4e0c2653fa8e08,Tamil Nadu,CSI - HIGH SCHOOL NONSUCH,rti_meta,en,portal,wave1-rti-information-v1,legal_salience,RA3,SCHOOL EDUCATION DEPARTMENT | Sub Office,,,,,,,,,,,,,,CSI - HIGH SCHOOL NONSUCH,SCHOOL EDUCATION DEPARTMENT,2d4e0c2653fa8e08,cad1fd4390df59ba,4,Sub Office,"SCHOOL EDUCATION DEPARTMENT > DIRECTOR OF SCHOOL EDUCATION > CHIEF EDUCATION OFFICE, THE NILGIRIS > CSI - HIGH SCHOOL NONSUCH",rti_tamil_nadu
TN-757,b2026q3_02,TN-042a0650b4ae3c63,Tamil Nadu,"GOVERNMENT BOYS HIGHER SECONDARY SCHOOL, KANNAMANGALAM",rti_meta,en,portal,wave1-rti-information-v1,legal_salience,RA2,SCHOOL EDUCATION DEPARTMENT | Sub Office,,,,,,,,,,,,,,"GOVERNMENT BOYS HIGHER SECONDARY SCHOOL, KANNAMANGALAM",SCHOOL EDUCATION DEPARTMENT,042a0650b4ae3c63,730b1fe00f6a68d6,4,Sub Office,"SCHOOL EDUCATION DEPARTMENT > DIRECTOR OF SCHOOL EDUCATION > CHIEF EDUCATION OFFICE, TIRUVANNAMALAI > GOVERNMENT BOYS HIGHER SECONDARY SCHOOL, KANNAMANGALAM",rti_tamil_nadu
TN-758,b2026q3_02,TN-fe00204452bbab64,Tamil Nadu,"GOVERNMENT GIRLS HIGHER SECONDARY SCHOOL, ACHARAPAKKAM",rti_meta,en,portal,wave1-rti-information-v1,plain,RA3,SCHOOL EDUCATION DEPARTMENT | Sub Office,,,,,,,,,,,,,,"GOVERNMENT GIRLS HIGHER SECONDARY SCHOOL, ACHARAPAKKAM",SCHOOL EDUCATION DEPARTMENT,fe00204452bbab64,0591086178d36f1d,4,Sub Office,"SCHOOL EDUCATION DEPARTMENT > DIRECTOR OF SCHOOL EDUCATION > CHIEF EDUCATIONAL OFFICE, CHENGALPATTU > GOVERNMENT GIRLS HIGHER SECONDARY SCHOOL, ACHARAPAKKAM",rti_tamil_nadu
TN-759,b2026q3_02,TN-8ed4b5bfc52953a5,Tamil Nadu,"GOVERNMENT GIRLS HIGHER SECONDARY SCHOOL, ANAICUT",rti_meta,en,portal,wave1-rti-information-v1,plain,RA4,SCHOOL EDUCATION DEPARTMENT | Sub Office,,,,,,,,,,,,,,"GOVERNMENT GIRLS HIGHER SECONDARY SCHOOL, ANAICUT",SCHOOL EDUCATION DEPARTMENT,8ed4b5bfc52953a5,fa1864c979b5131e,4,Sub Office,"SCHOOL EDUCATION DEPARTMENT > DIRECTOR OF SCHOOL EDUCATION > CHIEF EDUCATION OFFICE, VELLORE > GOVERNMENT GIRLS HIGHER SECONDARY SCHOOL, ANAICUT",rti_tamil_nadu
TN-760,b2026q3_02,TN-879dd71c29e74a90,Tamil Nadu,"GOVERNMENT GIRLS HIGHER SECONDARY SCHOOL, ODDANCHATRAM",rti_meta,en,portal,wave1-rti-information-v1,legal_salience,RA4,SCHOOL EDUCATION DEPARTMENT | Sub Office,,,,,,,,,,,,,,"GOVERNMENT GIRLS HIGHER SECONDARY SCHOOL, ODDANCHATRAM",SCHOOL EDUCATION DEPARTMENT,879dd71c29e74a90,f5a5830df97730eb,4,Sub Office,"SCHOOL EDUCATION DEPARTMENT > DIRECTOR OF SCHOOL EDUCATION > CHIEF EDUCATIONAL OFFICE, DINDIGUL > GOVERNMENT GIRLS HIGHER SECONDARY SCHOOL, ODDANCHATRAM",rti_tamil_nadu
TN-761,b2026q3_02,TN-2d22a88d658ea103,Tamil Nadu,"GOVERNMENT GIRLS HIGHER SECONDARY SCHOOL, VEDASANDUR",rti_meta,en,portal,wave1-rti-information-v1,plain,RA4,SCHOOL EDUCATION DEPARTMENT | Sub Office,,,,,,,,,,,,,,"GOVERNMENT GIRLS HIGHER SECONDARY SCHOOL, VEDASANDUR",SCHOOL EDUCATION DEPARTMENT,2d22a88d658ea103,f5a5830df97730eb,4,Sub Office,"SCHOOL EDUCATION DEPARTMENT > DIRECTOR OF SCHOOL EDUCATION > CHIEF EDUCATIONAL OFFICE, DINDIGUL > GOVERNMENT GIRLS HIGHER SECONDARY SCHOOL, VEDASANDUR",rti_tamil_nadu
TN-762,b2026q3_02,TN-8d8c42247d287475,Tamil Nadu,GOVERNMENT HIGH SCHOOL ACHANUR,rti_meta,en,portal,wave1-rti-information-v1,plain,RA2,SCHOOL EDUCATION DEPARTMENT | Sub Office,,,,,,,,,,,,,,GOVERNMENT HIGH SCHOOL ACHANUR,SCHOOL EDUCATION DEPARTMENT,8d8c42247d287475,5a54e6f50be0d818,4,Sub Office,SCHOOL EDUCATION DEPARTMENT > DIRECTOR OF SCHOOL EDUCATION > THE CHIEF EDUCATIONAL OFFICER - THANJAVUR > GOVERNMENT HIGH SCHOOL ACHANUR,rti_tamil_nadu
TN-763,b2026q3_02,TN-7301feaab6b524a5,Tamil Nadu,GOVERNMENT HIGH SCHOOL KONGARAPATTU,rti_meta,en,portal,wave1-rti-information-v1,plain,RA2,SCHOOL EDUCATION DEPARTMENT | Sub Office,,,,,,,,,,,,,,GOVERNMENT HIGH SCHOOL KONGARAPATTU,SCHOOL EDUCATION DEPARTMENT,7301feaab6b524a5,3ad0484ac95cf8db,4,Sub Office,"SCHOOL EDUCATION DEPARTMENT > DIRECTOR OF SCHOOL EDUCATION > CHIEF EDUCATIONAL OFFICE, VILLUPURAM > GOVERNMENT HIGH SCHOOL KONGARAPATTU",rti_tamil_nadu
TN-764,b2026q3_02,TN-4440c25e676b09df,Tamil Nadu,GOVERNMENT HIGH SCHOOL PANDURANGANDODDI,rti_meta,en,portal,wave1-rti-information-v1,legal_salience,RA3,SCHOOL EDUCATION DEPARTMENT | Sub Office,,,,,,,,,,,,,,GOVERNMENT HIGH SCHOOL PANDURANGANDODDI,SCHOOL EDUCATION DEPARTMENT,4440c25e676b09df,2970b6119c961eb4,4,Sub Office,"SCHOOL EDUCATION DEPARTMENT > DIRECTOR OF SCHOOL EDUCATION > CHIEF EDUCATION OFFICE, KRISHNAGIRI > GOVERNMENT HIGH SCHOOL PANDURANGANDODDI",rti_tamil_nadu
TN-765,b2026q3_02,TN-022714e2787f245a,Tamil Nadu,GOVERNMENT HIGH SCHOOL PERIYASEVALAI,rti_meta,en,portal,wave1-rti-information-v1,plain,RA4,SCHOOL EDUCATION DEPARTMENT | Sub Office,,,,,,,,,,,,,,GOVERNMENT HIGH SCHOOL PERIYASEVALAI,SCHOOL EDUCATION DEPARTMENT,022714e2787f245a,3ad0484ac95cf8db,4,Sub Office,"SCHOOL EDUCATION DEPARTMENT > DIRECTOR OF SCHOOL EDUCATION > CHIEF EDUCATIONAL OFFICE, VILLUPURAM > GOVERNMENT HIGH SCHOOL PERIYASEVALAI",rti_tamil_nadu
TN-766,b2026q3_02,TN-1b3a335f50fe7889,Tamil Nadu,GOVERNMENT HIGH SCHOOL PUDUKKADU GANDHINAGAR,rti_meta,en,portal,wave1-rti-information-v1,plain,RA1,SCHOOL EDUCATION DEPARTMENT | Sub Office,,,,,,,,,,,,,,GOVERNMENT HIGH SCHOOL PUDUKKADU GANDHINAGAR,SCHOOL EDUCATION DEPARTMENT,1b3a335f50fe7889,75ec6d6dc6d72249,4,Sub Office,"SCHOOL EDUCATION DEPARTMENT > DIRECTOR OF SCHOOL EDUCATION > CHIEF EDUCATIONAL OFFICE,ERODE > GOVERNMENT HIGH SCHOOL PUDUKKADU GANDHINAGAR",rti_tamil_nadu
TN-767,b2026q3_02,TN-4c67ea6bd1b34e68,Tamil Nadu,GOVERNMENT HIGH SCHOOL SENNAKUNAM,rti_meta,en,portal,wave1-rti-information-v1,plain,RA1,SCHOOL EDUCATION DEPARTMENT | Sub Office,,,,,,,,,,,,,,GOVERNMENT HIGH SCHOOL SENNAKUNAM,SCHOOL EDUCATION DEPARTMENT,4c67ea6bd1b34e68,3ad0484ac95cf8db,4,Sub Office,"SCHOOL EDUCATION DEPARTMENT > DIRECTOR OF SCHOOL EDUCATION > CHIEF EDUCATIONAL OFFICE, VILLUPURAM > GOVERNMENT HIGH SCHOOL SENNAKUNAM",rti_tamil_nadu
TN-768,b2026q3_02,TN-7d93798187bd9e73,Tamil Nadu,GOVERNMENT HIGH SCHOOL VALLAM,rti_meta,en,portal,wave1-rti-information-v1,plain,RA3,SCHOOL EDUCATION DEPARTMENT | Sub Office,,,,,,,,,,,,,,GOVERNMENT HIGH SCHOOL VALLAM,SCHOOL EDUCATION DEPARTMENT,7d93798187bd9e73,3ad0484ac95cf8db,4,Sub Office,"SCHOOL EDUCATION DEPARTMENT > DIRECTOR OF SCHOOL EDUCATION > CHIEF EDUCATIONAL OFFICE, VILLUPURAM > GOVERNMENT HIGH SCHOOL VALLAM",rti_tamil_nadu
TN-769,b2026q3_02,TN-749355f69af5ea43,Tamil Nadu,GOVERNMENT HIGH SCHOOL VARAPPUR.,rti_meta,en,portal,wave1-rti-information-v1,legal_salience,RA1,SCHOOL EDUCATION DEPARTMENT | Sub Office,,,,,,,,,,,,,,GOVERNMENT HIGH SCHOOL VARAPPUR.,SCHOOL EDUCATION DEPARTMENT,749355f69af5ea43,3beb24362bf7a96d,4,Sub Office,"SCHOOL EDUCATION DEPARTMENT > DIRECTOR OF SCHOOL EDUCATION > CHIEF EDUCATION OFFICE, PUDUKKOTTAI > GOVERNMENT HIGH SCHOOL VARAPPUR.",rti_tamil_nadu
TN-770,b2026q3_02,TN-d0549fadcc908aa1,Tamil Nadu,"GOVERNMENT HIGH SCHOOL, AMBALAVANANPETTAI",rti_meta,en,portal,wave1-rti-information-v1,plain,RA3,SCHOOL EDUCATION DEPARTMENT | Sub Office,,,,,,,,,,,,,,"GOVERNMENT HIGH SCHOOL, AMBALAVANANPETTAI",SCHOOL EDUCATION DEPARTMENT,d0549fadcc908aa1,dd3e88c96eb67612,4,Sub Office,"SCHOOL EDUCATION DEPARTMENT > DIRECTOR OF SCHOOL EDUCATION > CHIEF EDUCATIONAL OFFICER, CUDDALORE > GOVERNMENT HIGH SCHOOL, AMBALAVANANPETTAI",rti_tamil_nadu
TN-771,b2026q3_02,TN-df6e04b2e5444d51,Tamil Nadu,"GOVERNMENT HIGH SCHOOL, GULLAPURAM",rti_meta,en,portal,wave1-rti-information-v1,plain,RA3,SCHOOL EDUCATION DEPARTMENT | Sub Office,,,,,,,,,,,,,,"GOVERNMENT HIGH SCHOOL, GULLAPURAM",SCHOOL EDUCATION DEPARTMENT,df6e04b2e5444d51,8613e2a7f367be5f,4,Sub Office,"SCHOOL EDUCATION DEPARTMENT > DIRECTOR OF SCHOOL EDUCATION > CHIEF EDUCATIONAL OFFICE, THENI-625531 > GOVERNMENT HIGH SCHOOL, GULLAPURAM",rti_tamil_nadu
TN-772,b2026q3_02,TN-3d4e0052ee25a281,Tamil Nadu,"GOVERNMENT HIGH SCHOOL, MELANALLUR",rti_meta,en,portal,wave1-rti-information-v1,plain,RA3,SCHOOL EDUCATION DEPARTMENT | Sub Office,,,,,,,,,,,,,,"GOVERNMENT HIGH SCHOOL, MELANALLUR",SCHOOL EDUCATION DEPARTMENT,3d4e0052ee25a281,356993209f9f0733,4,Sub Office,"SCHOOL EDUCATION DEPARTMENT > DIRECTOR OF SCHOOL EDUCATION > CHIEF EDUCATION OFFICE, MAYILADUTHURAI > GOVERNMENT HIGH SCHOOL, MELANALLUR",rti_tamil_nadu
TN-773,b2026q3_02,TN-daf3e14c63087186,Tamil Nadu,"GOVERNMENT HIGH SCHOOL, MELKUMARAMANGALAM",rti_meta,en,portal,wave1-rti-information-v1,legal_salience,RA2,SCHOOL EDUCATION DEPARTMENT | Sub Office,,,,,,,,,,,,,,"GOVERNMENT HIGH SCHOOL, MELKUMARAMANGALAM",SCHOOL EDUCATION DEPARTMENT,daf3e14c63087186,dd3e88c96eb67612,4,Sub Office,"SCHOOL EDUCATION DEPARTMENT > DIRECTOR OF SCHOOL EDUCATION > CHIEF EDUCATIONAL OFFICER, CUDDALORE > GOVERNMENT HIGH SCHOOL, MELKUMARAMANGALAM",rti_tamil_nadu
TN-774,b2026q3_02,TN-3440345bd6eb4465,Tamil Nadu,"GOVERNMENT HIGH SCHOOL, NALLANKULAM",rti_meta,en,portal,wave1-rti-information-v1,plain,RA4,SCHOOL EDUCATION DEPARTMENT | Sub Office,,,,,,,,,,,,,,"GOVERNMENT HIGH SCHOOL, NALLANKULAM",SCHOOL EDUCATION DEPARTMENT,3440345bd6eb4465,2afa46e0da85c018,4,Sub Office,"SCHOOL EDUCATION DEPARTMENT > DIRECTOR OF SCHOOL EDUCATION > CHIEF EDUCATIONAL OFFICE, COLLECTORATE CAMPUS, VIRUDHUNAGAR > GOVERNMENT HIGH SCHOOL, NALLANKULAM",rti_tamil_nadu
TN-775,b2026q3_02,TN-5fcbe17f380c28ad,Tamil Nadu,"GOVERNMENT HIGH SCHOOL, ONAMBAKKAM",rti_meta,en,portal,wave1-rti-information-v1,plain,RA3,SCHOOL EDUCATION DEPARTMENT | Sub Office,,,,,,,,,,,,,,"GOVERNMENT HIGH SCHOOL, ONAMBAKKAM",SCHOOL EDUCATION DEPARTMENT,5fcbe17f380c28ad,0591086178d36f1d,4,Sub Office,"SCHOOL EDUCATION DEPARTMENT > DIRECTOR OF SCHOOL EDUCATION > CHIEF EDUCATIONAL OFFICE, CHENGALPATTU > GOVERNMENT HIGH SCHOOL, ONAMBAKKAM",rti_tamil_nadu
TN-776,b2026q3_02,TN-d3a46228a6ae4483,Tamil Nadu,"GOVERNMENT HIGH SCHOOL, THIPPIREDDIHALLI",rti_meta,en,portal,wave1-rti-information-v1,plain,RA2,SCHOOL EDUCATION DEPARTMENT | Sub Office,,,,,,,,,,,,,,"GOVERNMENT HIGH SCHOOL, THIPPIREDDIHALLI",SCHOOL EDUCATION DEPARTMENT,d3a46228a6ae4483,174ac08d29d8df97,4,Sub Office,"SCHOOL EDUCATION DEPARTMENT > DIRECTOR OF SCHOOL EDUCATION > CHIEF EDUCATION OFFICE, DHARMAPURI > GOVERNMENT HIGH SCHOOL, THIPPIREDDIHALLI",rti_tamil_nadu
TN-777,b2026q3_02,TN-50152e0d6853478b,Tamil Nadu,"GOVERNMENT HIGH SCHOOL, THIRUKANDALAM",rti_meta,en,portal,wave1-rti-information-v1,plain,RA1,SCHOOL EDUCATION DEPARTMENT | Sub Office,,,,,,,,,,,,,,"GOVERNMENT HIGH SCHOOL, THIRUKANDALAM",SCHOOL EDUCATION DEPARTMENT,50152e0d6853478b,3c446cf4d7b51ab2,4,Sub Office,"SCHOOL EDUCATION DEPARTMENT > DIRECTOR OF SCHOOL EDUCATION > CHIEF EDUCATIONAL OFFICE, THIRUVALLUR > GOVERNMENT HIGH SCHOOL, THIRUKANDALAM",rti_tamil_nadu
TN-778,b2026q3_02,TN-25c7038432c34328,Tamil Nadu,"GOVERNMENT HIGH SCHOOL, THIRUVANDHIPURAM",rti_meta,en,portal,wave1-rti-information-v1,plain,RA4,SCHOOL EDUCATION DEPARTMENT | Sub Office,,,,,,,,,,,,,,"GOVERNMENT HIGH SCHOOL, THIRUVANDHIPURAM",SCHOOL EDUCATION DEPARTMENT,25c7038432c34328,dd3e88c96eb67612,4,Sub Office,"SCHOOL EDUCATION DEPARTMENT > DIRECTOR OF SCHOOL EDUCATION > CHIEF EDUCATIONAL OFFICER, CUDDALORE > GOVERNMENT HIGH SCHOOL, THIRUVANDHIPURAM",rti_tamil_nadu
TN-779,b2026q3_02,TN-d85868b215b7476b,Tamil Nadu,"GOVERNMENT HIGH SCHOOL, VADAKKUTHITTAI",rti_meta,en,portal,wave1-rti-information-v1,plain,RA1,SCHOOL EDUCATION DEPARTMENT | Sub Office,,,,,,,,,,,,,,"GOVERNMENT HIGH SCHOOL, VADAKKUTHITTAI",SCHOOL EDUCATION DEPARTMENT,d85868b215b7476b,dd3e88c96eb67612,4,Sub Office,"SCHOOL EDUCATION DEPARTMENT > DIRECTOR OF SCHOOL EDUCATION > CHIEF EDUCATIONAL OFFICER, CUDDALORE > GOVERNMENT HIGH SCHOOL, VADAKKUTHITTAI",rti_tamil_nadu
TN-780,b2026q3_02,TN-a572cec344cf0980,Tamil Nadu,"GOVERNMENT HIGH SCHOOL, VALASAIPATTI",rti_meta,en,portal,wave1-rti-information-v1,legal_salience,RA1,SCHOOL EDUCATION DEPARTMENT | Sub Office,,,,,,,,,,,,,,"GOVERNMENT HIGH SCHOOL, VALASAIPATTI",SCHOOL EDUCATION DEPARTMENT,a572cec344cf0980,1e84419f994c607d,4,Sub Office,"SCHOOL EDUCATION DEPARTMENT > DIRECTOR OF SCHOOL EDUCATION > CHIEF EDUCATIONAL OFFICE, SIVAGANGAI > GOVERNMENT HIGH SCHOOL, VALASAIPATTI",rti_tamil_nadu
TN-781,b2026q3_02,TN-8962a5e328627d95,Tamil Nadu,"GOVERNMENT HIGH SCHOOL, VANAVAREDDY",rti_meta,en,portal,wave1-rti-information-v1,plain,RA2,SCHOOL EDUCATION DEPARTMENT | Sub Office,,,,,,,,,,,,,,"GOVERNMENT HIGH SCHOOL, VANAVAREDDY",SCHOOL EDUCATION DEPARTMENT,8962a5e328627d95,788e7e5afcc146a9,4,Sub Office,"SCHOOL EDUCATION DEPARTMENT > DIRECTOR OF SCHOOL EDUCATION > CHIEF EDUCATIONAL OFFICE, KALLAKURICHI > GOVERNMENT HIGH SCHOOL, VANAVAREDDY",rti_tamil_nadu
TN-782,b2026q3_02,TN-83a52f620bf9a373,Tamil Nadu,"GOVERNMENT HIGH SCHOOL, VARIYOOR",rti_meta,en,portal,wave1-rti-information-v1,plain,RA4,SCHOOL EDUCATION DEPARTMENT | Sub Office,,,,,,,,,,,,,,"GOVERNMENT HIGH SCHOOL, VARIYOOR",SCHOOL EDUCATION DEPARTMENT,83a52f620bf9a373,ffebe93032508ca3,4,Sub Office,"SCHOOL EDUCATION DEPARTMENT > DIRECTOR OF SCHOOL EDUCATION > CHIEF EDUCATIONAL OFFICE, NAGERCOIL > GOVERNMENT HIGH SCHOOL, VARIYOOR",rti_tamil_nadu
TN-783,b2026q3_02,TN-62064b2f7b71b8d1,Tamil Nadu,"GOVERNMENT HIGH SCHOOL, VASIGOUNDANOOR",rti_meta,en,portal,wave1-rti-information-v1,plain,RA2,SCHOOL EDUCATION DEPARTMENT | Sub Office,,,,,,,,,,,,,,"GOVERNMENT HIGH SCHOOL, VASIGOUNDANOOR",SCHOOL EDUCATION DEPARTMENT,62064b2f7b71b8d1,174ac08d29d8df97,4,Sub Office,"SCHOOL EDUCATION DEPARTMENT > DIRECTOR OF SCHOOL EDUCATION > CHIEF EDUCATION OFFICE, DHARMAPURI > GOVERNMENT HIGH SCHOOL, VASIGOUNDANOOR",rti_tamil_nadu
TN-784,b2026q3_02,TN-02335ec1c66d4e91,Tamil Nadu,"GOVERNMENT HIGH SCHOOL, VETTUKKULAM",rti_meta,en,portal,wave1-rti-information-v1,plain,RA1,SCHOOL EDUCATION DEPARTMENT | Sub Office,,,,,,,,,,,,,,"GOVERNMENT HIGH SCHOOL, VETTUKKULAM",SCHOOL EDUCATION DEPARTMENT,02335ec1c66d4e91,680702e96caf5634,4,Sub Office,"SCHOOL EDUCATION DEPARTMENT > DIRECTOR OF SCHOOL EDUCATION > CHIEF EDUUCATIONAL OFFICE, RAMANATHAPURAM > GOVERNMENT HIGH SCHOOL, VETTUKKULAM",rti_tamil_nadu
TN-785,b2026q3_02,TN-d5b3b404b2b04aa3,Tamil Nadu,"GOVERNMENT HIGH SCHOOL, VILLIWAKKAM",rti_meta,en,portal,wave1-rti-information-v1,plain,RA3,SCHOOL EDUCATION DEPARTMENT | Sub Office,,,,,,,,,,,,,,"GOVERNMENT HIGH SCHOOL, VILLIWAKKAM",SCHOOL EDUCATION DEPARTMENT,d5b3b404b2b04aa3,bb2fb21546c361ee,4,Sub Office,"SCHOOL EDUCATION DEPARTMENT > DIRECTOR OF SCHOOL EDUCATION > CHIEF EDUCATIONAL OFFICE, EGMORE, CHENNAI > GOVERNMENT HIGH SCHOOL, VILLIWAKKAM",rti_tamil_nadu
TN-786,b2026q3_02,TN-1161cd05bf5739b3,Tamil Nadu,"GOVERNMENT HIGH SCHOOL,SEETHAKKAMANGALAM",rti_meta,en,portal,wave1-rti-information-v1,legal_salience,RA2,SCHOOL EDUCATION DEPARTMENT | Sub Office,,,,,,,,,,,,,,"GOVERNMENT HIGH SCHOOL,SEETHAKKAMANGALAM",SCHOOL EDUCATION DEPARTMENT,1161cd05bf5739b3,4a8f0eea3194ed6e,4,Sub Office,"SCHOOL EDUCATION DEPARTMENT > DIRECTOR OF SCHOOL EDUCATION > CHIEF EDUCATIONAL OFFICE,THIRUVARUR > GOVERNMENT HIGH SCHOOL,SEETHAKKAMANGALAM",rti_tamil_nadu
TN-787,b2026q3_02,TN-38f3e8f6cdc4f09e,Tamil Nadu,GOVERNMENT HIGHER SECONDARY SCHOOL -PERUMAGALUR,rti_meta,en,portal,wave1-rti-information-v1,legal_salience,RA1,SCHOOL EDUCATION DEPARTMENT | Sub Office,,,,,,,,,,,,,,GOVERNMENT HIGHER SECONDARY SCHOOL -PERUMAGALUR,SCHOOL EDUCATION DEPARTMENT,38f3e8f6cdc4f09e,5a54e6f50be0d818,4,Sub Office,SCHOOL EDUCATION DEPARTMENT > DIRECTOR OF SCHOOL EDUCATION > THE CHIEF EDUCATIONAL OFFICER - THANJAVUR > GOVERNMENT HIGHER SECONDARY SCHOOL -PERUMAGALUR,rti_tamil_nadu
TN-788,b2026q3_02,TN-30d7a9f1faf03a39,Tamil Nadu,GOVERNMENT HIGHER SECONDARY SCHOOL ATHIYURTHIRUKKAI,rti_meta,en,portal,wave1-rti-information-v1,plain,RA1,SCHOOL EDUCATION DEPARTMENT | Sub Office,,,,,,,,,,,,,,GOVERNMENT HIGHER SECONDARY SCHOOL ATHIYURTHIRUKKAI,SCHOOL EDUCATION DEPARTMENT,30d7a9f1faf03a39,3ad0484ac95cf8db,4,Sub Office,"SCHOOL EDUCATION DEPARTMENT > DIRECTOR OF SCHOOL EDUCATION > CHIEF EDUCATIONAL OFFICE, VILLUPURAM > GOVERNMENT HIGHER SECONDARY SCHOOL ATHIYURTHIRUKKAI",rti_tamil_nadu
TN-789,b2026q3_02,TN-5508c1cee2071812,Tamil Nadu,GOVERNMENT HIGHER SECONDARY SCHOOL ILLUPPUR,rti_meta,en,portal,wave1-rti-information-v1,plain,RA1,SCHOOL EDUCATION DEPARTMENT | Sub Office,,,,,,,,,,,,,,GOVERNMENT HIGHER SECONDARY SCHOOL ILLUPPUR,SCHOOL EDUCATION DEPARTMENT,5508c1cee2071812,3beb24362bf7a96d,4,Sub Office,"SCHOOL EDUCATION DEPARTMENT > DIRECTOR OF SCHOOL EDUCATION > CHIEF EDUCATION OFFICE, PUDUKKOTTAI > GOVERNMENT HIGHER SECONDARY SCHOOL ILLUPPUR",rti_tamil_nadu
TN-790,b2026q3_02,TN-6401736b463347de,Tamil Nadu,GOVERNMENT HIGHER SECONDARY SCHOOL M.N.PATTI,rti_meta,en,portal,wave1-rti-information-v1,plain,RA2,SCHOOL EDUCATION DEPARTMENT | Sub Office,,,,,,,,,,,,,,GOVERNMENT HIGHER SECONDARY SCHOOL M.N.PATTI,SCHOOL EDUCATION DEPARTMENT,6401736b463347de,4f031e0847648d39,4,Sub Office,"SCHOOL EDUCATION DEPARTMENT > DIRECTOR OF SCHOOL EDUCATION > CHIEF EDUCATIONAL OFFICE, SALEM > GOVERNMENT HIGHER SECONDARY SCHOOL M.N.PATTI",rti_tamil_nadu
TN-791,b2026q3_02,TN-1600689d9a19a3ba,Tamil Nadu,GOVERNMENT HIGHER SECONDARY SCHOOL MANALI,rti_meta,en,portal,wave1-rti-information-v1,plain,RA2,SCHOOL EDUCATION DEPARTMENT | Sub Office,,,,,,,,,,,,,,GOVERNMENT HIGHER SECONDARY SCHOOL MANALI,SCHOOL EDUCATION DEPARTMENT,1600689d9a19a3ba,bb2fb21546c361ee,4,Sub Office,"SCHOOL EDUCATION DEPARTMENT > DIRECTOR OF SCHOOL EDUCATION > CHIEF EDUCATIONAL OFFICE, EGMORE, CHENNAI > GOVERNMENT HIGHER SECONDARY SCHOOL MANALI",rti_tamil_nadu
TN-792,b2026q3_02,TN-cc419a235c631f68,Tamil Nadu,GOVERNMENT HIGHER SECONDARY SCHOOL PALAYANOOR,rti_meta,en,portal,wave1-rti-information-v1,plain,RA4,SCHOOL EDUCATION DEPARTMENT | Sub Office,,,,,,,,,,,,,,GOVERNMENT HIGHER SECONDARY SCHOOL PALAYANOOR,SCHOOL EDUCATION DEPARTMENT,cc419a235c631f68,1e84419f994c607d,4,Sub Office,"SCHOOL EDUCATION DEPARTMENT > DIRECTOR OF SCHOOL EDUCATION > CHIEF EDUCATIONAL OFFICE, SIVAGANGAI > GOVERNMENT HIGHER SECONDARY SCHOOL PALAYANOOR",rti_tamil_nadu
TN-793,b2026q3_02,TN-04064c1f9fbc3308,Tamil Nadu,GOVERNMENT HIGHER SECONDARY SCHOOL SANGEETHAMANGALAM,rti_meta,en,portal,wave1-rti-information-v1,legal_salience,RA2,SCHOOL EDUCATION DEPARTMENT | Sub Office,,,,,,,,,,,,,,GOVERNMENT HIGHER SECONDARY SCHOOL SANGEETHAMANGALAM,SCHOOL EDUCATION DEPARTMENT,04064c1f9fbc3308,3ad0484ac95cf8db,4,Sub Office,"SCHOOL EDUCATION DEPARTMENT > DIRECTOR OF SCHOOL EDUCATION > CHIEF EDUCATIONAL OFFICE, VILLUPURAM > GOVERNMENT HIGHER SECONDARY SCHOOL SANGEETHAMANGALAM",rti_tamil_nadu
TN-794,b2026q3_02,TN-1111267b197f423b,Tamil Nadu,GOVERNMENT HIGHER SECONDARY SCHOOL VELLALAPATTI,rti_meta,en,portal,wave1-rti-information-v1,legal_salience,RA1,SCHOOL EDUCATION DEPARTMENT | Sub Office,,,,,,,,,,,,,,GOVERNMENT HIGHER SECONDARY SCHOOL VELLALAPATTI,SCHOOL EDUCATION DEPARTMENT,1111267b197f423b,4f031e0847648d39,4,Sub Office,"SCHOOL EDUCATION DEPARTMENT > DIRECTOR OF SCHOOL EDUCATION > CHIEF EDUCATIONAL OFFICE, SALEM > GOVERNMENT HIGHER SECONDARY SCHOOL VELLALAPATTI",rti_tamil_nadu
TN-795,b2026q3_02,TN-7fac5ccd429e2347,Tamil Nadu,GOVERNMENT HIGHER SECONDARY SCHOOL(B)CHATRAPATTI,rti_meta,en,portal,wave1-rti-information-v1,plain,RA1,SCHOOL EDUCATION DEPARTMENT | Sub Office,,,,,,,,,,,,,,GOVERNMENT HIGHER SECONDARY SCHOOL(B)CHATRAPATTI,SCHOOL EDUCATION DEPARTMENT,7fac5ccd429e2347,2afa46e0da85c018,4,Sub Office,"SCHOOL EDUCATION DEPARTMENT > DIRECTOR OF SCHOOL EDUCATION > CHIEF EDUCATIONAL OFFICE, COLLECTORATE CAMPUS, VIRUDHUNAGAR > GOVERNMENT HIGHER SECONDARY SCHOOL(B)CHATRAPATTI",rti_tamil_nadu
TN-796,b2026q3_02,TN-f8f7d03abf66d2f4,Tamil Nadu,"GOVERNMENT HIGHER SECONDARY SCHOOL, ALAGIYANALLUR",rti_meta,en,portal,wave1-rti-information-v1,plain,RA4,SCHOOL EDUCATION DEPARTMENT | Sub Office,,,,,,,,,,,,,,"GOVERNMENT HIGHER SECONDARY SCHOOL, ALAGIYANALLUR",SCHOOL EDUCATION DEPARTMENT,f8f7d03abf66d2f4,2afa46e0da85c018,4,Sub Office,"SCHOOL EDUCATION DEPARTMENT > DIRECTOR OF SCHOOL EDUCATION > CHIEF EDUCATIONAL OFFICE, COLLECTORATE CAMPUS, VIRUDHUNAGAR > GOVERNMENT HIGHER SECONDARY SCHOOL, ALAGIYANALLUR",rti_tamil_nadu
TN-797,b2026q3_02,TN-4eae74430539a05b,Tamil Nadu,"GOVERNMENT HIGHER SECONDARY SCHOOL, ALANGANOOR",rti_meta,en,portal,wave1-rti-information-v1,plain,RA3,SCHOOL EDUCATION DEPARTMENT | Sub Office,,,,,,,,,,,,,,"GOVERNMENT HIGHER SECONDARY SCHOOL, ALANGANOOR",SCHOOL EDUCATION DEPARTMENT,4eae74430539a05b,680702e96caf5634,4,Sub Office,"SCHOOL EDUCATION DEPARTMENT > DIRECTOR OF SCHOOL EDUCATION > CHIEF EDUUCATIONAL OFFICE, RAMANATHAPURAM > GOVERNMENT HIGHER SECONDARY SCHOOL, ALANGANOOR",rti_tamil_nadu
TN-798,b2026q3_02,TN-9e82016402fbba07,Tamil Nadu,"GOVERNMENT HIGHER SECONDARY SCHOOL, ATHANI",rti_meta,en,portal,wave1-rti-information-v1,plain,RA2,SCHOOL EDUCATION DEPARTMENT | Sub Office,,,,,,,,,,,,,,"GOVERNMENT HIGHER SECONDARY SCHOOL, ATHANI",SCHOOL EDUCATION DEPARTMENT,9e82016402fbba07,75ec6d6dc6d72249,4,Sub Office,"SCHOOL EDUCATION DEPARTMENT > DIRECTOR OF SCHOOL EDUCATION > CHIEF EDUCATIONAL OFFICE,ERODE > GOVERNMENT HIGHER SECONDARY SCHOOL, ATHANI",rti_tamil_nadu
TN-799,b2026q3_02,TN-9e13aa70a06b548d,Tamil Nadu,"GOVERNMENT HIGHER SECONDARY SCHOOL, ATTAKATTI",rti_meta,en,portal,wave1-rti-information-v1,plain,RA4,SCHOOL EDUCATION DEPARTMENT | Sub Office,,,,,,,,,,,,,,"GOVERNMENT HIGHER SECONDARY SCHOOL, ATTAKATTI",SCHOOL EDUCATION DEPARTMENT,9e13aa70a06b548d,232b8bb13654bb9f,4,Sub Office,"SCHOOL EDUCATION DEPARTMENT > DIRECTOR OF SCHOOL EDUCATION > CHIEF EDUCATION OFFICE COIMBATORE > GOVERNMENT HIGHER SECONDARY SCHOOL, ATTAKATTI",rti_tamil_nadu
TN-800,b2026q3_02,TN-11de550b6801aa18,Tamil Nadu,"GOVERNMENT HIGHER SECONDARY SCHOOL, DHARMAPURI ( FOR THE HEARING IMPAIRED)",rti_meta,en,portal,wave1-rti-information-v1,plain,RA2,SCHOOL EDUCATION DEPARTMENT | Sub Office,,,,,,,,,,,,,,"GOVERNMENT HIGHER SECONDARY SCHOOL, DHARMAPURI ( FOR THE HEARING IMPAIRED)",SCHOOL EDUCATION DEPARTMENT,11de550b6801aa18,174ac08d29d8df97,4,Sub Office,"SCHOOL EDUCATION DEPARTMENT > DIRECTOR OF SCHOOL EDUCATION > CHIEF EDUCATION OFFICE, DHARMAPURI > GOVERNMENT HIGHER SECONDARY SCHOOL, DHARMAPURI ( FOR THE HEARING IMPAIRED)",rti_tamil_nadu
TN-801,b2026q3_02,TN-fa8f37cf7643c58b,Tamil Nadu,"GOVERNMENT HIGHER SECONDARY SCHOOL, IDUMBAVANAM",rti_meta,en,portal,wave1-rti-information-v1,legal_salience,RA3,SCHOOL EDUCATION DEPARTMENT | Sub Office,,,,,,,,,,,,,,"GOVERNMENT HIGHER SECONDARY SCHOOL, IDUMBAVANAM",SCHOOL EDUCATION DEPARTMENT,fa8f37cf7643c58b,4a8f0eea3194ed6e,4,Sub Office,"SCHOOL EDUCATION DEPARTMENT > DIRECTOR OF SCHOOL EDUCATION > CHIEF EDUCATIONAL OFFICE,THIRUVARUR > GOVERNMENT HIGHER SECONDARY SCHOOL, IDUMBAVANAM",rti_tamil_nadu
TN-802,b2026q3_02,TN-f5b39844313fe33c,Tamil Nadu,"GOVERNMENT HIGHER SECONDARY SCHOOL, JAKKASAMUDRAM",rti_meta,en,portal,wave1-rti-information-v1,legal_salience,RA1,SCHOOL EDUCATION DEPARTMENT | Sub Office,,,,,,,,,,,,,,"GOVERNMENT HIGHER SECONDARY SCHOOL, JAKKASAMUDRAM",SCHOOL EDUCATION DEPARTMENT,f5b39844313fe33c,174ac08d29d8df97,4,Sub Office,"SCHOOL EDUCATION DEPARTMENT > DIRECTOR OF SCHOOL EDUCATION > CHIEF EDUCATION OFFICE, DHARMAPURI > GOVERNMENT HIGHER SECONDARY SCHOOL, JAKKASAMUDRAM",rti_tamil_nadu
TN-803,b2026q3_02,TN-8c407dc49dbb59d4,Tamil Nadu,"GOVERNMENT HIGHER SECONDARY SCHOOL, KANDIGAI",rti_meta,en,portal,wave1-rti-information-v1,plain,RA3,SCHOOL EDUCATION DEPARTMENT | Sub Office,,,,,,,,,,,,,,"GOVERNMENT HIGHER SECONDARY SCHOOL, KANDIGAI",SCHOOL EDUCATION DEPARTMENT,8c407dc49dbb59d4,0591086178d36f1d,4,Sub Office,"SCHOOL EDUCATION DEPARTMENT > DIRECTOR OF SCHOOL EDUCATION > CHIEF EDUCATIONAL OFFICE, CHENGALPATTU > GOVERNMENT HIGHER SECONDARY SCHOOL, KANDIGAI",rti_tamil_nadu
TN-804,b2026q3_02,TN-0ec49f61ea060dab,Tamil Nadu,"GOVERNMENT HIGHER SECONDARY SCHOOL, KANIYALAMPATTI",rti_meta,en,portal,wave1-rti-information-v1,plain,RA2,SCHOOL EDUCATION DEPARTMENT | Sub Office,,,,,,,,,,,,,,"GOVERNMENT HIGHER SECONDARY SCHOOL, KANIYALAMPATTI",SCHOOL EDUCATION DEPARTMENT,0ec49f61ea060dab,d5a631c0b5c70f35,4,Sub Office,"SCHOOL EDUCATION DEPARTMENT > DIRECTOR OF SCHOOL EDUCATION > CHIEF EDUCATIONAL OFFICE, KARUR > GOVERNMENT HIGHER SECONDARY SCHOOL, KANIYALAMPATTI",rti_tamil_nadu
TN-805,b2026q3_02,TN-701242e82ee82be1,Tamil Nadu,"GOVERNMENT HIGHER SECONDARY SCHOOL, KASIPALAYAM (GOBI)",rti_meta,en,portal,wave1-rti-information-v1,plain,RA1,SCHOOL EDUCATION DEPARTMENT | Sub Office,,,,,,,,,,,,,,"GOVERNMENT HIGHER SECONDARY SCHOOL, KASIPALAYAM (GOBI)",SCHOOL EDUCATION DEPARTMENT,701242e82ee82be1,75ec6d6dc6d72249,4,Sub Office,"SCHOOL EDUCATION DEPARTMENT > DIRECTOR OF SCHOOL EDUCATION > CHIEF EDUCATIONAL OFFICE,ERODE > GOVERNMENT HIGHER SECONDARY SCHOOL, KASIPALAYAM (GOBI)",rti_tamil_nadu
TN-806,b2026q3_02,TN-75ea0baae174f9b0,Tamil Nadu,"GOVERNMENT HIGHER SECONDARY SCHOOL, KOSUKURICHI",rti_meta,en,portal,wave1-rti-information-v1,plain,RA4,SCHOOL EDUCATION DEPARTMENT | Sub Office,,,,,,,,,,,,,,"GOVERNMENT HIGHER SECONDARY SCHOOL, KOSUKURICHI",SCHOOL EDUCATION DEPARTMENT,75ea0baae174f9b0,f5a5830df97730eb,4,Sub Office,"SCHOOL EDUCATION DEPARTMENT > DIRECTOR OF SCHOOL EDUCATION > CHIEF EDUCATIONAL OFFICE, DINDIGUL > GOVERNMENT HIGHER SECONDARY SCHOOL, KOSUKURICHI",rti_tamil_nadu
TN-807,b2026q3_02,TN-2a2e12e18781c9b1,Tamil Nadu,"GOVERNMENT HIGHER SECONDARY SCHOOL, MELAPULIYUR",rti_meta,en,portal,wave1-rti-information-v1,plain,RA3,SCHOOL EDUCATION DEPARTMENT | Sub Office,,,,,,,,,,,,,,"GOVERNMENT HIGHER SECONDARY SCHOOL, MELAPULIYUR",SCHOOL EDUCATION DEPARTMENT,2a2e12e18781c9b1,fdc567cc7931af7d,4,Sub Office,"SCHOOL EDUCATION DEPARTMENT > DIRECTOR OF SCHOOL EDUCATION > CHIEF EDUCATION OFFICE, PERAMBALUR > GOVERNMENT HIGHER SECONDARY SCHOOL, MELAPULIYUR",rti_tamil_nadu
TN-808,b2026q3_02,TN-0ca9e91746f8a4e6,Tamil Nadu,"GOVERNMENT HIGHER SECONDARY SCHOOL, NADAYANERI",rti_meta,en,portal,wave1-rti-information-v1,legal_salience,RA2,SCHOOL EDUCATION DEPARTMENT | Sub Office,,,,,,,,,,,,,,"GOVERNMENT HIGHER SECONDARY SCHOOL, NADAYANERI",SCHOOL EDUCATION DEPARTMENT,0ca9e91746f8a4e6,2afa46e0da85c018,4,Sub Office,"SCHOOL EDUCATION DEPARTMENT > DIRECTOR OF SCHOOL EDUCATION > CHIEF EDUCATIONAL OFFICE, COLLECTORATE CAMPUS, VIRUDHUNAGAR > GOVERNMENT HIGHER SECONDARY SCHOOL, NADAYANERI",rti_tamil_nadu
TN-809,b2026q3_02,TN-16c27a6fad8de903,Tamil Nadu,"GOVERNMENT HIGHER SECONDARY SCHOOL, THAMMANAICKANPATTI",rti_meta,en,portal,wave1-rti-information-v1,legal_salience,RA2,SCHOOL EDUCATION DEPARTMENT | Sub Office,,,,,,,,,,,,,,"GOVERNMENT HIGHER SECONDARY SCHOOL, THAMMANAICKANPATTI",SCHOOL EDUCATION DEPARTMENT,16c27a6fad8de903,d5a631c0b5c70f35,4,Sub Office,"SCHOOL EDUCATION DEPARTMENT > DIRECTOR OF SCHOOL EDUCATION > CHIEF EDUCATIONAL OFFICE, KARUR > GOVERNMENT HIGHER SECONDARY SCHOOL, THAMMANAICKANPATTI",rti_tamil_nadu
TN-810,b2026q3_02,TN-32cafb3de330ca65,Tamil Nadu,"GOVERNMENT HIGHER SECONDARY SCHOOL, THENGAPATTANAM",rti_meta,en,portal,wave1-rti-information-v1,plain,RA1,SCHOOL EDUCATION DEPARTMENT | Sub Office,,,,,,,,,,,,,,"GOVERNMENT HIGHER SECONDARY SCHOOL, THENGAPATTANAM",SCHOOL EDUCATION DEPARTMENT,32cafb3de330ca65,ffebe93032508ca3,4,Sub Office,"SCHOOL EDUCATION DEPARTMENT > DIRECTOR OF SCHOOL EDUCATION > CHIEF EDUCATIONAL OFFICE, NAGERCOIL > GOVERNMENT HIGHER SECONDARY SCHOOL, THENGAPATTANAM",rti_tamil_nadu
TN-811,b2026q3_02,TN-bd3fb646645e0e5c,Tamil Nadu,"GOVERNMENT HIGHER SECONDARY SCHOOL,CHOLAVARAM",rti_meta,en,portal,wave1-rti-information-v1,plain,RA4,SCHOOL EDUCATION DEPARTMENT | Sub Office,,,,,,,,,,,,,,"GOVERNMENT HIGHER SECONDARY SCHOOL,CHOLAVARAM",SCHOOL EDUCATION DEPARTMENT,bd3fb646645e0e5c,fa1864c979b5131e,4,Sub Office,"SCHOOL EDUCATION DEPARTMENT > DIRECTOR OF SCHOOL EDUCATION > CHIEF EDUCATION OFFICE, VELLORE > GOVERNMENT HIGHER SECONDARY SCHOOL,CHOLAVARAM",rti_tamil_nadu
TN-812,b2026q3_02,TN-6d9baae8a8796b09,Tamil Nadu,"GOVERNMENT HIGHER SECONDARY SCHOOL,KANJANAICKENPATTI",rti_meta,en,portal,wave1-rti-information-v1,legal_salience,RA4,SCHOOL EDUCATION DEPARTMENT | Sub Office,,,,,,,,,,,,,,"GOVERNMENT HIGHER SECONDARY SCHOOL,KANJANAICKENPATTI",SCHOOL EDUCATION DEPARTMENT,6d9baae8a8796b09,4f031e0847648d39,4,Sub Office,"SCHOOL EDUCATION DEPARTMENT > DIRECTOR OF SCHOOL EDUCATION > CHIEF EDUCATIONAL OFFICE, SALEM > GOVERNMENT HIGHER SECONDARY SCHOOL,KANJANAICKENPATTI",rti_tamil_nadu
TN-813,b2026q3_02,TN-d6f83c1c52fab77e,Tamil Nadu,"GOVERNMENT HIGHER SECONDARY SCHOOL,SIVADHAPURAM",rti_meta,en,portal,wave1-rti-information-v1,plain,RA2,SCHOOL EDUCATION DEPARTMENT | Sub Office,,,,,,,,,,,,,,"GOVERNMENT HIGHER SECONDARY SCHOOL,SIVADHAPURAM",SCHOOL EDUCATION DEPARTMENT,d6f83c1c52fab77e,4f031e0847648d39,4,Sub Office,"SCHOOL EDUCATION DEPARTMENT > DIRECTOR OF SCHOOL EDUCATION > CHIEF EDUCATIONAL OFFICE, SALEM > GOVERNMENT HIGHER SECONDARY SCHOOL,SIVADHAPURAM",rti_tamil_nadu
TN-814,b2026q3_02,TN-24ffb6046f355048,Tamil Nadu,GOVERNMENT MODEL HIGHER SECONDARY SCHOOL GETTICHEVIYUR G.D MAIN ROAD GETTICHEVIYUR.,rti_meta,en,portal,wave1-rti-information-v1,plain,RA3,SCHOOL EDUCATION DEPARTMENT | Sub Office,,,,,,,,,,,,,,GOVERNMENT MODEL HIGHER SECONDARY SCHOOL GETTICHEVIYUR G.D MAIN ROAD GETTICHEVIYUR.,SCHOOL EDUCATION DEPARTMENT,24ffb6046f355048,75ec6d6dc6d72249,4,Sub Office,"SCHOOL EDUCATION DEPARTMENT > DIRECTOR OF SCHOOL EDUCATION > CHIEF EDUCATIONAL OFFICE,ERODE > GOVERNMENT MODEL HIGHER SECONDARY SCHOOL GETTICHEVIYUR G.D MAIN ROAD GETTICHEVIYUR.",rti_tamil_nadu
TN-815,b2026q3_02,TN-d392ca9872a5f6e7,Tamil Nadu,GOVERNMENT MODEL HIGHER SECONDARY SCHOOL SEENAPURAM,rti_meta,en,portal,wave1-rti-information-v1,plain,RA2,SCHOOL EDUCATION DEPARTMENT | Sub Office,,,,,,,,,,,,,,GOVERNMENT MODEL HIGHER SECONDARY SCHOOL SEENAPURAM,SCHOOL EDUCATION DEPARTMENT,d392ca9872a5f6e7,75ec6d6dc6d72249,4,Sub Office,"SCHOOL EDUCATION DEPARTMENT > DIRECTOR OF SCHOOL EDUCATION > CHIEF EDUCATIONAL OFFICE,ERODE > GOVERNMENT MODEL HIGHER SECONDARY SCHOOL SEENAPURAM",rti_tamil_nadu
TN-816,b2026q3_02,TN-5271028c79a17016,Tamil Nadu,GOVERNMENT MODEL HIGHER SECONDARY SCHOOL-VENGARAI KOTTAIKKADU,rti_meta,en,portal,wave1-rti-information-v1,legal_salience,RA2,SCHOOL EDUCATION DEPARTMENT | Sub Office,,,,,,,,,,,,,,GOVERNMENT MODEL HIGHER SECONDARY SCHOOL-VENGARAI KOTTAIKKADU,SCHOOL EDUCATION DEPARTMENT,5271028c79a17016,5a54e6f50be0d818,4,Sub Office,SCHOOL EDUCATION DEPARTMENT > DIRECTOR OF SCHOOL EDUCATION > THE CHIEF EDUCATIONAL OFFICER - THANJAVUR > GOVERNMENT MODEL HIGHER SECONDARY SCHOOL-VENGARAI KOTTAIKKADU,rti_tamil_nadu
TN-817,b2026q3_02,TN-438ad2357baa5580,Tamil Nadu,GOVERNMENT.HIGH SCHOOL NADUVALUR,rti_meta,en,portal,wave1-rti-information-v1,plain,RA4,SCHOOL EDUCATION DEPARTMENT | Sub Office,,,,,,,,,,,,,,GOVERNMENT.HIGH SCHOOL NADUVALUR,SCHOOL EDUCATION DEPARTMENT,438ad2357baa5580,4f031e0847648d39,4,Sub Office,"SCHOOL EDUCATION DEPARTMENT > DIRECTOR OF SCHOOL EDUCATION > CHIEF EDUCATIONAL OFFICE, SALEM > GOVERNMENT.HIGH SCHOOL NADUVALUR",rti_tamil_nadu
TN-818,b2026q3_02,TN-e6a9f73280ae048e,Tamil Nadu,"GOVERNMENT.HIGH SCHOOL, PULIYANKURICHI",rti_meta,en,portal,wave1-rti-information-v1,plain,RA4,SCHOOL EDUCATION DEPARTMENT | Sub Office,,,,,,,,,,,,,,"GOVERNMENT.HIGH SCHOOL, PULIYANKURICHI",SCHOOL EDUCATION DEPARTMENT,e6a9f73280ae048e,4f031e0847648d39,4,Sub Office,"SCHOOL EDUCATION DEPARTMENT > DIRECTOR OF SCHOOL EDUCATION > CHIEF EDUCATIONAL OFFICE, SALEM > GOVERNMENT.HIGH SCHOOL, PULIYANKURICHI",rti_tamil_nadu
TN-819,b2026q3_02,TN-5bf2cc12b13c2f40,Tamil Nadu,"GOVERNMENT.HIGH SCHOOL, RAMALINGAPURAM",rti_meta,en,portal,wave1-rti-information-v1,plain,RA1,SCHOOL EDUCATION DEPARTMENT | Sub Office,,,,,,,,,,,,,,"GOVERNMENT.HIGH SCHOOL, RAMALINGAPURAM",SCHOOL EDUCATION DEPARTMENT,5bf2cc12b13c2f40,4f031e0847648d39,4,Sub Office,"SCHOOL EDUCATION DEPARTMENT > DIRECTOR OF SCHOOL EDUCATION > CHIEF EDUCATIONAL OFFICE, SALEM > GOVERNMENT.HIGH SCHOOL, RAMALINGAPURAM",rti_tamil_nadu
TN-820,b2026q3_02,TN-10972640669a3e63,Tamil Nadu,"GOVT. HIGHER SECONDARY SCHOOL, SATHAMBADI (B)",rti_meta,en,portal,wave1-rti-information-v1,plain,RA1,SCHOOL EDUCATION DEPARTMENT | Sub Office,,,,,,,,,,,,,,"GOVT. HIGHER SECONDARY SCHOOL, SATHAMBADI (B)",SCHOOL EDUCATION DEPARTMENT,10972640669a3e63,1eeed2de75944fd9,4,Sub Office,"SCHOOL EDUCATION DEPARTMENT > DIRECTOR OF SCHOOL EDUCATION > CHIEF EDUCATIONAL OFFICE, ARIYALUR > GOVT. HIGHER SECONDARY SCHOOL, SATHAMBADI (B)",rti_tamil_nadu
TN-821,b2026q3_02,TN-186df6859c00b2c0,Tamil Nadu,"INFANT JESUS HIGH SCHOOL, KAJAMALAI COLONY, TIRUCHIRAPPALLI",rti_meta,en,portal,wave1-rti-information-v1,legal_salience,RA4,SCHOOL EDUCATION DEPARTMENT | Sub Office,,,,,,,,,,,,,,"INFANT JESUS HIGH SCHOOL, KAJAMALAI COLONY, TIRUCHIRAPPALLI",SCHOOL EDUCATION DEPARTMENT,186df6859c00b2c0,d7e043c50b8d1969,4,Sub Office,"SCHOOL EDUCATION DEPARTMENT > DIRECTOR OF SCHOOL EDUCATION > CHIEF EDUCATIONAL OFFICE, TIRUCHIRAPPALLI > INFANT JESUS HIGH SCHOOL, KAJAMALAI COLONY, TIRUCHIRAPPALLI",rti_tamil_nadu
TN-822,b2026q3_02,TN-3686fab3226b5624,Tamil Nadu,"MPL GIRLS HIGHER SECONDARY SCHOOL, CUMBUM",rti_meta,en,portal,wave1-rti-information-v1,plain,RA1,SCHOOL EDUCATION DEPARTMENT | Sub Office,,,,,,,,,,,,,,"MPL GIRLS HIGHER SECONDARY SCHOOL, CUMBUM",SCHOOL EDUCATION DEPARTMENT,3686fab3226b5624,8613e2a7f367be5f,4,Sub Office,"SCHOOL EDUCATION DEPARTMENT > DIRECTOR OF SCHOOL EDUCATION > CHIEF EDUCATIONAL OFFICE, THENI-625531 > MPL GIRLS HIGHER SECONDARY SCHOOL, CUMBUM",rti_tamil_nadu
TN-823,b2026q3_02,TN-e899f903126d1ba3,Tamil Nadu,"MUNICIPAL GIRLS GOVERNMENT MODEL HIGHER SECONDARY SCHOOL, TIRUVANNAMALAI",rti_meta,en,portal,wave1-rti-information-v1,legal_salience,RA1,SCHOOL EDUCATION DEPARTMENT | Sub Office,,,,,,,,,,,,,,"MUNICIPAL GIRLS GOVERNMENT MODEL HIGHER SECONDARY SCHOOL, TIRUVANNAMALAI",SCHOOL EDUCATION DEPARTMENT,e899f903126d1ba3,730b1fe00f6a68d6,4,Sub Office,"SCHOOL EDUCATION DEPARTMENT > DIRECTOR OF SCHOOL EDUCATION > CHIEF EDUCATION OFFICE, TIRUVANNAMALAI > MUNICIPAL GIRLS GOVERNMENT MODEL HIGHER SECONDARY SCHOOL, TIRUVANNAMALAI",rti_tamil_nadu
TN-824,b2026q3_02,TN-4eb78492e6f9f2d1,Tamil Nadu,"RANGIEM SRI SIVAKAMI AMBAL HIGH SCHOOL,PUDUKKOTTAI",rti_meta,en,portal,wave1-rti-information-v1,plain,RA2,SCHOOL EDUCATION DEPARTMENT | Sub Office,,,,,,,,,,,,,,"RANGIEM SRI SIVAKAMI AMBAL HIGH SCHOOL,PUDUKKOTTAI",SCHOOL EDUCATION DEPARTMENT,4eb78492e6f9f2d1,3beb24362bf7a96d,4,Sub Office,"SCHOOL EDUCATION DEPARTMENT > DIRECTOR OF SCHOOL EDUCATION > CHIEF EDUCATION OFFICE, PUDUKKOTTAI > RANGIEM SRI SIVAKAMI AMBAL HIGH SCHOOL,PUDUKKOTTAI",rti_tamil_nadu
TN-825,b2026q3_02,TN-6e9913382eb09f08,Tamil Nadu,"RAVLATHUL JANNAH ORIENTAL HIGH SCHOOL, ULUNDURPET",rti_meta,en,portal,wave1-rti-information-v1,plain,RA3,SCHOOL EDUCATION DEPARTMENT | Sub Office,,,,,,,,,,,,,,"RAVLATHUL JANNAH ORIENTAL HIGH SCHOOL, ULUNDURPET",SCHOOL EDUCATION DEPARTMENT,6e9913382eb09f08,788e7e5afcc146a9,4,Sub Office,"SCHOOL EDUCATION DEPARTMENT > DIRECTOR OF SCHOOL EDUCATION > CHIEF EDUCATIONAL OFFICE, KALLAKURICHI > RAVLATHUL JANNAH ORIENTAL HIGH SCHOOL, ULUNDURPET",rti_tamil_nadu
TN-826,b2026q3_02,TN-0840c09c3e323d33,Tamil Nadu,RTM LMS HIGHER SECONDARY SCHOOL VENKANJI,rti_meta,en,portal,wave1-rti-information-v1,plain,RA3,SCHOOL EDUCATION DEPARTMENT | Sub Office,,,,,,,,,,,,,,RTM LMS HIGHER SECONDARY SCHOOL VENKANJI,SCHOOL EDUCATION DEPARTMENT,0840c09c3e323d33,ffebe93032508ca3,4,Sub Office,"SCHOOL EDUCATION DEPARTMENT > DIRECTOR OF SCHOOL EDUCATION > CHIEF EDUCATIONAL OFFICE, NAGERCOIL > RTM LMS HIGHER SECONDARY SCHOOL VENKANJI",rti_tamil_nadu
TN-827,b2026q3_02,TN-c8899b04ea21c0a7,Tamil Nadu,S.S.GOVT GIRLS HR SEC SCHOOL RAJAPALAYAM,rti_meta,en,portal,wave1-rti-information-v1,legal_salience,RA4,SCHOOL EDUCATION DEPARTMENT | Sub Office,,,,,,,,,,,,,,S.S.GOVT GIRLS HR SEC SCHOOL RAJAPALAYAM,SCHOOL EDUCATION DEPARTMENT,c8899b04ea21c0a7,2afa46e0da85c018,4,Sub Office,"SCHOOL EDUCATION DEPARTMENT > DIRECTOR OF SCHOOL EDUCATION > CHIEF EDUCATIONAL OFFICE, COLLECTORATE CAMPUS, VIRUDHUNAGAR > S.S.GOVT GIRLS HR SEC SCHOOL RAJAPALAYAM",rti_tamil_nadu
TN-828,b2026q3_02,TN-2128919fe3f35286,Tamil Nadu,"SARAH TUCKER HIGHER SECONDARY SCHOOL FOR GIRLS, PALAYAMKOTTAI",rti_meta,en,portal,wave1-rti-information-v1,plain,RA1,SCHOOL EDUCATION DEPARTMENT | Sub Office,,,,,,,,,,,,,,"SARAH TUCKER HIGHER SECONDARY SCHOOL FOR GIRLS, PALAYAMKOTTAI",SCHOOL EDUCATION DEPARTMENT,2128919fe3f35286,208dec0b1af00e20,4,Sub Office,"SCHOOL EDUCATION DEPARTMENT > DIRECTOR OF SCHOOL EDUCATION > CHIEF EDUCATIONAL OFFICE, TIRUNELVELI > SARAH TUCKER HIGHER SECONDARY SCHOOL FOR GIRLS, PALAYAMKOTTAI",rti_tamil_nadu
TN-829,b2026q3_02,TN-f50017ea0b4dc433,Tamil Nadu,"ST JUSTIN'S GIRLS HIGHER SECONDARYSCHOOL,SIVAGANGAI",rti_meta,en,portal,wave1-rti-information-v1,plain,RA3,SCHOOL EDUCATION DEPARTMENT | Sub Office,,,,,,,,,,,,,,"ST JUSTIN'S GIRLS HIGHER SECONDARYSCHOOL,SIVAGANGAI",SCHOOL EDUCATION DEPARTMENT,f50017ea0b4dc433,1e84419f994c607d,4,Sub Office,"SCHOOL EDUCATION DEPARTMENT > DIRECTOR OF SCHOOL EDUCATION > CHIEF EDUCATIONAL OFFICE, SIVAGANGAI > ST JUSTIN'S GIRLS HIGHER SECONDARYSCHOOL,SIVAGANGAI",rti_tamil_nadu
TN-830,b2026q3_02,TN-d6aad5bc4b89583a,Tamil Nadu,"ST MARY'S GIRLS HIGHER SECONDARYSCHOOL, DEVAKOTTAI",rti_meta,en,portal,wave1-rti-information-v1,legal_salience,RA3,SCHOOL EDUCATION DEPARTMENT | Sub Office,,,,,,,,,,,,,,"ST MARY'S GIRLS HIGHER SECONDARYSCHOOL, DEVAKOTTAI",SCHOOL EDUCATION DEPARTMENT,d6aad5bc4b89583a,1e84419f994c607d,4,Sub Office,"SCHOOL EDUCATION DEPARTMENT > DIRECTOR OF SCHOOL EDUCATION > CHIEF EDUCATIONAL OFFICE, SIVAGANGAI > ST MARY'S GIRLS HIGHER SECONDARYSCHOOL, DEVAKOTTAI",rti_tamil_nadu
TN-831,b2026q3_02,TN-760ccd9f75067ae2,Tamil Nadu,ST PHILOMINAL HIGHER SECONDARY SCHOOL KULUMUR,rti_meta,en,portal,wave1-rti-information-v1,legal_salience,RA3,SCHOOL EDUCATION DEPARTMENT | Sub Office,,,,,,,,,,,,,,ST PHILOMINAL HIGHER SECONDARY SCHOOL KULUMUR,SCHOOL EDUCATION DEPARTMENT,760ccd9f75067ae2,1eeed2de75944fd9,4,Sub Office,"SCHOOL EDUCATION DEPARTMENT > DIRECTOR OF SCHOOL EDUCATION > CHIEF EDUCATIONAL OFFICE, ARIYALUR > ST PHILOMINAL HIGHER SECONDARY SCHOOL KULUMUR",rti_tamil_nadu
TN-832,b2026q3_02,TN-100a9f758b9e3751,Tamil Nadu,"ST. ANTONY'S R.C. HIGH SCHOOL, SENGALANEERMALAI",rti_meta,en,portal,wave1-rti-information-v1,plain,RA1,SCHOOL EDUCATION DEPARTMENT | Sub Office,,,,,,,,,,,,,,"ST. ANTONY'S R.C. HIGH SCHOOL, SENGALANEERMALAI",SCHOOL EDUCATION DEPARTMENT,100a9f758b9e3751,0591086178d36f1d,4,Sub Office,"SCHOOL EDUCATION DEPARTMENT > DIRECTOR OF SCHOOL EDUCATION > CHIEF EDUCATIONAL OFFICE, CHENGALPATTU > ST. ANTONY'S R.C. HIGH SCHOOL, SENGALANEERMALAI",rti_tamil_nadu
TN-833,b2026q3_02,TN-bcdb5376b654f9c4,Tamil Nadu,"ST. FRANCIS XAVIER HIGH SCHOOL, LITTLE MOUNT",rti_meta,en,portal,wave1-rti-information-v1,plain,RA2,SCHOOL EDUCATION DEPARTMENT | Sub Office,,,,,,,,,,,,,,"ST. FRANCIS XAVIER HIGH SCHOOL, LITTLE MOUNT",SCHOOL EDUCATION DEPARTMENT,bcdb5376b654f9c4,bb2fb21546c361ee,4,Sub Office,"SCHOOL EDUCATION DEPARTMENT > DIRECTOR OF SCHOOL EDUCATION > CHIEF EDUCATIONAL OFFICE, EGMORE, CHENNAI > ST. FRANCIS XAVIER HIGH SCHOOL, LITTLE MOUNT",rti_tamil_nadu
TN-834,b2026q3_02,TN-137b332f9ee2b900,Tamil Nadu,"ST. IGNATIUS CONVERT HIGHER SECONDARY SCHOOL, PALAYAMKOTTAI",rti_meta,en,portal,wave1-rti-information-v1,plain,RA1,SCHOOL EDUCATION DEPARTMENT | Sub Office,,,,,,,,,,,,,,"ST. IGNATIUS CONVERT HIGHER SECONDARY SCHOOL, PALAYAMKOTTAI",SCHOOL EDUCATION DEPARTMENT,137b332f9ee2b900,208dec0b1af00e20,4,Sub Office,"SCHOOL EDUCATION DEPARTMENT > DIRECTOR OF SCHOOL EDUCATION > CHIEF EDUCATIONAL OFFICE, TIRUNELVELI > ST. IGNATIUS CONVERT HIGHER SECONDARY SCHOOL, PALAYAMKOTTAI",rti_tamil_nadu
TN-835,b2026q3_02,TN-8d5944f1c4a72cf0,Tamil Nadu,"ST.ANNE'S GIRLS HIGHER SECONDARY SCHOOL,BROADWAY",rti_meta,en,portal,wave1-rti-information-v1,legal_salience,RA3,SCHOOL EDUCATION DEPARTMENT | Sub Office,,,,,,,,,,,,,,"ST.ANNE'S GIRLS HIGHER SECONDARY SCHOOL,BROADWAY",SCHOOL EDUCATION DEPARTMENT,8d5944f1c4a72cf0,bb2fb21546c361ee,4,Sub Office,"SCHOOL EDUCATION DEPARTMENT > DIRECTOR OF SCHOOL EDUCATION > CHIEF EDUCATIONAL OFFICE, EGMORE, CHENNAI > ST.ANNE'S GIRLS HIGHER SECONDARY SCHOOL,BROADWAY",rti_tamil_nadu
TN-836,b2026q3_02,TN-94986443d6dd36ad,Tamil Nadu,ST.FRANCIS XAVIER GIRLS HIGH SCHOOL -PANDALUR,rti_meta,en,portal,wave1-rti-information-v1,legal_salience,RA4,SCHOOL EDUCATION DEPARTMENT | Sub Office,,,,,,,,,,,,,,ST.FRANCIS XAVIER GIRLS HIGH SCHOOL -PANDALUR,SCHOOL EDUCATION DEPARTMENT,94986443d6dd36ad,cad1fd4390df59ba,4,Sub Office,"SCHOOL EDUCATION DEPARTMENT > DIRECTOR OF SCHOOL EDUCATION > CHIEF EDUCATION OFFICE, THE NILGIRIS > ST.FRANCIS XAVIER GIRLS HIGH SCHOOL -PANDALUR",rti_tamil_nadu
TN-837,b2026q3_02,TN-a3903f89f688e347,Tamil Nadu,ST.JOSEPH HIGH SCHOOL AROCKIANATHAPURAM,rti_meta,en,portal,wave1-rti-information-v1,plain,RA4,SCHOOL EDUCATION DEPARTMENT | Sub Office,,,,,,,,,,,,,,ST.JOSEPH HIGH SCHOOL AROCKIANATHAPURAM,SCHOOL EDUCATION DEPARTMENT,a3903f89f688e347,208dec0b1af00e20,4,Sub Office,"SCHOOL EDUCATION DEPARTMENT > DIRECTOR OF SCHOOL EDUCATION > CHIEF EDUCATIONAL OFFICE, TIRUNELVELI > ST.JOSEPH HIGH SCHOOL AROCKIANATHAPURAM",rti_tamil_nadu
TN-838,b2026q3_02,TN-1472a49187dbc48a,Tamil Nadu,"ST.JOSEPH'S GIRLS' HIGHER SECONDARY SCHOOL, DINDIGUL",rti_meta,en,portal,wave1-rti-information-v1,legal_salience,RA3,SCHOOL EDUCATION DEPARTMENT | Sub Office,,,,,,,,,,,,,,"ST.JOSEPH'S GIRLS' HIGHER SECONDARY SCHOOL, DINDIGUL",SCHOOL EDUCATION DEPARTMENT,1472a49187dbc48a,f5a5830df97730eb,4,Sub Office,"SCHOOL EDUCATION DEPARTMENT > DIRECTOR OF SCHOOL EDUCATION > CHIEF EDUCATIONAL OFFICE, DINDIGUL > ST.JOSEPH'S GIRLS' HIGHER SECONDARY SCHOOL, DINDIGUL",rti_tamil_nadu
TN-839,b2026q3_02,TN-eb3bbf264c7a629e,Tamil Nadu,"ST.MARY'S HIGHER SECONDARY SCHOOL, KALIYAL",rti_meta,en,portal,wave1-rti-information-v1,legal_salience,RA4,SCHOOL EDUCATION DEPARTMENT | Sub Office,,,,,,,,,,,,,,"ST.MARY'S HIGHER SECONDARY SCHOOL, KALIYAL",SCHOOL EDUCATION DEPARTMENT,eb3bbf264c7a629e,ffebe93032508ca3,4,Sub Office,"SCHOOL EDUCATION DEPARTMENT > DIRECTOR OF SCHOOL EDUCATION > CHIEF EDUCATIONAL OFFICE, NAGERCOIL > ST.MARY'S HIGHER SECONDARY SCHOOL, KALIYAL",rti_tamil_nadu
TN-840,b2026q3_02,TN-10c320ecf2178a9d,Tamil Nadu,"THE RAMASESHIER HIGHER SECONDARY SCHOOL, PATTAMADAI 627 453",rti_meta,en,portal,wave1-rti-information-v1,plain,RA2,SCHOOL EDUCATION DEPARTMENT | Sub Office,,,,,,,,,,,,,,"THE RAMASESHIER HIGHER SECONDARY SCHOOL, PATTAMADAI 627 453",SCHOOL EDUCATION DEPARTMENT,10c320ecf2178a9d,208dec0b1af00e20,4,Sub Office,"SCHOOL EDUCATION DEPARTMENT > DIRECTOR OF SCHOOL EDUCATION > CHIEF EDUCATIONAL OFFICE, TIRUNELVELI > THE RAMASESHIER HIGHER SECONDARY SCHOOL, PATTAMADAI 627 453",rti_tamil_nadu
TN-841,b2026q3_02,TN-596ebc0489a93b7c,Tamil Nadu,SOCIAL REFORMS DEPARTMENT,rti_meta,en,portal,wave1-rti-information-v1,plain,RA3,SOCIAL REFORMS DEPARTMENT | Department,,,,,,,,,,,,,,SOCIAL REFORMS DEPARTMENT,SOCIAL REFORMS DEPARTMENT,596ebc0489a93b7c,displayPa,1,Department,SOCIAL REFORMS DEPARTMENT,rti_tamil_nadu
TN-842,b2026q3_02,TN-135720bb38d107bf,Tamil Nadu,SOCIAL JUSTICE MONITORING COMMITTEE,rti_meta,en,portal,wave1-rti-information-v1,plain,RA4,SOCIAL REFORMS DEPARTMENT | Head of Department,,,,,,,,,,,,,,SOCIAL JUSTICE MONITORING COMMITTEE,SOCIAL REFORMS DEPARTMENT,135720bb38d107bf,596ebc0489a93b7c,2,Head of Department,SOCIAL REFORMS DEPARTMENT > SOCIAL JUSTICE MONITORING COMMITTEE,rti_tamil_nadu
TN-843,b2026q3_02,TN-673fec854f7b9992,Tamil Nadu,SOCIAL WELFARE AND WOMEN EMPOWERMENT DEPARTMENT,rti_meta,en,portal,wave1-rti-information-v1,plain,RA1,SOCIAL WELFARE AND WOMEN EMPOWERMENT DEPARTMENT | Department,,,,,,,,,,,,,,SOCIAL WELFARE AND WOMEN EMPOWERMENT DEPARTMENT,SOCIAL WELFARE AND WOMEN EMPOWERMENT DEPARTMENT,673fec854f7b9992,displayPa,1,Department,SOCIAL WELFARE AND WOMEN EMPOWERMENT DEPARTMENT,rti_tamil_nadu
TN-844,b2026q3_02,TN-b975a569dd8fdfe4,Tamil Nadu,"DIRECTORATE OF INTEGRATED CHILD DEVELOPMENT SERVICES, CHENNAI",rti_meta,en,portal,wave1-rti-information-v1,plain,RA3,SOCIAL WELFARE AND WOMEN EMPOWERMENT DEPARTMENT | Head of Department,,,,,,,,,,,,,,"DIRECTORATE OF INTEGRATED CHILD DEVELOPMENT SERVICES, CHENNAI",SOCIAL WELFARE AND WOMEN EMPOWERMENT DEPARTMENT,b975a569dd8fdfe4,673fec854f7b9992,2,Head of Department,"SOCIAL WELFARE AND WOMEN EMPOWERMENT DEPARTMENT > DIRECTORATE OF INTEGRATED CHILD DEVELOPMENT SERVICES, CHENNAI",rti_tamil_nadu
TN-845,b2026q3_02,TN-429fbb249a51edb2,Tamil Nadu,TAMIL NADU STATE WOMEN COMMISSION,rti_meta,en,portal,wave1-rti-information-v1,plain,RA2,SOCIAL WELFARE AND WOMEN EMPOWERMENT DEPARTMENT | Head of Department,,,,,,,,,,,,,,TAMIL NADU STATE WOMEN COMMISSION,SOCIAL WELFARE AND WOMEN EMPOWERMENT DEPARTMENT,429fbb249a51edb2,673fec854f7b9992,2,Head of Department,SOCIAL WELFARE AND WOMEN EMPOWERMENT DEPARTMENT > TAMIL NADU STATE WOMEN COMMISSION,rti_tamil_nadu
TN-846,b2026q3_02,TN-633433eef79e48e5,Tamil Nadu,TAMILNADU WORKING WOMEN HOSTELS CORPORATION LTD,rti_meta,en,portal,wave1-rti-information-v1,legal_salience,RA2,SOCIAL WELFARE AND WOMEN EMPOWERMENT DEPARTMENT | Head of Department,,,,,,,,,,,,,,TAMILNADU WORKING WOMEN HOSTELS CORPORATION LTD,SOCIAL WELFARE AND WOMEN EMPOWERMENT DEPARTMENT,633433eef79e48e5,673fec854f7b9992,2,Head of Department,SOCIAL WELFARE AND WOMEN EMPOWERMENT DEPARTMENT > TAMILNADU WORKING WOMEN HOSTELS CORPORATION LTD,rti_tamil_nadu
TN-847,b2026q3_02,TN-ff0f6d73c7abb97c,Tamil Nadu,WIDOW WELFARE BOARD,rti_meta,en,portal,wave1-rti-information-v1,plain,RA4,SOCIAL WELFARE AND WOMEN EMPOWERMENT DEPARTMENT | Head of Department,,,,,,,,,,,,,,WIDOW WELFARE BOARD,SOCIAL WELFARE AND WOMEN EMPOWERMENT DEPARTMENT,ff0f6d73c7abb97c,673fec854f7b9992,2,Head of Department,SOCIAL WELFARE AND WOMEN EMPOWERMENT DEPARTMENT > WIDOW WELFARE BOARD,rti_tamil_nadu
TN-848,b2026q3_02,TN-88e711da0ec3ac5f,Tamil Nadu,"DISTRICT PROGRAMME OFFICE,MADURAI",rti_meta,en,portal,wave1-rti-information-v1,legal_salience,RA1,SOCIAL WELFARE AND WOMEN EMPOWERMENT DEPARTMENT | Sub Office,,,,,,,,,,,,,,"DISTRICT PROGRAMME OFFICE,MADURAI",SOCIAL WELFARE AND WOMEN EMPOWERMENT DEPARTMENT,88e711da0ec3ac5f,b975a569dd8fdfe4,3,Sub Office,"SOCIAL WELFARE AND WOMEN EMPOWERMENT DEPARTMENT > DIRECTORATE OF INTEGRATED CHILD DEVELOPMENT SERVICES, CHENNAI > DISTRICT PROGRAMME OFFICE,MADURAI",rti_tamil_nadu
TN-849,b2026q3_02,TN-14bfe74971c3f48a,Tamil Nadu,"DISTRICT PROGRAMME OFFICE,THANJAVUR",rti_meta,en,portal,wave1-rti-information-v1,plain,RA1,SOCIAL WELFARE AND WOMEN EMPOWERMENT DEPARTMENT | Sub Office,,,,,,,,,,,,,,"DISTRICT PROGRAMME OFFICE,THANJAVUR",SOCIAL WELFARE AND WOMEN EMPOWERMENT DEPARTMENT,14bfe74971c3f48a,b975a569dd8fdfe4,3,Sub Office,"SOCIAL WELFARE AND WOMEN EMPOWERMENT DEPARTMENT > DIRECTORATE OF INTEGRATED CHILD DEVELOPMENT SERVICES, CHENNAI > DISTRICT PROGRAMME OFFICE,THANJAVUR",rti_tamil_nadu
TN-850,b2026q3_02,TN-fb7b318af513ac50,Tamil Nadu,"DISTRICT PROGRAMME OFFICE,VELLORE",rti_meta,en,portal,wave1-rti-information-v1,plain,RA1,SOCIAL WELFARE AND WOMEN EMPOWERMENT DEPARTMENT | Sub Office,,,,,,,,,,,,,,"DISTRICT PROGRAMME OFFICE,VELLORE",SOCIAL WELFARE AND WOMEN EMPOWERMENT DEPARTMENT,fb7b318af513ac50,b975a569dd8fdfe4,3,Sub Office,"SOCIAL WELFARE AND WOMEN EMPOWERMENT DEPARTMENT > DIRECTORATE OF INTEGRATED CHILD DEVELOPMENT SERVICES, CHENNAI > DISTRICT PROGRAMME OFFICE,VELLORE",rti_tamil_nadu
TN-851,b2026q3_02,TN-eebc01d6f6bd67c9,Tamil Nadu,"DISTRICT SOCIAL WELFARE OFFICE, CHENGALPATTU",rti_meta,en,portal,wave1-rti-information-v1,legal_salience,RA2,SOCIAL WELFARE AND WOMEN EMPOWERMENT DEPARTMENT | Sub Office,,,,,,,,,,,,,,"DISTRICT SOCIAL WELFARE OFFICE, CHENGALPATTU",SOCIAL WELFARE AND WOMEN EMPOWERMENT DEPARTMENT,eebc01d6f6bd67c9,d6cd8f2ec63966f3,3,Sub Office,"SOCIAL WELFARE AND WOMEN EMPOWERMENT DEPARTMENT > DIRECTORATE OF SOCIAL WELFARE > DISTRICT SOCIAL WELFARE OFFICE, CHENGALPATTU",rti_tamil_nadu
TN-852,b2026q3_02,TN-0723ebeeb666c1d4,Tamil Nadu,"DISTRICT SOCIAL WELFARE OFFICE, KRISHNAGIRI",rti_meta,en,portal,wave1-rti-information-v1,plain,RA2,SOCIAL WELFARE AND WOMEN EMPOWERMENT DEPARTMENT | Sub Office,,,,,,,,,,,,,,"DISTRICT SOCIAL WELFARE OFFICE, KRISHNAGIRI",SOCIAL WELFARE AND WOMEN EMPOWERMENT DEPARTMENT,0723ebeeb666c1d4,d6cd8f2ec63966f3,3,Sub Office,"SOCIAL WELFARE AND WOMEN EMPOWERMENT DEPARTMENT > DIRECTORATE OF SOCIAL WELFARE > DISTRICT SOCIAL WELFARE OFFICE, KRISHNAGIRI",rti_tamil_nadu
TN-853,b2026q3_02,TN-5e5ef0e3a0db68f2,Tamil Nadu,"DISTRICT SOCIAL WELFARE OFFICE, THIRUVALLUR",rti_meta,en,portal,wave1-rti-information-v1,plain,RA4,SOCIAL WELFARE AND WOMEN EMPOWERMENT DEPARTMENT | Sub Office,,,,,,,,,,,,,,"DISTRICT SOCIAL WELFARE OFFICE, THIRUVALLUR",SOCIAL WELFARE AND WOMEN EMPOWERMENT DEPARTMENT,5e5ef0e3a0db68f2,d6cd8f2ec63966f3,3,Sub Office,"SOCIAL WELFARE AND WOMEN EMPOWERMENT DEPARTMENT > DIRECTORATE OF SOCIAL WELFARE > DISTRICT SOCIAL WELFARE OFFICE, THIRUVALLUR",rti_tamil_nadu
TN-854,b2026q3_02,TN-60129e5f26974474,Tamil Nadu,"DISTRICT SOCIAL WELFARE OFFICE, VIRUDHUNAGAR",rti_meta,en,portal,wave1-rti-information-v1,plain,RA3,SOCIAL WELFARE AND WOMEN EMPOWERMENT DEPARTMENT | Sub Office,,,,,,,,,,,,,,"DISTRICT SOCIAL WELFARE OFFICE, VIRUDHUNAGAR",SOCIAL WELFARE AND WOMEN EMPOWERMENT DEPARTMENT,60129e5f26974474,d6cd8f2ec63966f3,3,Sub Office,"SOCIAL WELFARE AND WOMEN EMPOWERMENT DEPARTMENT > DIRECTORATE OF SOCIAL WELFARE > DISTRICT SOCIAL WELFARE OFFICE, VIRUDHUNAGAR",rti_tamil_nadu
TN-855,b2026q3_02,TN-91c1069c0a7647d7,Tamil Nadu,"CHILD DEVELOPEMENT PROJECT OFFICE, MANUR",rti_meta,en,portal,wave1-rti-information-v1,plain,RA2,SOCIAL WELFARE AND WOMEN EMPOWERMENT DEPARTMENT | Sub Office,,,,,,,,,,,,,,"CHILD DEVELOPEMENT PROJECT OFFICE, MANUR",SOCIAL WELFARE AND WOMEN EMPOWERMENT DEPARTMENT,91c1069c0a7647d7,d95e946703e17af1,4,Sub Office,"SOCIAL WELFARE AND WOMEN EMPOWERMENT DEPARTMENT > DIRECTORATE OF INTEGRATED CHILD DEVELOPMENT SERVICES, CHENNAI > DISTRICT PROGRAMME OFFICE,TIRUNELVELI > CHILD DEVELOPEMENT PROJECT OFFICE, MANUR",rti_tamil_nadu
TN-856,b2026q3_02,TN-a19ca8ca12d49c7a,Tamil Nadu,CHILD DEVELOPMENT PROJECT OFFICE TIRUNAVALUR,rti_meta,en,portal,wave1-rti-information-v1,plain,RA3,SOCIAL WELFARE AND WOMEN EMPOWERMENT DEPARTMENT | Sub Office,,,,,,,,,,,,,,CHILD DEVELOPMENT PROJECT OFFICE TIRUNAVALUR,SOCIAL WELFARE AND WOMEN EMPOWERMENT DEPARTMENT,a19ca8ca12d49c7a,dc87585f7e646391,4,Sub Office,"SOCIAL WELFARE AND WOMEN EMPOWERMENT DEPARTMENT > DIRECTORATE OF INTEGRATED CHILD DEVELOPMENT SERVICES, CHENNAI > DISTRICT PROGRAMME OFFICE,KALLAKURICHI > CHILD DEVELOPMENT PROJECT OFFICE TIRUNAVALUR",rti_tamil_nadu
TN-857,b2026q3_02,TN-eab243dc3d6997f2,Tamil Nadu,"CHILD DEVELOPMENT PROJECT OFFICE, KANCHIPURAM (URBAN)",rti_meta,en,portal,wave1-rti-information-v1,plain,RA1,SOCIAL WELFARE AND WOMEN EMPOWERMENT DEPARTMENT | Sub Office,,,,,,,,,,,,,,"CHILD DEVELOPMENT PROJECT OFFICE, KANCHIPURAM (URBAN)",SOCIAL WELFARE AND WOMEN EMPOWERMENT DEPARTMENT,eab243dc3d6997f2,45e4364c5d7c0b8d,4,Sub Office,"SOCIAL WELFARE AND WOMEN EMPOWERMENT DEPARTMENT > DIRECTORATE OF INTEGRATED CHILD DEVELOPMENT SERVICES, CHENNAI > DISTRICT PROGRAMME OFFICE, KANCHIPURAM > CHILD DEVELOPMENT PROJECT OFFICE, KANCHIPURAM (URBAN)",rti_tamil_nadu
TN-858,b2026q3_02,TN-fd2e24aac598665a,Tamil Nadu,"CHILD DEVELOPMENT PROJECT OFFICE, KOTTUR",rti_meta,en,portal,wave1-rti-information-v1,legal_salience,RA4,SOCIAL WELFARE AND WOMEN EMPOWERMENT DEPARTMENT | Sub Office,,,,,,,,,,,,,,"CHILD DEVELOPMENT PROJECT OFFICE, KOTTUR",SOCIAL WELFARE AND WOMEN EMPOWERMENT DEPARTMENT,fd2e24aac598665a,1654eac0c3b02749,4,Sub Office,"SOCIAL WELFARE AND WOMEN EMPOWERMENT DEPARTMENT > DIRECTORATE OF INTEGRATED CHILD DEVELOPMENT SERVICES, CHENNAI > DISTRICT PROGRAMME OFFICE,THIRUVARUR > CHILD DEVELOPMENT PROJECT OFFICE, KOTTUR",rti_tamil_nadu
TN-859,b2026q3_02,TN-19ac8a2d22bc6ef0,Tamil Nadu,"CHILD DEVELOPMENT PROJECT OFFICE, KURUVIKULAM",rti_meta,en,portal,wave1-rti-information-v1,legal_salience,RA1,SOCIAL WELFARE AND WOMEN EMPOWERMENT DEPARTMENT | Sub Office,,,,,,,,,,,,,,"CHILD DEVELOPMENT PROJECT OFFICE, KURUVIKULAM",SOCIAL WELFARE AND WOMEN EMPOWERMENT DEPARTMENT,19ac8a2d22bc6ef0,f88950906de7db8e,4,Sub Office,"SOCIAL WELFARE AND WOMEN EMPOWERMENT DEPARTMENT > DIRECTORATE OF INTEGRATED CHILD DEVELOPMENT SERVICES, CHENNAI > DISTRICT PROGRAMME OFFICE,TENKASI > CHILD DEVELOPMENT PROJECT OFFICE, KURUVIKULAM",rti_tamil_nadu
TN-860,b2026q3_02,TN-d4733165912c2d82,Tamil Nadu,"CHILD DEVELOPMENT PROJECT OFFICE, MODAKKURIHICHI",rti_meta,en,portal,wave1-rti-information-v1,plain,RA1,SOCIAL WELFARE AND WOMEN EMPOWERMENT DEPARTMENT | Sub Office,,,,,,,,,,,,,,"CHILD DEVELOPMENT PROJECT OFFICE, MODAKKURIHICHI",SOCIAL WELFARE AND WOMEN EMPOWERMENT DEPARTMENT,d4733165912c2d82,b4acca2ba84644ac,4,Sub Office,"SOCIAL WELFARE AND WOMEN EMPOWERMENT DEPARTMENT > DIRECTORATE OF INTEGRATED CHILD DEVELOPMENT SERVICES, CHENNAI > DISTRICT PROGRAMME OFFICE,ERODE > CHILD DEVELOPMENT PROJECT OFFICE, MODAKKURIHICHI",rti_tamil_nadu
TN-861,b2026q3_02,TN-117d80718cd6cfeb,Tamil Nadu,"CHILD DEVELOPMENT PROJECT OFFICE, NEEDAMANGALAM",rti_meta,en,portal,wave1-rti-information-v1,plain,RA2,SOCIAL WELFARE AND WOMEN EMPOWERMENT DEPARTMENT | Sub Office,,,,,,,,,,,,,,"CHILD DEVELOPMENT PROJECT OFFICE, NEEDAMANGALAM",SOCIAL WELFARE AND WOMEN EMPOWERMENT DEPARTMENT,117d80718cd6cfeb,1654eac0c3b02749,4,Sub Office,"SOCIAL WELFARE AND WOMEN EMPOWERMENT DEPARTMENT > DIRECTORATE OF INTEGRATED CHILD DEVELOPMENT SERVICES, CHENNAI > DISTRICT PROGRAMME OFFICE,THIRUVARUR > CHILD DEVELOPMENT PROJECT OFFICE, NEEDAMANGALAM",rti_tamil_nadu
TN-862,b2026q3_02,TN-6501663dcd13f5aa,Tamil Nadu,"CHILD DEVELOPMENT PROJECT OFFICE, NEMILI",rti_meta,en,portal,wave1-rti-information-v1,plain,RA3,SOCIAL WELFARE AND WOMEN EMPOWERMENT DEPARTMENT | Sub Office,,,,,,,,,,,,,,"CHILD DEVELOPMENT PROJECT OFFICE, NEMILI",SOCIAL WELFARE AND WOMEN EMPOWERMENT DEPARTMENT,6501663dcd13f5aa,7336d753b532288a,4,Sub Office,"SOCIAL WELFARE AND WOMEN EMPOWERMENT DEPARTMENT > DIRECTORATE OF INTEGRATED CHILD DEVELOPMENT SERVICES, CHENNAI > DISTRICT PROGRAMME OFFICE,RANIPET > CHILD DEVELOPMENT PROJECT OFFICE, NEMILI",rti_tamil_nadu
TN-863,b2026q3_02,TN-153c6bbf45be67b3,Tamil Nadu,"CHILD DEVELOPMENT PROJECT OFFICE, PERNAMALLUR",rti_meta,en,portal,wave1-rti-information-v1,plain,RA4,SOCIAL WELFARE AND WOMEN EMPOWERMENT DEPARTMENT | Sub Office,,,,,,,,,,,,,,"CHILD DEVELOPMENT PROJECT OFFICE, PERNAMALLUR",SOCIAL WELFARE AND WOMEN EMPOWERMENT DEPARTMENT,153c6bbf45be67b3,0abf1daf5c850981,4,Sub Office,"SOCIAL WELFARE AND WOMEN EMPOWERMENT DEPARTMENT > DIRECTORATE OF INTEGRATED CHILD DEVELOPMENT SERVICES, CHENNAI > DISTRICT PROGRAMME OFFICE, TIRUVANNAMALAI > CHILD DEVELOPMENT PROJECT OFFICE, PERNAMALLUR",rti_tamil_nadu
TN-864,b2026q3_02,TN-b657bdfa7cee50d7,Tamil Nadu,"CHILD DEVELOPMENT PROJECT OFFICE, PETHANAICKANPALAYAM",rti_meta,en,portal,wave1-rti-information-v1,plain,RA4,SOCIAL WELFARE AND WOMEN EMPOWERMENT DEPARTMENT | Sub Office,,,,,,,,,,,,,,"CHILD DEVELOPMENT PROJECT OFFICE, PETHANAICKANPALAYAM",SOCIAL WELFARE AND WOMEN EMPOWERMENT DEPARTMENT,b657bdfa7cee50d7,434ec8cd7053b460,4,Sub Office,"SOCIAL WELFARE AND WOMEN EMPOWERMENT DEPARTMENT > DIRECTORATE OF INTEGRATED CHILD DEVELOPMENT SERVICES, CHENNAI > DISTRICT PROGRAMME OFFICE,SALEM > CHILD DEVELOPMENT PROJECT OFFICE, PETHANAICKANPALAYAM",rti_tamil_nadu
TN-865,b2026q3_02,TN-b91892643d98e199,Tamil Nadu,"CHILD DEVELOPMENT PROJECT OFFICE, R K PET",rti_meta,en,portal,wave1-rti-information-v1,plain,RA2,SOCIAL WELFARE AND WOMEN EMPOWERMENT DEPARTMENT | Sub Office,,,,,,,,,,,,,,"CHILD DEVELOPMENT PROJECT OFFICE, R K PET",SOCIAL WELFARE AND WOMEN EMPOWERMENT DEPARTMENT,b91892643d98e199,534d6350a83246a1,4,Sub Office,"SOCIAL WELFARE AND WOMEN EMPOWERMENT DEPARTMENT > DIRECTORATE OF INTEGRATED CHILD DEVELOPMENT SERVICES, CHENNAI > DISTRICT PROGRAMME OFFICE,TIRUVALLUR > CHILD DEVELOPMENT PROJECT OFFICE, R K PET",rti_tamil_nadu
TN-866,b2026q3_02,TN-c037b99cc1e3c66a,Tamil Nadu,"CHILD DEVELOPMENT PROJECT OFFICE, SANKARANKOVIL (RURAL)",rti_meta,en,portal,wave1-rti-information-v1,legal_salience,RA4,SOCIAL WELFARE AND WOMEN EMPOWERMENT DEPARTMENT | Sub Office,,,,,,,,,,,,,,"CHILD DEVELOPMENT PROJECT OFFICE, SANKARANKOVIL (RURAL)",SOCIAL WELFARE AND WOMEN EMPOWERMENT DEPARTMENT,c037b99cc1e3c66a,f88950906de7db8e,4,Sub Office,"SOCIAL WELFARE AND WOMEN EMPOWERMENT DEPARTMENT > DIRECTORATE OF INTEGRATED CHILD DEVELOPMENT SERVICES, CHENNAI > DISTRICT PROGRAMME OFFICE,TENKASI > CHILD DEVELOPMENT PROJECT OFFICE, SANKARANKOVIL (RURAL)",rti_tamil_nadu
TN-867,b2026q3_02,TN-4006fcb4324d6554,Tamil Nadu,"CHILD DEVELOPMENT PROJECT OFFICE, VEDASANDUR",rti_meta,en,portal,wave1-rti-information-v1,legal_salience,RA3,SOCIAL WELFARE AND WOMEN EMPOWERMENT DEPARTMENT | Sub Office,,,,,,,,,,,,,,"CHILD DEVELOPMENT PROJECT OFFICE, VEDASANDUR",SOCIAL WELFARE AND WOMEN EMPOWERMENT DEPARTMENT,4006fcb4324d6554,3922b7d6009f3bfd,4,Sub Office,"SOCIAL WELFARE AND WOMEN EMPOWERMENT DEPARTMENT > DIRECTORATE OF INTEGRATED CHILD DEVELOPMENT SERVICES, CHENNAI > DISTRICT PROGRAMME OFFICE, DINDIGUL > CHILD DEVELOPMENT PROJECT OFFICE, VEDASANDUR",rti_tamil_nadu
TN-868,b2026q3_02,TN-69cd4975d33a41af,Tamil Nadu,"CHILD DEVELOPMENT PROJECT OFFICE,PERIYAKULAM",rti_meta,en,portal,wave1-rti-information-v1,plain,RA3,SOCIAL WELFARE AND WOMEN EMPOWERMENT DEPARTMENT | Sub Office,,,,,,,,,,,,,,"CHILD DEVELOPMENT PROJECT OFFICE,PERIYAKULAM",SOCIAL WELFARE AND WOMEN EMPOWERMENT DEPARTMENT,69cd4975d33a41af,cb891759d13655c9,4,Sub Office,"SOCIAL WELFARE AND WOMEN EMPOWERMENT DEPARTMENT > DIRECTORATE OF INTEGRATED CHILD DEVELOPMENT SERVICES, CHENNAI > DISTRICT PROGRAMME OFFICE,THENI > CHILD DEVELOPMENT PROJECT OFFICE,PERIYAKULAM",rti_tamil_nadu
TN-869,b2026q3_02,TN-a8427b201c9ed299,Tamil Nadu,"CHILD DEVELOPMENT PROJECT OFFICER, KURINJIPADI",rti_meta,en,portal,wave1-rti-information-v1,plain,RA4,SOCIAL WELFARE AND WOMEN EMPOWERMENT DEPARTMENT | Sub Office,,,,,,,,,,,,,,"CHILD DEVELOPMENT PROJECT OFFICER, KURINJIPADI",SOCIAL WELFARE AND WOMEN EMPOWERMENT DEPARTMENT,a8427b201c9ed299,f8ebad677614b8fb,4,Sub Office,"SOCIAL WELFARE AND WOMEN EMPOWERMENT DEPARTMENT > DIRECTORATE OF INTEGRATED CHILD DEVELOPMENT SERVICES, CHENNAI > DISTRICT PROGRAMME OFFICE,CUDDALORE > CHILD DEVELOPMENT PROJECT OFFICER, KURINJIPADI",rti_tamil_nadu
TN-870,b2026q3_02,TN-d0821d7f330e0ca8,Tamil Nadu,"CHILD PROJECT OFFICE,T.PALUR",rti_meta,en,portal,wave1-rti-information-v1,legal_salience,RA3,SOCIAL WELFARE AND WOMEN EMPOWERMENT DEPARTMENT | Sub Office,,,,,,,,,,,,,,"CHILD PROJECT OFFICE,T.PALUR",SOCIAL WELFARE AND WOMEN EMPOWERMENT DEPARTMENT,d0821d7f330e0ca8,a40af0f178d93c00,4,Sub Office,"SOCIAL WELFARE AND WOMEN EMPOWERMENT DEPARTMENT > DIRECTORATE OF INTEGRATED CHILD DEVELOPMENT SERVICES, CHENNAI > DISTRICT PROGRAMME OFFICE,ARIYALUR > CHILD PROJECT OFFICE,T.PALUR",rti_tamil_nadu
TN-871,b2026q3_02,TN-f2f3bb8eb2ed925c,Tamil Nadu,SPECIAL PROGRAMMES IMPLEMENTATION DEPARTMENT,rti_meta,en,portal,wave1-rti-information-v1,plain,RA1,SPECIAL PROGRAMMES IMPLEMENTATION DEPARTMENT | Department,,,,,,,,,,,,,,SPECIAL PROGRAMMES IMPLEMENTATION DEPARTMENT,SPECIAL PROGRAMMES IMPLEMENTATION DEPARTMENT,f2f3bb8eb2ed925c,displayPa,1,Department,SPECIAL PROGRAMMES IMPLEMENTATION DEPARTMENT,rti_tamil_nadu
TN-872,b2026q3_02,TN-a30a0ab7a32b8177,Tamil Nadu,CLEAN TAMIL NADU COMPANY LIMITED,rti_meta,en,portal,wave1-rti-information-v1,plain,RA3,SPECIAL PROGRAMMES IMPLEMENTATION DEPARTMENT | Head of Department,,,,,,,,,,,,,,CLEAN TAMIL NADU COMPANY LIMITED,SPECIAL PROGRAMMES IMPLEMENTATION DEPARTMENT,a30a0ab7a32b8177,f2f3bb8eb2ed925c,2,Head of Department,SPECIAL PROGRAMMES IMPLEMENTATION DEPARTMENT > CLEAN TAMIL NADU COMPANY LIMITED,rti_tamil_nadu
TN-873,b2026q3_02,TN-86c41208e5670721,Tamil Nadu,TAMIL NADU SKILL DEVELOPMENT CORPORATION,rti_meta,en,portal,wave1-rti-information-v1,legal_salience,RA2,SPECIAL PROGRAMMES IMPLEMENTATION DEPARTMENT | Head of Department,,,,,,,,,,,,,,TAMIL NADU SKILL DEVELOPMENT CORPORATION,SPECIAL PROGRAMMES IMPLEMENTATION DEPARTMENT,86c41208e5670721,f2f3bb8eb2ed925c,2,Head of Department,SPECIAL PROGRAMMES IMPLEMENTATION DEPARTMENT > TAMIL NADU SKILL DEVELOPMENT CORPORATION,rti_tamil_nadu
TN-874,b2026q3_02,TN-0124db2b3889dfa4,Tamil Nadu,TAMIL NADU WOMEN EMPLOYMENT AND SAFETY PROJECT,rti_meta,en,portal,wave1-rti-information-v1,plain,RA2,SPECIAL PROGRAMMES IMPLEMENTATION DEPARTMENT | Head of Department,,,,,,,,,,,,,,TAMIL NADU WOMEN EMPLOYMENT AND SAFETY PROJECT,SPECIAL PROGRAMMES IMPLEMENTATION DEPARTMENT,0124db2b3889dfa4,f2f3bb8eb2ed925c,2,Head of Department,SPECIAL PROGRAMMES IMPLEMENTATION DEPARTMENT > TAMIL NADU WOMEN EMPLOYMENT AND SAFETY PROJECT,rti_tamil_nadu
TN-875,b2026q3_02,TN-481ae4de8e6ffa43,Tamil Nadu,TAMIL DEVELOPMENT AND INFORMATION DEPARTMENT,rti_meta,en,portal,wave1-rti-information-v1,plain,RA4,TAMIL DEVELOPMENT AND INFORMATION DEPARTMENT | Department,,,,,,,,,,,,,,TAMIL DEVELOPMENT AND INFORMATION DEPARTMENT,TAMIL DEVELOPMENT AND INFORMATION DEPARTMENT,481ae4de8e6ffa43,displayPa,1,Department,TAMIL DEVELOPMENT AND INFORMATION DEPARTMENT,rti_tamil_nadu
TN-876,b2026q3_02,TN-b827e27a903c746a,Tamil Nadu,COMMISSIONERATE OF STATIONERY AND PRINTING,rti_meta,en,portal,wave1-rti-information-v1,plain,RA2,TAMIL DEVELOPMENT AND INFORMATION DEPARTMENT | Head of Department,,,,,,,,,,,,,,COMMISSIONERATE OF STATIONERY AND PRINTING,TAMIL DEVELOPMENT AND INFORMATION DEPARTMENT,b827e27a903c746a,481ae4de8e6ffa43,2,Head of Department,TAMIL DEVELOPMENT AND INFORMATION DEPARTMENT > COMMISSIONERATE OF STATIONERY AND PRINTING,rti_tamil_nadu
TN-877,b2026q3_02,TN-6a2ec8cb15eaeedb,Tamil Nadu,INTERNATIONAL INSTITUTE OF TAMIL STUDIES,rti_meta,en,portal,wave1-rti-information-v1,legal_salience,RA3,TAMIL DEVELOPMENT AND INFORMATION DEPARTMENT | Head of Department,,,,,,,,,,,,,,INTERNATIONAL INSTITUTE OF TAMIL STUDIES,TAMIL DEVELOPMENT AND INFORMATION DEPARTMENT,6a2ec8cb15eaeedb,481ae4de8e6ffa43,2,Head of Department,TAMIL DEVELOPMENT AND INFORMATION DEPARTMENT > INTERNATIONAL INSTITUTE OF TAMIL STUDIES,rti_tamil_nadu
TN-878,b2026q3_02,TN-f0060e8e7c05f00a,Tamil Nadu,TAMIL DEVELOPMENT DEPARTMENT,rti_meta,en,portal,wave1-rti-information-v1,plain,RA1,TAMIL DEVELOPMENT AND INFORMATION DEPARTMENT | Head of Department,,,,,,,,,,,,,,TAMIL DEVELOPMENT DEPARTMENT,TAMIL DEVELOPMENT AND INFORMATION DEPARTMENT,f0060e8e7c05f00a,481ae4de8e6ffa43,2,Head of Department,TAMIL DEVELOPMENT AND INFORMATION DEPARTMENT > TAMIL DEVELOPMENT DEPARTMENT,rti_tamil_nadu
TN-879,b2026q3_02,TN-d8d6902997eddbef,Tamil Nadu,THE DIRECTORATE OF TAMIL ETYMOLOGICAL DICTIONARY PROJECT,rti_meta,en,portal,wave1-rti-information-v1,plain,RA3,TAMIL DEVELOPMENT AND INFORMATION DEPARTMENT | Head of Department,,,,,,,,,,,,,,THE DIRECTORATE OF TAMIL ETYMOLOGICAL DICTIONARY PROJECT,TAMIL DEVELOPMENT AND INFORMATION DEPARTMENT,d8d6902997eddbef,481ae4de8e6ffa43,2,Head of Department,TAMIL DEVELOPMENT AND INFORMATION DEPARTMENT > THE DIRECTORATE OF TAMIL ETYMOLOGICAL DICTIONARY PROJECT,rti_tamil_nadu
TN-880,b2026q3_02,TN-7081a5e5c46dc73d,Tamil Nadu,"GOVERNMENT BRANCH PRESS, TIRUPPUR",rti_meta,en,portal,wave1-rti-information-v1,plain,RA1,TAMIL DEVELOPMENT AND INFORMATION DEPARTMENT | Sub Office,,,,,,,,,,,,,,"GOVERNMENT BRANCH PRESS, TIRUPPUR",TAMIL DEVELOPMENT AND INFORMATION DEPARTMENT,7081a5e5c46dc73d,b827e27a903c746a,3,Sub Office,"TAMIL DEVELOPMENT AND INFORMATION DEPARTMENT > COMMISSIONERATE OF STATIONERY AND PRINTING > GOVERNMENT BRANCH PRESS, TIRUPPUR",rti_tamil_nadu
TN-881,b2026q3_02,TN-c59f5468c0427794,Tamil Nadu,"GOVERNMENT BRANCH PRESS,, MADURAI",rti_meta,en,portal,wave1-rti-information-v1,plain,RA1,TAMIL DEVELOPMENT AND INFORMATION DEPARTMENT | Sub Office,,,,,,,,,,,,,,"GOVERNMENT BRANCH PRESS,, MADURAI",TAMIL DEVELOPMENT AND INFORMATION DEPARTMENT,c59f5468c0427794,b827e27a903c746a,3,Sub Office,"TAMIL DEVELOPMENT AND INFORMATION DEPARTMENT > COMMISSIONERATE OF STATIONERY AND PRINTING > GOVERNMENT BRANCH PRESS,, MADURAI",rti_tamil_nadu
TN-882,b2026q3_02,TN-b8cb4ab95910e1d0,Tamil Nadu,"GOVERNMENT BRANCH PRESS,, TRICHY.",rti_meta,en,portal,wave1-rti-information-v1,plain,RA4,TAMIL DEVELOPMENT AND INFORMATION DEPARTMENT | Sub Office,,,,,,,,,,,,,,"GOVERNMENT BRANCH PRESS,, TRICHY.",TAMIL DEVELOPMENT AND INFORMATION DEPARTMENT,b8cb4ab95910e1d0,b827e27a903c746a,3,Sub Office,"TAMIL DEVELOPMENT AND INFORMATION DEPARTMENT > COMMISSIONERATE OF STATIONERY AND PRINTING > GOVERNMENT BRANCH PRESS,, TRICHY.",rti_tamil_nadu
TN-883,b2026q3_02,TN-5cce78011db7db2b,Tamil Nadu,"GOVERNMENT STATIONERY STORE, CHENNAI",rti_meta,en,portal,wave1-rti-information-v1,legal_salience,RA3,TAMIL DEVELOPMENT AND INFORMATION DEPARTMENT | Sub Office,,,,,,,,,,,,,,"GOVERNMENT STATIONERY STORE, CHENNAI",TAMIL DEVELOPMENT AND INFORMATION DEPARTMENT,5cce78011db7db2b,b827e27a903c746a,3,Sub Office,"TAMIL DEVELOPMENT AND INFORMATION DEPARTMENT > COMMISSIONERATE OF STATIONERY AND PRINTING > GOVERNMENT STATIONERY STORE, CHENNAI",rti_tamil_nadu
TN-884,b2026q3_02,TN-4b2872057d33430d,Tamil Nadu,"O/O DEPUTY DIRECTOR TAMIL DEVELOPMENT DEPARTMENT, MADURAI",rti_meta,en,portal,wave1-rti-information-v1,plain,RA4,TAMIL DEVELOPMENT AND INFORMATION DEPARTMENT | Sub Office,,,,,,,,,,,,,,"O/O DEPUTY DIRECTOR TAMIL DEVELOPMENT DEPARTMENT, MADURAI",TAMIL DEVELOPMENT AND INFORMATION DEPARTMENT,4b2872057d33430d,f0060e8e7c05f00a,3,Sub Office,"TAMIL DEVELOPMENT AND INFORMATION DEPARTMENT > TAMIL DEVELOPMENT DEPARTMENT > O/O DEPUTY DIRECTOR TAMIL DEVELOPMENT DEPARTMENT, MADURAI",rti_tamil_nadu
TN-885,b2026q3_02,TN-309a7706ab5b2edd,Tamil Nadu,"O/O, ASSISTANT DIRECTOR, TAMIL DEVELOPMENT DEPARTMEN THENI",rti_meta,en,portal,wave1-rti-information-v1,plain,RA2,TAMIL DEVELOPMENT AND INFORMATION DEPARTMENT | Sub Office,,,,,,,,,,,,,,"O/O, ASSISTANT DIRECTOR, TAMIL DEVELOPMENT DEPARTMEN THENI",TAMIL DEVELOPMENT AND INFORMATION DEPARTMENT,309a7706ab5b2edd,f0060e8e7c05f00a,3,Sub Office,"TAMIL DEVELOPMENT AND INFORMATION DEPARTMENT > TAMIL DEVELOPMENT DEPARTMENT > O/O, ASSISTANT DIRECTOR, TAMIL DEVELOPMENT DEPARTMEN THENI",rti_tamil_nadu
TN-886,b2026q3_02,TN-03cf7ede480f92ae,Tamil Nadu,"O/O, ASSISTANT DIRECTOR, TAMIL DEVELOPMENT DEPARTMENT, ARIYALUR",rti_meta,en,portal,wave1-rti-information-v1,legal_salience,RA1,TAMIL DEVELOPMENT AND INFORMATION DEPARTMENT | Sub Office,,,,,,,,,,,,,,"O/O, ASSISTANT DIRECTOR, TAMIL DEVELOPMENT DEPARTMENT, ARIYALUR",TAMIL DEVELOPMENT AND INFORMATION DEPARTMENT,03cf7ede480f92ae,f0060e8e7c05f00a,3,Sub Office,"TAMIL DEVELOPMENT AND INFORMATION DEPARTMENT > TAMIL DEVELOPMENT DEPARTMENT > O/O, ASSISTANT DIRECTOR, TAMIL DEVELOPMENT DEPARTMENT, ARIYALUR",rti_tamil_nadu
TN-887,b2026q3_02,TN-c9ec71600111b098,Tamil Nadu,"O/O, ASSISTANT DIRECTOR, TAMIL DEVELOPMENT DEPARTMENT, DHARMAPURI",rti_meta,en,portal,wave1-rti-information-v1,plain,RA2,TAMIL DEVELOPMENT AND INFORMATION DEPARTMENT | Sub Office,,,,,,,,,,,,,,"O/O, ASSISTANT DIRECTOR, TAMIL DEVELOPMENT DEPARTMENT, DHARMAPURI",TAMIL DEVELOPMENT AND INFORMATION DEPARTMENT,c9ec71600111b098,f0060e8e7c05f00a,3,Sub Office,"TAMIL DEVELOPMENT AND INFORMATION DEPARTMENT > TAMIL DEVELOPMENT DEPARTMENT > O/O, ASSISTANT DIRECTOR, TAMIL DEVELOPMENT DEPARTMENT, DHARMAPURI",rti_tamil_nadu
TN-888,b2026q3_02,TN-46856a44c0885502,Tamil Nadu,"O/O, ASSISTANT DIRECTOR, TAMIL DEVELOPMENT DEPARTMENT, KANCHEEPURAM",rti_meta,en,portal,wave1-rti-information-v1,legal_salience,RA2,TAMIL DEVELOPMENT AND INFORMATION DEPARTMENT | Sub Office,,,,,,,,,,,,,,"O/O, ASSISTANT DIRECTOR, TAMIL DEVELOPMENT DEPARTMENT, KANCHEEPURAM",TAMIL DEVELOPMENT AND INFORMATION DEPARTMENT,46856a44c0885502,f0060e8e7c05f00a,3,Sub Office,"TAMIL DEVELOPMENT AND INFORMATION DEPARTMENT > TAMIL DEVELOPMENT DEPARTMENT > O/O, ASSISTANT DIRECTOR, TAMIL DEVELOPMENT DEPARTMENT, KANCHEEPURAM",rti_tamil_nadu
TN-889,b2026q3_02,TN-6766ba68bd5edf9f,Tamil Nadu,"O/O, ASSISTANT DIRECTOR, TAMIL DEVELOPMENT DEPARTMENT, KARUR",rti_meta,en,portal,wave1-rti-information-v1,plain,RA4,TAMIL DEVELOPMENT AND INFORMATION DEPARTMENT | Sub Office,,,,,,,,,,,,,,"O/O, ASSISTANT DIRECTOR, TAMIL DEVELOPMENT DEPARTMENT, KARUR",TAMIL DEVELOPMENT AND INFORMATION DEPARTMENT,6766ba68bd5edf9f,f0060e8e7c05f00a,3,Sub Office,"TAMIL DEVELOPMENT AND INFORMATION DEPARTMENT > TAMIL DEVELOPMENT DEPARTMENT > O/O, ASSISTANT DIRECTOR, TAMIL DEVELOPMENT DEPARTMENT, KARUR",rti_tamil_nadu
TN-890,b2026q3_02,TN-c257a8f22ee017c4,Tamil Nadu,"O/O, ASSISTANT DIRECTOR, TAMIL DEVELOPMENT DEPARTMENT, KRISHNAGIRI",rti_meta,en,portal,wave1-rti-information-v1,plain,RA3,TAMIL DEVELOPMENT AND INFORMATION DEPARTMENT | Sub Office,,,,,,,,,,,,,,"O/O, ASSISTANT DIRECTOR, TAMIL DEVELOPMENT DEPARTMENT, KRISHNAGIRI",TAMIL DEVELOPMENT AND INFORMATION DEPARTMENT,c257a8f22ee017c4,f0060e8e7c05f00a,3,Sub Office,"TAMIL DEVELOPMENT AND INFORMATION DEPARTMENT > TAMIL DEVELOPMENT DEPARTMENT > O/O, ASSISTANT DIRECTOR, TAMIL DEVELOPMENT DEPARTMENT, KRISHNAGIRI",rti_tamil_nadu
TN-891,b2026q3_02,TN-b8335976f5c2c7b1,Tamil Nadu,"O/O, ASSISTANT DIRECTOR, TAMIL DEVELOPMENT DEPARTMENT, NILAGIRI",rti_meta,en,portal,wave1-rti-information-v1,plain,RA2,TAMIL DEVELOPMENT AND INFORMATION DEPARTMENT | Sub Office,,,,,,,,,,,,,,"O/O, ASSISTANT DIRECTOR, TAMIL DEVELOPMENT DEPARTMENT, NILAGIRI",TAMIL DEVELOPMENT AND INFORMATION DEPARTMENT,b8335976f5c2c7b1,f0060e8e7c05f00a,3,Sub Office,"TAMIL DEVELOPMENT AND INFORMATION DEPARTMENT > TAMIL DEVELOPMENT DEPARTMENT > O/O, ASSISTANT DIRECTOR, TAMIL DEVELOPMENT DEPARTMENT, NILAGIRI",rti_tamil_nadu
TN-892,b2026q3_02,TN-7f44b7447c5bcd74,Tamil Nadu,"O/O, ASSISTANT DIRECTOR, TAMIL DEVELOPMENT DEPARTMENT, THANJAVUR",rti_meta,en,portal,wave1-rti-information-v1,legal_salience,RA4,TAMIL DEVELOPMENT AND INFORMATION DEPARTMENT | Sub Office,,,,,,,,,,,,,,"O/O, ASSISTANT DIRECTOR, TAMIL DEVELOPMENT DEPARTMENT, THANJAVUR",TAMIL DEVELOPMENT AND INFORMATION DEPARTMENT,7f44b7447c5bcd74,f0060e8e7c05f00a,3,Sub Office,"TAMIL DEVELOPMENT AND INFORMATION DEPARTMENT > TAMIL DEVELOPMENT DEPARTMENT > O/O, ASSISTANT DIRECTOR, TAMIL DEVELOPMENT DEPARTMENT, THANJAVUR",rti_tamil_nadu
TN-893,b2026q3_02,TN-c29fcad13b2a018a,Tamil Nadu,"O/O, ASSISTANT DIRECTOR, TAMIL DEVELOPMENT DEPARTMENT, VIRUDHUNAGAR",rti_meta,en,portal,wave1-rti-information-v1,plain,RA3,TAMIL DEVELOPMENT AND INFORMATION DEPARTMENT | Sub Office,,,,,,,,,,,,,,"O/O, ASSISTANT DIRECTOR, TAMIL DEVELOPMENT DEPARTMENT, VIRUDHUNAGAR",TAMIL DEVELOPMENT AND INFORMATION DEPARTMENT,c29fcad13b2a018a,f0060e8e7c05f00a,3,Sub Office,"TAMIL DEVELOPMENT AND INFORMATION DEPARTMENT > TAMIL DEVELOPMENT DEPARTMENT > O/O, ASSISTANT DIRECTOR, TAMIL DEVELOPMENT DEPARTMENT, VIRUDHUNAGAR",rti_tamil_nadu
TN-894,b2026q3_02,TN-a8c8498f0d0a2024,Tamil Nadu,"O/O, ASSISTANT DIRECTOR, TAMIL DEVELOPMENT DEPARTMENT,PERAMBALUR-",rti_meta,en,portal,wave1-rti-information-v1,plain,RA1,TAMIL DEVELOPMENT AND INFORMATION DEPARTMENT | Sub Office,,,,,,,,,,,,,,"O/O, ASSISTANT DIRECTOR, TAMIL DEVELOPMENT DEPARTMENT,PERAMBALUR-",TAMIL DEVELOPMENT AND INFORMATION DEPARTMENT,a8c8498f0d0a2024,f0060e8e7c05f00a,3,Sub Office,"TAMIL DEVELOPMENT AND INFORMATION DEPARTMENT > TAMIL DEVELOPMENT DEPARTMENT > O/O, ASSISTANT DIRECTOR, TAMIL DEVELOPMENT DEPARTMENT,PERAMBALUR-",rti_tamil_nadu
TN-895,b2026q3_02,TN-4c2c799e8f39c8e9,Tamil Nadu,"O/O, DEPUTY DIRECTOR, TAMIL DEVELOPMENT DEPARTMENT, , THIRUPPUR",rti_meta,en,portal,wave1-rti-information-v1,plain,RA4,TAMIL DEVELOPMENT AND INFORMATION DEPARTMENT | Sub Office,,,,,,,,,,,,,,"O/O, DEPUTY DIRECTOR, TAMIL DEVELOPMENT DEPARTMENT, , THIRUPPUR",TAMIL DEVELOPMENT AND INFORMATION DEPARTMENT,4c2c799e8f39c8e9,f0060e8e7c05f00a,3,Sub Office,"TAMIL DEVELOPMENT AND INFORMATION DEPARTMENT > TAMIL DEVELOPMENT DEPARTMENT > O/O, DEPUTY DIRECTOR, TAMIL DEVELOPMENT DEPARTMENT, , THIRUPPUR",rti_tamil_nadu
TN-896,b2026q3_02,TN-60a34a2684094848,Tamil Nadu,"O/O, DEPUTY DIRECTOR, TAMIL DEVELOPMENT DEPARTMENT, COIMBATORE",rti_meta,en,portal,wave1-rti-information-v1,plain,RA1,TAMIL DEVELOPMENT AND INFORMATION DEPARTMENT | Sub Office,,,,,,,,,,,,,,"O/O, DEPUTY DIRECTOR, TAMIL DEVELOPMENT DEPARTMENT, COIMBATORE",TAMIL DEVELOPMENT AND INFORMATION DEPARTMENT,60a34a2684094848,f0060e8e7c05f00a,3,Sub Office,"TAMIL DEVELOPMENT AND INFORMATION DEPARTMENT > TAMIL DEVELOPMENT DEPARTMENT > O/O, DEPUTY DIRECTOR, TAMIL DEVELOPMENT DEPARTMENT, COIMBATORE",rti_tamil_nadu
TN-897,b2026q3_02,TN-bb8fb66af08bbcec,Tamil Nadu,"O/O, DEPUTY DIRECTOR, TAMIL DEVELOPMENT DEPARTMENT, SALEM",rti_meta,en,portal,wave1-rti-information-v1,legal_salience,RA1,TAMIL DEVELOPMENT AND INFORMATION DEPARTMENT | Sub Office,,,,,,,,,,,,,,"O/O, DEPUTY DIRECTOR, TAMIL DEVELOPMENT DEPARTMENT, SALEM",TAMIL DEVELOPMENT AND INFORMATION DEPARTMENT,bb8fb66af08bbcec,f0060e8e7c05f00a,3,Sub Office,"TAMIL DEVELOPMENT AND INFORMATION DEPARTMENT > TAMIL DEVELOPMENT DEPARTMENT > O/O, DEPUTY DIRECTOR, TAMIL DEVELOPMENT DEPARTMENT, SALEM",rti_tamil_nadu
TN-898,b2026q3_02,TN-de39e1be45f8e898,Tamil Nadu,"O/O. ASSISTANT DIRECTOR, TAMIL DEVELOPMENT DEPARTMENT, NAGAPPATINAM",rti_meta,en,portal,wave1-rti-information-v1,plain,RA3,TAMIL DEVELOPMENT AND INFORMATION DEPARTMENT | Sub Office,,,,,,,,,,,,,,"O/O. ASSISTANT DIRECTOR, TAMIL DEVELOPMENT DEPARTMENT, NAGAPPATINAM",TAMIL DEVELOPMENT AND INFORMATION DEPARTMENT,de39e1be45f8e898,f0060e8e7c05f00a,3,Sub Office,"TAMIL DEVELOPMENT AND INFORMATION DEPARTMENT > TAMIL DEVELOPMENT DEPARTMENT > O/O. ASSISTANT DIRECTOR, TAMIL DEVELOPMENT DEPARTMENT, NAGAPPATINAM",rti_tamil_nadu
TN-899,b2026q3_02,TN-60f27bebdbfaac01,Tamil Nadu,"O/O. DEPUTY DIRECTOR, TAMIL DEVELOPMENT DEPARTMENT, THOOTHUKUDI -",rti_meta,en,portal,wave1-rti-information-v1,legal_salience,RA4,TAMIL DEVELOPMENT AND INFORMATION DEPARTMENT | Sub Office,,,,,,,,,,,,,,"O/O. DEPUTY DIRECTOR, TAMIL DEVELOPMENT DEPARTMENT, THOOTHUKUDI -",TAMIL DEVELOPMENT AND INFORMATION DEPARTMENT,60f27bebdbfaac01,f0060e8e7c05f00a,3,Sub Office,"TAMIL DEVELOPMENT AND INFORMATION DEPARTMENT > TAMIL DEVELOPMENT DEPARTMENT > O/O. DEPUTY DIRECTOR, TAMIL DEVELOPMENT DEPARTMENT, THOOTHUKUDI -",rti_tamil_nadu
TN-900,b2026q3_02,TN-5d7f60687f6a0e15,Tamil Nadu,"TOURISM, CULTURE AND RELIGIOUS ENDOWMENTS DEPARTMENT",rti_meta,en,portal,wave1-rti-information-v1,plain,RA2,"TOURISM, CULTURE AND RELIGIOUS ENDOWMENTS DEPARTMENT | Department",,,,,,,,,,,,,,"TOURISM, CULTURE AND RELIGIOUS ENDOWMENTS DEPARTMENT","TOURISM, CULTURE AND RELIGIOUS ENDOWMENTS DEPARTMENT",5d7f60687f6a0e15,displayPa,1,Department,"TOURISM, CULTURE AND RELIGIOUS ENDOWMENTS DEPARTMENT",rti_tamil_nadu
TN-901,b2026q3_02,TN-0ce47a087925983c,Tamil Nadu,DIRECTORATE OF ART AND CULTURE,rti_meta,en,portal,wave1-rti-information-v1,plain,RA4,"TOURISM, CULTURE AND RELIGIOUS ENDOWMENTS DEPARTMENT | Head of Department",,,,,,,,,,,,,,DIRECTORATE OF ART AND CULTURE,"TOURISM, CULTURE AND RELIGIOUS ENDOWMENTS DEPARTMENT",0ce47a087925983c,5d7f60687f6a0e15,2,Head of Department,"TOURISM, CULTURE AND RELIGIOUS ENDOWMENTS DEPARTMENT > DIRECTORATE OF ART AND CULTURE",rti_tamil_nadu
TN-902,b2026q3_02,TN-a7fe58d8596ee215,Tamil Nadu,DIRECTORATE OF GOVERNMENT MUSEUMS,rti_meta,en,portal,wave1-rti-information-v1,plain,RA3,"TOURISM, CULTURE AND RELIGIOUS ENDOWMENTS DEPARTMENT | Head of Department",,,,,,,,,,,,,,DIRECTORATE OF GOVERNMENT MUSEUMS,"TOURISM, CULTURE AND RELIGIOUS ENDOWMENTS DEPARTMENT",a7fe58d8596ee215,5d7f60687f6a0e15,2,Head of Department,"TOURISM, CULTURE AND RELIGIOUS ENDOWMENTS DEPARTMENT > DIRECTORATE OF GOVERNMENT MUSEUMS",rti_tamil_nadu
TN-903,b2026q3_02,TN-a9c2ae00c1aabaa6,Tamil Nadu,TAMILNADU TOURISM DEVELOPMENT CORPORATION (HEAD OFFICE),rti_meta,en,portal,wave1-rti-information-v1,plain,RA1,"TOURISM, CULTURE AND RELIGIOUS ENDOWMENTS DEPARTMENT | Head of Department",,,,,,,,,,,,,,TAMILNADU TOURISM DEVELOPMENT CORPORATION (HEAD OFFICE),"TOURISM, CULTURE AND RELIGIOUS ENDOWMENTS DEPARTMENT",a9c2ae00c1aabaa6,5d7f60687f6a0e15,2,Head of Department,"TOURISM, CULTURE AND RELIGIOUS ENDOWMENTS DEPARTMENT > TAMILNADU TOURISM DEVELOPMENT CORPORATION (HEAD OFFICE)",rti_tamil_nadu
TN-904,b2026q3_02,TN-2f432a9134fb3327,Tamil Nadu,THE COMMISSIONER OF HINDU RELIGIOUS AND CHARITABLE ENDOWMENTS DEPARTME,rti_meta,en,portal,wave1-rti-information-v1,legal_salience,RA2,"TOURISM, CULTURE AND RELIGIOUS ENDOWMENTS DEPARTMENT | Head of Department",,,,,,,,,,,,,,THE COMMISSIONER OF HINDU RELIGIOUS AND CHARITABLE ENDOWMENTS DEPARTME,"TOURISM, CULTURE AND RELIGIOUS ENDOWMENTS DEPARTMENT",2f432a9134fb3327,5d7f60687f6a0e15,2,Head of Department,"TOURISM, CULTURE AND RELIGIOUS ENDOWMENTS DEPARTMENT > THE COMMISSIONER OF HINDU RELIGIOUS AND CHARITABLE ENDOWMENTS DEPARTME",rti_tamil_nadu
TN-905,b2026q3_02,TN-5fa0008b834e710e,Tamil Nadu,"AC EO OFFICE, ARULMIGU THIYAGARAJA SWAMY TEMPLE,CHENNAI",rti_meta,en,portal,wave1-rti-information-v1,plain,RA2,"TOURISM, CULTURE AND RELIGIOUS ENDOWMENTS DEPARTMENT | Sub Office",,,,,,,,,,,,,,"AC EO OFFICE, ARULMIGU THIYAGARAJA SWAMY TEMPLE,CHENNAI","TOURISM, CULTURE AND RELIGIOUS ENDOWMENTS DEPARTMENT",5fa0008b834e710e,2f432a9134fb3327,3,Sub Office,"TOURISM, CULTURE AND RELIGIOUS ENDOWMENTS DEPARTMENT > THE COMMISSIONER OF HINDU RELIGIOUS AND CHARITABLE ENDOWMENTS DEPARTME > AC EO OFFICE, ARULMIGU THIYAGARAJA SWAMY TEMPLE,CHENNAI",rti_tamil_nadu
TN-906,b2026q3_02,TN-3ea70dd96909d8db,Tamil Nadu,"AC EO OFFICE,ARULMIGU NAGANATHA SWAMY TEMPLE, THIRUNAGESWARAM",rti_meta,en,portal,wave1-rti-information-v1,plain,RA1,"TOURISM, CULTURE AND RELIGIOUS ENDOWMENTS DEPARTMENT | Sub Office",,,,,,,,,,,,,,"AC EO OFFICE,ARULMIGU NAGANATHA SWAMY TEMPLE, THIRUNAGESWARAM","TOURISM, CULTURE AND RELIGIOUS ENDOWMENTS DEPARTMENT",3ea70dd96909d8db,2f432a9134fb3327,3,Sub Office,"TOURISM, CULTURE AND RELIGIOUS ENDOWMENTS DEPARTMENT > THE COMMISSIONER OF HINDU RELIGIOUS AND CHARITABLE ENDOWMENTS DEPARTME > AC EO OFFICE,ARULMIGU NAGANATHA SWAMY TEMPLE, THIRUNAGESWARAM",rti_tamil_nadu
TN-907,b2026q3_02,TN-f5ae0ab95aa4edc5,Tamil Nadu,"AC EO OFFICE,ARULMIGU SUGAVANESUWARAR TEMPLE, SALEM",rti_meta,en,portal,wave1-rti-information-v1,legal_salience,RA2,"TOURISM, CULTURE AND RELIGIOUS ENDOWMENTS DEPARTMENT | Sub Office",,,,,,,,,,,,,,"AC EO OFFICE,ARULMIGU SUGAVANESUWARAR TEMPLE, SALEM","TOURISM, CULTURE AND RELIGIOUS ENDOWMENTS DEPARTMENT",f5ae0ab95aa4edc5,2f432a9134fb3327,3,Sub Office,"TOURISM, CULTURE AND RELIGIOUS ENDOWMENTS DEPARTMENT > THE COMMISSIONER OF HINDU RELIGIOUS AND CHARITABLE ENDOWMENTS DEPARTME > AC EO OFFICE,ARULMIGU SUGAVANESUWARAR TEMPLE, SALEM",rti_tamil_nadu
TN-908,b2026q3_02,TN-86c89811fc4e0e6c,Tamil Nadu,"ARCHAEOLOGICAL DEPARTMENT, SUB OFFICE ARCOT",rti_meta,en,portal,wave1-rti-information-v1,plain,RA4,"TOURISM, CULTURE AND RELIGIOUS ENDOWMENTS DEPARTMENT | Sub Office",,,,,,,,,,,,,,"ARCHAEOLOGICAL DEPARTMENT, SUB OFFICE ARCOT","TOURISM, CULTURE AND RELIGIOUS ENDOWMENTS DEPARTMENT",86c89811fc4e0e6c,fae43b87aba024a7,3,Sub Office,"TOURISM, CULTURE AND RELIGIOUS ENDOWMENTS DEPARTMENT > COMMISSIONERATE OF ARCHAEOLOGY > ARCHAEOLOGICAL DEPARTMENT, SUB OFFICE ARCOT",rti_tamil_nadu
TN-909,b2026q3_02,TN-c669eb28684821b4,Tamil Nadu,"DC EO OFFICE,ARULMIGU KAMAKSHI AMMAN TEMPLE, MANGADU",rti_meta,en,portal,wave1-rti-information-v1,plain,RA2,"TOURISM, CULTURE AND RELIGIOUS ENDOWMENTS DEPARTMENT | Sub Office",,,,,,,,,,,,,,"DC EO OFFICE,ARULMIGU KAMAKSHI AMMAN TEMPLE, MANGADU","TOURISM, CULTURE AND RELIGIOUS ENDOWMENTS DEPARTMENT",c669eb28684821b4,2f432a9134fb3327,3,Sub Office,"TOURISM, CULTURE AND RELIGIOUS ENDOWMENTS DEPARTMENT > THE COMMISSIONER OF HINDU RELIGIOUS AND CHARITABLE ENDOWMENTS DEPARTME > DC EO OFFICE,ARULMIGU KAMAKSHI AMMAN TEMPLE, MANGADU",rti_tamil_nadu
TN-910,b2026q3_02,TN-bc61d05d30d5ad40,Tamil Nadu,"DEPARTMENT OF ARCHAEOLOGY, SUB OFFICE, RAMANATHAPURAM",rti_meta,en,portal,wave1-rti-information-v1,plain,RA1,"TOURISM, CULTURE AND RELIGIOUS ENDOWMENTS DEPARTMENT | Sub Office",,,,,,,,,,,,,,"DEPARTMENT OF ARCHAEOLOGY, SUB OFFICE, RAMANATHAPURAM","TOURISM, CULTURE AND RELIGIOUS ENDOWMENTS DEPARTMENT",bc61d05d30d5ad40,fae43b87aba024a7,3,Sub Office,"TOURISM, CULTURE AND RELIGIOUS ENDOWMENTS DEPARTMENT > COMMISSIONERATE OF ARCHAEOLOGY > DEPARTMENT OF ARCHAEOLOGY, SUB OFFICE, RAMANATHAPURAM",rti_tamil_nadu
TN-911,b2026q3_02,TN-018227fa3cd43e8e,Tamil Nadu,"DEPARTMENT OF ARCHAEOLOGY, SUB OFFICE, THIRUKOVILUR",rti_meta,en,portal,wave1-rti-information-v1,plain,RA4,"TOURISM, CULTURE AND RELIGIOUS ENDOWMENTS DEPARTMENT | Sub Office",,,,,,,,,,,,,,"DEPARTMENT OF ARCHAEOLOGY, SUB OFFICE, THIRUKOVILUR","TOURISM, CULTURE AND RELIGIOUS ENDOWMENTS DEPARTMENT",018227fa3cd43e8e,fae43b87aba024a7,3,Sub Office,"TOURISM, CULTURE AND RELIGIOUS ENDOWMENTS DEPARTMENT > COMMISSIONERATE OF ARCHAEOLOGY > DEPARTMENT OF ARCHAEOLOGY, SUB OFFICE, THIRUKOVILUR",rti_tamil_nadu
TN-912,b2026q3_02,TN-b1464672bc047ac7,Tamil Nadu,GOVERNMENT COLLEGE OF FINE ARTS CHENNAI,rti_meta,en,portal,wave1-rti-information-v1,plain,RA3,"TOURISM, CULTURE AND RELIGIOUS ENDOWMENTS DEPARTMENT | Sub Office",,,,,,,,,,,,,,GOVERNMENT COLLEGE OF FINE ARTS CHENNAI,"TOURISM, CULTURE AND RELIGIOUS ENDOWMENTS DEPARTMENT",b1464672bc047ac7,0ce47a087925983c,3,Sub Office,"TOURISM, CULTURE AND RELIGIOUS ENDOWMENTS DEPARTMENT > DIRECTORATE OF ART AND CULTURE > GOVERNMENT COLLEGE OF FINE ARTS CHENNAI",rti_tamil_nadu
TN-913,b2026q3_02,TN-773374491e5081e4,Tamil Nadu,GOVERNMENT MUSEUM ARIYALUR,rti_meta,en,portal,wave1-rti-information-v1,plain,RA2,"TOURISM, CULTURE AND RELIGIOUS ENDOWMENTS DEPARTMENT | Sub Office",,,,,,,,,,,,,,GOVERNMENT MUSEUM ARIYALUR,"TOURISM, CULTURE AND RELIGIOUS ENDOWMENTS DEPARTMENT",773374491e5081e4,a7fe58d8596ee215,3,Sub Office,"TOURISM, CULTURE AND RELIGIOUS ENDOWMENTS DEPARTMENT > DIRECTORATE OF GOVERNMENT MUSEUMS > GOVERNMENT MUSEUM ARIYALUR",rti_tamil_nadu
TN-914,b2026q3_02,TN-c9efa7246a5d7706,Tamil Nadu,GOVERNMENT MUSEUM PUDUKKOTTAI,rti_meta,en,portal,wave1-rti-information-v1,legal_salience,RA3,"TOURISM, CULTURE AND RELIGIOUS ENDOWMENTS DEPARTMENT | Sub Office",,,,,,,,,,,,,,GOVERNMENT MUSEUM PUDUKKOTTAI,"TOURISM, CULTURE AND RELIGIOUS ENDOWMENTS DEPARTMENT",c9efa7246a5d7706,a7fe58d8596ee215,3,Sub Office,"TOURISM, CULTURE AND RELIGIOUS ENDOWMENTS DEPARTMENT > DIRECTORATE OF GOVERNMENT MUSEUMS > GOVERNMENT MUSEUM PUDUKKOTTAI",rti_tamil_nadu
TN-915,b2026q3_02,TN-0ad55543e6d4c8d6,Tamil Nadu,GOVERNMENT MUSEUM TIRUNELVELI,rti_meta,en,portal,wave1-rti-information-v1,plain,RA3,"TOURISM, CULTURE AND RELIGIOUS ENDOWMENTS DEPARTMENT | Sub Office",,,,,,,,,,,,,,GOVERNMENT MUSEUM TIRUNELVELI,"TOURISM, CULTURE AND RELIGIOUS ENDOWMENTS DEPARTMENT",0ad55543e6d4c8d6,a7fe58d8596ee215,3,Sub Office,"TOURISM, CULTURE AND RELIGIOUS ENDOWMENTS DEPARTMENT > DIRECTORATE OF GOVERNMENT MUSEUMS > GOVERNMENT MUSEUM TIRUNELVELI",rti_tamil_nadu
TN-916,b2026q3_02,TN-530fd007f722ef1f,Tamil Nadu,"H.R.&.C.E. DEPARTMENT JOINT COMMISSIONER, SIVAGANGAI REGION",rti_meta,en,portal,wave1-rti-information-v1,plain,RA4,"TOURISM, CULTURE AND RELIGIOUS ENDOWMENTS DEPARTMENT | Sub Office",,,,,,,,,,,,,,"H.R.&.C.E. DEPARTMENT JOINT COMMISSIONER, SIVAGANGAI REGION","TOURISM, CULTURE AND RELIGIOUS ENDOWMENTS DEPARTMENT",530fd007f722ef1f,2f432a9134fb3327,3,Sub Office,"TOURISM, CULTURE AND RELIGIOUS ENDOWMENTS DEPARTMENT > THE COMMISSIONER OF HINDU RELIGIOUS AND CHARITABLE ENDOWMENTS DEPARTME > H.R.&.C.E. DEPARTMENT JOINT COMMISSIONER, SIVAGANGAI REGION",rti_tamil_nadu
TN-917,b2026q3_02,TN-70d4612aee61fe83,Tamil Nadu,"H.R.&.C.E. DEPARTMENT JOINT COMMISSIONER, TIRUPUR REGION",rti_meta,en,portal,wave1-rti-information-v1,plain,RA3,"TOURISM, CULTURE AND RELIGIOUS ENDOWMENTS DEPARTMENT | Sub Office",,,,,,,,,,,,,,"H.R.&.C.E. DEPARTMENT JOINT COMMISSIONER, TIRUPUR REGION","TOURISM, CULTURE AND RELIGIOUS ENDOWMENTS DEPARTMENT",70d4612aee61fe83,2f432a9134fb3327,3,Sub Office,"TOURISM, CULTURE AND RELIGIOUS ENDOWMENTS DEPARTMENT > THE COMMISSIONER OF HINDU RELIGIOUS AND CHARITABLE ENDOWMENTS DEPARTME > H.R.&.C.E. DEPARTMENT JOINT COMMISSIONER, TIRUPUR REGION",rti_tamil_nadu
TN-918,b2026q3_02,TN-227626664fee3bc4,Tamil Nadu,"H.R.&.C.E. DEPARTMENT, ASSISTANT COMMISSIONER OFFICE, RAMANATHAPURAM",rti_meta,en,portal,wave1-rti-information-v1,legal_salience,RA4,"TOURISM, CULTURE AND RELIGIOUS ENDOWMENTS DEPARTMENT | Sub Office",,,,,,,,,,,,,,"H.R.&.C.E. DEPARTMENT, ASSISTANT COMMISSIONER OFFICE, RAMANATHAPURAM","TOURISM, CULTURE AND RELIGIOUS ENDOWMENTS DEPARTMENT",227626664fee3bc4,2f432a9134fb3327,3,Sub Office,"TOURISM, CULTURE AND RELIGIOUS ENDOWMENTS DEPARTMENT > THE COMMISSIONER OF HINDU RELIGIOUS AND CHARITABLE ENDOWMENTS DEPARTME > H.R.&.C.E. DEPARTMENT, ASSISTANT COMMISSIONER OFFICE, RAMANATHAPURAM",rti_tamil_nadu
TN-919,b2026q3_02,TN-27f1e1ba68be2de2,Tamil Nadu,"H.R.&.C.E. DEPARTMENT, ASSISTANT COMMISSIONER OFFICE, THIRUVANNAMALAI",rti_meta,en,portal,wave1-rti-information-v1,legal_salience,RA1,"TOURISM, CULTURE AND RELIGIOUS ENDOWMENTS DEPARTMENT | Sub Office",,,,,,,,,,,,,,"H.R.&.C.E. DEPARTMENT, ASSISTANT COMMISSIONER OFFICE, THIRUVANNAMALAI","TOURISM, CULTURE AND RELIGIOUS ENDOWMENTS DEPARTMENT",27f1e1ba68be2de2,2f432a9134fb3327,3,Sub Office,"TOURISM, CULTURE AND RELIGIOUS ENDOWMENTS DEPARTMENT > THE COMMISSIONER OF HINDU RELIGIOUS AND CHARITABLE ENDOWMENTS DEPARTME > H.R.&.C.E. DEPARTMENT, ASSISTANT COMMISSIONER OFFICE, THIRUVANNAMALAI",rti_tamil_nadu
TN-920,b2026q3_02,TN-1b2d129141ddc9fc,Tamil Nadu,"H.R.&.C.E. DEPARTMENT, ASSISTANT COMMISSIONER OFFICE, VIRUDHUNAGAR",rti_meta,en,portal,wave1-rti-information-v1,plain,RA1,"TOURISM, CULTURE AND RELIGIOUS ENDOWMENTS DEPARTMENT | Sub Office",,,,,,,,,,,,,,"H.R.&.C.E. DEPARTMENT, ASSISTANT COMMISSIONER OFFICE, VIRUDHUNAGAR","TOURISM, CULTURE AND RELIGIOUS ENDOWMENTS DEPARTMENT",1b2d129141ddc9fc,2f432a9134fb3327,3,Sub Office,"TOURISM, CULTURE AND RELIGIOUS ENDOWMENTS DEPARTMENT > THE COMMISSIONER OF HINDU RELIGIOUS AND CHARITABLE ENDOWMENTS DEPARTME > H.R.&.C.E. DEPARTMENT, ASSISTANT COMMISSIONER OFFICE, VIRUDHUNAGAR",rti_tamil_nadu
TN-921,b2026q3_02,TN-f6d6323d8964cb88,Tamil Nadu,TAMIL NADU EYAL ISAI NATAKA MANRAM,rti_meta,en,portal,wave1-rti-information-v1,plain,RA4,"TOURISM, CULTURE AND RELIGIOUS ENDOWMENTS DEPARTMENT | Sub Office",,,,,,,,,,,,,,TAMIL NADU EYAL ISAI NATAKA MANRAM,"TOURISM, CULTURE AND RELIGIOUS ENDOWMENTS DEPARTMENT",f6d6323d8964cb88,0ce47a087925983c,3,Sub Office,"TOURISM, CULTURE AND RELIGIOUS ENDOWMENTS DEPARTMENT > DIRECTORATE OF ART AND CULTURE > TAMIL NADU EYAL ISAI NATAKA MANRAM",rti_tamil_nadu
TN-922,b2026q3_02,TN-0135abab7ba5ab18,Tamil Nadu,TOURIST OFFICE COIMBATORE,rti_meta,en,portal,wave1-rti-information-v1,plain,RA3,"TOURISM, CULTURE AND RELIGIOUS ENDOWMENTS DEPARTMENT | Sub Office",,,,,,,,,,,,,,TOURIST OFFICE COIMBATORE,"TOURISM, CULTURE AND RELIGIOUS ENDOWMENTS DEPARTMENT",0135abab7ba5ab18,a290cd4313348a3e,3,Sub Office,"TOURISM, CULTURE AND RELIGIOUS ENDOWMENTS DEPARTMENT > DIRECTORATE OF TOURISM > TOURIST OFFICE COIMBATORE",rti_tamil_nadu
TN-923,b2026q3_02,TN-4c03836556ca8f3c,Tamil Nadu,TOURIST OFFICE KRISHNAGIRI,rti_meta,en,portal,wave1-rti-information-v1,plain,RA2,"TOURISM, CULTURE AND RELIGIOUS ENDOWMENTS DEPARTMENT | Sub Office",,,,,,,,,,,,,,TOURIST OFFICE KRISHNAGIRI,"TOURISM, CULTURE AND RELIGIOUS ENDOWMENTS DEPARTMENT",4c03836556ca8f3c,a290cd4313348a3e,3,Sub Office,"TOURISM, CULTURE AND RELIGIOUS ENDOWMENTS DEPARTMENT > DIRECTORATE OF TOURISM > TOURIST OFFICE KRISHNAGIRI",rti_tamil_nadu
TN-924,b2026q3_02,TN-b330f2671bbc727a,Tamil Nadu,TOURIST OFFICE NEW DELHI,rti_meta,en,portal,wave1-rti-information-v1,legal_salience,RA3,"TOURISM, CULTURE AND RELIGIOUS ENDOWMENTS DEPARTMENT | Sub Office",,,,,,,,,,,,,,TOURIST OFFICE NEW DELHI,"TOURISM, CULTURE AND RELIGIOUS ENDOWMENTS DEPARTMENT",b330f2671bbc727a,a290cd4313348a3e,3,Sub Office,"TOURISM, CULTURE AND RELIGIOUS ENDOWMENTS DEPARTMENT > DIRECTORATE OF TOURISM > TOURIST OFFICE NEW DELHI",rti_tamil_nadu
TN-925,b2026q3_02,TN-cdebd0841073e459,Tamil Nadu,TOURIST OFFICE TIRUCHIRAPPALLI,rti_meta,en,portal,wave1-rti-information-v1,legal_salience,RA4,"TOURISM, CULTURE AND RELIGIOUS ENDOWMENTS DEPARTMENT | Sub Office",,,,,,,,,,,,,,TOURIST OFFICE TIRUCHIRAPPALLI,"TOURISM, CULTURE AND RELIGIOUS ENDOWMENTS DEPARTMENT",cdebd0841073e459,a290cd4313348a3e,3,Sub Office,"TOURISM, CULTURE AND RELIGIOUS ENDOWMENTS DEPARTMENT > DIRECTORATE OF TOURISM > TOURIST OFFICE TIRUCHIRAPPALLI",rti_tamil_nadu
TN-926,b2026q3_02,TN-ca2281d5e9406c98,Tamil Nadu,TRANSPORT DEPARTMENT,rti_meta,en,portal,wave1-rti-information-v1,plain,RA1,TRANSPORT DEPARTMENT | Department,,,,,,,,,,,,,,TRANSPORT DEPARTMENT,TRANSPORT DEPARTMENT,ca2281d5e9406c98,displayPa,1,Department,TRANSPORT DEPARTMENT,rti_tamil_nadu
TN-927,b2026q3_02,TN-41238885bde51a16,Tamil Nadu,"METROPOLITAN TRANSPORT CORPORATION (MTC), CHENNAI",rti_meta,en,portal,wave1-rti-information-v1,legal_salience,RA1,TRANSPORT DEPARTMENT | Head of Department,,,,,,,,,,,,,,"METROPOLITAN TRANSPORT CORPORATION (MTC), CHENNAI",TRANSPORT DEPARTMENT,41238885bde51a16,ca2281d5e9406c98,2,Head of Department,"TRANSPORT DEPARTMENT > METROPOLITAN TRANSPORT CORPORATION (MTC), CHENNAI",rti_tamil_nadu
TN-928,b2026q3_02,TN-6e75756fd212cb38,Tamil Nadu,"MOTOR VEHICLES MAINTENANCE DEPARTMENT, CHENNAI",rti_meta,en,portal,wave1-rti-information-v1,plain,RA2,TRANSPORT DEPARTMENT | Head of Department,,,,,,,,,,,,,,"MOTOR VEHICLES MAINTENANCE DEPARTMENT, CHENNAI",TRANSPORT DEPARTMENT,6e75756fd212cb38,ca2281d5e9406c98,2,Head of Department,"TRANSPORT DEPARTMENT > MOTOR VEHICLES MAINTENANCE DEPARTMENT, CHENNAI",rti_tamil_nadu
TN-929,b2026q3_02,TN-cb999c6d7561cedc,Tamil Nadu,"TNSTC (SALEM) LTD.,",rti_meta,en,portal,wave1-rti-information-v1,plain,RA3,TRANSPORT DEPARTMENT | Head of Department,,,,,,,,,,,,,,"TNSTC (SALEM) LTD.,",TRANSPORT DEPARTMENT,cb999c6d7561cedc,ca2281d5e9406c98,2,Head of Department,"TRANSPORT DEPARTMENT > TNSTC (SALEM) LTD.,",rti_tamil_nadu
TN-930,b2026q3_02,TN-857313ab141f292d,Tamil Nadu,TNSTC COIMBATORE (CBE)LTD.,rti_meta,en,portal,wave1-rti-information-v1,plain,RA4,TRANSPORT DEPARTMENT | Head of Department,,,,,,,,,,,,,,TNSTC COIMBATORE (CBE)LTD.,TRANSPORT DEPARTMENT,857313ab141f292d,ca2281d5e9406c98,2,Head of Department,TRANSPORT DEPARTMENT > TNSTC COIMBATORE (CBE)LTD.,rti_tamil_nadu
TN-931,b2026q3_02,TN-22e3823f30078dd4,Tamil Nadu,"GOVT. AUTOMOBILE WORKSHOP, CUDDALORE",rti_meta,en,portal,wave1-rti-information-v1,plain,RA3,TRANSPORT DEPARTMENT | Sub Office,,,,,,,,,,,,,,"GOVT. AUTOMOBILE WORKSHOP, CUDDALORE",TRANSPORT DEPARTMENT,22e3823f30078dd4,6e75756fd212cb38,3,Sub Office,"TRANSPORT DEPARTMENT > MOTOR VEHICLES MAINTENANCE DEPARTMENT, CHENNAI > GOVT. AUTOMOBILE WORKSHOP, CUDDALORE",rti_tamil_nadu
TN-932,b2026q3_02,TN-28fc8945e3318586,Tamil Nadu,"GOVT. AUTOMOBILE WORKSHOP, DINDIGUL",rti_meta,en,portal,wave1-rti-information-v1,legal_salience,RA2,TRANSPORT DEPARTMENT | Sub Office,,,,,,,,,,,,,,"GOVT. AUTOMOBILE WORKSHOP, DINDIGUL",TRANSPORT DEPARTMENT,28fc8945e3318586,6e75756fd212cb38,3,Sub Office,"TRANSPORT DEPARTMENT > MOTOR VEHICLES MAINTENANCE DEPARTMENT, CHENNAI > GOVT. AUTOMOBILE WORKSHOP, DINDIGUL",rti_tamil_nadu
TN-933,b2026q3_02,TN-6071b70c2257f517,Tamil Nadu,"GOVT. AUTOMOBILE WORKSHOP, ERODE",rti_meta,en,portal,wave1-rti-information-v1,plain,RA2,TRANSPORT DEPARTMENT | Sub Office,,,,,,,,,,,,,,"GOVT. AUTOMOBILE WORKSHOP, ERODE",TRANSPORT DEPARTMENT,6071b70c2257f517,6e75756fd212cb38,3,Sub Office,"TRANSPORT DEPARTMENT > MOTOR VEHICLES MAINTENANCE DEPARTMENT, CHENNAI > GOVT. AUTOMOBILE WORKSHOP, ERODE",rti_tamil_nadu
TN-934,b2026q3_02,TN-0080a0e035a28783,Tamil Nadu,"GOVT. AUTOMOBILE WORKSHOP, KANCHEEPURAM",rti_meta,en,portal,wave1-rti-information-v1,plain,RA4,TRANSPORT DEPARTMENT | Sub Office,,,,,,,,,,,,,,"GOVT. AUTOMOBILE WORKSHOP, KANCHEEPURAM",TRANSPORT DEPARTMENT,0080a0e035a28783,6e75756fd212cb38,3,Sub Office,"TRANSPORT DEPARTMENT > MOTOR VEHICLES MAINTENANCE DEPARTMENT, CHENNAI > GOVT. AUTOMOBILE WORKSHOP, KANCHEEPURAM",rti_tamil_nadu
TN-935,b2026q3_02,TN-a52cedef6d2ff56f,Tamil Nadu,"GOVT. AUTOMOBILE WORKSHOP, NAGERCOIL",rti_meta,en,portal,wave1-rti-information-v1,plain,RA4,TRANSPORT DEPARTMENT | Sub Office,,,,,,,,,,,,,,"GOVT. AUTOMOBILE WORKSHOP, NAGERCOIL",TRANSPORT DEPARTMENT,a52cedef6d2ff56f,6e75756fd212cb38,3,Sub Office,"TRANSPORT DEPARTMENT > MOTOR VEHICLES MAINTENANCE DEPARTMENT, CHENNAI > GOVT. AUTOMOBILE WORKSHOP, NAGERCOIL",rti_tamil_nadu
TN-936,b2026q3_02,TN-3127b5f7347173cc,Tamil Nadu,"GOVT. AUTOMOBILE WORKSHOP, OOTY",rti_meta,en,portal,wave1-rti-information-v1,plain,RA2,TRANSPORT DEPARTMENT | Sub Office,,,,,,,,,,,,,,"GOVT. AUTOMOBILE WORKSHOP, OOTY",TRANSPORT DEPARTMENT,3127b5f7347173cc,6e75756fd212cb38,3,Sub Office,"TRANSPORT DEPARTMENT > MOTOR VEHICLES MAINTENANCE DEPARTMENT, CHENNAI > GOVT. AUTOMOBILE WORKSHOP, OOTY",rti_tamil_nadu
TN-937,b2026q3_02,TN-7bdf709773b3493e,Tamil Nadu,"GOVT. AUTOMOBILE WORKSHOP, RAMANATHAPURAM",rti_meta,en,portal,wave1-rti-information-v1,plain,RA2,TRANSPORT DEPARTMENT | Sub Office,,,,,,,,,,,,,,"GOVT. AUTOMOBILE WORKSHOP, RAMANATHAPURAM",TRANSPORT DEPARTMENT,7bdf709773b3493e,6e75756fd212cb38,3,Sub Office,"TRANSPORT DEPARTMENT > MOTOR VEHICLES MAINTENANCE DEPARTMENT, CHENNAI > GOVT. AUTOMOBILE WORKSHOP, RAMANATHAPURAM",rti_tamil_nadu
TN-938,b2026q3_02,TN-b1f272d4b88862f1,Tamil Nadu,"GOVT. AUTOMOBILE WORKSHOP, TIRUNELVELI",rti_meta,en,portal,wave1-rti-information-v1,plain,RA3,TRANSPORT DEPARTMENT | Sub Office,,,,,,,,,,,,,,"GOVT. AUTOMOBILE WORKSHOP, TIRUNELVELI",TRANSPORT DEPARTMENT,b1f272d4b88862f1,6e75756fd212cb38,3,Sub Office,"TRANSPORT DEPARTMENT > MOTOR VEHICLES MAINTENANCE DEPARTMENT, CHENNAI > GOVT. AUTOMOBILE WORKSHOP, TIRUNELVELI",rti_tamil_nadu
TN-939,b2026q3_02,TN-0d41994bd55e87ef,Tamil Nadu,"GOVT. AUTOMOBILE WORKSHOP, TUTICORIN",rti_meta,en,portal,wave1-rti-information-v1,plain,RA1,TRANSPORT DEPARTMENT | Sub Office,,,,,,,,,,,,,,"GOVT. AUTOMOBILE WORKSHOP, TUTICORIN",TRANSPORT DEPARTMENT,0d41994bd55e87ef,6e75756fd212cb38,3,Sub Office,"TRANSPORT DEPARTMENT > MOTOR VEHICLES MAINTENANCE DEPARTMENT, CHENNAI > GOVT. AUTOMOBILE WORKSHOP, TUTICORIN",rti_tamil_nadu
TN-940,b2026q3_02,TN-7d1dac944ce34c68,Tamil Nadu,KUMBAKONAM REGION TNSTC,rti_meta,en,portal,wave1-rti-information-v1,plain,RA3,TRANSPORT DEPARTMENT | Sub Office,,,,,,,,,,,,,,KUMBAKONAM REGION TNSTC,TRANSPORT DEPARTMENT,7d1dac944ce34c68,dbede776b9286936,3,Sub Office,TRANSPORT DEPARTMENT > TNSTC(KUM) KUMBAKONAM LTD > KUMBAKONAM REGION TNSTC,rti_tamil_nadu
TN-941,b2026q3_02,TN-b7bef7e16ee2571b,Tamil Nadu,NAGAPATTINAM REGION TNSTC,rti_meta,en,portal,wave1-rti-information-v1,legal_salience,RA1,TRANSPORT DEPARTMENT | Sub Office,,,,,,,,,,,,,,NAGAPATTINAM REGION TNSTC,TRANSPORT DEPARTMENT,b7bef7e16ee2571b,dbede776b9286936,3,Sub Office,TRANSPORT DEPARTMENT > TNSTC(KUM) KUMBAKONAM LTD > NAGAPATTINAM REGION TNSTC,rti_tamil_nadu
TN-942,b2026q3_02,TN-a34b96261ace5c91,Tamil Nadu,PUDUKOTTAI REGION TNSTC,rti_meta,en,portal,wave1-rti-information-v1,plain,RA1,TRANSPORT DEPARTMENT | Sub Office,,,,,,,,,,,,,,PUDUKOTTAI REGION TNSTC,TRANSPORT DEPARTMENT,a34b96261ace5c91,dbede776b9286936,3,Sub Office,TRANSPORT DEPARTMENT > TNSTC(KUM) KUMBAKONAM LTD > PUDUKOTTAI REGION TNSTC,rti_tamil_nadu
TN-943,b2026q3_02,TN-f8b8dae7f71c484d,Tamil Nadu,TIRUNELVELI TNSTC TIRUNELVELI REGION,rti_meta,en,portal,wave1-rti-information-v1,legal_salience,RA4,TRANSPORT DEPARTMENT | Sub Office,,,,,,,,,,,,,,TIRUNELVELI TNSTC TIRUNELVELI REGION,TRANSPORT DEPARTMENT,f8b8dae7f71c484d,a89136d592025845,3,Sub Office,TRANSPORT DEPARTMENT > TNSTC TIRUNELVELI (TNV) LTD > TIRUNELVELI TNSTC TIRUNELVELI REGION,rti_tamil_nadu
TN-944,b2026q3_02,TN-c47c0d971c4a5113,Tamil Nadu,TNSTC (CBE) LTD. CBE- ERODE REGION,rti_meta,en,portal,wave1-rti-information-v1,plain,RA2,TRANSPORT DEPARTMENT | Sub Office,,,,,,,,,,,,,,TNSTC (CBE) LTD. CBE- ERODE REGION,TRANSPORT DEPARTMENT,c47c0d971c4a5113,857313ab141f292d,3,Sub Office,TRANSPORT DEPARTMENT > TNSTC COIMBATORE (CBE)LTD. > TNSTC (CBE) LTD. CBE- ERODE REGION,rti_tamil_nadu
TN-945,b2026q3_02,TN-ef6acef8dc904d8e,Tamil Nadu,TNSTC (CBE) LTD. CBE- OOTY REGION,rti_meta,en,portal,wave1-rti-information-v1,legal_salience,RA3,TRANSPORT DEPARTMENT | Sub Office,,,,,,,,,,,,,,TNSTC (CBE) LTD. CBE- OOTY REGION,TRANSPORT DEPARTMENT,ef6acef8dc904d8e,857313ab141f292d,3,Sub Office,TRANSPORT DEPARTMENT > TNSTC COIMBATORE (CBE)LTD. > TNSTC (CBE) LTD. CBE- OOTY REGION,rti_tamil_nadu
TN-946,b2026q3_02,TN-763ee049eb98b361,Tamil Nadu,TNSTC (CBE) LTD. CBE- TIRUPPUR REGION,rti_meta,en,portal,wave1-rti-information-v1,plain,RA3,TRANSPORT DEPARTMENT | Sub Office,,,,,,,,,,,,,,TNSTC (CBE) LTD. CBE- TIRUPPUR REGION,TRANSPORT DEPARTMENT,763ee049eb98b361,857313ab141f292d,3,Sub Office,TRANSPORT DEPARTMENT > TNSTC COIMBATORE (CBE)LTD. > TNSTC (CBE) LTD. CBE- TIRUPPUR REGION,rti_tamil_nadu
TN-947,b2026q3_02,TN-88b4a9889a2721e9,Tamil Nadu,TNSTC- VILLUPURAM (KANCHIPURAM REGION),rti_meta,en,portal,wave1-rti-information-v1,legal_salience,RA2,TRANSPORT DEPARTMENT | Sub Office,,,,,,,,,,,,,,TNSTC- VILLUPURAM (KANCHIPURAM REGION),TRANSPORT DEPARTMENT,88b4a9889a2721e9,0e7d83920d49d0b3,3,Sub Office,TRANSPORT DEPARTMENT > TNSTC VILLUPURAM (VPM) LTD > TNSTC- VILLUPURAM (KANCHIPURAM REGION),rti_tamil_nadu
TN-948,b2026q3_02,TN-1b8b28c2a902aa0a,Tamil Nadu,TNSTC- VILLUPURAM (TIRUVANNAMALAI REGION),rti_meta,en,portal,wave1-rti-information-v1,plain,RA1,TRANSPORT DEPARTMENT | Sub Office,,,,,,,,,,,,,,TNSTC- VILLUPURAM (TIRUVANNAMALAI REGION),TRANSPORT DEPARTMENT,1b8b28c2a902aa0a,0e7d83920d49d0b3,3,Sub Office,TRANSPORT DEPARTMENT > TNSTC VILLUPURAM (VPM) LTD > TNSTC- VILLUPURAM (TIRUVANNAMALAI REGION),rti_tamil_nadu
TN-949,b2026q3_02,TN-e52478d877c2c177,Tamil Nadu,TNSTC-VILLUPURAM (VILLUPURAM REGION),rti_meta,en,portal,wave1-rti-information-v1,plain,RA1,TRANSPORT DEPARTMENT | Sub Office,,,,,,,,,,,,,,TNSTC-VILLUPURAM (VILLUPURAM REGION),TRANSPORT DEPARTMENT,e52478d877c2c177,0e7d83920d49d0b3,3,Sub Office,TRANSPORT DEPARTMENT > TNSTC VILLUPURAM (VPM) LTD > TNSTC-VILLUPURAM (VILLUPURAM REGION),rti_tamil_nadu
TN-950,b2026q3_02,TN-461918ef346a9701,Tamil Nadu,TRICHY REGION TNSTC,rti_meta,en,portal,wave1-rti-information-v1,plain,RA4,TRANSPORT DEPARTMENT | Sub Office,,,,,,,,,,,,,,TRICHY REGION TNSTC,TRANSPORT DEPARTMENT,461918ef346a9701,dbede776b9286936,3,Sub Office,TRANSPORT DEPARTMENT > TNSTC(KUM) KUMBAKONAM LTD > TRICHY REGION TNSTC,rti_tamil_nadu
TN-951,b2026q3_02,TN-2d4c8aeb058b795f,Tamil Nadu,VIRUDHUNAGAR REGION TNSTC,rti_meta,en,portal,wave1-rti-information-v1,legal_salience,RA3,TRANSPORT DEPARTMENT | Sub Office,,,,,,,,,,,,,,VIRUDHUNAGAR REGION TNSTC,TRANSPORT DEPARTMENT,2d4c8aeb058b795f,88346cb1781f13fa,3,Sub Office,"TRANSPORT DEPARTMENT > TNSTC(MDU) LIMITED., MADURAI > VIRUDHUNAGAR REGION TNSTC",rti_tamil_nadu
TN-952,b2026q3_02,TN-997b6f53471740b6,Tamil Nadu,WATER RESOURCES DEPARTMENT,rti_meta,en,portal,wave1-rti-information-v1,plain,RA4,WATER RESOURCES DEPARTMENT | Department,,,,,,,,,,,,,,WATER RESOURCES DEPARTMENT,WATER RESOURCES DEPARTMENT,997b6f53471740b6,displayPa,1,Department,WATER RESOURCES DEPARTMENT,rti_tamil_nadu
TN-953,b2026q3_02,TN-072773bb9c816908,Tamil Nadu,"ENGINEER-IN-CHIEF AND CHIEF ENGINEER(G), WRD, CHEPAUK, CHENNAI",rti_meta,en,portal,wave1-rti-information-v1,plain,RA1,WATER RESOURCES DEPARTMENT | Head of Department,,,,,,,,,,,,,,"ENGINEER-IN-CHIEF AND CHIEF ENGINEER(G), WRD, CHEPAUK, CHENNAI",WATER RESOURCES DEPARTMENT,072773bb9c816908,997b6f53471740b6,2,Head of Department,"WATER RESOURCES DEPARTMENT > ENGINEER-IN-CHIEF AND CHIEF ENGINEER(G), WRD, CHEPAUK, CHENNAI",rti_tamil_nadu
TN-954,b2026q3_02,TN-0b25271111c40960,Tamil Nadu,"THE CHIEF ENGINEER, WRD, MADURAI REGION, THALLAKULAM, MADURAI",rti_meta,en,portal,wave1-rti-information-v1,legal_salience,RA3,WATER RESOURCES DEPARTMENT | Sub Office,,,,,,,,,,,,,,"THE CHIEF ENGINEER, WRD, MADURAI REGION, THALLAKULAM, MADURAI",WATER RESOURCES DEPARTMENT,0b25271111c40960,072773bb9c816908,3,Sub Office,"WATER RESOURCES DEPARTMENT > ENGINEER-IN-CHIEF AND CHIEF ENGINEER(G), WRD, CHEPAUK, CHENNAI > THE CHIEF ENGINEER, WRD, MADURAI REGION, THALLAKULAM, MADURAI",rti_tamil_nadu
TN-955,b2026q3_02,TN-017d9d4a79202cdd,Tamil Nadu,"THE CHIEF ENGINEER, WRD, STATE GROUND AND SURFACE WATER RESEARCH DATA CENTRE, TARAMANI, CHENNAI",rti_meta,en,portal,wave1-rti-information-v1,plain,RA3,WATER RESOURCES DEPARTMENT | Sub Office,,,,,,,,,,,,,,"THE CHIEF ENGINEER, WRD, STATE GROUND AND SURFACE WATER RESEARCH DATA CENTRE, TARAMANI, CHENNAI",WATER RESOURCES DEPARTMENT,017d9d4a79202cdd,072773bb9c816908,3,Sub Office,"WATER RESOURCES DEPARTMENT > ENGINEER-IN-CHIEF AND CHIEF ENGINEER(G), WRD, CHEPAUK, CHENNAI > THE CHIEF ENGINEER, WRD, STATE GROUND AND SURFACE WATER RESEARCH DATA CENTRE, TARAMANI, CHENNAI",rti_tamil_nadu
TN-956,b2026q3_02,TN-031d67160b8ad1dc,Tamil Nadu,"MINING AND MONITORING CIRCLE, WRD, CHEPAUK, CHENNAI",rti_meta,en,portal,wave1-rti-information-v1,plain,RA1,WATER RESOURCES DEPARTMENT | Sub Office,,,,,,,,,,,,,,"MINING AND MONITORING CIRCLE, WRD, CHEPAUK, CHENNAI",WATER RESOURCES DEPARTMENT,031d67160b8ad1dc,ac07e690596dffc5,4,Sub Office,"WATER RESOURCES DEPARTMENT > ENGINEER-IN-CHIEF AND CHIEF ENGINEER(G), WRD, CHEPAUK, CHENNAI > THE CHIEF ENGINEER, WRD, CHENNAI REGION, CHEPAUK, CHENNAI > MINING AND MONITORING CIRCLE, WRD, CHEPAUK, CHENNAI",rti_tamil_nadu
TN-957,b2026q3_02,TN-10bb17bd1dc234f7,Tamil Nadu,"PROJECT CIRCLE, WRD, TIRUNELVELI",rti_meta,en,portal,wave1-rti-information-v1,legal_salience,RA2,WATER RESOURCES DEPARTMENT | Sub Office,,,,,,,,,,,,,,"PROJECT CIRCLE, WRD, TIRUNELVELI",WATER RESOURCES DEPARTMENT,10bb17bd1dc234f7,0b25271111c40960,4,Sub Office,"WATER RESOURCES DEPARTMENT > ENGINEER-IN-CHIEF AND CHIEF ENGINEER(G), WRD, CHEPAUK, CHENNAI > THE CHIEF ENGINEER, WRD, MADURAI REGION, THALLAKULAM, MADURAI > PROJECT CIRCLE, WRD, TIRUNELVELI",rti_tamil_nadu
TN-958,b2026q3_02,TN-4fb37a68573a89f9,Tamil Nadu,"QUALITY CONTROL DIVISION, WRD, TRICHY",rti_meta,en,portal,wave1-rti-information-v1,plain,RA4,WATER RESOURCES DEPARTMENT | Sub Office,,,,,,,,,,,,,,"QUALITY CONTROL DIVISION, WRD, TRICHY",WATER RESOURCES DEPARTMENT,4fb37a68573a89f9,ad3e70da5c04426e,4,Sub Office,"WATER RESOURCES DEPARTMENT > ENGINEER-IN-CHIEF AND CHIEF ENGINEER(G), WRD, CHEPAUK, CHENNAI > THE CHIEF ENGINEER/ DIRECTOR, WRD, IWSH&QC, TARAMANI, CHENNAI > QUALITY CONTROL DIVISION, WRD, TRICHY",rti_tamil_nadu
TN-959,b2026q3_02,TN-65a30eec804ea268,Tamil Nadu,"BHAVANISAGAR DAM DIVISION, WRD, BHAVANISAGAR",rti_meta,en,portal,wave1-rti-information-v1,plain,RA2,WATER RESOURCES DEPARTMENT | Sub Office,,,,,,,,,,,,,,"BHAVANISAGAR DAM DIVISION, WRD, BHAVANISAGAR",WATER RESOURCES DEPARTMENT,65a30eec804ea268,e7b59f252a2b92f9,5,Sub Office,"WATER RESOURCES DEPARTMENT > ENGINEER-IN-CHIEF AND CHIEF ENGINEER(G), WRD, CHEPAUK, CHENNAI > THE CHIEF ENGINEER, WRD, COIMBATORE REGION, COIMBATORE > BHAVANI BASIN CIRCLE, WRD, ERODE > BHAVANISAGAR DAM DIVISION, WRD, BHAVANISAGAR",rti_tamil_nadu
TN-960,b2026q3_02,TN-51ec1bde2332db0a,Tamil Nadu,"DESIGNS DIVISION, WRD, CHEPAUK, CHENNAI",rti_meta,en,portal,wave1-rti-information-v1,plain,RA4,WATER RESOURCES DEPARTMENT | Sub Office,,,,,,,,,,,,,,"DESIGNS DIVISION, WRD, CHEPAUK, CHENNAI",WATER RESOURCES DEPARTMENT,51ec1bde2332db0a,9f15d4056143bdf7,5,Sub Office,"WATER RESOURCES DEPARTMENT > ENGINEER-IN-CHIEF AND CHIEF ENGINEER(G), WRD, CHEPAUK, CHENNAI > THE CHIEF ENGINEER, WRD, DESIGN RESEARCH AND CONSTRUCTION SUPPORT, CHEPAUK, CHENNAI > DESIGNS CIRCLE, WRD, CHEPAUK, CHENNAI > DESIGNS DIVISION, WRD, CHEPAUK, CHENNAI",rti_tamil_nadu
TN-961,b2026q3_02,TN-319f851d7ae78e0c,Tamil Nadu,"GROUNDWATER DIVISION, WRD, VELLORE",rti_meta,en,portal,wave1-rti-information-v1,plain,RA1,WATER RESOURCES DEPARTMENT | Sub Office,,,,,,,,,,,,,,"GROUNDWATER DIVISION, WRD, VELLORE",WATER RESOURCES DEPARTMENT,319f851d7ae78e0c,ca56fcfb0ad51f1f,5,Sub Office,"WATER RESOURCES DEPARTMENT > ENGINEER-IN-CHIEF AND CHIEF ENGINEER(G), WRD, CHEPAUK, CHENNAI > THE CHIEF ENGINEER, WRD, STATE GROUND AND SURFACE WATER RESEARCH DATA CENTRE, TARAMANI, CHENNAI > GROUNDWATER CIRCLE, WRD, TARAMANI, CHENNAI > GROUNDWATER DIVISION, WRD, VELLORE",rti_tamil_nadu
TN-962,b2026q3_02,TN-16f83f7c6292e5d8,Tamil Nadu,"LOWER PENNAIYAR BASIN DIVISION, WRD, VILLUPURAM",rti_meta,en,portal,wave1-rti-information-v1,legal_salience,RA4,WATER RESOURCES DEPARTMENT | Sub Office,,,,,,,,,,,,,,"LOWER PENNAIYAR BASIN DIVISION, WRD, VILLUPURAM",WATER RESOURCES DEPARTMENT,16f83f7c6292e5d8,c6143fa55555696b,5,Sub Office,"WATER RESOURCES DEPARTMENT > ENGINEER-IN-CHIEF AND CHIEF ENGINEER(G), WRD, CHEPAUK, CHENNAI > THE CHIEF ENGINEER, WRD, CHENNAI REGION, CHEPAUK, CHENNAI > PENNAIYAR BASIN CIRCLE, WRD, TIRUVANNAMALAI > LOWER PENNAIYAR BASIN DIVISION, WRD, VILLUPURAM",rti_tamil_nadu
TN-963,b2026q3_02,TN-bc68d2cbab2a1e2e,Tamil Nadu,"MARUDAIYARU BASIN DIVISION, WRD, ARIYALUR",rti_meta,en,portal,wave1-rti-information-v1,plain,RA2,WATER RESOURCES DEPARTMENT | Sub Office,,,,,,,,,,,,,,"MARUDAIYARU BASIN DIVISION, WRD, ARIYALUR",WATER RESOURCES DEPARTMENT,bc68d2cbab2a1e2e,744855b71116c6a6,5,Sub Office,"WATER RESOURCES DEPARTMENT > ENGINEER-IN-CHIEF AND CHIEF ENGINEER(G), WRD, CHEPAUK, CHENNAI > THE CHIEF ENGINEER, WRD, TRICHY REGION, TRICHY > MIDDLE CAUVERY BASIN CIRCLE, WRD, TRICHY > MARUDAIYARU BASIN DIVISION, WRD, ARIYALUR",rti_tamil_nadu
TN-964,b2026q3_02,TN-5a6bb21e06c12684,Tamil Nadu,"MIDDLE PENNAIYAR BASIN DIVISION, WRD, TIRUVANNAMALAI",rti_meta,en,portal,wave1-rti-information-v1,legal_salience,RA4,WATER RESOURCES DEPARTMENT | Sub Office,,,,,,,,,,,,,,"MIDDLE PENNAIYAR BASIN DIVISION, WRD, TIRUVANNAMALAI",WATER RESOURCES DEPARTMENT,5a6bb21e06c12684,c6143fa55555696b,5,Sub Office,"WATER RESOURCES DEPARTMENT > ENGINEER-IN-CHIEF AND CHIEF ENGINEER(G), WRD, CHEPAUK, CHENNAI > THE CHIEF ENGINEER, WRD, CHENNAI REGION, CHEPAUK, CHENNAI > PENNAIYAR BASIN CIRCLE, WRD, TIRUVANNAMALAI > MIDDLE PENNAIYAR BASIN DIVISION, WRD, TIRUVANNAMALAI",rti_tamil_nadu
TN-965,b2026q3_02,TN-d182cfc5afeb5c63,Tamil Nadu,"PLANNING & DESIGNS DIVISION, WRD, MADURAI",rti_meta,en,portal,wave1-rti-information-v1,plain,RA2,WATER RESOURCES DEPARTMENT | Sub Office,,,,,,,,,,,,,,"PLANNING & DESIGNS DIVISION, WRD, MADURAI",WATER RESOURCES DEPARTMENT,d182cfc5afeb5c63,b09f6dfa7daaa95b,5,Sub Office,"WATER RESOURCES DEPARTMENT > ENGINEER-IN-CHIEF AND CHIEF ENGINEER(G), WRD, CHEPAUK, CHENNAI > THE CHIEF ENGINEER, WRD, PLAN FORMULATION, CHEPAUK, CHENNAI > PLAN FORMULATION CIRCLE, WRD, TRICHY > PLANNING & DESIGNS DIVISION, WRD, MADURAI",rti_tamil_nadu
TN-966,b2026q3_02,TN-19b3d8a61b34d79d,Tamil Nadu,"SPECIAL PROJECT DIVISION, WRD, AMBASAMUDHRAM",rti_meta,en,portal,wave1-rti-information-v1,plain,RA3,WATER RESOURCES DEPARTMENT | Sub Office,,,,,,,,,,,,,,"SPECIAL PROJECT DIVISION, WRD, AMBASAMUDHRAM",WATER RESOURCES DEPARTMENT,19b3d8a61b34d79d,10bb17bd1dc234f7,5,Sub Office,"WATER RESOURCES DEPARTMENT > ENGINEER-IN-CHIEF AND CHIEF ENGINEER(G), WRD, CHEPAUK, CHENNAI > THE CHIEF ENGINEER, WRD, MADURAI REGION, THALLAKULAM, MADURAI > PROJECT CIRCLE, WRD, TIRUNELVELI > SPECIAL PROJECT DIVISION, WRD, AMBASAMUDHRAM",rti_tamil_nadu
TN-967,b2026q3_02,TN-af964fb086965a46,Tamil Nadu,"SPECIAL PROJECT DIVISION, WRD, PUDUKKOTTAI",rti_meta,en,portal,wave1-rti-information-v1,legal_salience,RA1,WATER RESOURCES DEPARTMENT | Sub Office,,,,,,,,,,,,,,"SPECIAL PROJECT DIVISION, WRD, PUDUKKOTTAI",WATER RESOURCES DEPARTMENT,af964fb086965a46,10b4a105aebfbba5,5,Sub Office,"WATER RESOURCES DEPARTMENT > ENGINEER-IN-CHIEF AND CHIEF ENGINEER(G), WRD, CHEPAUK, CHENNAI > THE CHIEF ENGINEER, WRD, TRICHY REGION, TRICHY > SPECIAL PROJECT CIRCLE, WRD, TRICHY > SPECIAL PROJECT DIVISION, WRD, PUDUKKOTTAI",rti_tamil_nadu
TN-968,b2026q3_02,TN-19e82a3960d6cf99,Tamil Nadu,"SPECIAL PROJECT DIVISION, WRD, TIRUNELVELI",rti_meta,en,portal,wave1-rti-information-v1,legal_salience,RA1,WATER RESOURCES DEPARTMENT | Sub Office,,,,,,,,,,,,,,"SPECIAL PROJECT DIVISION, WRD, TIRUNELVELI",WATER RESOURCES DEPARTMENT,19e82a3960d6cf99,10bb17bd1dc234f7,5,Sub Office,"WATER RESOURCES DEPARTMENT > ENGINEER-IN-CHIEF AND CHIEF ENGINEER(G), WRD, CHEPAUK, CHENNAI > THE CHIEF ENGINEER, WRD, MADURAI REGION, THALLAKULAM, MADURAI > PROJECT CIRCLE, WRD, TIRUNELVELI > SPECIAL PROJECT DIVISION, WRD, TIRUNELVELI",rti_tamil_nadu
TN-969,b2026q3_02,TN-140e902c24038992,Tamil Nadu,"THAMIRABARANI AND KORAMPALLAM ARU BASIN DIVISION, WRD, THOOTHUKUDI",rti_meta,en,portal,wave1-rti-information-v1,plain,RA3,WATER RESOURCES DEPARTMENT | Sub Office,,,,,,,,,,,,,,"THAMIRABARANI AND KORAMPALLAM ARU BASIN DIVISION, WRD, THOOTHUKUDI",WATER RESOURCES DEPARTMENT,140e902c24038992,b6c0425be8c37797,5,Sub Office,"WATER RESOURCES DEPARTMENT > ENGINEER-IN-CHIEF AND CHIEF ENGINEER(G), WRD, CHEPAUK, CHENNAI > THE CHIEF ENGINEER, WRD, MADURAI REGION, THALLAKULAM, MADURAI > THAMIRAPARANI BASIN CIRCLE, WRD, TIRUNELVELI > THAMIRABARANI AND KORAMPALLAM ARU BASIN DIVISION, WRD, THOOTHUKUDI",rti_tamil_nadu
TN-970,b2026q3_02,TN-fc17b7c8155af42f,Tamil Nadu,"THIRUMURTHI DIVISION, WRD, UDUMALPET",rti_meta,en,portal,wave1-rti-information-v1,plain,RA4,WATER RESOURCES DEPARTMENT | Sub Office,,,,,,,,,,,,,,"THIRUMURTHI DIVISION, WRD, UDUMALPET",WATER RESOURCES DEPARTMENT,fc17b7c8155af42f,6a42ce66c41eea61,5,Sub Office,"WATER RESOURCES DEPARTMENT > ENGINEER-IN-CHIEF AND CHIEF ENGINEER(G), WRD, CHEPAUK, CHENNAI > THE CHIEF ENGINEER, WRD, COIMBATORE REGION, COIMBATORE > PARAMBIKULAM ALIYAR BASIN CIRCLE, WRD, POLLACHI > THIRUMURTHI DIVISION, WRD, UDUMALPET",rti_tamil_nadu
TN-971,b2026q3_02,TN-9f2602c928e05e75,Tamil Nadu,"ENVIRONMENTAL CELL SUB DIVISION, WRD, MADURAI",rti_meta,en,portal,wave1-rti-information-v1,plain,RA1,WATER RESOURCES DEPARTMENT | Sub Office,,,,,,,,,,,,,,"ENVIRONMENTAL CELL SUB DIVISION, WRD, MADURAI",WATER RESOURCES DEPARTMENT,9f2602c928e05e75,eaa788936189db43,6,Sub Office,"WATER RESOURCES DEPARTMENT > ENGINEER-IN-CHIEF AND CHIEF ENGINEER(G), WRD, CHEPAUK, CHENNAI > THE CHIEF ENGINEER, WRD, PLAN FORMULATION, CHEPAUK, CHENNAI > PLAN FORMULATION CIRCLE, WRD, SALEM > ENVIRONMENTAL CELL DIVISION, WRD, MADURAI > ENVIRONMENTAL CELL SUB DIVISION, WRD, MADURAI",rti_tamil_nadu
TN-972,b2026q3_02,TN-7ce7490e60a767a6,Tamil Nadu,"GUNDAR BASIN SUB DIVISION, WRD, KAMUTHI",rti_meta,en,portal,wave1-rti-information-v1,plain,RA4,WATER RESOURCES DEPARTMENT | Sub Office,,,,,,,,,,,,,,"GUNDAR BASIN SUB DIVISION, WRD, KAMUTHI",WATER RESOURCES DEPARTMENT,7ce7490e60a767a6,307b3d97b8ff4f86,6,Sub Office,"WATER RESOURCES DEPARTMENT > ENGINEER-IN-CHIEF AND CHIEF ENGINEER(G), WRD, CHEPAUK, CHENNAI > THE CHIEF ENGINEER, WRD, MADURAI REGION, THALLAKULAM, MADURAI > VAIPPAR BASIN CIRCLE, WRD, VIRUDHUNAGAR > GUNDAR BASIN DIVISION, WRD, MADURAI > GUNDAR BASIN SUB DIVISION, WRD, KAMUTHI",rti_tamil_nadu
TN-973,b2026q3_02,TN-b815c8604ec983b9,Tamil Nadu,"PROJECT PLANNING & DESIGNS SUB DIVISION, WRD, KRISHNAGIRI",rti_meta,en,portal,wave1-rti-information-v1,plain,RA3,WATER RESOURCES DEPARTMENT | Sub Office,,,,,,,,,,,,,,"PROJECT PLANNING & DESIGNS SUB DIVISION, WRD, KRISHNAGIRI",WATER RESOURCES DEPARTMENT,b815c8604ec983b9,1010b893555e2e05,6,Sub Office,"WATER RESOURCES DEPARTMENT > ENGINEER-IN-CHIEF AND CHIEF ENGINEER(G), WRD, CHEPAUK, CHENNAI > THE CHIEF ENGINEER, WRD, PLAN FORMULATION, CHEPAUK, CHENNAI > PLAN FORMULATION CIRCLE, WRD, SALEM > PROJECT PLANNING & DESIGNS DIVISION, WRD, SALEM > PROJECT PLANNING & DESIGNS SUB DIVISION, WRD, KRISHNAGIRI",rti_tamil_nadu
TN-974,b2026q3_02,TN-c195751d81c90b45,Tamil Nadu,"PROJECT PLANNING & DESIGNS SUB DIVISION-2, WRD, SALEM",rti_meta,en,portal,wave1-rti-information-v1,plain,RA2,WATER RESOURCES DEPARTMENT | Sub Office,,,,,,,,,,,,,,"PROJECT PLANNING & DESIGNS SUB DIVISION-2, WRD, SALEM",WATER RESOURCES DEPARTMENT,c195751d81c90b45,1010b893555e2e05,6,Sub Office,"WATER RESOURCES DEPARTMENT > ENGINEER-IN-CHIEF AND CHIEF ENGINEER(G), WRD, CHEPAUK, CHENNAI > THE CHIEF ENGINEER, WRD, PLAN FORMULATION, CHEPAUK, CHENNAI > PLAN FORMULATION CIRCLE, WRD, SALEM > PROJECT PLANNING & DESIGNS DIVISION, WRD, SALEM > PROJECT PLANNING & DESIGNS SUB DIVISION-2, WRD, SALEM",rti_tamil_nadu
TN-975,b2026q3_02,TN-2f1df632a40a46be,Tamil Nadu,"UPPER VAIPPAR BASIN SUB DIVISION, WRD, WATRAP",rti_meta,en,portal,wave1-rti-information-v1,legal_salience,RA2,WATER RESOURCES DEPARTMENT | Sub Office,,,,,,,,,,,,,,"UPPER VAIPPAR BASIN SUB DIVISION, WRD, WATRAP",WATER RESOURCES DEPARTMENT,2f1df632a40a46be,3b887f3e87c19b21,6,Sub Office,"WATER RESOURCES DEPARTMENT > ENGINEER-IN-CHIEF AND CHIEF ENGINEER(G), WRD, CHEPAUK, CHENNAI > THE CHIEF ENGINEER, WRD, MADURAI REGION, THALLAKULAM, MADURAI > VAIPPAR BASIN CIRCLE, WRD, VIRUDHUNAGAR > UPPER VAIPPAR BASIN DIVISION, WRD, RAJAPALAYAM > UPPER VAIPPAR BASIN SUB DIVISION, WRD, WATRAP",rti_tamil_nadu
TN-976,b2026q3_02,TN-c590011ff86c3615,Tamil Nadu,WELFARE OF DIFFERENTLY ABLED PERSONS DEPARTMENT,rti_meta,en,portal,wave1-rti-information-v1,plain,RA1,WELFARE OF DIFFERENTLY ABLED PERSONS DEPARTMENT | Department,,,,,,,,,,,,,,WELFARE OF DIFFERENTLY ABLED PERSONS DEPARTMENT,WELFARE OF DIFFERENTLY ABLED PERSONS DEPARTMENT,c590011ff86c3615,displayPa,1,Department,WELFARE OF DIFFERENTLY ABLED PERSONS DEPARTMENT,rti_tamil_nadu
TN-977,b2026q3_02,TN-31397af3b2bee552,Tamil Nadu,DIRECTORATE OF WELFARE OF DIFFERENTLY ABLED PERSONS,rti_meta,en,portal,wave1-rti-information-v1,plain,RA2,WELFARE OF DIFFERENTLY ABLED PERSONS DEPARTMENT | Head of Department,,,,,,,,,,,,,,DIRECTORATE OF WELFARE OF DIFFERENTLY ABLED PERSONS,WELFARE OF DIFFERENTLY ABLED PERSONS DEPARTMENT,31397af3b2bee552,c590011ff86c3615,2,Head of Department,WELFARE OF DIFFERENTLY ABLED PERSONS DEPARTMENT > DIRECTORATE OF WELFARE OF DIFFERENTLY ABLED PERSONS,rti_tamil_nadu
TN-978,b2026q3_02,TN-7d0a845f07241b3a,Tamil Nadu,DISTRICT DIFFERENTLY ABLED WELFARE OFFICE CUDDALORE,rti_meta,en,portal,wave1-rti-information-v1,legal_salience,RA4,WELFARE OF DIFFERENTLY ABLED PERSONS DEPARTMENT | Sub Office,,,,,,,,,,,,,,DISTRICT DIFFERENTLY ABLED WELFARE OFFICE CUDDALORE,WELFARE OF DIFFERENTLY ABLED PERSONS DEPARTMENT,7d0a845f07241b3a,31397af3b2bee552,3,Sub Office,WELFARE OF DIFFERENTLY ABLED PERSONS DEPARTMENT > DIRECTORATE OF WELFARE OF DIFFERENTLY ABLED PERSONS > DISTRICT DIFFERENTLY ABLED WELFARE OFFICE CUDDALORE,rti_tamil_nadu
TN-979,b2026q3_02,TN-21ad3c160d42cc6a,Tamil Nadu,"DISTRICT DIFFERENTLY ABLED WELFARE OFFICE, ARIYALUR",rti_meta,en,portal,wave1-rti-information-v1,legal_salience,RA4,WELFARE OF DIFFERENTLY ABLED PERSONS DEPARTMENT | Sub Office,,,,,,,,,,,,,,"DISTRICT DIFFERENTLY ABLED WELFARE OFFICE, ARIYALUR",WELFARE OF DIFFERENTLY ABLED PERSONS DEPARTMENT,21ad3c160d42cc6a,31397af3b2bee552,3,Sub Office,"WELFARE OF DIFFERENTLY ABLED PERSONS DEPARTMENT > DIRECTORATE OF WELFARE OF DIFFERENTLY ABLED PERSONS > DISTRICT DIFFERENTLY ABLED WELFARE OFFICE, ARIYALUR",rti_tamil_nadu
TN-980,b2026q3_02,TN-7d003b20631a674c,Tamil Nadu,"DISTRICT DIFFERENTLY ABLED WELFARE OFFICE, CHENNAI SOUTH",rti_meta,en,portal,wave1-rti-information-v1,plain,RA4,WELFARE OF DIFFERENTLY ABLED PERSONS DEPARTMENT | Sub Office,,,,,,,,,,,,,,"DISTRICT DIFFERENTLY ABLED WELFARE OFFICE, CHENNAI SOUTH",WELFARE OF DIFFERENTLY ABLED PERSONS DEPARTMENT,7d003b20631a674c,31397af3b2bee552,3,Sub Office,"WELFARE OF DIFFERENTLY ABLED PERSONS DEPARTMENT > DIRECTORATE OF WELFARE OF DIFFERENTLY ABLED PERSONS > DISTRICT DIFFERENTLY ABLED WELFARE OFFICE, CHENNAI SOUTH",rti_tamil_nadu
TN-981,b2026q3_02,TN-b512b8df63ce6453,Tamil Nadu,"DISTRICT DIFFERENTLY ABLED WELFARE OFFICE, COIMBATORE",rti_meta,en,portal,wave1-rti-information-v1,plain,RA2,WELFARE OF DIFFERENTLY ABLED PERSONS DEPARTMENT | Sub Office,,,,,,,,,,,,,,"DISTRICT DIFFERENTLY ABLED WELFARE OFFICE, COIMBATORE",WELFARE OF DIFFERENTLY ABLED PERSONS DEPARTMENT,b512b8df63ce6453,31397af3b2bee552,3,Sub Office,"WELFARE OF DIFFERENTLY ABLED PERSONS DEPARTMENT > DIRECTORATE OF WELFARE OF DIFFERENTLY ABLED PERSONS > DISTRICT DIFFERENTLY ABLED WELFARE OFFICE, COIMBATORE",rti_tamil_nadu
TN-982,b2026q3_02,TN-ac2f20790017ecd7,Tamil Nadu,"DISTRICT DIFFERENTLY ABLED WELFARE OFFICE, KANYAKUMARI",rti_meta,en,portal,wave1-rti-information-v1,plain,RA4,WELFARE OF DIFFERENTLY ABLED PERSONS DEPARTMENT | Sub Office,,,,,,,,,,,,,,"DISTRICT DIFFERENTLY ABLED WELFARE OFFICE, KANYAKUMARI",WELFARE OF DIFFERENTLY ABLED PERSONS DEPARTMENT,ac2f20790017ecd7,31397af3b2bee552,3,Sub Office,"WELFARE OF DIFFERENTLY ABLED PERSONS DEPARTMENT > DIRECTORATE OF WELFARE OF DIFFERENTLY ABLED PERSONS > DISTRICT DIFFERENTLY ABLED WELFARE OFFICE, KANYAKUMARI",rti_tamil_nadu
TN-983,b2026q3_02,TN-9801050b7dee8551,Tamil Nadu,"DISTRICT DIFFERENTLY ABLED WELFARE OFFICE, KARUR",rti_meta,en,portal,wave1-rti-information-v1,plain,RA1,WELFARE OF DIFFERENTLY ABLED PERSONS DEPARTMENT | Sub Office,,,,,,,,,,,,,,"DISTRICT DIFFERENTLY ABLED WELFARE OFFICE, KARUR",WELFARE OF DIFFERENTLY ABLED PERSONS DEPARTMENT,9801050b7dee8551,31397af3b2bee552,3,Sub Office,"WELFARE OF DIFFERENTLY ABLED PERSONS DEPARTMENT > DIRECTORATE OF WELFARE OF DIFFERENTLY ABLED PERSONS > DISTRICT DIFFERENTLY ABLED WELFARE OFFICE, KARUR",rti_tamil_nadu
TN-984,b2026q3_02,TN-91a7bcab929e7d31,Tamil Nadu,"DISTRICT DIFFERENTLY ABLED WELFARE OFFICE, MADURAI",rti_meta,en,portal,wave1-rti-information-v1,plain,RA1,WELFARE OF DIFFERENTLY ABLED PERSONS DEPARTMENT | Sub Office,,,,,,,,,,,,,,"DISTRICT DIFFERENTLY ABLED WELFARE OFFICE, MADURAI",WELFARE OF DIFFERENTLY ABLED PERSONS DEPARTMENT,91a7bcab929e7d31,31397af3b2bee552,3,Sub Office,"WELFARE OF DIFFERENTLY ABLED PERSONS DEPARTMENT > DIRECTORATE OF WELFARE OF DIFFERENTLY ABLED PERSONS > DISTRICT DIFFERENTLY ABLED WELFARE OFFICE, MADURAI",rti_tamil_nadu
TN-985,b2026q3_02,TN-115f3aad573dda74,Tamil Nadu,"DISTRICT DIFFERENTLY ABLED WELFARE OFFICE, MAYILADUTHURAI",rti_meta,en,portal,wave1-rti-information-v1,plain,RA4,WELFARE OF DIFFERENTLY ABLED PERSONS DEPARTMENT | Sub Office,,,,,,,,,,,,,,"DISTRICT DIFFERENTLY ABLED WELFARE OFFICE, MAYILADUTHURAI",WELFARE OF DIFFERENTLY ABLED PERSONS DEPARTMENT,115f3aad573dda74,31397af3b2bee552,3,Sub Office,"WELFARE OF DIFFERENTLY ABLED PERSONS DEPARTMENT > DIRECTORATE OF WELFARE OF DIFFERENTLY ABLED PERSONS > DISTRICT DIFFERENTLY ABLED WELFARE OFFICE, MAYILADUTHURAI",rti_tamil_nadu
TN-986,b2026q3_02,TN-7d5d44a98ee7bb23,Tamil Nadu,"DISTRICT DIFFERENTLY ABLED WELFARE OFFICE, NAMAKKAL",rti_meta,en,portal,wave1-rti-information-v1,plain,RA4,WELFARE OF DIFFERENTLY ABLED PERSONS DEPARTMENT | Sub Office,,,,,,,,,,,,,,"DISTRICT DIFFERENTLY ABLED WELFARE OFFICE, NAMAKKAL",WELFARE OF DIFFERENTLY ABLED PERSONS DEPARTMENT,7d5d44a98ee7bb23,31397af3b2bee552,3,Sub Office,"WELFARE OF DIFFERENTLY ABLED PERSONS DEPARTMENT > DIRECTORATE OF WELFARE OF DIFFERENTLY ABLED PERSONS > DISTRICT DIFFERENTLY ABLED WELFARE OFFICE, NAMAKKAL",rti_tamil_nadu
TN-987,b2026q3_02,TN-aa43cd95f7292664,Tamil Nadu,"DISTRICT DIFFERENTLY ABLED WELFARE OFFICE, NILGIRIS",rti_meta,en,portal,wave1-rti-information-v1,plain,RA2,WELFARE OF DIFFERENTLY ABLED PERSONS DEPARTMENT | Sub Office,,,,,,,,,,,,,,"DISTRICT DIFFERENTLY ABLED WELFARE OFFICE, NILGIRIS",WELFARE OF DIFFERENTLY ABLED PERSONS DEPARTMENT,aa43cd95f7292664,31397af3b2bee552,3,Sub Office,"WELFARE OF DIFFERENTLY ABLED PERSONS DEPARTMENT > DIRECTORATE OF WELFARE OF DIFFERENTLY ABLED PERSONS > DISTRICT DIFFERENTLY ABLED WELFARE OFFICE, NILGIRIS",rti_tamil_nadu
TN-988,b2026q3_02,TN-015d1fe1bde71ae4,Tamil Nadu,"DISTRICT DIFFERENTLY ABLED WELFARE OFFICE, PERAMBALUR",rti_meta,en,portal,wave1-rti-information-v1,legal_salience,RA1,WELFARE OF DIFFERENTLY ABLED PERSONS DEPARTMENT | Sub Office,,,,,,,,,,,,,,"DISTRICT DIFFERENTLY ABLED WELFARE OFFICE, PERAMBALUR",WELFARE OF DIFFERENTLY ABLED PERSONS DEPARTMENT,015d1fe1bde71ae4,31397af3b2bee552,3,Sub Office,"WELFARE OF DIFFERENTLY ABLED PERSONS DEPARTMENT > DIRECTORATE OF WELFARE OF DIFFERENTLY ABLED PERSONS > DISTRICT DIFFERENTLY ABLED WELFARE OFFICE, PERAMBALUR",rti_tamil_nadu
TN-989,b2026q3_02,TN-dae18a7b6d5c3b84,Tamil Nadu,"DISTRICT DIFFERENTLY ABLED WELFARE OFFICE, PUDUKOTTAI",rti_meta,en,portal,wave1-rti-information-v1,plain,RA1,WELFARE OF DIFFERENTLY ABLED PERSONS DEPARTMENT | Sub Office,,,,,,,,,,,,,,"DISTRICT DIFFERENTLY ABLED WELFARE OFFICE, PUDUKOTTAI",WELFARE OF DIFFERENTLY ABLED PERSONS DEPARTMENT,dae18a7b6d5c3b84,31397af3b2bee552,3,Sub Office,"WELFARE OF DIFFERENTLY ABLED PERSONS DEPARTMENT > DIRECTORATE OF WELFARE OF DIFFERENTLY ABLED PERSONS > DISTRICT DIFFERENTLY ABLED WELFARE OFFICE, PUDUKOTTAI",rti_tamil_nadu
TN-990,b2026q3_02,TN-3345a700bccf47de,Tamil Nadu,"DISTRICT DIFFERENTLY ABLED WELFARE OFFICE, RAMANATHAPURAM",rti_meta,en,portal,wave1-rti-information-v1,plain,RA3,WELFARE OF DIFFERENTLY ABLED PERSONS DEPARTMENT | Sub Office,,,,,,,,,,,,,,"DISTRICT DIFFERENTLY ABLED WELFARE OFFICE, RAMANATHAPURAM",WELFARE OF DIFFERENTLY ABLED PERSONS DEPARTMENT,3345a700bccf47de,31397af3b2bee552,3,Sub Office,"WELFARE OF DIFFERENTLY ABLED PERSONS DEPARTMENT > DIRECTORATE OF WELFARE OF DIFFERENTLY ABLED PERSONS > DISTRICT DIFFERENTLY ABLED WELFARE OFFICE, RAMANATHAPURAM",rti_tamil_nadu
TN-991,b2026q3_02,TN-2f920b27fccbe058,Tamil Nadu,"DISTRICT DIFFERENTLY ABLED WELFARE OFFICE, RANIPET",rti_meta,en,portal,wave1-rti-information-v1,plain,RA2,WELFARE OF DIFFERENTLY ABLED PERSONS DEPARTMENT | Sub Office,,,,,,,,,,,,,,"DISTRICT DIFFERENTLY ABLED WELFARE OFFICE, RANIPET",WELFARE OF DIFFERENTLY ABLED PERSONS DEPARTMENT,2f920b27fccbe058,31397af3b2bee552,3,Sub Office,"WELFARE OF DIFFERENTLY ABLED PERSONS DEPARTMENT > DIRECTORATE OF WELFARE OF DIFFERENTLY ABLED PERSONS > DISTRICT DIFFERENTLY ABLED WELFARE OFFICE, RANIPET",rti_tamil_nadu
TN-992,b2026q3_02,TN-c3ac4ccf0d246bc3,Tamil Nadu,"DISTRICT DIFFERENTLY ABLED WELFARE OFFICE, THANJAVUR",rti_meta,en,portal,wave1-rti-information-v1,legal_salience,RA3,WELFARE OF DIFFERENTLY ABLED PERSONS DEPARTMENT | Sub Office,,,,,,,,,,,,,,"DISTRICT DIFFERENTLY ABLED WELFARE OFFICE, THANJAVUR",WELFARE OF DIFFERENTLY ABLED PERSONS DEPARTMENT,c3ac4ccf0d246bc3,31397af3b2bee552,3,Sub Office,"WELFARE OF DIFFERENTLY ABLED PERSONS DEPARTMENT > DIRECTORATE OF WELFARE OF DIFFERENTLY ABLED PERSONS > DISTRICT DIFFERENTLY ABLED WELFARE OFFICE, THANJAVUR",rti_tamil_nadu
TN-993,b2026q3_02,TN-a4cc889497458cbc,Tamil Nadu,"DISTRICT DIFFERENTLY ABLED WELFARE OFFICE, THIRUNELVELI",rti_meta,en,portal,wave1-rti-information-v1,plain,RA3,WELFARE OF DIFFERENTLY ABLED PERSONS DEPARTMENT | Sub Office,,,,,,,,,,,,,,"DISTRICT DIFFERENTLY ABLED WELFARE OFFICE, THIRUNELVELI",WELFARE OF DIFFERENTLY ABLED PERSONS DEPARTMENT,a4cc889497458cbc,31397af3b2bee552,3,Sub Office,"WELFARE OF DIFFERENTLY ABLED PERSONS DEPARTMENT > DIRECTORATE OF WELFARE OF DIFFERENTLY ABLED PERSONS > DISTRICT DIFFERENTLY ABLED WELFARE OFFICE, THIRUNELVELI",rti_tamil_nadu
TN-994,b2026q3_02,TN-8d57536635e164d5,Tamil Nadu,"DISTRICT DIFFERENTLY ABLED WELFARE OFFICE, THIRUPATHUR",rti_meta,en,portal,wave1-rti-information-v1,plain,RA3,WELFARE OF DIFFERENTLY ABLED PERSONS DEPARTMENT | Sub Office,,,,,,,,,,,,,,"DISTRICT DIFFERENTLY ABLED WELFARE OFFICE, THIRUPATHUR",WELFARE OF DIFFERENTLY ABLED PERSONS DEPARTMENT,8d57536635e164d5,31397af3b2bee552,3,Sub Office,"WELFARE OF DIFFERENTLY ABLED PERSONS DEPARTMENT > DIRECTORATE OF WELFARE OF DIFFERENTLY ABLED PERSONS > DISTRICT DIFFERENTLY ABLED WELFARE OFFICE, THIRUPATHUR",rti_tamil_nadu
TN-995,b2026q3_02,TN-44816120c1f7dfce,Tamil Nadu,"DISTRICT DIFFERENTLY ABLED WELFARE OFFICE, TUTICORIN",rti_meta,en,portal,wave1-rti-information-v1,plain,RA3,WELFARE OF DIFFERENTLY ABLED PERSONS DEPARTMENT | Sub Office,,,,,,,,,,,,,,"DISTRICT DIFFERENTLY ABLED WELFARE OFFICE, TUTICORIN",WELFARE OF DIFFERENTLY ABLED PERSONS DEPARTMENT,44816120c1f7dfce,31397af3b2bee552,3,Sub Office,"WELFARE OF DIFFERENTLY ABLED PERSONS DEPARTMENT > DIRECTORATE OF WELFARE OF DIFFERENTLY ABLED PERSONS > DISTRICT DIFFERENTLY ABLED WELFARE OFFICE, TUTICORIN",rti_tamil_nadu
TN-996,b2026q3_02,TN-8e9e18501c2b4e20,Tamil Nadu,"DISTRICT DIFFERENTLY ABLED WELFARE OFFICE, VELLORE",rti_meta,en,portal,wave1-rti-information-v1,legal_salience,RA3,WELFARE OF DIFFERENTLY ABLED PERSONS DEPARTMENT | Sub Office,,,,,,,,,,,,,,"DISTRICT DIFFERENTLY ABLED WELFARE OFFICE, VELLORE",WELFARE OF DIFFERENTLY ABLED PERSONS DEPARTMENT,8e9e18501c2b4e20,31397af3b2bee552,3,Sub Office,"WELFARE OF DIFFERENTLY ABLED PERSONS DEPARTMENT > DIRECTORATE OF WELFARE OF DIFFERENTLY ABLED PERSONS > DISTRICT DIFFERENTLY ABLED WELFARE OFFICE, VELLORE",rti_tamil_nadu
TN-997,b2026q3_02,TN-ae6a5553fa4afff5,Tamil Nadu,"DISTRICT DIFFERENTLY ABLED WELFARE OFFICE, VILLUPURAM",rti_meta,en,portal,wave1-rti-information-v1,legal_salience,RA2,WELFARE OF DIFFERENTLY ABLED PERSONS DEPARTMENT | Sub Office,,,,,,,,,,,,,,"DISTRICT DIFFERENTLY ABLED WELFARE OFFICE, VILLUPURAM",WELFARE OF DIFFERENTLY ABLED PERSONS DEPARTMENT,ae6a5553fa4afff5,31397af3b2bee552,3,Sub Office,"WELFARE OF DIFFERENTLY ABLED PERSONS DEPARTMENT > DIRECTORATE OF WELFARE OF DIFFERENTLY ABLED PERSONS > DISTRICT DIFFERENTLY ABLED WELFARE OFFICE, VILLUPURAM",rti_tamil_nadu
TN-998,b2026q3_02,TN-76950ec64a6f11e8,Tamil Nadu,"DISTRICT DIFFERENTLY ABLED WELFARE OFFICE, VIRUDHUNAGAR",rti_meta,en,portal,wave1-rti-information-v1,plain,RA1,WELFARE OF DIFFERENTLY ABLED PERSONS DEPARTMENT | Sub Office,,,,,,,,,,,,,,"DISTRICT DIFFERENTLY ABLED WELFARE OFFICE, VIRUDHUNAGAR",WELFARE OF DIFFERENTLY ABLED PERSONS DEPARTMENT,76950ec64a6f11e8,31397af3b2bee552,3,Sub Office,"WELFARE OF DIFFERENTLY ABLED PERSONS DEPARTMENT > DIRECTORATE OF WELFARE OF DIFFERENTLY ABLED PERSONS > DISTRICT DIFFERENTLY ABLED WELFARE OFFICE, VIRUDHUNAGAR",rti_tamil_nadu
TN-999,b2026q3_02,TN-60c36149255436af,Tamil Nadu,YOUTH WELFARE AND SPORTS DEVELOPMENT DEPARTMENT,rti_meta,en,portal,wave1-rti-information-v1,plain,RA2,YOUTH WELFARE AND SPORTS DEVELOPMENT DEPARTMENT | Department,,,,,,,,,,,,,,YOUTH WELFARE AND SPORTS DEVELOPMENT DEPARTMENT,YOUTH WELFARE AND SPORTS DEVELOPMENT DEPARTMENT,60c36149255436af,displayPa,1,Department,YOUTH WELFARE AND SPORTS DEVELOPMENT DEPARTMENT,rti_tamil_nadu
TN-1000,b2026q3_02,TN-9d4bf55082af493c,Tamil Nadu,NATIONAL CADET CORPS,rti_meta,en,portal,wave1-rti-information-v1,legal_salience,RA1,YOUTH WELFARE AND SPORTS DEVELOPMENT DEPARTMENT | Head of Department,,,,,,,,,,,,,,NATIONAL CADET CORPS,YOUTH WELFARE AND SPORTS DEVELOPMENT DEPARTMENT,9d4bf55082af493c,60c36149255436af,2,Head of Department,YOUTH WELFARE AND SPORTS DEVELOPMENT DEPARTMENT > NATIONAL CADET CORPS,rti_tamil_nadu
TN-1001,b2026q3_02,TN-bb29a7fa9c956fbf,Tamil Nadu,SPORTS DEVELOPMENT AUTHORITY OF TAMIL NADU,rti_meta,en,portal,wave1-rti-information-v1,plain,RA4,YOUTH WELFARE AND SPORTS DEVELOPMENT DEPARTMENT | Head of Department,,,,,,,,,,,,,,SPORTS DEVELOPMENT AUTHORITY OF TAMIL NADU,YOUTH WELFARE AND SPORTS DEVELOPMENT DEPARTMENT,bb29a7fa9c956fbf,60c36149255436af,2,Head of Department,YOUTH WELFARE AND SPORTS DEVELOPMENT DEPARTMENT > SPORTS DEVELOPMENT AUTHORITY OF TAMIL NADU,rti_tamil_nadu
TN-1002,b2026q3_02,TN-706473de6027c1d8,Tamil Nadu,"TAMIL NADU PHYSICAL EDUCATION AND SPORTS UNIVERSITY, CHENNAI",rti_meta,en,portal,wave1-rti-information-v1,plain,RA3,YOUTH WELFARE AND SPORTS DEVELOPMENT DEPARTMENT | Head of Department,,,,,,,,,,,,,,"TAMIL NADU PHYSICAL EDUCATION AND SPORTS UNIVERSITY, CHENNAI",YOUTH WELFARE AND SPORTS DEVELOPMENT DEPARTMENT,706473de6027c1d8,60c36149255436af,2,Head of Department,"YOUTH WELFARE AND SPORTS DEVELOPMENT DEPARTMENT > TAMIL NADU PHYSICAL EDUCATION AND SPORTS UNIVERSITY, CHENNAI",rti_tamil_nadu
TN-1003,b2026q3_02,TN-04febb45a4aeee04,Tamil Nadu,TAMIL NADU STATE NATIONAL SERVICE SCHEME CELL,rti_meta,en,portal,wave1-rti-information-v1,plain,RA1,YOUTH WELFARE AND SPORTS DEVELOPMENT DEPARTMENT | Head of Department,,,,,,,,,,,,,,TAMIL NADU STATE NATIONAL SERVICE SCHEME CELL,YOUTH WELFARE AND SPORTS DEVELOPMENT DEPARTMENT,04febb45a4aeee04,60c36149255436af,2,Head of Department,YOUTH WELFARE AND SPORTS DEVELOPMENT DEPARTMENT > TAMIL NADU STATE NATIONAL SERVICE SCHEME CELL,rti_tamil_nadu
TN-1004,b2026q3_02,TN-9ab2de9ab6b886cd,Tamil Nadu,"DISTRICT SPORTS AND YOUTH WELFARE OFFICE , KARUR",rti_meta,en,portal,wave1-rti-information-v1,legal_salience,RA3,YOUTH WELFARE AND SPORTS DEVELOPMENT DEPARTMENT | Sub Office,,,,,,,,,,,,,,"DISTRICT SPORTS AND YOUTH WELFARE OFFICE , KARUR",YOUTH WELFARE AND SPORTS DEVELOPMENT DEPARTMENT,9ab2de9ab6b886cd,bb29a7fa9c956fbf,3,Sub Office,"YOUTH WELFARE AND SPORTS DEVELOPMENT DEPARTMENT > SPORTS DEVELOPMENT AUTHORITY OF TAMIL NADU > DISTRICT SPORTS AND YOUTH WELFARE OFFICE , KARUR",rti_tamil_nadu
TN-1005,b2026q3_02,TN-2b6f860407fa605b,Tamil Nadu,"DISTRICT SPORTS AND YOUTH WELFARE OFFICE, CHENGALPATTU",rti_meta,en,portal,wave1-rti-information-v1,legal_salience,RA3,YOUTH WELFARE AND SPORTS DEVELOPMENT DEPARTMENT | Sub Office,,,,,,,,,,,,,,"DISTRICT SPORTS AND YOUTH WELFARE OFFICE, CHENGALPATTU",YOUTH WELFARE AND SPORTS DEVELOPMENT DEPARTMENT,2b6f860407fa605b,bb29a7fa9c956fbf,3,Sub Office,"YOUTH WELFARE AND SPORTS DEVELOPMENT DEPARTMENT > SPORTS DEVELOPMENT AUTHORITY OF TAMIL NADU > DISTRICT SPORTS AND YOUTH WELFARE OFFICE, CHENGALPATTU",rti_tamil_nadu
TN-1006,b2026q3_02,TN-3414bb3ed09f0f91,Tamil Nadu,"DISTRICT SPORTS AND YOUTH WELFARE OFFICE, KALLAKURICHI",rti_meta,en,portal,wave1-rti-information-v1,plain,RA3,YOUTH WELFARE AND SPORTS DEVELOPMENT DEPARTMENT | Sub Office,,,,,,,,,,,,,,"DISTRICT SPORTS AND YOUTH WELFARE OFFICE, KALLAKURICHI",YOUTH WELFARE AND SPORTS DEVELOPMENT DEPARTMENT,3414bb3ed09f0f91,bb29a7fa9c956fbf,3,Sub Office,"YOUTH WELFARE AND SPORTS DEVELOPMENT DEPARTMENT > SPORTS DEVELOPMENT AUTHORITY OF TAMIL NADU > DISTRICT SPORTS AND YOUTH WELFARE OFFICE, KALLAKURICHI",rti_tamil_nadu
TN-1007,b2026q3_02,TN-3545c41f8ce35bda,Tamil Nadu,"DISTRICT SPORTS AND YOUTH WELFARE OFFICE, MADURAI",rti_meta,en,portal,wave1-rti-information-v1,plain,RA4,YOUTH WELFARE AND SPORTS DEVELOPMENT DEPARTMENT | Sub Office,,,,,,,,,,,,,,"DISTRICT SPORTS AND YOUTH WELFARE OFFICE, MADURAI",YOUTH WELFARE AND SPORTS DEVELOPMENT DEPARTMENT,3545c41f8ce35bda,bb29a7fa9c956fbf,3,Sub Office,"YOUTH WELFARE AND SPORTS DEVELOPMENT DEPARTMENT > SPORTS DEVELOPMENT AUTHORITY OF TAMIL NADU > DISTRICT SPORTS AND YOUTH WELFARE OFFICE, MADURAI",rti_tamil_nadu
TN-1008,b2026q3_02,TN-64b90d8dd1fe5dbd,Tamil Nadu,"DISTRICT SPORTS AND YOUTH WELFARE OFFICE, RANIPET",rti_meta,en,portal,wave1-rti-information-v1,plain,RA1,YOUTH WELFARE AND SPORTS DEVELOPMENT DEPARTMENT | Sub Office,,,,,,,,,,,,,,"DISTRICT SPORTS AND YOUTH WELFARE OFFICE, RANIPET",YOUTH WELFARE AND SPORTS DEVELOPMENT DEPARTMENT,64b90d8dd1fe5dbd,bb29a7fa9c956fbf,3,Sub Office,"YOUTH WELFARE AND SPORTS DEVELOPMENT DEPARTMENT > SPORTS DEVELOPMENT AUTHORITY OF TAMIL NADU > DISTRICT SPORTS AND YOUTH WELFARE OFFICE, RANIPET",rti_tamil_nadu
TN-1009,b2026q3_02,TN-3d79650e4ee8b8e0,Tamil Nadu,"DISTRICT SPORTS AND YOUTH WELFARE OFFICE, TENKASI",rti_meta,en,portal,wave1-rti-information-v1,plain,RA3,YOUTH WELFARE AND SPORTS DEVELOPMENT DEPARTMENT | Sub Office,,,,,,,,,,,,,,"DISTRICT SPORTS AND YOUTH WELFARE OFFICE, TENKASI",YOUTH WELFARE AND SPORTS DEVELOPMENT DEPARTMENT,3d79650e4ee8b8e0,bb29a7fa9c956fbf,3,Sub Office,"YOUTH WELFARE AND SPORTS DEVELOPMENT DEPARTMENT > SPORTS DEVELOPMENT AUTHORITY OF TAMIL NADU > DISTRICT SPORTS AND YOUTH WELFARE OFFICE, TENKASI",rti_tamil_nadu
TN-1010,b2026q3_02,TN-5c0d72f64bd5ac59,Tamil Nadu,"JAWAHARLAL NEHRU INDOOR STADIUM, CHENNAI",rti_meta,en,portal,wave1-rti-information-v1,plain,RA4,YOUTH WELFARE AND SPORTS DEVELOPMENT DEPARTMENT | Sub Office,,,,,,,,,,,,,,"JAWAHARLAL NEHRU INDOOR STADIUM, CHENNAI",YOUTH WELFARE AND SPORTS DEVELOPMENT DEPARTMENT,5c0d72f64bd5ac59,bb29a7fa9c956fbf,3,Sub Office,"YOUTH WELFARE AND SPORTS DEVELOPMENT DEPARTMENT > SPORTS DEVELOPMENT AUTHORITY OF TAMIL NADU > JAWAHARLAL NEHRU INDOOR STADIUM, CHENNAI",rti_tamil_nadu
TN-1011,b2026q3_02,TN-038d9ae67197fa5a,Tamil Nadu,"MAYOR RADHAKRISHNAN HOCKEY STADIUM, EGMORE, CHENNAI",rti_meta,en,portal,wave1-rti-information-v1,legal_salience,RA1,YOUTH WELFARE AND SPORTS DEVELOPMENT DEPARTMENT | Sub Office,,,,,,,,,,,,,,"MAYOR RADHAKRISHNAN HOCKEY STADIUM, EGMORE, CHENNAI",YOUTH WELFARE AND SPORTS DEVELOPMENT DEPARTMENT,038d9ae67197fa5a,bb29a7fa9c956fbf,3,Sub Office,"YOUTH WELFARE AND SPORTS DEVELOPMENT DEPARTMENT > SPORTS DEVELOPMENT AUTHORITY OF TAMIL NADU > MAYOR RADHAKRISHNAN HOCKEY STADIUM, EGMORE, CHENNAI",rti_tamil_nadu
TN-1012,b2026q3_02,TN-e40047aefe916ccc,Tamil Nadu,"NCC GROUP HEADQUARTERS, CHENNAI A",rti_meta,en,portal,wave1-rti-information-v1,plain,RA3,YOUTH WELFARE AND SPORTS DEVELOPMENT DEPARTMENT | Sub Office,,,,,,,,,,,,,,"NCC GROUP HEADQUARTERS, CHENNAI A",YOUTH WELFARE AND SPORTS DEVELOPMENT DEPARTMENT,e40047aefe916ccc,9d4bf55082af493c,3,Sub Office,"YOUTH WELFARE AND SPORTS DEVELOPMENT DEPARTMENT > NATIONAL CADET CORPS > NCC GROUP HEADQUARTERS, CHENNAI A",rti_tamil_nadu
TN-1013,b2026q3_02,TN-c3e8b25df3861b0b,Tamil Nadu,"NCC GROUP HEADQUARTERS, CHENNAI B",rti_meta,en,portal,wave1-rti-information-v1,plain,RA3,YOUTH WELFARE AND SPORTS DEVELOPMENT DEPARTMENT | Sub Office,,,,,,,,,,,,,,"NCC GROUP HEADQUARTERS, CHENNAI B",YOUTH WELFARE AND SPORTS DEVELOPMENT DEPARTMENT,c3e8b25df3861b0b,9d4bf55082af493c,3,Sub Office,"YOUTH WELFARE AND SPORTS DEVELOPMENT DEPARTMENT > NATIONAL CADET CORPS > NCC GROUP HEADQUARTERS, CHENNAI B",rti_tamil_nadu
TN-1014,b2026q3_02,TN-763e3a8e74ee2be9,Tamil Nadu,"NCC GROUP HEADQUARTERS, MADURAI",rti_meta,en,portal,wave1-rti-information-v1,plain,RA2,YOUTH WELFARE AND SPORTS DEVELOPMENT DEPARTMENT | Sub Office,,,,,,,,,,,,,,"NCC GROUP HEADQUARTERS, MADURAI",YOUTH WELFARE AND SPORTS DEVELOPMENT DEPARTMENT,763e3a8e74ee2be9,9d4bf55082af493c,3,Sub Office,"YOUTH WELFARE AND SPORTS DEVELOPMENT DEPARTMENT > NATIONAL CADET CORPS > NCC GROUP HEADQUARTERS, MADURAI",rti_tamil_nadu
TN-1015,b2026q3_02,TN-319c362a0fd45f9f,Tamil Nadu,"SDAT AGB COMPLEX, VELACHERY",rti_meta,en,portal,wave1-rti-information-v1,plain,RA2,YOUTH WELFARE AND SPORTS DEVELOPMENT DEPARTMENT | Sub Office,,,,,,,,,,,,,,"SDAT AGB COMPLEX, VELACHERY",YOUTH WELFARE AND SPORTS DEVELOPMENT DEPARTMENT,319c362a0fd45f9f,bb29a7fa9c956fbf,3,Sub Office,"YOUTH WELFARE AND SPORTS DEVELOPMENT DEPARTMENT > SPORTS DEVELOPMENT AUTHORITY OF TAMIL NADU > SDAT AGB COMPLEX, VELACHERY",rti_tamil_nadu
TN-1016,b2026q3_02,TN-32bc4f47048b17ff,Tamil Nadu,"SPORTS HOSTEL MANAGER (I/C), ERODE",rti_meta,en,portal,wave1-rti-information-v1,legal_salience,RA4,YOUTH WELFARE AND SPORTS DEVELOPMENT DEPARTMENT | Sub Office,,,,,,,,,,,,,,"SPORTS HOSTEL MANAGER (I/C), ERODE",YOUTH WELFARE AND SPORTS DEVELOPMENT DEPARTMENT,32bc4f47048b17ff,bb29a7fa9c956fbf,3,Sub Office,"YOUTH WELFARE AND SPORTS DEVELOPMENT DEPARTMENT > SPORTS DEVELOPMENT AUTHORITY OF TAMIL NADU > SPORTS HOSTEL MANAGER (I/C), ERODE",rti_tamil_nadu
TN-1017,b2026q3_02,TN-e7095e1e8896dd43,Tamil Nadu,"SPORTS HOSTEL MANAGER,MADURAI",rti_meta,en,portal,wave1-rti-information-v1,plain,RA1,YOUTH WELFARE AND SPORTS DEVELOPMENT DEPARTMENT | Sub Office,,,,,,,,,,,,,,"SPORTS HOSTEL MANAGER,MADURAI",YOUTH WELFARE AND SPORTS DEVELOPMENT DEPARTMENT,e7095e1e8896dd43,bb29a7fa9c956fbf,3,Sub Office,"YOUTH WELFARE AND SPORTS DEVELOPMENT DEPARTMENT > SPORTS DEVELOPMENT AUTHORITY OF TAMIL NADU > SPORTS HOSTEL MANAGER,MADURAI",rti_tamil_nadu
TN-1018,b2026q3_02,TN-7c0ec253280526ef,Tamil Nadu,"SPORTS HOSTEL MANAGER,TIRUNELVELI",rti_meta,en,portal,wave1-rti-information-v1,plain,RA4,YOUTH WELFARE AND SPORTS DEVELOPMENT DEPARTMENT | Sub Office,,,,,,,,,,,,,,"SPORTS HOSTEL MANAGER,TIRUNELVELI",YOUTH WELFARE AND SPORTS DEVELOPMENT DEPARTMENT,7c0ec253280526ef,bb29a7fa9c956fbf,3,Sub Office,"YOUTH WELFARE AND SPORTS DEVELOPMENT DEPARTMENT > SPORTS DEVELOPMENT AUTHORITY OF TAMIL NADU > SPORTS HOSTEL MANAGER,TIRUNELVELI",rti_tamil_nadu
TN-1019,b2026q3_02,TN-11360e27a14146c1,Tamil Nadu,"1 (TN) AIR SRN NCC, CHENNAI",rti_meta,en,portal,wave1-rti-information-v1,plain,RA4,YOUTH WELFARE AND SPORTS DEVELOPMENT DEPARTMENT | Sub Office,,,,,,,,,,,,,,"1 (TN) AIR SRN NCC, CHENNAI",YOUTH WELFARE AND SPORTS DEVELOPMENT DEPARTMENT,11360e27a14146c1,c3e8b25df3861b0b,4,Sub Office,"YOUTH WELFARE AND SPORTS DEVELOPMENT DEPARTMENT > NATIONAL CADET CORPS > NCC GROUP HEADQUARTERS, CHENNAI B > 1 (TN) AIR SRN NCC, CHENNAI",rti_tamil_nadu
TN-1020,b2026q3_02,TN-65073f1031543c6e,Tamil Nadu,"1 (TN) BTY NCC, PURASAIWALKAM, CHENNAI",rti_meta,en,portal,wave1-rti-information-v1,plain,RA2,YOUTH WELFARE AND SPORTS DEVELOPMENT DEPARTMENT | Sub Office,,,,,,,,,,,,,,"1 (TN) BTY NCC, PURASAIWALKAM, CHENNAI",YOUTH WELFARE AND SPORTS DEVELOPMENT DEPARTMENT,65073f1031543c6e,e40047aefe916ccc,4,Sub Office,"YOUTH WELFARE AND SPORTS DEVELOPMENT DEPARTMENT > NATIONAL CADET CORPS > NCC GROUP HEADQUARTERS, CHENNAI A > 1 (TN) BTY NCC, PURASAIWALKAM, CHENNAI",rti_tamil_nadu
TN-1021,b2026q3_02,TN-e882fc54fd0f4221,Tamil Nadu,"2 (TN) ARMD SQN NCC, TIRUCHIRAPPALLI",rti_meta,en,portal,wave1-rti-information-v1,plain,RA1,YOUTH WELFARE AND SPORTS DEVELOPMENT DEPARTMENT | Sub Office,,,,,,,,,,,,,,"2 (TN) ARMD SQN NCC, TIRUCHIRAPPALLI",YOUTH WELFARE AND SPORTS DEVELOPMENT DEPARTMENT,e882fc54fd0f4221,0a06bf44b855d3ea,4,Sub Office,"YOUTH WELFARE AND SPORTS DEVELOPMENT DEPARTMENT > NATIONAL CADET CORPS > NCC GROUP HEADQUARTERS, TIRUCHIRAPPALLI > 2 (TN) ARMD SQN NCC, TIRUCHIRAPPALLI",rti_tamil_nadu
TN-1022,b2026q3_02,TN-6490b350b18bd728,Tamil Nadu,29 (TN) INDEP COY NCC TUTICORIN,rti_meta,en,portal,wave1-rti-information-v1,legal_salience,RA2,YOUTH WELFARE AND SPORTS DEVELOPMENT DEPARTMENT | Sub Office,,,,,,,,,,,,,,29 (TN) INDEP COY NCC TUTICORIN,YOUTH WELFARE AND SPORTS DEVELOPMENT DEPARTMENT,6490b350b18bd728,763e3a8e74ee2be9,4,Sub Office,"YOUTH WELFARE AND SPORTS DEVELOPMENT DEPARTMENT > NATIONAL CADET CORPS > NCC GROUP HEADQUARTERS, MADURAI > 29 (TN) INDEP COY NCC TUTICORIN",rti_tamil_nadu
TN-1023,b2026q3_02,TN-d694d9435dcb06a1,Tamil Nadu,3 (TN) GIRLS BN NCC TIRUNELVELI,rti_meta,en,portal,wave1-rti-information-v1,legal_salience,RA2,YOUTH WELFARE AND SPORTS DEVELOPMENT DEPARTMENT | Sub Office,,,,,,,,,,,,,,3 (TN) GIRLS BN NCC TIRUNELVELI,YOUTH WELFARE AND SPORTS DEVELOPMENT DEPARTMENT,d694d9435dcb06a1,763e3a8e74ee2be9,4,Sub Office,"YOUTH WELFARE AND SPORTS DEVELOPMENT DEPARTMENT > NATIONAL CADET CORPS > NCC GROUP HEADQUARTERS, MADURAI > 3 (TN) GIRLS BN NCC TIRUNELVELI",rti_tamil_nadu
TN-1024,b2026q3_02,TN-6a201d9efef613a3,Tamil Nadu,"31 (TN) INDEP COY NCC, OOTY",rti_meta,en,portal,wave1-rti-information-v1,legal_salience,RA4,YOUTH WELFARE AND SPORTS DEVELOPMENT DEPARTMENT | Sub Office,,,,,,,,,,,,,,"31 (TN) INDEP COY NCC, OOTY",YOUTH WELFARE AND SPORTS DEVELOPMENT DEPARTMENT,6a201d9efef613a3,a8dc94c93053a91a,4,Sub Office,"YOUTH WELFARE AND SPORTS DEVELOPMENT DEPARTMENT > NATIONAL CADET CORPS > NCC GROUP HEADQUARTERS COIMBATORE > 31 (TN) INDEP COY NCC, OOTY",rti_tamil_nadu
TN-1025,b2026q3_02,TN-6af0bd916eb04847,Tamil Nadu,"7 (TN) BN NCC, MADURAI",rti_meta,en,portal,wave1-rti-information-v1,plain,RA2,YOUTH WELFARE AND SPORTS DEVELOPMENT DEPARTMENT | Sub Office,,,,,,,,,,,,,,"7 (TN) BN NCC, MADURAI",YOUTH WELFARE AND SPORTS DEVELOPMENT DEPARTMENT,6af0bd916eb04847,763e3a8e74ee2be9,4,Sub Office,"YOUTH WELFARE AND SPORTS DEVELOPMENT DEPARTMENT > NATIONAL CADET CORPS > NCC GROUP HEADQUARTERS, MADURAI > 7 (TN) BN NCC, MADURAI",rti_tamil_nadu
